group,before,after,metric,before_value,after_value,percent_change,before_over_after
real loopback TLS,first_hybrid_worker_100,final_worker_100,actual_connection_ceiling,100,100,0.0,1.0
real loopback TLS,first_hybrid_worker_100,final_worker_100,attempted_requests,200,200,0.0,1.0
real loopback TLS,first_hybrid_worker_100,final_worker_100,attempted_rps,167.981645888628,158.82150769338054,-5.453058961763391,1.0576756783655017
real loopback TLS,first_hybrid_worker_100,final_worker_100,average_latency,0.4489734028099957,0.46847217393499874,4.3429679805008,0.9583779523952931
real loopback TLS,first_hybrid_worker_100,final_worker_100,backend_metrics.backend_connection_pools.worker.active,,0,,
real loopback TLS,first_hybrid_worker_100,final_worker_100,backend_metrics.backend_connection_pools.worker.idle_keepalive,,28,,
real loopback TLS,first_hybrid_worker_100,final_worker_100,backend_metrics.backend_failovers,,0,,
real loopback TLS,first_hybrid_worker_100,final_worker_100,backend_metrics.backend_switches,,0,,
real loopback TLS,first_hybrid_worker_100,final_worker_100,backend_metrics.cursor_chain_restarts,,0,,
real loopback TLS,first_hybrid_worker_100,final_worker_100,backend_metrics.direct_429_count,,0,,
real loopback TLS,first_hybrid_worker_100,final_worker_100,backend_metrics.direct_active_requests,,0,,
real loopback TLS,first_hybrid_worker_100,final_worker_100,backend_metrics.direct_average_latency,,0,,
real loopback TLS,first_hybrid_worker_100,final_worker_100,backend_metrics.direct_followers_received,,0,,
real loopback TLS,first_hybrid_worker_100,final_worker_100,backend_metrics.direct_following_received,,0,,
real loopback TLS,first_hybrid_worker_100,final_worker_100,backend_metrics.direct_http_error_rate,,0.0,,
real loopback TLS,first_hybrid_worker_100,final_worker_100,backend_metrics.direct_invalid_response_rate,,0.0,,
real loopback TLS,first_hybrid_worker_100,final_worker_100,backend_metrics.direct_median_latency,,0,,
real loopback TLS,first_hybrid_worker_100,final_worker_100,backend_metrics.direct_network_error_rate,,0.0,,
real loopback TLS,first_hybrid_worker_100,final_worker_100,backend_metrics.direct_p95_latency,,0,,
real loopback TLS,first_hybrid_worker_100,final_worker_100,backend_metrics.direct_p99_latency,,0,,
real loopback TLS,first_hybrid_worker_100,final_worker_100,backend_metrics.direct_recent_success_percent,,0.0,,
real loopback TLS,first_hybrid_worker_100,final_worker_100,backend_metrics.direct_records_per_second,,0.0,,
real loopback TLS,first_hybrid_worker_100,final_worker_100,backend_metrics.direct_requests_failed,,0,,
real loopback TLS,first_hybrid_worker_100,final_worker_100,backend_metrics.direct_requests_per_second,,0.0,,
real loopback TLS,first_hybrid_worker_100,final_worker_100,backend_metrics.direct_requests_successful,,0,,
real loopback TLS,first_hybrid_worker_100,final_worker_100,backend_metrics.direct_requests_total,,0,,
real loopback TLS,first_hybrid_worker_100,final_worker_100,backend_metrics.direct_risk_control_count,,0,,
real loopback TLS,first_hybrid_worker_100,final_worker_100,backend_metrics.direct_risk_control_rate,,0.0,,
real loopback TLS,first_hybrid_worker_100,final_worker_100,backend_metrics.direct_successful_rps,,0.0,,
real loopback TLS,first_hybrid_worker_100,final_worker_100,backend_metrics.direct_timeout_rate,,0.0,,
real loopback TLS,first_hybrid_worker_100,final_worker_100,backend_metrics.hybrid_records_per_second,,159.44560228349064,,
real loopback TLS,first_hybrid_worker_100,final_worker_100,backend_metrics.hybrid_total_successful_rps,,159.44560228349064,,
real loopback TLS,first_hybrid_worker_100,final_worker_100,backend_metrics.worker_429_count,,0,,
real loopback TLS,first_hybrid_worker_100,final_worker_100,backend_metrics.worker_active_requests,,0,,
real loopback TLS,first_hybrid_worker_100,final_worker_100,backend_metrics.worker_average_latency,,0.2542888112799986,,
real loopback TLS,first_hybrid_worker_100,final_worker_100,backend_metrics.worker_connect_tcp_attempts,,28,,
real loopback TLS,first_hybrid_worker_100,final_worker_100,backend_metrics.worker_connect_tcp_seconds,,0.6522050370001011,,
real loopback TLS,first_hybrid_worker_100,final_worker_100,backend_metrics.worker_connect_tcp_successful,,28,,
real loopback TLS,first_hybrid_worker_100,final_worker_100,backend_metrics.worker_connection_pool_wait_seconds,,0.0004009620004694625,,
real loopback TLS,first_hybrid_worker_100,final_worker_100,backend_metrics.worker_followers_received,,0,,
real loopback TLS,first_hybrid_worker_100,final_worker_100,backend_metrics.worker_following_received,,0,,
real loopback TLS,first_hybrid_worker_100,final_worker_100,backend_metrics.worker_http_error_rate,,0.0,,
real loopback TLS,first_hybrid_worker_100,final_worker_100,backend_metrics.worker_invalid_response_rate,,0.0,,
real loopback TLS,first_hybrid_worker_100,final_worker_100,backend_metrics.worker_latency_seconds,,50.85776225599972,,
real loopback TLS,first_hybrid_worker_100,final_worker_100,backend_metrics.worker_median_latency,,0.14164933699998983,,
real loopback TLS,first_hybrid_worker_100,final_worker_100,backend_metrics.worker_network_error_rate,,0.0,,
real loopback TLS,first_hybrid_worker_100,final_worker_100,backend_metrics.worker_new_connection_requests,,28,,
real loopback TLS,first_hybrid_worker_100,final_worker_100,backend_metrics.worker_p95_latency,,0.7551704439999867,,
real loopback TLS,first_hybrid_worker_100,final_worker_100,backend_metrics.worker_p99_latency,,0.8804690160000064,,
real loopback TLS,first_hybrid_worker_100,final_worker_100,backend_metrics.worker_peak_active_requests,,70,,
real loopback TLS,first_hybrid_worker_100,final_worker_100,backend_metrics.worker_profile_received,,200,,
real loopback TLS,first_hybrid_worker_100,final_worker_100,backend_metrics.worker_recent_success_percent,,100.0,,
real loopback TLS,first_hybrid_worker_100,final_worker_100,backend_metrics.worker_records,,200,,
real loopback TLS,first_hybrid_worker_100,final_worker_100,backend_metrics.worker_records_per_second,,159.44560228349064,,
real loopback TLS,first_hybrid_worker_100,final_worker_100,backend_metrics.worker_requests_failed,,0,,
real loopback TLS,first_hybrid_worker_100,final_worker_100,backend_metrics.worker_requests_per_second,,159.44560228349064,,
real loopback TLS,first_hybrid_worker_100,final_worker_100,backend_metrics.worker_requests_successful,,200,,
real loopback TLS,first_hybrid_worker_100,final_worker_100,backend_metrics.worker_requests_total,,200,,
real loopback TLS,first_hybrid_worker_100,final_worker_100,backend_metrics.worker_response_body_bytes,,93180,,
real loopback TLS,first_hybrid_worker_100,final_worker_100,backend_metrics.worker_reused_connection_requests,,172,,
real loopback TLS,first_hybrid_worker_100,final_worker_100,backend_metrics.worker_risk_control_count,,0,,
real loopback TLS,first_hybrid_worker_100,final_worker_100,backend_metrics.worker_risk_control_rate,,0.0,,
real loopback TLS,first_hybrid_worker_100,final_worker_100,backend_metrics.worker_successful_rps,,159.44560228349064,,
real loopback TLS,first_hybrid_worker_100,final_worker_100,backend_metrics.worker_timeout_rate,,0.0,,
real loopback TLS,first_hybrid_worker_100,final_worker_100,backend_metrics.worker_tls_handshake_attempts,,28,,
real loopback TLS,first_hybrid_worker_100,final_worker_100,backend_metrics.worker_tls_handshake_seconds,,0.5757228370001144,,
real loopback TLS,first_hybrid_worker_100,final_worker_100,backend_metrics.worker_tls_handshake_successful,,28,,
real loopback TLS,first_hybrid_worker_100,final_worker_100,configured_workers,100,100,0.0,1.0
real loopback TLS,first_hybrid_worker_100,final_worker_100,cpu_percent_of_one_core,98.46272949017872,97.0590765717777,-1.425567751035206,1.0144618408497117
real loopback TLS,first_hybrid_worker_100,final_worker_100,cpu_seconds,1.172303426,1.222240967,4.259779498418026,0.9591426385235866
real loopback TLS,first_hybrid_worker_100,final_worker_100,elapsed_seconds,1.1906062649999285,1.2592752890000156,5.767567836550169,0.9454694103823661
real loopback TLS,first_hybrid_worker_100,final_worker_100,event_loop_max,0.02767407200006346,0.031907128999971515,15.296111825893743,0.8673319370128276
real loopback TLS,first_hybrid_worker_100,final_worker_100,event_loop_p95,0.014144577999995817,0.01441422599996713,1.9063700590529642,0.9812929254770997
real loopback TLS,first_hybrid_worker_100,final_worker_100,harness_version,2,2,0.0,1.0
real loopback TLS,first_hybrid_worker_100,final_worker_100,loopback_interface_bytes.received,312236,309996,-0.7174060646434111,1.0072258996890282
real loopback TLS,first_hybrid_worker_100,final_worker_100,loopback_interface_bytes.transmitted,312236,309996,-0.7174060646434111,1.0072258996890282
real loopback TLS,first_hybrid_worker_100,final_worker_100,median_latency,0.37417527999997446,0.3932269195000231,5.091634995248739,0.9515505206910243
real loopback TLS,first_hybrid_worker_100,final_worker_100,new_tls_connections,29,28,-3.4482758620689613,1.0357142857142858
real loopback TLS,first_hybrid_worker_100,final_worker_100,p95_latency,0.9708251829999881,1.016998860000001,4.75612682989226,0.9545981034826205
real loopback TLS,first_hybrid_worker_100,final_worker_100,p99_latency,1.1136067410000123,1.1959399789999452,7.393385381808848,0.9311560450811415
real loopback TLS,first_hybrid_worker_100,final_worker_100,peak_active_jobs,100,100,0.0,1.0
real loopback TLS,first_hybrid_worker_100,final_worker_100,peak_admitted_requests,100,100,0.0,1.0
real loopback TLS,first_hybrid_worker_100,final_worker_100,peak_rss_bytes,61427712,61673472,0.4000800160032014,0.9960151424586571
real loopback TLS,first_hybrid_worker_100,final_worker_100,sampled_average_active_connections,9.688956244489441,9.34454113313432,-3.5547184099526175,1.0368573594409978
real loopback TLS,first_hybrid_worker_100,final_worker_100,sampled_average_idle_connections,17.199539878954223,16.640852891380433,-3.24826705543102,1.0335732183452675
real loopback TLS,first_hybrid_worker_100,final_worker_100,sampled_peak_active_connections,25,25,0.0,1.0
real loopback TLS,first_hybrid_worker_100,final_worker_100,server_requests,200,200,0.0,1.0
real loopback TLS,first_hybrid_worker_100,final_worker_100,successful_requests,200,200,0.0,1.0
real loopback TLS,first_hybrid_worker_100,final_worker_100,successful_rps,167.981645888628,158.82150769338054,-5.453058961763391,1.0576756783655017
real loopback TLS,original_worker_100,final_worker_100,actual_connection_ceiling,100,100,0.0,1.0
real loopback TLS,original_worker_100,final_worker_100,attempted_requests,200,200,0.0,1.0
real loopback TLS,original_worker_100,final_worker_100,attempted_rps,161.03916486017698,158.82150769338054,-1.377091820317089,1.0139632043481028
real loopback TLS,original_worker_100,final_worker_100,average_latency,0.4694917787500003,0.46847217393499874,-0.21717202753075426,1.0021764469091883
real loopback TLS,original_worker_100,final_worker_100,backend_metrics.backend_connection_pools.worker.active,,0,,
real loopback TLS,original_worker_100,final_worker_100,backend_metrics.backend_connection_pools.worker.idle_keepalive,,28,,
real loopback TLS,original_worker_100,final_worker_100,backend_metrics.backend_failovers,,0,,
real loopback TLS,original_worker_100,final_worker_100,backend_metrics.backend_switches,,0,,
real loopback TLS,original_worker_100,final_worker_100,backend_metrics.cursor_chain_restarts,,0,,
real loopback TLS,original_worker_100,final_worker_100,backend_metrics.direct_429_count,,0,,
real loopback TLS,original_worker_100,final_worker_100,backend_metrics.direct_active_requests,,0,,
real loopback TLS,original_worker_100,final_worker_100,backend_metrics.direct_average_latency,,0,,
real loopback TLS,original_worker_100,final_worker_100,backend_metrics.direct_followers_received,,0,,
real loopback TLS,original_worker_100,final_worker_100,backend_metrics.direct_following_received,,0,,
real loopback TLS,original_worker_100,final_worker_100,backend_metrics.direct_http_error_rate,,0.0,,
real loopback TLS,original_worker_100,final_worker_100,backend_metrics.direct_invalid_response_rate,,0.0,,
real loopback TLS,original_worker_100,final_worker_100,backend_metrics.direct_median_latency,,0,,
real loopback TLS,original_worker_100,final_worker_100,backend_metrics.direct_network_error_rate,,0.0,,
real loopback TLS,original_worker_100,final_worker_100,backend_metrics.direct_p95_latency,,0,,
real loopback TLS,original_worker_100,final_worker_100,backend_metrics.direct_p99_latency,,0,,
real loopback TLS,original_worker_100,final_worker_100,backend_metrics.direct_recent_success_percent,,0.0,,
real loopback TLS,original_worker_100,final_worker_100,backend_metrics.direct_records_per_second,,0.0,,
real loopback TLS,original_worker_100,final_worker_100,backend_metrics.direct_requests_failed,,0,,
real loopback TLS,original_worker_100,final_worker_100,backend_metrics.direct_requests_per_second,,0.0,,
real loopback TLS,original_worker_100,final_worker_100,backend_metrics.direct_requests_successful,,0,,
real loopback TLS,original_worker_100,final_worker_100,backend_metrics.direct_requests_total,,0,,
real loopback TLS,original_worker_100,final_worker_100,backend_metrics.direct_risk_control_count,,0,,
real loopback TLS,original_worker_100,final_worker_100,backend_metrics.direct_risk_control_rate,,0.0,,
real loopback TLS,original_worker_100,final_worker_100,backend_metrics.direct_successful_rps,,0.0,,
real loopback TLS,original_worker_100,final_worker_100,backend_metrics.direct_timeout_rate,,0.0,,
real loopback TLS,original_worker_100,final_worker_100,backend_metrics.hybrid_records_per_second,,159.44560228349064,,
real loopback TLS,original_worker_100,final_worker_100,backend_metrics.hybrid_total_successful_rps,,159.44560228349064,,
real loopback TLS,original_worker_100,final_worker_100,backend_metrics.worker_429_count,,0,,
real loopback TLS,original_worker_100,final_worker_100,backend_metrics.worker_active_requests,,0,,
real loopback TLS,original_worker_100,final_worker_100,backend_metrics.worker_average_latency,,0.2542888112799986,,
real loopback TLS,original_worker_100,final_worker_100,backend_metrics.worker_connect_tcp_attempts,,28,,
real loopback TLS,original_worker_100,final_worker_100,backend_metrics.worker_connect_tcp_seconds,,0.6522050370001011,,
real loopback TLS,original_worker_100,final_worker_100,backend_metrics.worker_connect_tcp_successful,,28,,
real loopback TLS,original_worker_100,final_worker_100,backend_metrics.worker_connection_pool_wait_seconds,,0.0004009620004694625,,
real loopback TLS,original_worker_100,final_worker_100,backend_metrics.worker_followers_received,,0,,
real loopback TLS,original_worker_100,final_worker_100,backend_metrics.worker_following_received,,0,,
real loopback TLS,original_worker_100,final_worker_100,backend_metrics.worker_http_error_rate,,0.0,,
real loopback TLS,original_worker_100,final_worker_100,backend_metrics.worker_invalid_response_rate,,0.0,,
real loopback TLS,original_worker_100,final_worker_100,backend_metrics.worker_latency_seconds,,50.85776225599972,,
real loopback TLS,original_worker_100,final_worker_100,backend_metrics.worker_median_latency,,0.14164933699998983,,
real loopback TLS,original_worker_100,final_worker_100,backend_metrics.worker_network_error_rate,,0.0,,
real loopback TLS,original_worker_100,final_worker_100,backend_metrics.worker_new_connection_requests,,28,,
real loopback TLS,original_worker_100,final_worker_100,backend_metrics.worker_p95_latency,,0.7551704439999867,,
real loopback TLS,original_worker_100,final_worker_100,backend_metrics.worker_p99_latency,,0.8804690160000064,,
real loopback TLS,original_worker_100,final_worker_100,backend_metrics.worker_peak_active_requests,,70,,
real loopback TLS,original_worker_100,final_worker_100,backend_metrics.worker_profile_received,,200,,
real loopback TLS,original_worker_100,final_worker_100,backend_metrics.worker_recent_success_percent,,100.0,,
real loopback TLS,original_worker_100,final_worker_100,backend_metrics.worker_records,,200,,
real loopback TLS,original_worker_100,final_worker_100,backend_metrics.worker_records_per_second,,159.44560228349064,,
real loopback TLS,original_worker_100,final_worker_100,backend_metrics.worker_requests_failed,,0,,
real loopback TLS,original_worker_100,final_worker_100,backend_metrics.worker_requests_per_second,,159.44560228349064,,
real loopback TLS,original_worker_100,final_worker_100,backend_metrics.worker_requests_successful,,200,,
real loopback TLS,original_worker_100,final_worker_100,backend_metrics.worker_requests_total,,200,,
real loopback TLS,original_worker_100,final_worker_100,backend_metrics.worker_response_body_bytes,,93180,,
real loopback TLS,original_worker_100,final_worker_100,backend_metrics.worker_reused_connection_requests,,172,,
real loopback TLS,original_worker_100,final_worker_100,backend_metrics.worker_risk_control_count,,0,,
real loopback TLS,original_worker_100,final_worker_100,backend_metrics.worker_risk_control_rate,,0.0,,
real loopback TLS,original_worker_100,final_worker_100,backend_metrics.worker_successful_rps,,159.44560228349064,,
real loopback TLS,original_worker_100,final_worker_100,backend_metrics.worker_timeout_rate,,0.0,,
real loopback TLS,original_worker_100,final_worker_100,backend_metrics.worker_tls_handshake_attempts,,28,,
real loopback TLS,original_worker_100,final_worker_100,backend_metrics.worker_tls_handshake_seconds,,0.5757228370001144,,
real loopback TLS,original_worker_100,final_worker_100,backend_metrics.worker_tls_handshake_successful,,28,,
real loopback TLS,original_worker_100,final_worker_100,configured_workers,100,100,0.0,1.0
real loopback TLS,original_worker_100,final_worker_100,cpu_percent_of_one_core,96.90344030158631,97.0590765717777,0.16060964368964648,0.9983964789725124
real loopback TLS,original_worker_100,final_worker_100,cpu_seconds,1.2034766870000002,1.222240967,1.5591727037750136,0.9846476427262483
real loopback TLS,original_worker_100,final_worker_100,elapsed_seconds,1.2419339119999222,1.2592752890000156,1.396320434810261,0.9862290817968292
real loopback TLS,original_worker_100,final_worker_100,event_loop_max,0.02686343800005943,0.031907128999971515,18.7752997211337,0.8419258906084409
real loopback TLS,original_worker_100,final_worker_100,event_loop_p95,0.014190508000051522,0.01441422599996713,1.576532707037659,0.9844793608816653
real loopback TLS,original_worker_100,final_worker_100,harness_version,2,2,0.0,1.0
real loopback TLS,original_worker_100,final_worker_100,loopback_interface_bytes.received,312600,309996,-0.8330134357005803,1.0084001083884953
real loopback TLS,original_worker_100,final_worker_100,loopback_interface_bytes.transmitted,312600,309996,-0.8330134357005803,1.0084001083884953
real loopback TLS,original_worker_100,final_worker_100,median_latency,0.39299241649996475,0.3932269195000231,0.05967112600973046,0.9994036445918898
real loopback TLS,original_worker_100,final_worker_100,new_tls_connections,29,28,-3.4482758620689613,1.0357142857142858
real loopback TLS,original_worker_100,final_worker_100,p95_latency,0.999952932000042,1.016998860000001,1.704673035546267,0.983238990061445
real loopback TLS,original_worker_100,final_worker_100,p99_latency,1.1891723979999824,1.1959399789999452,0.5691000742486851,0.9943412034727513
real loopback TLS,original_worker_100,final_worker_100,peak_active_jobs,100,100,0.0,1.0
real loopback TLS,original_worker_100,final_worker_100,peak_admitted_requests,100,100,0.0,1.0
real loopback TLS,original_worker_100,final_worker_100,peak_rss_bytes,61542400,61673472,0.21297836938436454,0.9978747426446172
real loopback TLS,original_worker_100,final_worker_100,sampled_average_active_connections,9.343925932670679,9.34454113313432,0.006583961260764326,0.9999341647219615
real loopback TLS,original_worker_100,final_worker_100,sampled_average_idle_connections,17.64538240824095,16.640852891380433,-5.692874734136499,1.0603652663368497
real loopback TLS,original_worker_100,final_worker_100,sampled_peak_active_connections,25,25,0.0,1.0
real loopback TLS,original_worker_100,final_worker_100,server_requests,200,200,0.0,1.0
real loopback TLS,original_worker_100,final_worker_100,successful_requests,200,200,0.0,1.0
real loopback TLS,original_worker_100,final_worker_100,successful_rps,161.03916486017698,158.82150769338054,-1.377091820317089,1.0139632043481028
real loopback TLS,first_hybrid_worker_500,final_worker_500,actual_connection_ceiling,500,500,0.0,1.0
real loopback TLS,first_hybrid_worker_500,final_worker_500,attempted_requests,1000,1000,0.0,1.0
real loopback TLS,first_hybrid_worker_500,final_worker_500,attempted_rps,159.05503659515497,149.78446056566457,-5.828533461085506,1.061892775755775
real loopback TLS,first_hybrid_worker_500,final_worker_500,average_latency,2.3982313634140002,2.538388113889999,5.844171359533834,0.9447851375803943
real loopback TLS,first_hybrid_worker_500,final_worker_500,backend_metrics.backend_connection_pools.worker.active,,0,,
real loopback TLS,first_hybrid_worker_500,final_worker_500,backend_metrics.backend_connection_pools.worker.idle_keepalive,,28,,
real loopback TLS,first_hybrid_worker_500,final_worker_500,backend_metrics.backend_failovers,,0,,
real loopback TLS,first_hybrid_worker_500,final_worker_500,backend_metrics.backend_switches,,0,,
real loopback TLS,first_hybrid_worker_500,final_worker_500,backend_metrics.cursor_chain_restarts,,0,,
real loopback TLS,first_hybrid_worker_500,final_worker_500,backend_metrics.direct_429_count,,0,,
real loopback TLS,first_hybrid_worker_500,final_worker_500,backend_metrics.direct_active_requests,,0,,
real loopback TLS,first_hybrid_worker_500,final_worker_500,backend_metrics.direct_average_latency,,0,,
real loopback TLS,first_hybrid_worker_500,final_worker_500,backend_metrics.direct_followers_received,,0,,
real loopback TLS,first_hybrid_worker_500,final_worker_500,backend_metrics.direct_following_received,,0,,
real loopback TLS,first_hybrid_worker_500,final_worker_500,backend_metrics.direct_http_error_rate,,0.0,,
real loopback TLS,first_hybrid_worker_500,final_worker_500,backend_metrics.direct_invalid_response_rate,,0.0,,
real loopback TLS,first_hybrid_worker_500,final_worker_500,backend_metrics.direct_median_latency,,0,,
real loopback TLS,first_hybrid_worker_500,final_worker_500,backend_metrics.direct_network_error_rate,,0.0,,
real loopback TLS,first_hybrid_worker_500,final_worker_500,backend_metrics.direct_p95_latency,,0,,
real loopback TLS,first_hybrid_worker_500,final_worker_500,backend_metrics.direct_p99_latency,,0,,
real loopback TLS,first_hybrid_worker_500,final_worker_500,backend_metrics.direct_recent_success_percent,,0.0,,
real loopback TLS,first_hybrid_worker_500,final_worker_500,backend_metrics.direct_records_per_second,,0.0,,
real loopback TLS,first_hybrid_worker_500,final_worker_500,backend_metrics.direct_requests_failed,,0,,
real loopback TLS,first_hybrid_worker_500,final_worker_500,backend_metrics.direct_requests_per_second,,0.0,,
real loopback TLS,first_hybrid_worker_500,final_worker_500,backend_metrics.direct_requests_successful,,0,,
real loopback TLS,first_hybrid_worker_500,final_worker_500,backend_metrics.direct_requests_total,,0,,
real loopback TLS,first_hybrid_worker_500,final_worker_500,backend_metrics.direct_risk_control_count,,0,,
real loopback TLS,first_hybrid_worker_500,final_worker_500,backend_metrics.direct_risk_control_rate,,0.0,,
real loopback TLS,first_hybrid_worker_500,final_worker_500,backend_metrics.direct_successful_rps,,0.0,,
real loopback TLS,first_hybrid_worker_500,final_worker_500,backend_metrics.direct_timeout_rate,,0.0,,
real loopback TLS,first_hybrid_worker_500,final_worker_500,backend_metrics.hybrid_records_per_second,,149.89623183024761,,
real loopback TLS,first_hybrid_worker_500,final_worker_500,backend_metrics.hybrid_total_successful_rps,,149.89623183024761,,
real loopback TLS,first_hybrid_worker_500,final_worker_500,backend_metrics.worker_429_count,,0,,
real loopback TLS,first_hybrid_worker_500,final_worker_500,backend_metrics.worker_active_requests,,0,,
real loopback TLS,first_hybrid_worker_500,final_worker_500,backend_metrics.worker_average_latency,,0.644259426456,,
real loopback TLS,first_hybrid_worker_500,final_worker_500,backend_metrics.worker_connect_tcp_attempts,,28,,
real loopback TLS,first_hybrid_worker_500,final_worker_500,backend_metrics.worker_connect_tcp_seconds,,0.687456326999893,,
real loopback TLS,first_hybrid_worker_500,final_worker_500,backend_metrics.worker_connect_tcp_successful,,28,,
real loopback TLS,first_hybrid_worker_500,final_worker_500,backend_metrics.worker_connection_pool_wait_seconds,,0.0025251490011442,,
real loopback TLS,first_hybrid_worker_500,final_worker_500,backend_metrics.worker_followers_received,,0,,
real loopback TLS,first_hybrid_worker_500,final_worker_500,backend_metrics.worker_following_received,,0,,
real loopback TLS,first_hybrid_worker_500,final_worker_500,backend_metrics.worker_http_error_rate,,0.0,,
real loopback TLS,first_hybrid_worker_500,final_worker_500,backend_metrics.worker_invalid_response_rate,,0.0,,
real loopback TLS,first_hybrid_worker_500,final_worker_500,backend_metrics.worker_latency_seconds,,644.2594264560004,,
real loopback TLS,first_hybrid_worker_500,final_worker_500,backend_metrics.worker_median_latency,,0.4501154559999918,,
real loopback TLS,first_hybrid_worker_500,final_worker_500,backend_metrics.worker_network_error_rate,,0.0,,
real loopback TLS,first_hybrid_worker_500,final_worker_500,backend_metrics.worker_new_connection_requests,,28,,
real loopback TLS,first_hybrid_worker_500,final_worker_500,backend_metrics.worker_p95_latency,,1.8337062229999788,,
real loopback TLS,first_hybrid_worker_500,final_worker_500,backend_metrics.worker_p99_latency,,2.966756273000044,,
real loopback TLS,first_hybrid_worker_500,final_worker_500,backend_metrics.worker_peak_active_requests,,121,,
real loopback TLS,first_hybrid_worker_500,final_worker_500,backend_metrics.worker_profile_received,,1000,,
real loopback TLS,first_hybrid_worker_500,final_worker_500,backend_metrics.worker_recent_success_percent,,100.0,,
real loopback TLS,first_hybrid_worker_500,final_worker_500,backend_metrics.worker_records,,1000,,
real loopback TLS,first_hybrid_worker_500,final_worker_500,backend_metrics.worker_records_per_second,,149.89623183024761,,
real loopback TLS,first_hybrid_worker_500,final_worker_500,backend_metrics.worker_requests_failed,,0,,
real loopback TLS,first_hybrid_worker_500,final_worker_500,backend_metrics.worker_requests_per_second,,149.89623183024761,,
real loopback TLS,first_hybrid_worker_500,final_worker_500,backend_metrics.worker_requests_successful,,1000,,
real loopback TLS,first_hybrid_worker_500,final_worker_500,backend_metrics.worker_requests_total,,1000,,
real loopback TLS,first_hybrid_worker_500,final_worker_500,backend_metrics.worker_response_body_bytes,,466780,,
real loopback TLS,first_hybrid_worker_500,final_worker_500,backend_metrics.worker_reused_connection_requests,,972,,
real loopback TLS,first_hybrid_worker_500,final_worker_500,backend_metrics.worker_risk_control_count,,0,,
real loopback TLS,first_hybrid_worker_500,final_worker_500,backend_metrics.worker_risk_control_rate,,0.0,,
real loopback TLS,first_hybrid_worker_500,final_worker_500,backend_metrics.worker_successful_rps,,149.89623183024761,,
real loopback TLS,first_hybrid_worker_500,final_worker_500,backend_metrics.worker_timeout_rate,,0.0,,
real loopback TLS,first_hybrid_worker_500,final_worker_500,backend_metrics.worker_tls_handshake_attempts,,28,,
real loopback TLS,first_hybrid_worker_500,final_worker_500,backend_metrics.worker_tls_handshake_seconds,,0.5986279860000536,,
real loopback TLS,first_hybrid_worker_500,final_worker_500,backend_metrics.worker_tls_handshake_successful,,28,,
real loopback TLS,first_hybrid_worker_500,final_worker_500,configured_workers,500,500,0.0,1.0
real loopback TLS,first_hybrid_worker_500,final_worker_500,cpu_percent_of_one_core,99.60406806700729,99.64044777967462,0.03652432412986073,0.9996348901126201
real loopback TLS,first_hybrid_worker_500,final_worker_500,cpu_seconds,6.262239172,6.652255341,6.228062491510333,0.9413708360537208
real loopback TLS,first_hybrid_worker_500,final_worker_500,elapsed_seconds,6.287131935000048,6.676259981999976,6.189277575577479,0.9417146653891451
real loopback TLS,first_hybrid_worker_500,final_worker_500,event_loop_max,0.03343676600000435,0.03611850800005413,8.020339048487624,0.9257515842003838
real loopback TLS,first_hybrid_worker_500,final_worker_500,event_loop_p95,0.018906993000068723,0.019969153000015467,5.617815587824482,0.9468099623481316
real loopback TLS,first_hybrid_worker_500,final_worker_500,harness_version,2,2,0.0,1.0
real loopback TLS,first_hybrid_worker_500,final_worker_500,loopback_interface_bytes.received,1252292,1257284,0.39862907373040546,0.996029536683836
real loopback TLS,first_hybrid_worker_500,final_worker_500,loopback_interface_bytes.transmitted,1252292,1257284,0.39862907373040546,0.996029536683836
real loopback TLS,first_hybrid_worker_500,final_worker_500,median_latency,2.591084614499948,2.774985778499996,7.097458839086923,0.933728970640183
real loopback TLS,first_hybrid_worker_500,final_worker_500,new_tls_connections,28,28,0.0,1.0
real loopback TLS,first_hybrid_worker_500,final_worker_500,p95_latency,4.206763517000013,4.26245073299998,1.3237543725699963,0.9869353994947471
real loopback TLS,first_hybrid_worker_500,final_worker_500,p99_latency,5.030425572000013,5.077165936999961,0.9291532958982884,0.9907940048483885
real loopback TLS,first_hybrid_worker_500,final_worker_500,peak_active_jobs,500,500,0.0,1.0
real loopback TLS,first_hybrid_worker_500,final_worker_500,peak_admitted_requests,500,500,0.0,1.0
real loopback TLS,first_hybrid_worker_500,final_worker_500,peak_rss_bytes,64303104,64221184,-0.12739664946811446,1.001275591555584
real loopback TLS,first_hybrid_worker_500,final_worker_500,sampled_average_active_connections,11.56027499365656,11.320721124218162,-2.0722160119015065,1.0211606545916871
real loopback TLS,first_hybrid_worker_500,final_worker_500,sampled_average_idle_connections,16.025506820861604,16.26659742547469,1.5044179713507688,0.9851787931853825
real loopback TLS,first_hybrid_worker_500,final_worker_500,sampled_peak_active_connections,26,26,0.0,1.0
real loopback TLS,first_hybrid_worker_500,final_worker_500,server_requests,1000,1000,0.0,1.0
real loopback TLS,first_hybrid_worker_500,final_worker_500,successful_requests,1000,1000,0.0,1.0
real loopback TLS,first_hybrid_worker_500,final_worker_500,successful_rps,159.05503659515497,149.78446056566457,-5.828533461085506,1.061892775755775
real loopback TLS,original_worker_500,final_worker_500,actual_connection_ceiling,500,500,0.0,1.0
real loopback TLS,original_worker_500,final_worker_500,attempted_requests,1000,1000,0.0,1.0
real loopback TLS,original_worker_500,final_worker_500,attempted_rps,161.97715281257175,149.78446056566457,-7.527414845361358,1.0814015833208677
real loopback TLS,original_worker_500,final_worker_500,average_latency,2.360109389183002,2.538388113889999,7.5538331199433095,0.9297669557576872
real loopback TLS,original_worker_500,final_worker_500,backend_metrics.backend_connection_pools.worker.active,,0,,
real loopback TLS,original_worker_500,final_worker_500,backend_metrics.backend_connection_pools.worker.idle_keepalive,,28,,
real loopback TLS,original_worker_500,final_worker_500,backend_metrics.backend_failovers,,0,,
real loopback TLS,original_worker_500,final_worker_500,backend_metrics.backend_switches,,0,,
real loopback TLS,original_worker_500,final_worker_500,backend_metrics.cursor_chain_restarts,,0,,
real loopback TLS,original_worker_500,final_worker_500,backend_metrics.direct_429_count,,0,,
real loopback TLS,original_worker_500,final_worker_500,backend_metrics.direct_active_requests,,0,,
real loopback TLS,original_worker_500,final_worker_500,backend_metrics.direct_average_latency,,0,,
real loopback TLS,original_worker_500,final_worker_500,backend_metrics.direct_followers_received,,0,,
real loopback TLS,original_worker_500,final_worker_500,backend_metrics.direct_following_received,,0,,
real loopback TLS,original_worker_500,final_worker_500,backend_metrics.direct_http_error_rate,,0.0,,
real loopback TLS,original_worker_500,final_worker_500,backend_metrics.direct_invalid_response_rate,,0.0,,
real loopback TLS,original_worker_500,final_worker_500,backend_metrics.direct_median_latency,,0,,
real loopback TLS,original_worker_500,final_worker_500,backend_metrics.direct_network_error_rate,,0.0,,
real loopback TLS,original_worker_500,final_worker_500,backend_metrics.direct_p95_latency,,0,,
real loopback TLS,original_worker_500,final_worker_500,backend_metrics.direct_p99_latency,,0,,
real loopback TLS,original_worker_500,final_worker_500,backend_metrics.direct_recent_success_percent,,0.0,,
real loopback TLS,original_worker_500,final_worker_500,backend_metrics.direct_records_per_second,,0.0,,
real loopback TLS,original_worker_500,final_worker_500,backend_metrics.direct_requests_failed,,0,,
real loopback TLS,original_worker_500,final_worker_500,backend_metrics.direct_requests_per_second,,0.0,,
real loopback TLS,original_worker_500,final_worker_500,backend_metrics.direct_requests_successful,,0,,
real loopback TLS,original_worker_500,final_worker_500,backend_metrics.direct_requests_total,,0,,
real loopback TLS,original_worker_500,final_worker_500,backend_metrics.direct_risk_control_count,,0,,
real loopback TLS,original_worker_500,final_worker_500,backend_metrics.direct_risk_control_rate,,0.0,,
real loopback TLS,original_worker_500,final_worker_500,backend_metrics.direct_successful_rps,,0.0,,
real loopback TLS,original_worker_500,final_worker_500,backend_metrics.direct_timeout_rate,,0.0,,
real loopback TLS,original_worker_500,final_worker_500,backend_metrics.hybrid_records_per_second,,149.89623183024761,,
real loopback TLS,original_worker_500,final_worker_500,backend_metrics.hybrid_total_successful_rps,,149.89623183024761,,
real loopback TLS,original_worker_500,final_worker_500,backend_metrics.worker_429_count,,0,,
real loopback TLS,original_worker_500,final_worker_500,backend_metrics.worker_active_requests,,0,,
real loopback TLS,original_worker_500,final_worker_500,backend_metrics.worker_average_latency,,0.644259426456,,
real loopback TLS,original_worker_500,final_worker_500,backend_metrics.worker_connect_tcp_attempts,,28,,
real loopback TLS,original_worker_500,final_worker_500,backend_metrics.worker_connect_tcp_seconds,,0.687456326999893,,
real loopback TLS,original_worker_500,final_worker_500,backend_metrics.worker_connect_tcp_successful,,28,,
real loopback TLS,original_worker_500,final_worker_500,backend_metrics.worker_connection_pool_wait_seconds,,0.0025251490011442,,
real loopback TLS,original_worker_500,final_worker_500,backend_metrics.worker_followers_received,,0,,
real loopback TLS,original_worker_500,final_worker_500,backend_metrics.worker_following_received,,0,,
real loopback TLS,original_worker_500,final_worker_500,backend_metrics.worker_http_error_rate,,0.0,,
real loopback TLS,original_worker_500,final_worker_500,backend_metrics.worker_invalid_response_rate,,0.0,,
real loopback TLS,original_worker_500,final_worker_500,backend_metrics.worker_latency_seconds,,644.2594264560004,,
real loopback TLS,original_worker_500,final_worker_500,backend_metrics.worker_median_latency,,0.4501154559999918,,
real loopback TLS,original_worker_500,final_worker_500,backend_metrics.worker_network_error_rate,,0.0,,
real loopback TLS,original_worker_500,final_worker_500,backend_metrics.worker_new_connection_requests,,28,,
real loopback TLS,original_worker_500,final_worker_500,backend_metrics.worker_p95_latency,,1.8337062229999788,,
real loopback TLS,original_worker_500,final_worker_500,backend_metrics.worker_p99_latency,,2.966756273000044,,
real loopback TLS,original_worker_500,final_worker_500,backend_metrics.worker_peak_active_requests,,121,,
real loopback TLS,original_worker_500,final_worker_500,backend_metrics.worker_profile_received,,1000,,
real loopback TLS,original_worker_500,final_worker_500,backend_metrics.worker_recent_success_percent,,100.0,,
real loopback TLS,original_worker_500,final_worker_500,backend_metrics.worker_records,,1000,,
real loopback TLS,original_worker_500,final_worker_500,backend_metrics.worker_records_per_second,,149.89623183024761,,
real loopback TLS,original_worker_500,final_worker_500,backend_metrics.worker_requests_failed,,0,,
real loopback TLS,original_worker_500,final_worker_500,backend_metrics.worker_requests_per_second,,149.89623183024761,,
real loopback TLS,original_worker_500,final_worker_500,backend_metrics.worker_requests_successful,,1000,,
real loopback TLS,original_worker_500,final_worker_500,backend_metrics.worker_requests_total,,1000,,
real loopback TLS,original_worker_500,final_worker_500,backend_metrics.worker_response_body_bytes,,466780,,
real loopback TLS,original_worker_500,final_worker_500,backend_metrics.worker_reused_connection_requests,,972,,
real loopback TLS,original_worker_500,final_worker_500,backend_metrics.worker_risk_control_count,,0,,
real loopback TLS,original_worker_500,final_worker_500,backend_metrics.worker_risk_control_rate,,0.0,,
real loopback TLS,original_worker_500,final_worker_500,backend_metrics.worker_successful_rps,,149.89623183024761,,
real loopback TLS,original_worker_500,final_worker_500,backend_metrics.worker_timeout_rate,,0.0,,
real loopback TLS,original_worker_500,final_worker_500,backend_metrics.worker_tls_handshake_attempts,,28,,
real loopback TLS,original_worker_500,final_worker_500,backend_metrics.worker_tls_handshake_seconds,,0.5986279860000536,,
real loopback TLS,original_worker_500,final_worker_500,backend_metrics.worker_tls_handshake_successful,,28,,
real loopback TLS,original_worker_500,final_worker_500,configured_workers,500,500,0.0,1.0
real loopback TLS,original_worker_500,final_worker_500,cpu_percent_of_one_core,99.49676505685206,99.64044777967462,0.14440944159386238,0.9985579879855591
real loopback TLS,original_worker_500,final_worker_500,cpu_seconds,6.14264193,6.652255341,8.296322930872835,0.9233923857583927
real loopback TLS,original_worker_500,final_worker_500,elapsed_seconds,6.173710196999991,6.676259981999976,8.140158332086767,0.9247258515463865
real loopback TLS,original_worker_500,final_worker_500,event_loop_max,0.032673096000035,0.03611850800005413,10.54510414322365,0.9046081305458695
real loopback TLS,original_worker_500,final_worker_500,event_loop_p95,0.018749664000079064,0.019969153000015467,6.5040578856840225,0.9389313607875378
real loopback TLS,original_worker_500,final_worker_500,harness_version,2,2,0.0,1.0
real loopback TLS,original_worker_500,final_worker_500,loopback_interface_bytes.received,1247976,1257284,0.7458476765578759,0.9925967402750692
real loopback TLS,original_worker_500,final_worker_500,loopback_interface_bytes.transmitted,1247976,1257284,0.7458476765578759,0.9925967402750692
real loopback TLS,original_worker_500,final_worker_500,median_latency,2.5631190020000076,2.774985778499996,8.26597502241091,0.9236512207949001
real loopback TLS,original_worker_500,final_worker_500,new_tls_connections,28,28,0.0,1.0
real loopback TLS,original_worker_500,final_worker_500,p95_latency,4.075000746000001,4.26245073299998,4.599998838870878,0.9560229551631558
real loopback TLS,original_worker_500,final_worker_500,p99_latency,5.072953404000032,5.077165936999961,0.08303906352871149,0.9991702983412004
real loopback TLS,original_worker_500,final_worker_500,peak_active_jobs,500,500,0.0,1.0
real loopback TLS,original_worker_500,final_worker_500,peak_admitted_requests,500,500,0.0,1.0
real loopback TLS,original_worker_500,final_worker_500,peak_rss_bytes,64126976,64221184,0.14690853346959187,0.9985330697110785
real loopback TLS,original_worker_500,final_worker_500,sampled_average_active_connections,11.551208127108888,11.320721124218162,-1.9953497535016185,1.0203597456700573
real loopback TLS,original_worker_500,final_worker_500,sampled_average_idle_connections,16.030884279778995,16.26659742547469,1.4703689552111543,0.985509376083375
real loopback TLS,original_worker_500,final_worker_500,sampled_peak_active_connections,25,26,4.0000000000000036,0.9615384615384616
real loopback TLS,original_worker_500,final_worker_500,server_requests,1000,1000,0.0,1.0
real loopback TLS,original_worker_500,final_worker_500,successful_requests,1000,1000,0.0,1.0
real loopback TLS,original_worker_500,final_worker_500,successful_rps,161.97715281257175,149.78446056566457,-7.527414845361358,1.0814015833208677
real loopback TLS,first_hybrid_worker_1000,final_worker_1000,actual_connection_ceiling,1000,1000,0.0,1.0
real loopback TLS,first_hybrid_worker_1000,final_worker_1000,attempted_requests,2000,2000,0.0,1.0
real loopback TLS,first_hybrid_worker_1000,final_worker_1000,attempted_rps,155.49254919370452,152.15039815809777,-2.149396259137326,1.0219661011477206
real loopback TLS,first_hybrid_worker_1000,final_worker_1000,average_latency,4.877479500928,5.0066556380169995,2.648419887042519,0.9741991168499532
real loopback TLS,first_hybrid_worker_1000,final_worker_1000,backend_metrics.backend_connection_pools.worker.active,,0,,
real loopback TLS,first_hybrid_worker_1000,final_worker_1000,backend_metrics.backend_connection_pools.worker.idle_keepalive,,28,,
real loopback TLS,first_hybrid_worker_1000,final_worker_1000,backend_metrics.backend_failovers,,0,,
real loopback TLS,first_hybrid_worker_1000,final_worker_1000,backend_metrics.backend_switches,,0,,
real loopback TLS,first_hybrid_worker_1000,final_worker_1000,backend_metrics.cursor_chain_restarts,,0,,
real loopback TLS,first_hybrid_worker_1000,final_worker_1000,backend_metrics.direct_429_count,,0,,
real loopback TLS,first_hybrid_worker_1000,final_worker_1000,backend_metrics.direct_active_requests,,0,,
real loopback TLS,first_hybrid_worker_1000,final_worker_1000,backend_metrics.direct_average_latency,,0,,
real loopback TLS,first_hybrid_worker_1000,final_worker_1000,backend_metrics.direct_followers_received,,0,,
real loopback TLS,first_hybrid_worker_1000,final_worker_1000,backend_metrics.direct_following_received,,0,,
real loopback TLS,first_hybrid_worker_1000,final_worker_1000,backend_metrics.direct_http_error_rate,,0.0,,
real loopback TLS,first_hybrid_worker_1000,final_worker_1000,backend_metrics.direct_invalid_response_rate,,0.0,,
real loopback TLS,first_hybrid_worker_1000,final_worker_1000,backend_metrics.direct_median_latency,,0,,
real loopback TLS,first_hybrid_worker_1000,final_worker_1000,backend_metrics.direct_network_error_rate,,0.0,,
real loopback TLS,first_hybrid_worker_1000,final_worker_1000,backend_metrics.direct_p95_latency,,0,,
real loopback TLS,first_hybrid_worker_1000,final_worker_1000,backend_metrics.direct_p99_latency,,0,,
real loopback TLS,first_hybrid_worker_1000,final_worker_1000,backend_metrics.direct_recent_success_percent,,0.0,,
real loopback TLS,first_hybrid_worker_1000,final_worker_1000,backend_metrics.direct_records_per_second,,0.0,,
real loopback TLS,first_hybrid_worker_1000,final_worker_1000,backend_metrics.direct_requests_failed,,0,,
real loopback TLS,first_hybrid_worker_1000,final_worker_1000,backend_metrics.direct_requests_per_second,,0.0,,
real loopback TLS,first_hybrid_worker_1000,final_worker_1000,backend_metrics.direct_requests_successful,,0,,
real loopback TLS,first_hybrid_worker_1000,final_worker_1000,backend_metrics.direct_requests_total,,0,,
real loopback TLS,first_hybrid_worker_1000,final_worker_1000,backend_metrics.direct_risk_control_count,,0,,
real loopback TLS,first_hybrid_worker_1000,final_worker_1000,backend_metrics.direct_risk_control_rate,,0.0,,
real loopback TLS,first_hybrid_worker_1000,final_worker_1000,backend_metrics.direct_successful_rps,,0.0,,
real loopback TLS,first_hybrid_worker_1000,final_worker_1000,backend_metrics.direct_timeout_rate,,0.0,,
real loopback TLS,first_hybrid_worker_1000,final_worker_1000,backend_metrics.hybrid_records_per_second,,152.2093786873717,,
real loopback TLS,first_hybrid_worker_1000,final_worker_1000,backend_metrics.hybrid_total_successful_rps,,152.2093786873717,,
real loopback TLS,first_hybrid_worker_1000,final_worker_1000,backend_metrics.worker_429_count,,0,,
real loopback TLS,first_hybrid_worker_1000,final_worker_1000,backend_metrics.worker_active_requests,,0,,
real loopback TLS,first_hybrid_worker_1000,final_worker_1000,backend_metrics.worker_average_latency,,0.713491011260501,,
real loopback TLS,first_hybrid_worker_1000,final_worker_1000,backend_metrics.worker_connect_tcp_attempts,,28,,
real loopback TLS,first_hybrid_worker_1000,final_worker_1000,backend_metrics.worker_connect_tcp_seconds,,0.8295529119999969,,
real loopback TLS,first_hybrid_worker_1000,final_worker_1000,backend_metrics.worker_connect_tcp_successful,,28,,
real loopback TLS,first_hybrid_worker_1000,final_worker_1000,backend_metrics.worker_connection_pool_wait_seconds,,0.004757694998772877,,
real loopback TLS,first_hybrid_worker_1000,final_worker_1000,backend_metrics.worker_followers_received,,0,,
real loopback TLS,first_hybrid_worker_1000,final_worker_1000,backend_metrics.worker_following_received,,0,,
real loopback TLS,first_hybrid_worker_1000,final_worker_1000,backend_metrics.worker_http_error_rate,,0.0,,
real loopback TLS,first_hybrid_worker_1000,final_worker_1000,backend_metrics.worker_invalid_response_rate,,0.0,,
real loopback TLS,first_hybrid_worker_1000,final_worker_1000,backend_metrics.worker_latency_seconds,,1426.9820225210008,,
real loopback TLS,first_hybrid_worker_1000,final_worker_1000,backend_metrics.worker_median_latency,,0.5048595819999946,,
real loopback TLS,first_hybrid_worker_1000,final_worker_1000,backend_metrics.worker_network_error_rate,,0.0,,
real loopback TLS,first_hybrid_worker_1000,final_worker_1000,backend_metrics.worker_new_connection_requests,,28,,
real loopback TLS,first_hybrid_worker_1000,final_worker_1000,backend_metrics.worker_p95_latency,,2.0565263689999824,,
real loopback TLS,first_hybrid_worker_1000,final_worker_1000,backend_metrics.worker_p99_latency,,3.329987107999955,,
real loopback TLS,first_hybrid_worker_1000,final_worker_1000,backend_metrics.worker_peak_active_requests,,128,,
real loopback TLS,first_hybrid_worker_1000,final_worker_1000,backend_metrics.worker_profile_received,,2000,,
real loopback TLS,first_hybrid_worker_1000,final_worker_1000,backend_metrics.worker_recent_success_percent,,100.0,,
real loopback TLS,first_hybrid_worker_1000,final_worker_1000,backend_metrics.worker_records,,2000,,
real loopback TLS,first_hybrid_worker_1000,final_worker_1000,backend_metrics.worker_records_per_second,,152.2093786873717,,
real loopback TLS,first_hybrid_worker_1000,final_worker_1000,backend_metrics.worker_requests_failed,,0,,
real loopback TLS,first_hybrid_worker_1000,final_worker_1000,backend_metrics.worker_requests_per_second,,152.2093786873717,,
real loopback TLS,first_hybrid_worker_1000,final_worker_1000,backend_metrics.worker_requests_successful,,2000,,
real loopback TLS,first_hybrid_worker_1000,final_worker_1000,backend_metrics.worker_requests_total,,2000,,
real loopback TLS,first_hybrid_worker_1000,final_worker_1000,backend_metrics.worker_response_body_bytes,,933780,,
real loopback TLS,first_hybrid_worker_1000,final_worker_1000,backend_metrics.worker_reused_connection_requests,,1972,,
real loopback TLS,first_hybrid_worker_1000,final_worker_1000,backend_metrics.worker_risk_control_count,,0,,
real loopback TLS,first_hybrid_worker_1000,final_worker_1000,backend_metrics.worker_risk_control_rate,,0.0,,
real loopback TLS,first_hybrid_worker_1000,final_worker_1000,backend_metrics.worker_successful_rps,,152.2093786873717,,
real loopback TLS,first_hybrid_worker_1000,final_worker_1000,backend_metrics.worker_timeout_rate,,0.0,,
real loopback TLS,first_hybrid_worker_1000,final_worker_1000,backend_metrics.worker_tls_handshake_attempts,,28,,
real loopback TLS,first_hybrid_worker_1000,final_worker_1000,backend_metrics.worker_tls_handshake_seconds,,0.688937638000084,,
real loopback TLS,first_hybrid_worker_1000,final_worker_1000,backend_metrics.worker_tls_handshake_successful,,28,,
real loopback TLS,first_hybrid_worker_1000,final_worker_1000,configured_workers,1000,1000,0.0,1.0
real loopback TLS,first_hybrid_worker_1000,final_worker_1000,cpu_percent_of_one_core,99.81936593049906,99.88712827696422,0.0678849698487749,0.9993216108257986
real loopback TLS,first_hybrid_worker_1000,final_worker_1000,cpu_seconds,12.839118845,13.130051513,2.2659862527349306,0.9778422295059582
real loopback TLS,first_hybrid_worker_1000,final_worker_1000,elapsed_seconds,12.862352635999969,13.144888374999994,2.1966101147720574,0.9785060374086268
real loopback TLS,first_hybrid_worker_1000,final_worker_1000,event_loop_max,0.03912785100008477,0.043214224999967424,10.443645371359134,0.9054391464873954
real loopback TLS,first_hybrid_worker_1000,final_worker_1000,event_loop_p95,0.019775173999942126,0.019792086999966613,0.08552642836183733,0.9991454665683049
real loopback TLS,first_hybrid_worker_1000,final_worker_1000,harness_version,2,2,0.0,1.0
real loopback TLS,first_hybrid_worker_1000,final_worker_1000,loopback_interface_bytes.received,2443660,2444384,0.0296276896131209,0.9997038108578685
real loopback TLS,first_hybrid_worker_1000,final_worker_1000,loopback_interface_bytes.transmitted,2443660,2444384,0.0296276896131209,0.9997038108578685
real loopback TLS,first_hybrid_worker_1000,final_worker_1000,median_latency,5.778403918000038,5.931424544500004,2.648146939387508,0.9742017073045536
real loopback TLS,first_hybrid_worker_1000,final_worker_1000,new_tls_connections,29,28,-3.4482758620689613,1.0357142857142858
real loopback TLS,first_hybrid_worker_1000,final_worker_1000,p95_latency,7.406521607000059,7.616648548000001,2.837052966960174,0.9724121521853444
real loopback TLS,first_hybrid_worker_1000,final_worker_1000,p99_latency,8.288836665000076,8.884532546000003,7.186724809227751,0.9329513536119443
real loopback TLS,first_hybrid_worker_1000,final_worker_1000,peak_active_jobs,1000,1000,0.0,1.0
real loopback TLS,first_hybrid_worker_1000,final_worker_1000,peak_admitted_requests,1000,1000,0.0,1.0
real loopback TLS,first_hybrid_worker_1000,final_worker_1000,peak_rss_bytes,68091904,68214784,0.1804619826756504,0.9981986309595292
real loopback TLS,first_hybrid_worker_1000,final_worker_1000,sampled_average_active_connections,12.017683640966569,11.984135436676896,-0.2791569930773674,1.0027993846086718
real loopback TLS,first_hybrid_worker_1000,final_worker_1000,sampled_average_idle_connections,16.755272325360682,15.785060253887515,-5.790488227425938,1.0614639447596803
real loopback TLS,first_hybrid_worker_1000,final_worker_1000,sampled_peak_active_connections,26,26,0.0,1.0
real loopback TLS,first_hybrid_worker_1000,final_worker_1000,server_requests,2000,2000,0.0,1.0
real loopback TLS,first_hybrid_worker_1000,final_worker_1000,successful_requests,2000,2000,0.0,1.0
real loopback TLS,first_hybrid_worker_1000,final_worker_1000,successful_rps,155.49254919370452,152.15039815809777,-2.149396259137326,1.0219661011477206
real loopback TLS,original_worker_1000,final_worker_1000,actual_connection_ceiling,1000,1000,0.0,1.0
real loopback TLS,original_worker_1000,final_worker_1000,attempted_requests,2000,2000,0.0,1.0
real loopback TLS,original_worker_1000,final_worker_1000,attempted_rps,157.6279135561587,152.15039815809777,-3.474965362723914,1.036000664239927
real loopback TLS,original_worker_1000,final_worker_1000,average_latency,4.8163428253435,5.0066556380169995,3.951396725168266,0.9619880362395211
real loopback TLS,original_worker_1000,final_worker_1000,backend_metrics.backend_connection_pools.worker.active,,0,,
real loopback TLS,original_worker_1000,final_worker_1000,backend_metrics.backend_connection_pools.worker.idle_keepalive,,28,,
real loopback TLS,original_worker_1000,final_worker_1000,backend_metrics.backend_failovers,,0,,
real loopback TLS,original_worker_1000,final_worker_1000,backend_metrics.backend_switches,,0,,
real loopback TLS,original_worker_1000,final_worker_1000,backend_metrics.cursor_chain_restarts,,0,,
real loopback TLS,original_worker_1000,final_worker_1000,backend_metrics.direct_429_count,,0,,
real loopback TLS,original_worker_1000,final_worker_1000,backend_metrics.direct_active_requests,,0,,
real loopback TLS,original_worker_1000,final_worker_1000,backend_metrics.direct_average_latency,,0,,
real loopback TLS,original_worker_1000,final_worker_1000,backend_metrics.direct_followers_received,,0,,
real loopback TLS,original_worker_1000,final_worker_1000,backend_metrics.direct_following_received,,0,,
real loopback TLS,original_worker_1000,final_worker_1000,backend_metrics.direct_http_error_rate,,0.0,,
real loopback TLS,original_worker_1000,final_worker_1000,backend_metrics.direct_invalid_response_rate,,0.0,,
real loopback TLS,original_worker_1000,final_worker_1000,backend_metrics.direct_median_latency,,0,,
real loopback TLS,original_worker_1000,final_worker_1000,backend_metrics.direct_network_error_rate,,0.0,,
real loopback TLS,original_worker_1000,final_worker_1000,backend_metrics.direct_p95_latency,,0,,
real loopback TLS,original_worker_1000,final_worker_1000,backend_metrics.direct_p99_latency,,0,,
real loopback TLS,original_worker_1000,final_worker_1000,backend_metrics.direct_recent_success_percent,,0.0,,
real loopback TLS,original_worker_1000,final_worker_1000,backend_metrics.direct_records_per_second,,0.0,,
real loopback TLS,original_worker_1000,final_worker_1000,backend_metrics.direct_requests_failed,,0,,
real loopback TLS,original_worker_1000,final_worker_1000,backend_metrics.direct_requests_per_second,,0.0,,
real loopback TLS,original_worker_1000,final_worker_1000,backend_metrics.direct_requests_successful,,0,,
real loopback TLS,original_worker_1000,final_worker_1000,backend_metrics.direct_requests_total,,0,,
real loopback TLS,original_worker_1000,final_worker_1000,backend_metrics.direct_risk_control_count,,0,,
real loopback TLS,original_worker_1000,final_worker_1000,backend_metrics.direct_risk_control_rate,,0.0,,
real loopback TLS,original_worker_1000,final_worker_1000,backend_metrics.direct_successful_rps,,0.0,,
real loopback TLS,original_worker_1000,final_worker_1000,backend_metrics.direct_timeout_rate,,0.0,,
real loopback TLS,original_worker_1000,final_worker_1000,backend_metrics.hybrid_records_per_second,,152.2093786873717,,
real loopback TLS,original_worker_1000,final_worker_1000,backend_metrics.hybrid_total_successful_rps,,152.2093786873717,,
real loopback TLS,original_worker_1000,final_worker_1000,backend_metrics.worker_429_count,,0,,
real loopback TLS,original_worker_1000,final_worker_1000,backend_metrics.worker_active_requests,,0,,
real loopback TLS,original_worker_1000,final_worker_1000,backend_metrics.worker_average_latency,,0.713491011260501,,
real loopback TLS,original_worker_1000,final_worker_1000,backend_metrics.worker_connect_tcp_attempts,,28,,
real loopback TLS,original_worker_1000,final_worker_1000,backend_metrics.worker_connect_tcp_seconds,,0.8295529119999969,,
real loopback TLS,original_worker_1000,final_worker_1000,backend_metrics.worker_connect_tcp_successful,,28,,
real loopback TLS,original_worker_1000,final_worker_1000,backend_metrics.worker_connection_pool_wait_seconds,,0.004757694998772877,,
real loopback TLS,original_worker_1000,final_worker_1000,backend_metrics.worker_followers_received,,0,,
real loopback TLS,original_worker_1000,final_worker_1000,backend_metrics.worker_following_received,,0,,
real loopback TLS,original_worker_1000,final_worker_1000,backend_metrics.worker_http_error_rate,,0.0,,
real loopback TLS,original_worker_1000,final_worker_1000,backend_metrics.worker_invalid_response_rate,,0.0,,
real loopback TLS,original_worker_1000,final_worker_1000,backend_metrics.worker_latency_seconds,,1426.9820225210008,,
real loopback TLS,original_worker_1000,final_worker_1000,backend_metrics.worker_median_latency,,0.5048595819999946,,
real loopback TLS,original_worker_1000,final_worker_1000,backend_metrics.worker_network_error_rate,,0.0,,
real loopback TLS,original_worker_1000,final_worker_1000,backend_metrics.worker_new_connection_requests,,28,,
real loopback TLS,original_worker_1000,final_worker_1000,backend_metrics.worker_p95_latency,,2.0565263689999824,,
real loopback TLS,original_worker_1000,final_worker_1000,backend_metrics.worker_p99_latency,,3.329987107999955,,
real loopback TLS,original_worker_1000,final_worker_1000,backend_metrics.worker_peak_active_requests,,128,,
real loopback TLS,original_worker_1000,final_worker_1000,backend_metrics.worker_profile_received,,2000,,
real loopback TLS,original_worker_1000,final_worker_1000,backend_metrics.worker_recent_success_percent,,100.0,,
real loopback TLS,original_worker_1000,final_worker_1000,backend_metrics.worker_records,,2000,,
real loopback TLS,original_worker_1000,final_worker_1000,backend_metrics.worker_records_per_second,,152.2093786873717,,
real loopback TLS,original_worker_1000,final_worker_1000,backend_metrics.worker_requests_failed,,0,,
real loopback TLS,original_worker_1000,final_worker_1000,backend_metrics.worker_requests_per_second,,152.2093786873717,,
real loopback TLS,original_worker_1000,final_worker_1000,backend_metrics.worker_requests_successful,,2000,,
real loopback TLS,original_worker_1000,final_worker_1000,backend_metrics.worker_requests_total,,2000,,
real loopback TLS,original_worker_1000,final_worker_1000,backend_metrics.worker_response_body_bytes,,933780,,
real loopback TLS,original_worker_1000,final_worker_1000,backend_metrics.worker_reused_connection_requests,,1972,,
real loopback TLS,original_worker_1000,final_worker_1000,backend_metrics.worker_risk_control_count,,0,,
real loopback TLS,original_worker_1000,final_worker_1000,backend_metrics.worker_risk_control_rate,,0.0,,
real loopback TLS,original_worker_1000,final_worker_1000,backend_metrics.worker_successful_rps,,152.2093786873717,,
real loopback TLS,original_worker_1000,final_worker_1000,backend_metrics.worker_timeout_rate,,0.0,,
real loopback TLS,original_worker_1000,final_worker_1000,backend_metrics.worker_tls_handshake_attempts,,28,,
real loopback TLS,original_worker_1000,final_worker_1000,backend_metrics.worker_tls_handshake_seconds,,0.688937638000084,,
real loopback TLS,original_worker_1000,final_worker_1000,backend_metrics.worker_tls_handshake_successful,,28,,
real loopback TLS,original_worker_1000,final_worker_1000,configured_workers,1000,1000,0.0,1.0
real loopback TLS,original_worker_1000,final_worker_1000,cpu_percent_of_one_core,99.79365593449862,99.88712827696422,0.0936656159054472,0.9990642203447232
real loopback TLS,original_worker_1000,final_worker_1000,cpu_seconds,12.661926899000001,13.130051513,3.69710406428716,0.9643470847363766
real loopback TLS,original_worker_1000,final_worker_1000,elapsed_seconds,12.688108057000022,13.144888374999994,3.6000664239927094,0.9652503463727609
real loopback TLS,original_worker_1000,final_worker_1000,event_loop_max,0.04009424399996987,0.043214224999967424,7.781618229289711,0.9278019911267666
real loopback TLS,original_worker_1000,final_worker_1000,event_loop_p95,0.019460295000026235,0.019792086999966613,1.7049690148064567,0.983236128663898
real loopback TLS,original_worker_1000,final_worker_1000,harness_version,2,2,0.0,1.0
real loopback TLS,original_worker_1000,final_worker_1000,loopback_interface_bytes.received,2438502,2444384,0.24121366314238113,0.9975936677706939
real loopback TLS,original_worker_1000,final_worker_1000,loopback_interface_bytes.transmitted,2438502,2444384,0.24121366314238113,0.9975936677706939
real loopback TLS,original_worker_1000,final_worker_1000,median_latency,5.645207631999938,5.931424544500004,5.070086543453978,0.9517456708160497
real loopback TLS,original_worker_1000,final_worker_1000,new_tls_connections,28,28,0.0,1.0
real loopback TLS,original_worker_1000,final_worker_1000,p95_latency,7.312949634999995,7.616648548000001,4.152892172899603,0.9601269625234643
real loopback TLS,original_worker_1000,final_worker_1000,p99_latency,8.520439435999947,8.884532546000003,4.2731729124405815,0.9590194410212411
real loopback TLS,original_worker_1000,final_worker_1000,peak_active_jobs,1000,1000,0.0,1.0
real loopback TLS,original_worker_1000,final_worker_1000,peak_admitted_requests,1000,1000,0.0,1.0
real loopback TLS,original_worker_1000,final_worker_1000,peak_rss_bytes,67514368,68214784,1.0374325062185275,0.9897321964693166
real loopback TLS,original_worker_1000,final_worker_1000,sampled_average_active_connections,12.054987282726945,11.984135436676896,-0.5877388701319486,1.0059121366263277
real loopback TLS,original_worker_1000,final_worker_1000,sampled_average_idle_connections,15.723874700210516,15.785060253887515,0.389125166942339,0.9961238314778095
real loopback TLS,original_worker_1000,final_worker_1000,sampled_peak_active_connections,26,26,0.0,1.0
real loopback TLS,original_worker_1000,final_worker_1000,server_requests,2000,2000,0.0,1.0
real loopback TLS,original_worker_1000,final_worker_1000,successful_requests,2000,2000,0.0,1.0
real loopback TLS,original_worker_1000,final_worker_1000,successful_rps,157.6279135561587,152.15039815809777,-3.474965362723914,1.036000664239927
real loopback TLS,first_hybrid_worker_2500,final_worker_2500,actual_connection_ceiling,2500,2500,0.0,1.0
real loopback TLS,first_hybrid_worker_2500,final_worker_2500,attempted_requests,5000,5000,0.0,1.0
real loopback TLS,first_hybrid_worker_2500,final_worker_2500,attempted_rps,160.07918824946003,153.33510237758307,-4.212968559890051,1.0439826612908887
real loopback TLS,first_hybrid_worker_2500,final_worker_2500,average_latency,11.965028427950799,12.3072657361214,2.860313372688039,0.9721922549241667
real loopback TLS,first_hybrid_worker_2500,final_worker_2500,backend_metrics.backend_connection_pools.worker.active,,0,,
real loopback TLS,first_hybrid_worker_2500,final_worker_2500,backend_metrics.backend_connection_pools.worker.idle_keepalive,,28,,
real loopback TLS,first_hybrid_worker_2500,final_worker_2500,backend_metrics.backend_failovers,,0,,
real loopback TLS,first_hybrid_worker_2500,final_worker_2500,backend_metrics.backend_switches,,0,,
real loopback TLS,first_hybrid_worker_2500,final_worker_2500,backend_metrics.cursor_chain_restarts,,0,,
real loopback TLS,first_hybrid_worker_2500,final_worker_2500,backend_metrics.direct_429_count,,0,,
real loopback TLS,first_hybrid_worker_2500,final_worker_2500,backend_metrics.direct_active_requests,,0,,
real loopback TLS,first_hybrid_worker_2500,final_worker_2500,backend_metrics.direct_average_latency,,0,,
real loopback TLS,first_hybrid_worker_2500,final_worker_2500,backend_metrics.direct_followers_received,,0,,
real loopback TLS,first_hybrid_worker_2500,final_worker_2500,backend_metrics.direct_following_received,,0,,
real loopback TLS,first_hybrid_worker_2500,final_worker_2500,backend_metrics.direct_http_error_rate,,0.0,,
real loopback TLS,first_hybrid_worker_2500,final_worker_2500,backend_metrics.direct_invalid_response_rate,,0.0,,
real loopback TLS,first_hybrid_worker_2500,final_worker_2500,backend_metrics.direct_median_latency,,0,,
real loopback TLS,first_hybrid_worker_2500,final_worker_2500,backend_metrics.direct_network_error_rate,,0.0,,
real loopback TLS,first_hybrid_worker_2500,final_worker_2500,backend_metrics.direct_p95_latency,,0,,
real loopback TLS,first_hybrid_worker_2500,final_worker_2500,backend_metrics.direct_p99_latency,,0,,
real loopback TLS,first_hybrid_worker_2500,final_worker_2500,backend_metrics.direct_recent_success_percent,,0.0,,
real loopback TLS,first_hybrid_worker_2500,final_worker_2500,backend_metrics.direct_records_per_second,,0.0,,
real loopback TLS,first_hybrid_worker_2500,final_worker_2500,backend_metrics.direct_requests_failed,,0,,
real loopback TLS,first_hybrid_worker_2500,final_worker_2500,backend_metrics.direct_requests_per_second,,0.0,,
real loopback TLS,first_hybrid_worker_2500,final_worker_2500,backend_metrics.direct_requests_successful,,0,,
real loopback TLS,first_hybrid_worker_2500,final_worker_2500,backend_metrics.direct_requests_total,,0,,
real loopback TLS,first_hybrid_worker_2500,final_worker_2500,backend_metrics.direct_risk_control_count,,0,,
real loopback TLS,first_hybrid_worker_2500,final_worker_2500,backend_metrics.direct_risk_control_rate,,0.0,,
real loopback TLS,first_hybrid_worker_2500,final_worker_2500,backend_metrics.direct_successful_rps,,0.0,,
real loopback TLS,first_hybrid_worker_2500,final_worker_2500,backend_metrics.direct_timeout_rate,,0.0,,
real loopback TLS,first_hybrid_worker_2500,final_worker_2500,backend_metrics.hybrid_records_per_second,,153.36279770238914,,
real loopback TLS,first_hybrid_worker_2500,final_worker_2500,backend_metrics.hybrid_total_successful_rps,,153.36279770238914,,
real loopback TLS,first_hybrid_worker_2500,final_worker_2500,backend_metrics.worker_429_count,,0,,
real loopback TLS,first_hybrid_worker_2500,final_worker_2500,backend_metrics.worker_active_requests,,0,,
real loopback TLS,first_hybrid_worker_2500,final_worker_2500,backend_metrics.worker_average_latency,,0.8061841778596192,,
real loopback TLS,first_hybrid_worker_2500,final_worker_2500,backend_metrics.worker_connect_tcp_attempts,,28,,
real loopback TLS,first_hybrid_worker_2500,final_worker_2500,backend_metrics.worker_connect_tcp_seconds,,0.6571999019997747,,
real loopback TLS,first_hybrid_worker_2500,final_worker_2500,backend_metrics.worker_connect_tcp_successful,,28,,
real loopback TLS,first_hybrid_worker_2500,final_worker_2500,backend_metrics.worker_connection_pool_wait_seconds,,0.011266719998332064,,
real loopback TLS,first_hybrid_worker_2500,final_worker_2500,backend_metrics.worker_followers_received,,0,,
real loopback TLS,first_hybrid_worker_2500,final_worker_2500,backend_metrics.worker_following_received,,0,,
real loopback TLS,first_hybrid_worker_2500,final_worker_2500,backend_metrics.worker_http_error_rate,,0.0,,
real loopback TLS,first_hybrid_worker_2500,final_worker_2500,backend_metrics.worker_invalid_response_rate,,0.0,,
real loopback TLS,first_hybrid_worker_2500,final_worker_2500,backend_metrics.worker_latency_seconds,,3813.757272414007,,
real loopback TLS,first_hybrid_worker_2500,final_worker_2500,backend_metrics.worker_median_latency,,0.5635800379999978,,
real loopback TLS,first_hybrid_worker_2500,final_worker_2500,backend_metrics.worker_network_error_rate,,0.0,,
real loopback TLS,first_hybrid_worker_2500,final_worker_2500,backend_metrics.worker_new_connection_requests,,28,,
real loopback TLS,first_hybrid_worker_2500,final_worker_2500,backend_metrics.worker_p95_latency,,2.3442301960000123,,
real loopback TLS,first_hybrid_worker_2500,final_worker_2500,backend_metrics.worker_p99_latency,,3.4853241190000404,,
real loopback TLS,first_hybrid_worker_2500,final_worker_2500,backend_metrics.worker_peak_active_requests,,135,,
real loopback TLS,first_hybrid_worker_2500,final_worker_2500,backend_metrics.worker_profile_received,,5000,,
real loopback TLS,first_hybrid_worker_2500,final_worker_2500,backend_metrics.worker_recent_success_percent,,100.0,,
real loopback TLS,first_hybrid_worker_2500,final_worker_2500,backend_metrics.worker_records,,5000,,
real loopback TLS,first_hybrid_worker_2500,final_worker_2500,backend_metrics.worker_records_per_second,,153.36279770238914,,
real loopback TLS,first_hybrid_worker_2500,final_worker_2500,backend_metrics.worker_requests_failed,,0,,
real loopback TLS,first_hybrid_worker_2500,final_worker_2500,backend_metrics.worker_requests_per_second,,153.36279770238914,,
real loopback TLS,first_hybrid_worker_2500,final_worker_2500,backend_metrics.worker_requests_successful,,5000,,
real loopback TLS,first_hybrid_worker_2500,final_worker_2500,backend_metrics.worker_requests_total,,5000,,
real loopback TLS,first_hybrid_worker_2500,final_worker_2500,backend_metrics.worker_response_body_bytes,,2337780,,
real loopback TLS,first_hybrid_worker_2500,final_worker_2500,backend_metrics.worker_reused_connection_requests,,4972,,
real loopback TLS,first_hybrid_worker_2500,final_worker_2500,backend_metrics.worker_risk_control_count,,0,,
real loopback TLS,first_hybrid_worker_2500,final_worker_2500,backend_metrics.worker_risk_control_rate,,0.0,,
real loopback TLS,first_hybrid_worker_2500,final_worker_2500,backend_metrics.worker_successful_rps,,153.36279770238914,,
real loopback TLS,first_hybrid_worker_2500,final_worker_2500,backend_metrics.worker_timeout_rate,,0.0,,
real loopback TLS,first_hybrid_worker_2500,final_worker_2500,backend_metrics.worker_tls_handshake_attempts,,28,,
real loopback TLS,first_hybrid_worker_2500,final_worker_2500,backend_metrics.worker_tls_handshake_seconds,,0.5702520630002823,,
real loopback TLS,first_hybrid_worker_2500,final_worker_2500,backend_metrics.worker_tls_handshake_successful,,28,,
real loopback TLS,first_hybrid_worker_2500,final_worker_2500,configured_workers,2500,2500,0.0,1.0
real loopback TLS,first_hybrid_worker_2500,final_worker_2500,cpu_percent_of_one_core,99.89853887143357,99.90124572639427,0.0027096041556484707,0.9999729046926191
real loopback TLS,first_hybrid_worker_2500,final_worker_2500,cpu_seconds,31.202850278,32.576117333,4.401094908846326,0.9578443606104997
real loopback TLS,first_hybrid_worker_2500,final_worker_2500,elapsed_seconds,31.23454119600001,32.60831944199998,4.398266129088846,0.9578703144010996
real loopback TLS,first_hybrid_worker_2500,final_worker_2500,event_loop_max,0.040499886999991755,0.0359442469999567,-11.248525212023386,1.1267418399400757
real loopback TLS,first_hybrid_worker_2500,final_worker_2500,event_loop_p95,0.0197405119999803,0.01994396799998867,1.0306520925524865,0.9897986198128432
real loopback TLS,first_hybrid_worker_2500,final_worker_2500,harness_version,2,2,0.0,1.0
real loopback TLS,first_hybrid_worker_2500,final_worker_2500,loopback_interface_bytes.received,5982252,6006664,0.4080737488156627,0.9959358472523184
real loopback TLS,first_hybrid_worker_2500,final_worker_2500,loopback_interface_bytes.transmitted,5982252,6006664,0.4080737488156627,0.9959358472523184
real loopback TLS,first_hybrid_worker_2500,final_worker_2500,median_latency,15.031027988000005,15.578631947499986,3.643157074400749,0.9648490341548984
real loopback TLS,first_hybrid_worker_2500,final_worker_2500,new_tls_connections,28,28,0.0,1.0
real loopback TLS,first_hybrid_worker_2500,final_worker_2500,p95_latency,16.86914946899992,17.33561856199998,2.7652199884604656,0.9730918691287678
real loopback TLS,first_hybrid_worker_2500,final_worker_2500,p99_latency,18.100976583000033,18.425623336,1.793531699857942,0.9823806908955057
real loopback TLS,first_hybrid_worker_2500,final_worker_2500,peak_active_jobs,2500,2500,0.0,1.0
real loopback TLS,first_hybrid_worker_2500,final_worker_2500,peak_admitted_requests,2500,2500,0.0,1.0
real loopback TLS,first_hybrid_worker_2500,final_worker_2500,peak_rss_bytes,78057472,78655488,0.7661226845778524,0.9923970212987554
real loopback TLS,first_hybrid_worker_2500,final_worker_2500,sampled_average_active_connections,12.427787358877877,12.2410506808234,-1.5025738103016328,1.0152549550625596
real loopback TLS,first_hybrid_worker_2500,final_worker_2500,sampled_average_idle_connections,15.142758349290922,15.644816981917698,3.3155031669001467,0.967908948170691
real loopback TLS,first_hybrid_worker_2500,final_worker_2500,sampled_peak_active_connections,25,25,0.0,1.0
real loopback TLS,first_hybrid_worker_2500,final_worker_2500,server_requests,5000,5000,0.0,1.0
real loopback TLS,first_hybrid_worker_2500,final_worker_2500,successful_requests,5000,5000,0.0,1.0
real loopback TLS,first_hybrid_worker_2500,final_worker_2500,successful_rps,160.07918824946003,153.33510237758307,-4.212968559890051,1.0439826612908887
real loopback TLS,original_worker_2500,final_worker_2500,actual_connection_ceiling,2500,2500,0.0,1.0
real loopback TLS,original_worker_2500,final_worker_2500,attempted_requests,5000,5000,0.0,1.0
real loopback TLS,original_worker_2500,final_worker_2500,attempted_rps,160.24383517280535,153.33510237758307,-4.311387572427961,1.045056433185206
real loopback TLS,original_worker_2500,final_worker_2500,average_latency,11.8504571360412,12.3072657361214,3.854776189948761,0.962883014808116
real loopback TLS,original_worker_2500,final_worker_2500,backend_metrics.backend_connection_pools.worker.active,,0,,
real loopback TLS,original_worker_2500,final_worker_2500,backend_metrics.backend_connection_pools.worker.idle_keepalive,,28,,
real loopback TLS,original_worker_2500,final_worker_2500,backend_metrics.backend_failovers,,0,,
real loopback TLS,original_worker_2500,final_worker_2500,backend_metrics.backend_switches,,0,,
real loopback TLS,original_worker_2500,final_worker_2500,backend_metrics.cursor_chain_restarts,,0,,
real loopback TLS,original_worker_2500,final_worker_2500,backend_metrics.direct_429_count,,0,,
real loopback TLS,original_worker_2500,final_worker_2500,backend_metrics.direct_active_requests,,0,,
real loopback TLS,original_worker_2500,final_worker_2500,backend_metrics.direct_average_latency,,0,,
real loopback TLS,original_worker_2500,final_worker_2500,backend_metrics.direct_followers_received,,0,,
real loopback TLS,original_worker_2500,final_worker_2500,backend_metrics.direct_following_received,,0,,
real loopback TLS,original_worker_2500,final_worker_2500,backend_metrics.direct_http_error_rate,,0.0,,
real loopback TLS,original_worker_2500,final_worker_2500,backend_metrics.direct_invalid_response_rate,,0.0,,
real loopback TLS,original_worker_2500,final_worker_2500,backend_metrics.direct_median_latency,,0,,
real loopback TLS,original_worker_2500,final_worker_2500,backend_metrics.direct_network_error_rate,,0.0,,
real loopback TLS,original_worker_2500,final_worker_2500,backend_metrics.direct_p95_latency,,0,,
real loopback TLS,original_worker_2500,final_worker_2500,backend_metrics.direct_p99_latency,,0,,
real loopback TLS,original_worker_2500,final_worker_2500,backend_metrics.direct_recent_success_percent,,0.0,,
real loopback TLS,original_worker_2500,final_worker_2500,backend_metrics.direct_records_per_second,,0.0,,
real loopback TLS,original_worker_2500,final_worker_2500,backend_metrics.direct_requests_failed,,0,,
real loopback TLS,original_worker_2500,final_worker_2500,backend_metrics.direct_requests_per_second,,0.0,,
real loopback TLS,original_worker_2500,final_worker_2500,backend_metrics.direct_requests_successful,,0,,
real loopback TLS,original_worker_2500,final_worker_2500,backend_metrics.direct_requests_total,,0,,
real loopback TLS,original_worker_2500,final_worker_2500,backend_metrics.direct_risk_control_count,,0,,
real loopback TLS,original_worker_2500,final_worker_2500,backend_metrics.direct_risk_control_rate,,0.0,,
real loopback TLS,original_worker_2500,final_worker_2500,backend_metrics.direct_successful_rps,,0.0,,
real loopback TLS,original_worker_2500,final_worker_2500,backend_metrics.direct_timeout_rate,,0.0,,
real loopback TLS,original_worker_2500,final_worker_2500,backend_metrics.hybrid_records_per_second,,153.36279770238914,,
real loopback TLS,original_worker_2500,final_worker_2500,backend_metrics.hybrid_total_successful_rps,,153.36279770238914,,
real loopback TLS,original_worker_2500,final_worker_2500,backend_metrics.worker_429_count,,0,,
real loopback TLS,original_worker_2500,final_worker_2500,backend_metrics.worker_active_requests,,0,,
real loopback TLS,original_worker_2500,final_worker_2500,backend_metrics.worker_average_latency,,0.8061841778596192,,
real loopback TLS,original_worker_2500,final_worker_2500,backend_metrics.worker_connect_tcp_attempts,,28,,
real loopback TLS,original_worker_2500,final_worker_2500,backend_metrics.worker_connect_tcp_seconds,,0.6571999019997747,,
real loopback TLS,original_worker_2500,final_worker_2500,backend_metrics.worker_connect_tcp_successful,,28,,
real loopback TLS,original_worker_2500,final_worker_2500,backend_metrics.worker_connection_pool_wait_seconds,,0.011266719998332064,,
real loopback TLS,original_worker_2500,final_worker_2500,backend_metrics.worker_followers_received,,0,,
real loopback TLS,original_worker_2500,final_worker_2500,backend_metrics.worker_following_received,,0,,
real loopback TLS,original_worker_2500,final_worker_2500,backend_metrics.worker_http_error_rate,,0.0,,
real loopback TLS,original_worker_2500,final_worker_2500,backend_metrics.worker_invalid_response_rate,,0.0,,
real loopback TLS,original_worker_2500,final_worker_2500,backend_metrics.worker_latency_seconds,,3813.757272414007,,
real loopback TLS,original_worker_2500,final_worker_2500,backend_metrics.worker_median_latency,,0.5635800379999978,,
real loopback TLS,original_worker_2500,final_worker_2500,backend_metrics.worker_network_error_rate,,0.0,,
real loopback TLS,original_worker_2500,final_worker_2500,backend_metrics.worker_new_connection_requests,,28,,
real loopback TLS,original_worker_2500,final_worker_2500,backend_metrics.worker_p95_latency,,2.3442301960000123,,
real loopback TLS,original_worker_2500,final_worker_2500,backend_metrics.worker_p99_latency,,3.4853241190000404,,
real loopback TLS,original_worker_2500,final_worker_2500,backend_metrics.worker_peak_active_requests,,135,,
real loopback TLS,original_worker_2500,final_worker_2500,backend_metrics.worker_profile_received,,5000,,
real loopback TLS,original_worker_2500,final_worker_2500,backend_metrics.worker_recent_success_percent,,100.0,,
real loopback TLS,original_worker_2500,final_worker_2500,backend_metrics.worker_records,,5000,,
real loopback TLS,original_worker_2500,final_worker_2500,backend_metrics.worker_records_per_second,,153.36279770238914,,
real loopback TLS,original_worker_2500,final_worker_2500,backend_metrics.worker_requests_failed,,0,,
real loopback TLS,original_worker_2500,final_worker_2500,backend_metrics.worker_requests_per_second,,153.36279770238914,,
real loopback TLS,original_worker_2500,final_worker_2500,backend_metrics.worker_requests_successful,,5000,,
real loopback TLS,original_worker_2500,final_worker_2500,backend_metrics.worker_requests_total,,5000,,
real loopback TLS,original_worker_2500,final_worker_2500,backend_metrics.worker_response_body_bytes,,2337780,,
real loopback TLS,original_worker_2500,final_worker_2500,backend_metrics.worker_reused_connection_requests,,4972,,
real loopback TLS,original_worker_2500,final_worker_2500,backend_metrics.worker_risk_control_count,,0,,
real loopback TLS,original_worker_2500,final_worker_2500,backend_metrics.worker_risk_control_rate,,0.0,,
real loopback TLS,original_worker_2500,final_worker_2500,backend_metrics.worker_successful_rps,,153.36279770238914,,
real loopback TLS,original_worker_2500,final_worker_2500,backend_metrics.worker_timeout_rate,,0.0,,
real loopback TLS,original_worker_2500,final_worker_2500,backend_metrics.worker_tls_handshake_attempts,,28,,
real loopback TLS,original_worker_2500,final_worker_2500,backend_metrics.worker_tls_handshake_seconds,,0.5702520630002823,,
real loopback TLS,original_worker_2500,final_worker_2500,backend_metrics.worker_tls_handshake_successful,,28,,
real loopback TLS,original_worker_2500,final_worker_2500,configured_workers,2500,2500,0.0,1.0
real loopback TLS,original_worker_2500,final_worker_2500,cpu_percent_of_one_core,99.92277957587372,99.90124572639427,-0.021550490859900684,1.0002155513609754
real loopback TLS,original_worker_2500,final_worker_2500,cpu_seconds,31.178353747000003,32.576117333,4.483121839409154,0.9570923823821065
real loopback TLS,original_worker_2500,final_worker_2500,elapsed_seconds,31.202448409999988,32.60831944199998,4.505643318520569,0.9568861242757205
real loopback TLS,original_worker_2500,final_worker_2500,event_loop_max,0.030941890999979477,0.0359442469999567,16.166936920502174,0.8608301350704816
real loopback TLS,original_worker_2500,final_worker_2500,event_loop_p95,0.019582893999977386,0.01994396799998867,1.8438234921340113,0.9818955786525785
real loopback TLS,original_worker_2500,final_worker_2500,harness_version,2,2,0.0,1.0
real loopback TLS,original_worker_2500,final_worker_2500,loopback_interface_bytes.received,5979496,6006664,0.454352674539793,0.9954770235192113
real loopback TLS,original_worker_2500,final_worker_2500,loopback_interface_bytes.transmitted,5979496,6006664,0.454352674539793,0.9954770235192113
real loopback TLS,original_worker_2500,final_worker_2500,median_latency,15.003056166500016,15.578631947499986,3.8363902301796315,0.9630535092593714
real loopback TLS,original_worker_2500,final_worker_2500,new_tls_connections,28,28,0.0,1.0
real loopback TLS,original_worker_2500,final_worker_2500,p95_latency,16.663372202999994,17.33561856199998,4.034275600463122,0.9612216687512055
real loopback TLS,original_worker_2500,final_worker_2500,p99_latency,18.046841395,18.425623336,2.0988821961107407,0.979442652544626
real loopback TLS,original_worker_2500,final_worker_2500,peak_active_jobs,2500,2500,0.0,1.0
real loopback TLS,original_worker_2500,final_worker_2500,peak_admitted_requests,2500,2500,0.0,1.0
real loopback TLS,original_worker_2500,final_worker_2500,peak_rss_bytes,77783040,78655488,1.1216429699842045,0.9889079831276363
real loopback TLS,original_worker_2500,final_worker_2500,sampled_average_active_connections,12.442492996689845,12.2410506808234,-1.6189867731493668,1.0164562929375025
real loopback TLS,original_worker_2500,final_worker_2500,sampled_average_idle_connections,15.170011133398754,15.644816981917698,3.1298978250160703,0.969650917037398
real loopback TLS,original_worker_2500,final_worker_2500,sampled_peak_active_connections,25,25,0.0,1.0
real loopback TLS,original_worker_2500,final_worker_2500,server_requests,5000,5000,0.0,1.0
real loopback TLS,original_worker_2500,final_worker_2500,successful_requests,5000,5000,0.0,1.0
real loopback TLS,original_worker_2500,final_worker_2500,successful_rps,160.24383517280535,153.33510237758307,-4.311387572427961,1.045056433185206
real loopback TLS,first_hybrid_worker_5000,final_worker_5000,actual_connection_ceiling,5000,5000,0.0,1.0
real loopback TLS,first_hybrid_worker_5000,final_worker_5000,attempted_requests,10000,10000,0.0,1.0
real loopback TLS,first_hybrid_worker_5000,final_worker_5000,attempted_rps,154.81857717991383,154.20204636642592,-0.39822792892060255,1.003998201243211
real loopback TLS,first_hybrid_worker_5000,final_worker_5000,average_latency,24.3342654324578,24.4630619889252,0.5292806426595797,0.9947350598822948
real loopback TLS,first_hybrid_worker_5000,final_worker_5000,backend_metrics.backend_connection_pools.worker.active,,0,,
real loopback TLS,first_hybrid_worker_5000,final_worker_5000,backend_metrics.backend_connection_pools.worker.idle_keepalive,,28,,
real loopback TLS,first_hybrid_worker_5000,final_worker_5000,backend_metrics.backend_failovers,,0,,
real loopback TLS,first_hybrid_worker_5000,final_worker_5000,backend_metrics.backend_switches,,0,,
real loopback TLS,first_hybrid_worker_5000,final_worker_5000,backend_metrics.cursor_chain_restarts,,0,,
real loopback TLS,first_hybrid_worker_5000,final_worker_5000,backend_metrics.direct_429_count,,0,,
real loopback TLS,first_hybrid_worker_5000,final_worker_5000,backend_metrics.direct_active_requests,,0,,
real loopback TLS,first_hybrid_worker_5000,final_worker_5000,backend_metrics.direct_average_latency,,0,,
real loopback TLS,first_hybrid_worker_5000,final_worker_5000,backend_metrics.direct_followers_received,,0,,
real loopback TLS,first_hybrid_worker_5000,final_worker_5000,backend_metrics.direct_following_received,,0,,
real loopback TLS,first_hybrid_worker_5000,final_worker_5000,backend_metrics.direct_http_error_rate,,0.0,,
real loopback TLS,first_hybrid_worker_5000,final_worker_5000,backend_metrics.direct_invalid_response_rate,,0.0,,
real loopback TLS,first_hybrid_worker_5000,final_worker_5000,backend_metrics.direct_median_latency,,0,,
real loopback TLS,first_hybrid_worker_5000,final_worker_5000,backend_metrics.direct_network_error_rate,,0.0,,
real loopback TLS,first_hybrid_worker_5000,final_worker_5000,backend_metrics.direct_p95_latency,,0,,
real loopback TLS,first_hybrid_worker_5000,final_worker_5000,backend_metrics.direct_p99_latency,,0,,
real loopback TLS,first_hybrid_worker_5000,final_worker_5000,backend_metrics.direct_recent_success_percent,,0.0,,
real loopback TLS,first_hybrid_worker_5000,final_worker_5000,backend_metrics.direct_records_per_second,,0.0,,
real loopback TLS,first_hybrid_worker_5000,final_worker_5000,backend_metrics.direct_requests_failed,,0,,
real loopback TLS,first_hybrid_worker_5000,final_worker_5000,backend_metrics.direct_requests_per_second,,0.0,,
real loopback TLS,first_hybrid_worker_5000,final_worker_5000,backend_metrics.direct_requests_successful,,0,,
real loopback TLS,first_hybrid_worker_5000,final_worker_5000,backend_metrics.direct_requests_total,,0,,
real loopback TLS,first_hybrid_worker_5000,final_worker_5000,backend_metrics.direct_risk_control_count,,0,,
real loopback TLS,first_hybrid_worker_5000,final_worker_5000,backend_metrics.direct_risk_control_rate,,0.0,,
real loopback TLS,first_hybrid_worker_5000,final_worker_5000,backend_metrics.direct_successful_rps,,0.0,,
real loopback TLS,first_hybrid_worker_5000,final_worker_5000,backend_metrics.direct_timeout_rate,,0.0,,
real loopback TLS,first_hybrid_worker_5000,final_worker_5000,backend_metrics.hybrid_records_per_second,,156.86666666666667,,
real loopback TLS,first_hybrid_worker_5000,final_worker_5000,backend_metrics.hybrid_total_successful_rps,,156.86666666666667,,
real loopback TLS,first_hybrid_worker_5000,final_worker_5000,backend_metrics.worker_429_count,,0,,
real loopback TLS,first_hybrid_worker_5000,final_worker_5000,backend_metrics.worker_active_requests,,0,,
real loopback TLS,first_hybrid_worker_5000,final_worker_5000,backend_metrics.worker_average_latency,,0.7862346808996585,,
real loopback TLS,first_hybrid_worker_5000,final_worker_5000,backend_metrics.worker_connect_tcp_attempts,,28,,
real loopback TLS,first_hybrid_worker_5000,final_worker_5000,backend_metrics.worker_connect_tcp_seconds,,0.668684576999965,,
real loopback TLS,first_hybrid_worker_5000,final_worker_5000,backend_metrics.worker_connect_tcp_successful,,28,,
real loopback TLS,first_hybrid_worker_5000,final_worker_5000,backend_metrics.worker_connection_pool_wait_seconds,,0.022490415000845587,,
real loopback TLS,first_hybrid_worker_5000,final_worker_5000,backend_metrics.worker_followers_received,,0,,
real loopback TLS,first_hybrid_worker_5000,final_worker_5000,backend_metrics.worker_following_received,,0,,
real loopback TLS,first_hybrid_worker_5000,final_worker_5000,backend_metrics.worker_http_error_rate,,0.0,,
real loopback TLS,first_hybrid_worker_5000,final_worker_5000,backend_metrics.worker_invalid_response_rate,,0.0,,
real loopback TLS,first_hybrid_worker_5000,final_worker_5000,backend_metrics.worker_latency_seconds,,7764.431449063035,,
real loopback TLS,first_hybrid_worker_5000,final_worker_5000,backend_metrics.worker_median_latency,,0.5394922350000115,,
real loopback TLS,first_hybrid_worker_5000,final_worker_5000,backend_metrics.worker_network_error_rate,,0.0,,
real loopback TLS,first_hybrid_worker_5000,final_worker_5000,backend_metrics.worker_new_connection_requests,,28,,
real loopback TLS,first_hybrid_worker_5000,final_worker_5000,backend_metrics.worker_p95_latency,,2.3098791129999654,,
real loopback TLS,first_hybrid_worker_5000,final_worker_5000,backend_metrics.worker_p99_latency,,3.642425578999962,,
real loopback TLS,first_hybrid_worker_5000,final_worker_5000,backend_metrics.worker_peak_active_requests,,136,,
real loopback TLS,first_hybrid_worker_5000,final_worker_5000,backend_metrics.worker_profile_received,,10000,,
real loopback TLS,first_hybrid_worker_5000,final_worker_5000,backend_metrics.worker_recent_success_percent,,101.3241468403488,,
real loopback TLS,first_hybrid_worker_5000,final_worker_5000,backend_metrics.worker_records,,10000,,
real loopback TLS,first_hybrid_worker_5000,final_worker_5000,backend_metrics.worker_records_per_second,,156.86666666666667,,
real loopback TLS,first_hybrid_worker_5000,final_worker_5000,backend_metrics.worker_requests_failed,,0,,
real loopback TLS,first_hybrid_worker_5000,final_worker_5000,backend_metrics.worker_requests_per_second,,154.81666666666666,,
real loopback TLS,first_hybrid_worker_5000,final_worker_5000,backend_metrics.worker_requests_successful,,10000,,
real loopback TLS,first_hybrid_worker_5000,final_worker_5000,backend_metrics.worker_requests_total,,10000,,
real loopback TLS,first_hybrid_worker_5000,final_worker_5000,backend_metrics.worker_response_body_bytes,,4677780,,
real loopback TLS,first_hybrid_worker_5000,final_worker_5000,backend_metrics.worker_reused_connection_requests,,9972,,
real loopback TLS,first_hybrid_worker_5000,final_worker_5000,backend_metrics.worker_risk_control_count,,0,,
real loopback TLS,first_hybrid_worker_5000,final_worker_5000,backend_metrics.worker_risk_control_rate,,0.0,,
real loopback TLS,first_hybrid_worker_5000,final_worker_5000,backend_metrics.worker_successful_rps,,156.86666666666667,,
real loopback TLS,first_hybrid_worker_5000,final_worker_5000,backend_metrics.worker_timeout_rate,,0.0,,
real loopback TLS,first_hybrid_worker_5000,final_worker_5000,backend_metrics.worker_tls_handshake_attempts,,28,,
real loopback TLS,first_hybrid_worker_5000,final_worker_5000,backend_metrics.worker_tls_handshake_seconds,,0.5868809399999577,,
real loopback TLS,first_hybrid_worker_5000,final_worker_5000,backend_metrics.worker_tls_handshake_successful,,28,,
real loopback TLS,first_hybrid_worker_5000,final_worker_5000,configured_workers,5000,5000,0.0,1.0
real loopback TLS,first_hybrid_worker_5000,final_worker_5000,cpu_percent_of_one_core,99.9776812532818,99.9619949997357,-0.015689755302850106,1.0001569221737336
real loopback TLS,first_hybrid_worker_5000,final_worker_5000,cpu_seconds,64.577315639,64.82533621,0.38406763821909884,0.996174017976605
real loopback TLS,first_hybrid_worker_5000,final_worker_5000,elapsed_seconds,64.59173170399993,64.84998244600001,0.39982012432111524,0.9960177207107939
real loopback TLS,first_hybrid_worker_5000,final_worker_5000,event_loop_max,0.07131533499999022,0.0665860639999596,-6.631492371214787,1.071024936990321
real loopback TLS,first_hybrid_worker_5000,final_worker_5000,event_loop_p95,0.020233753000052274,0.020120006999984525,-0.5621596748139335,1.0056533777581607
real loopback TLS,first_hybrid_worker_5000,final_worker_5000,harness_version,2,2,0.0,1.0
real loopback TLS,first_hybrid_worker_5000,final_worker_5000,loopback_interface_bytes.received,11975120,11946528,-0.2387616992564623,1.0023933313511675
real loopback TLS,first_hybrid_worker_5000,final_worker_5000,loopback_interface_bytes.transmitted,11975120,11946528,-0.2387616992564623,1.0023933313511675
real loopback TLS,first_hybrid_worker_5000,final_worker_5000,median_latency,31.111241315500024,31.493673645499996,1.229241630450284,0.9878568523220023
real loopback TLS,first_hybrid_worker_5000,final_worker_5000,new_tls_connections,42,28,-33.333333333333336,1.5
real loopback TLS,first_hybrid_worker_5000,final_worker_5000,p95_latency,33.34623280999995,33.401659257999995,0.16621502139644306,0.998340607944895
real loopback TLS,first_hybrid_worker_5000,final_worker_5000,p99_latency,34.48120760200004,34.71334791800001,0.6732371983007468,0.9933126497464798
real loopback TLS,first_hybrid_worker_5000,final_worker_5000,peak_active_jobs,5000,5000,0.0,1.0
real loopback TLS,first_hybrid_worker_5000,final_worker_5000,peak_admitted_requests,5000,5000,0.0,1.0
real loopback TLS,first_hybrid_worker_5000,final_worker_5000,peak_rss_bytes,96288768,95887360,-0.41687936021780336,1.0041862451943613
real loopback TLS,first_hybrid_worker_5000,final_worker_5000,sampled_average_active_connections,12.347394295942308,12.391120155755141,0.35413026234369926,0.996471193946697
real loopback TLS,first_hybrid_worker_5000,final_worker_5000,sampled_average_idle_connections,16.83667358693297,15.525342362264647,-7.788540995924842,1.0844639167414176
real loopback TLS,first_hybrid_worker_5000,final_worker_5000,sampled_peak_active_connections,30,25,-16.666666666666664,1.2
real loopback TLS,first_hybrid_worker_5000,final_worker_5000,server_requests,10000,10000,0.0,1.0
real loopback TLS,first_hybrid_worker_5000,final_worker_5000,successful_requests,10000,10000,0.0,1.0
real loopback TLS,first_hybrid_worker_5000,final_worker_5000,successful_rps,154.81857717991383,154.20204636642592,-0.39822792892060255,1.003998201243211
real loopback TLS,original_worker_5000,final_worker_5000,actual_connection_ceiling,5000,5000,0.0,1.0
real loopback TLS,original_worker_5000,final_worker_5000,attempted_requests,10000,10000,0.0,1.0
real loopback TLS,original_worker_5000,final_worker_5000,attempted_rps,173.61472178491954,154.20204636642592,-11.181468494672231,1.1258911660119206
real loopback TLS,original_worker_5000,final_worker_5000,average_latency,22.259200965017,24.4630619889252,9.900899081561064,0.9099106634767994
real loopback TLS,original_worker_5000,final_worker_5000,backend_metrics.backend_connection_pools.worker.active,,0,,
real loopback TLS,original_worker_5000,final_worker_5000,backend_metrics.backend_connection_pools.worker.idle_keepalive,,28,,
real loopback TLS,original_worker_5000,final_worker_5000,backend_metrics.backend_failovers,,0,,
real loopback TLS,original_worker_5000,final_worker_5000,backend_metrics.backend_switches,,0,,
real loopback TLS,original_worker_5000,final_worker_5000,backend_metrics.cursor_chain_restarts,,0,,
real loopback TLS,original_worker_5000,final_worker_5000,backend_metrics.direct_429_count,,0,,
real loopback TLS,original_worker_5000,final_worker_5000,backend_metrics.direct_active_requests,,0,,
real loopback TLS,original_worker_5000,final_worker_5000,backend_metrics.direct_average_latency,,0,,
real loopback TLS,original_worker_5000,final_worker_5000,backend_metrics.direct_followers_received,,0,,
real loopback TLS,original_worker_5000,final_worker_5000,backend_metrics.direct_following_received,,0,,
real loopback TLS,original_worker_5000,final_worker_5000,backend_metrics.direct_http_error_rate,,0.0,,
real loopback TLS,original_worker_5000,final_worker_5000,backend_metrics.direct_invalid_response_rate,,0.0,,
real loopback TLS,original_worker_5000,final_worker_5000,backend_metrics.direct_median_latency,,0,,
real loopback TLS,original_worker_5000,final_worker_5000,backend_metrics.direct_network_error_rate,,0.0,,
real loopback TLS,original_worker_5000,final_worker_5000,backend_metrics.direct_p95_latency,,0,,
real loopback TLS,original_worker_5000,final_worker_5000,backend_metrics.direct_p99_latency,,0,,
real loopback TLS,original_worker_5000,final_worker_5000,backend_metrics.direct_recent_success_percent,,0.0,,
real loopback TLS,original_worker_5000,final_worker_5000,backend_metrics.direct_records_per_second,,0.0,,
real loopback TLS,original_worker_5000,final_worker_5000,backend_metrics.direct_requests_failed,,0,,
real loopback TLS,original_worker_5000,final_worker_5000,backend_metrics.direct_requests_per_second,,0.0,,
real loopback TLS,original_worker_5000,final_worker_5000,backend_metrics.direct_requests_successful,,0,,
real loopback TLS,original_worker_5000,final_worker_5000,backend_metrics.direct_requests_total,,0,,
real loopback TLS,original_worker_5000,final_worker_5000,backend_metrics.direct_risk_control_count,,0,,
real loopback TLS,original_worker_5000,final_worker_5000,backend_metrics.direct_risk_control_rate,,0.0,,
real loopback TLS,original_worker_5000,final_worker_5000,backend_metrics.direct_successful_rps,,0.0,,
real loopback TLS,original_worker_5000,final_worker_5000,backend_metrics.direct_timeout_rate,,0.0,,
real loopback TLS,original_worker_5000,final_worker_5000,backend_metrics.hybrid_records_per_second,,156.86666666666667,,
real loopback TLS,original_worker_5000,final_worker_5000,backend_metrics.hybrid_total_successful_rps,,156.86666666666667,,
real loopback TLS,original_worker_5000,final_worker_5000,backend_metrics.worker_429_count,,0,,
real loopback TLS,original_worker_5000,final_worker_5000,backend_metrics.worker_active_requests,,0,,
real loopback TLS,original_worker_5000,final_worker_5000,backend_metrics.worker_average_latency,,0.7862346808996585,,
real loopback TLS,original_worker_5000,final_worker_5000,backend_metrics.worker_connect_tcp_attempts,,28,,
real loopback TLS,original_worker_5000,final_worker_5000,backend_metrics.worker_connect_tcp_seconds,,0.668684576999965,,
real loopback TLS,original_worker_5000,final_worker_5000,backend_metrics.worker_connect_tcp_successful,,28,,
real loopback TLS,original_worker_5000,final_worker_5000,backend_metrics.worker_connection_pool_wait_seconds,,0.022490415000845587,,
real loopback TLS,original_worker_5000,final_worker_5000,backend_metrics.worker_followers_received,,0,,
real loopback TLS,original_worker_5000,final_worker_5000,backend_metrics.worker_following_received,,0,,
real loopback TLS,original_worker_5000,final_worker_5000,backend_metrics.worker_http_error_rate,,0.0,,
real loopback TLS,original_worker_5000,final_worker_5000,backend_metrics.worker_invalid_response_rate,,0.0,,
real loopback TLS,original_worker_5000,final_worker_5000,backend_metrics.worker_latency_seconds,,7764.431449063035,,
real loopback TLS,original_worker_5000,final_worker_5000,backend_metrics.worker_median_latency,,0.5394922350000115,,
real loopback TLS,original_worker_5000,final_worker_5000,backend_metrics.worker_network_error_rate,,0.0,,
real loopback TLS,original_worker_5000,final_worker_5000,backend_metrics.worker_new_connection_requests,,28,,
real loopback TLS,original_worker_5000,final_worker_5000,backend_metrics.worker_p95_latency,,2.3098791129999654,,
real loopback TLS,original_worker_5000,final_worker_5000,backend_metrics.worker_p99_latency,,3.642425578999962,,
real loopback TLS,original_worker_5000,final_worker_5000,backend_metrics.worker_peak_active_requests,,136,,
real loopback TLS,original_worker_5000,final_worker_5000,backend_metrics.worker_profile_received,,10000,,
real loopback TLS,original_worker_5000,final_worker_5000,backend_metrics.worker_recent_success_percent,,101.3241468403488,,
real loopback TLS,original_worker_5000,final_worker_5000,backend_metrics.worker_records,,10000,,
real loopback TLS,original_worker_5000,final_worker_5000,backend_metrics.worker_records_per_second,,156.86666666666667,,
real loopback TLS,original_worker_5000,final_worker_5000,backend_metrics.worker_requests_failed,,0,,
real loopback TLS,original_worker_5000,final_worker_5000,backend_metrics.worker_requests_per_second,,154.81666666666666,,
real loopback TLS,original_worker_5000,final_worker_5000,backend_metrics.worker_requests_successful,,10000,,
real loopback TLS,original_worker_5000,final_worker_5000,backend_metrics.worker_requests_total,,10000,,
real loopback TLS,original_worker_5000,final_worker_5000,backend_metrics.worker_response_body_bytes,,4677780,,
real loopback TLS,original_worker_5000,final_worker_5000,backend_metrics.worker_reused_connection_requests,,9972,,
real loopback TLS,original_worker_5000,final_worker_5000,backend_metrics.worker_risk_control_count,,0,,
real loopback TLS,original_worker_5000,final_worker_5000,backend_metrics.worker_risk_control_rate,,0.0,,
real loopback TLS,original_worker_5000,final_worker_5000,backend_metrics.worker_successful_rps,,156.86666666666667,,
real loopback TLS,original_worker_5000,final_worker_5000,backend_metrics.worker_timeout_rate,,0.0,,
real loopback TLS,original_worker_5000,final_worker_5000,backend_metrics.worker_tls_handshake_attempts,,28,,
real loopback TLS,original_worker_5000,final_worker_5000,backend_metrics.worker_tls_handshake_seconds,,0.5868809399999577,,
real loopback TLS,original_worker_5000,final_worker_5000,backend_metrics.worker_tls_handshake_successful,,28,,
real loopback TLS,original_worker_5000,final_worker_5000,configured_workers,5000,5000,0.0,1.0
real loopback TLS,original_worker_5000,final_worker_5000,cpu_percent_of_one_core,99.97051313849633,99.9619949997357,-0.008520651233268062,1.0000852137731011
real loopback TLS,original_worker_5000,final_worker_5000,cpu_seconds,57.581818010999996,64.82533621,12.579523275239879,0.8882610006751863
real loopback TLS,original_worker_5000,final_worker_5000,elapsed_seconds,57.59880209000005,64.84998244600001,12.589116601192064,0.8881853150532777
real loopback TLS,original_worker_5000,final_worker_5000,event_loop_max,0.06094818600000053,0.0665860639999596,9.250280229766016,0.9153294599307973
real loopback TLS,original_worker_5000,final_worker_5000,event_loop_p95,0.019083818999984032,0.020120006999984525,5.429667929680959,0.9484996203032489
real loopback TLS,original_worker_5000,final_worker_5000,harness_version,2,2,0.0,1.0
real loopback TLS,original_worker_5000,final_worker_5000,loopback_interface_bytes.received,11826370,11946528,1.0160175945788996,0.9899420149519592
real loopback TLS,original_worker_5000,final_worker_5000,loopback_interface_bytes.transmitted,11826370,11946528,1.0160175945788996,0.9899420149519592
real loopback TLS,original_worker_5000,final_worker_5000,median_latency,26.72613280600001,31.493673645499996,17.83849864889422,0.8486190943246407
real loopback TLS,original_worker_5000,final_worker_5000,new_tls_connections,31,28,-9.677419354838712,1.1071428571428572
real loopback TLS,original_worker_5000,final_worker_5000,p95_latency,30.837254194000025,33.401659257999995,8.315931917501661,0.9232252193164394
real loopback TLS,original_worker_5000,final_worker_5000,p99_latency,31.891814154999906,34.71334791800001,8.847203703392182,0.9187190538444998
real loopback TLS,original_worker_5000,final_worker_5000,peak_active_jobs,5000,5000,0.0,1.0
real loopback TLS,original_worker_5000,final_worker_5000,peak_admitted_requests,5000,5000,0.0,1.0
real loopback TLS,original_worker_5000,final_worker_5000,peak_rss_bytes,94728192,95887360,1.2236779521771046,0.9879111490815891
real loopback TLS,original_worker_5000,final_worker_5000,sampled_average_active_connections,12.729836645670376,12.391120155755141,-2.6608078276514124,1.027335421306355
real loopback TLS,original_worker_5000,final_worker_5000,sampled_average_idle_connections,12.269590868760398,15.525342362264647,26.535126788894956,0.7902943833678306
real loopback TLS,original_worker_5000,final_worker_5000,sampled_peak_active_connections,25,25,0.0,1.0
real loopback TLS,original_worker_5000,final_worker_5000,server_requests,10000,10000,0.0,1.0
real loopback TLS,original_worker_5000,final_worker_5000,successful_requests,10000,10000,0.0,1.0
real loopback TLS,original_worker_5000,final_worker_5000,successful_rps,173.61472178491954,154.20204636642592,-11.181468494672231,1.1258911660119206
real loopback TLS,first_hybrid_direct_100,final_direct_100,actual_connection_ceiling,100,100,0.0,1.0
real loopback TLS,first_hybrid_direct_100,final_direct_100,attempted_requests,200,200,0.0,1.0
real loopback TLS,first_hybrid_direct_100,final_direct_100,attempted_rps,125.8980870797863,126.29376253867957,0.31428234381554176,0.9968670229555312
real loopback TLS,first_hybrid_direct_100,final_direct_100,average_latency,0.6270737388449953,0.6304392242799985,0.5366969188029147,0.9946616814033948
real loopback TLS,first_hybrid_direct_100,final_direct_100,backend_metrics.backend_connection_pools.direct.active,,0,,
real loopback TLS,first_hybrid_direct_100,final_direct_100,backend_metrics.backend_connection_pools.direct.idle_keepalive,,28,,
real loopback TLS,first_hybrid_direct_100,final_direct_100,backend_metrics.backend_failovers,0,0,,
real loopback TLS,first_hybrid_direct_100,final_direct_100,backend_metrics.backend_stages.backend_routing_calls,200,200,0.0,1.0
real loopback TLS,first_hybrid_direct_100,final_direct_100,backend_metrics.backend_stages.backend_routing_seconds,0.00031519600076990173,0.00031236000017997867,-0.8997577961001424,1.0090792693952138
real loopback TLS,first_hybrid_direct_100,final_direct_100,backend_metrics.backend_stages.direct_admission_wait_seconds,0.0030498989997340686,0.003019422999557264,-0.9992462104306377,1.0100933192140595
real loopback TLS,first_hybrid_direct_100,final_direct_100,backend_metrics.backend_stages.json_parsing_calls,200,200,0.0,1.0
real loopback TLS,first_hybrid_direct_100,final_direct_100,backend_metrics.backend_stages.json_parsing_seconds,0.003154444999495354,0.003169674999583094,0.48281076671734535,0.995195090951046
real loopback TLS,first_hybrid_direct_100,final_direct_100,backend_metrics.backend_stages.normalization_calls,200,200,0.0,1.0
real loopback TLS,first_hybrid_direct_100,final_direct_100,backend_metrics.backend_stages.normalization_seconds,0.005201006000106645,0.005140239000354541,-1.1683701143751501,1.0118218238000047
real loopback TLS,first_hybrid_direct_100,final_direct_100,backend_metrics.backend_stages.proxy_selection_calls,200,200,0.0,1.0
real loopback TLS,first_hybrid_direct_100,final_direct_100,backend_metrics.backend_stages.proxy_selection_seconds,0.0004490660005558311,0.00044458700011773544,-0.9974035960308325,1.010074519580891
real loopback TLS,first_hybrid_direct_100,final_direct_100,backend_metrics.backend_stages.signing_calls,200,200,0.0,1.0
real loopback TLS,first_hybrid_direct_100,final_direct_100,backend_metrics.backend_stages.signing_seconds,2.4835926990007238,2.4931479689998923,0.3847357903336235,0.9961673875285463
real loopback TLS,first_hybrid_direct_100,final_direct_100,backend_metrics.backend_switches,0,0,,
real loopback TLS,first_hybrid_direct_100,final_direct_100,backend_metrics.cursor_chain_restarts,0,0,,
real loopback TLS,first_hybrid_direct_100,final_direct_100,backend_metrics.direct_429_count,,0,,
real loopback TLS,first_hybrid_direct_100,final_direct_100,backend_metrics.direct_active_requests,0,0,,
real loopback TLS,first_hybrid_direct_100,final_direct_100,backend_metrics.direct_average_latency,0.3164307690400022,0.30951975688999794,-2.1840518768042494,1.02232817775332
real loopback TLS,first_hybrid_direct_100,final_direct_100,backend_metrics.direct_connect_tcp_attempts,,28,,
real loopback TLS,first_hybrid_direct_100,final_direct_100,backend_metrics.direct_connect_tcp_seconds,,1.0168257309999262,,
real loopback TLS,first_hybrid_direct_100,final_direct_100,backend_metrics.direct_connect_tcp_successful,,28,,
real loopback TLS,first_hybrid_direct_100,final_direct_100,backend_metrics.direct_connection_pool_wait_seconds,,0.00042326500022227265,,
real loopback TLS,first_hybrid_direct_100,final_direct_100,backend_metrics.direct_cooldown_count,,0,,
real loopback TLS,first_hybrid_direct_100,final_direct_100,backend_metrics.direct_cooldown_remaining_seconds,,0.0,,
real loopback TLS,first_hybrid_direct_100,final_direct_100,backend_metrics.direct_followers_received,0,0,,
real loopback TLS,first_hybrid_direct_100,final_direct_100,backend_metrics.direct_following_received,0,0,,
real loopback TLS,first_hybrid_direct_100,final_direct_100,backend_metrics.direct_http_error_rate,0.0,0.0,,
real loopback TLS,first_hybrid_direct_100,final_direct_100,backend_metrics.direct_invalid_response_rate,0.0,0.0,,
real loopback TLS,first_hybrid_direct_100,final_direct_100,backend_metrics.direct_latency_seconds,63.28615380800045,61.90395137799959,-2.1840518768042494,1.0223281777533202
real loopback TLS,first_hybrid_direct_100,final_direct_100,backend_metrics.direct_median_latency,0.22915051600000425,0.2110121020000406,-7.915502140943598,1.0859591171693088
real loopback TLS,first_hybrid_direct_100,final_direct_100,backend_metrics.direct_network_error_rate,0.0,0.0,,
real loopback TLS,first_hybrid_direct_100,final_direct_100,backend_metrics.direct_new_connection_requests,,28,,
real loopback TLS,first_hybrid_direct_100,final_direct_100,backend_metrics.direct_p95_latency,0.8466795150000053,0.8624488130000145,1.8624872482014831,0.9817156708174297
real loopback TLS,first_hybrid_direct_100,final_direct_100,backend_metrics.direct_p99_latency,1.1671676770000659,1.1028808739999931,-5.5079320878133835,1.0582898883420777
real loopback TLS,first_hybrid_direct_100,final_direct_100,backend_metrics.direct_peak_active_requests,69,70,1.449275362318847,0.9857142857142858
real loopback TLS,first_hybrid_direct_100,final_direct_100,backend_metrics.direct_profile_received,200,200,0.0,1.0
real loopback TLS,first_hybrid_direct_100,final_direct_100,backend_metrics.direct_recent_success_percent,100.0,100.0,0.0,1.0
real loopback TLS,first_hybrid_direct_100,final_direct_100,backend_metrics.direct_records,200,200,0.0,1.0
real loopback TLS,first_hybrid_direct_100,final_direct_100,backend_metrics.direct_records_per_second,126.2771965305426,126.68888228429982,0.32601749569063365,0.9967504192448918
real loopback TLS,first_hybrid_direct_100,final_direct_100,backend_metrics.direct_recovery_429s,,0,,
real loopback TLS,first_hybrid_direct_100,final_direct_100,backend_metrics.direct_recovery_attempts,,0,,
real loopback TLS,first_hybrid_direct_100,final_direct_100,backend_metrics.direct_recovery_successes,,0,,
real loopback TLS,first_hybrid_direct_100,final_direct_100,backend_metrics.direct_requests_failed,0,0,,
real loopback TLS,first_hybrid_direct_100,final_direct_100,backend_metrics.direct_requests_per_second,126.2771965305426,126.68888228429982,0.32601749569063365,0.9967504192448918
real loopback TLS,first_hybrid_direct_100,final_direct_100,backend_metrics.direct_requests_successful,200,200,0.0,1.0
real loopback TLS,first_hybrid_direct_100,final_direct_100,backend_metrics.direct_requests_total,200,200,0.0,1.0
real loopback TLS,first_hybrid_direct_100,final_direct_100,backend_metrics.direct_response_body_bytes,62580,62580,0.0,1.0
real loopback TLS,first_hybrid_direct_100,final_direct_100,backend_metrics.direct_reused_connection_requests,,172,,
real loopback TLS,first_hybrid_direct_100,final_direct_100,backend_metrics.direct_risk_control_count,0,0,,
real loopback TLS,first_hybrid_direct_100,final_direct_100,backend_metrics.direct_risk_control_rate,0.0,0.0,,
real loopback TLS,first_hybrid_direct_100,final_direct_100,backend_metrics.direct_successful_rps,126.2771965305426,126.68888228429982,0.32601749569063365,0.9967504192448918
real loopback TLS,first_hybrid_direct_100,final_direct_100,backend_metrics.direct_timeout_rate,0.0,0.0,,
real loopback TLS,first_hybrid_direct_100,final_direct_100,backend_metrics.direct_tls_handshake_attempts,,28,,
real loopback TLS,first_hybrid_direct_100,final_direct_100,backend_metrics.direct_tls_handshake_seconds,,0.8379691889999208,,
real loopback TLS,first_hybrid_direct_100,final_direct_100,backend_metrics.direct_tls_handshake_successful,,28,,
real loopback TLS,first_hybrid_direct_100,final_direct_100,backend_metrics.findtik_429_count,,0,,
real loopback TLS,first_hybrid_direct_100,final_direct_100,backend_metrics.findtik_jobs_moved_to_direct,,0,,
real loopback TLS,first_hybrid_direct_100,final_direct_100,backend_metrics.findtik_requests_cancelled_after_429,,0,,
real loopback TLS,first_hybrid_direct_100,final_direct_100,backend_metrics.hybrid_records_per_second,126.2771965305426,126.68888228429982,0.32601749569063365,0.9967504192448918
real loopback TLS,first_hybrid_direct_100,final_direct_100,backend_metrics.hybrid_total_successful_rps,126.2771965305426,126.68888228429982,0.32601749569063365,0.9967504192448918
real loopback TLS,first_hybrid_direct_100,final_direct_100,backend_metrics.worker_429_count,,0,,
real loopback TLS,first_hybrid_direct_100,final_direct_100,backend_metrics.worker_active_requests,0,0,,
real loopback TLS,first_hybrid_direct_100,final_direct_100,backend_metrics.worker_average_latency,0,0,,
real loopback TLS,first_hybrid_direct_100,final_direct_100,backend_metrics.worker_followers_received,0,0,,
real loopback TLS,first_hybrid_direct_100,final_direct_100,backend_metrics.worker_following_received,0,0,,
real loopback TLS,first_hybrid_direct_100,final_direct_100,backend_metrics.worker_http_error_rate,0.0,0.0,,
real loopback TLS,first_hybrid_direct_100,final_direct_100,backend_metrics.worker_invalid_response_rate,0.0,0.0,,
real loopback TLS,first_hybrid_direct_100,final_direct_100,backend_metrics.worker_median_latency,0,0,,
real loopback TLS,first_hybrid_direct_100,final_direct_100,backend_metrics.worker_network_error_rate,0.0,0.0,,
real loopback TLS,first_hybrid_direct_100,final_direct_100,backend_metrics.worker_p95_latency,0,0,,
real loopback TLS,first_hybrid_direct_100,final_direct_100,backend_metrics.worker_p99_latency,0,0,,
real loopback TLS,first_hybrid_direct_100,final_direct_100,backend_metrics.worker_recent_success_percent,0.0,0.0,,
real loopback TLS,first_hybrid_direct_100,final_direct_100,backend_metrics.worker_records_per_second,0.0,0.0,,
real loopback TLS,first_hybrid_direct_100,final_direct_100,backend_metrics.worker_requests_failed,0,0,,
real loopback TLS,first_hybrid_direct_100,final_direct_100,backend_metrics.worker_requests_per_second,0.0,0.0,,
real loopback TLS,first_hybrid_direct_100,final_direct_100,backend_metrics.worker_requests_successful,0,0,,
real loopback TLS,first_hybrid_direct_100,final_direct_100,backend_metrics.worker_requests_total,0,0,,
real loopback TLS,first_hybrid_direct_100,final_direct_100,backend_metrics.worker_risk_control_count,0,0,,
real loopback TLS,first_hybrid_direct_100,final_direct_100,backend_metrics.worker_risk_control_rate,0.0,0.0,,
real loopback TLS,first_hybrid_direct_100,final_direct_100,backend_metrics.worker_successful_rps,0.0,0.0,,
real loopback TLS,first_hybrid_direct_100,final_direct_100,backend_metrics.worker_timeout_rate,0.0,0.0,,
real loopback TLS,first_hybrid_direct_100,final_direct_100,configured_workers,100,100,0.0,1.0
real loopback TLS,first_hybrid_direct_100,final_direct_100,cpu_percent_of_one_core,100.51598449702834,100.87934324399502,0.3614934965666228,0.996398085720207
real loopback TLS,first_hybrid_direct_100,final_direct_100,cpu_seconds,1.596783348,1.597534846,0.04706324129326589,0.9995295889777417
real loopback TLS,first_hybrid_direct_100,final_direct_100,elapsed_seconds,1.5885864880000327,1.5836094829999752,-0.3132977044468799,1.0031428234381554
real loopback TLS,first_hybrid_direct_100,final_direct_100,event_loop_max,0.01939023400005226,0.019925950999986525,2.7628186433068525,0.9731146081843407
real loopback TLS,first_hybrid_direct_100,final_direct_100,event_loop_p95,0.019099458999999114,0.019379458000041722,1.4660048750209098,0.9855517631069969
real loopback TLS,first_hybrid_direct_100,final_direct_100,harness_version,2,2,0.0,1.0
real loopback TLS,first_hybrid_direct_100,final_direct_100,loopback_interface_bytes.received,545820,544604,-0.22278406800776418,1.0022328150362465
real loopback TLS,first_hybrid_direct_100,final_direct_100,loopback_interface_bytes.transmitted,545820,544604,-0.22278406800776418,1.0022328150362465
real loopback TLS,first_hybrid_direct_100,final_direct_100,median_latency,0.5990194144999919,0.580827993000014,-3.0368667625176204,1.0313198084789579
real loopback TLS,first_hybrid_direct_100,final_direct_100,new_tls_connections,28,28,0.0,1.0
real loopback TLS,first_hybrid_direct_100,final_direct_100,p95_latency,1.289204930999972,1.2631534859999647,-2.0207373066592704,1.0206241326083851
real loopback TLS,first_hybrid_direct_100,final_direct_100,p99_latency,1.5313556099999914,1.503647108999985,-1.8094099645481143,1.0184275291949547
real loopback TLS,first_hybrid_direct_100,final_direct_100,peak_active_jobs,100,100,0.0,1.0
real loopback TLS,first_hybrid_direct_100,final_direct_100,peak_admitted_requests,100,72,-28.000000000000004,1.3888888888888888
real loopback TLS,first_hybrid_direct_100,final_direct_100,peak_rss_bytes,62025728,62128128,0.16509278214356105,0.9983517932489452
real loopback TLS,first_hybrid_direct_100,final_direct_100,sampled_average_active_connections,9.138518594777873,9.120729241048902,-0.19466342979413964,1.0019504310739658
real loopback TLS,first_hybrid_direct_100,final_direct_100,sampled_average_idle_connections,16.906294102886672,16.89486915379964,-0.067578080787567,1.0006762377964
real loopback TLS,first_hybrid_direct_100,final_direct_100,sampled_peak_active_connections,25,25,0.0,1.0
real loopback TLS,first_hybrid_direct_100,final_direct_100,server_requests,200,200,0.0,1.0
real loopback TLS,first_hybrid_direct_100,final_direct_100,successful_requests,200,200,0.0,1.0
real loopback TLS,first_hybrid_direct_100,final_direct_100,successful_rps,125.8980870797863,126.29376253867957,0.31428234381554176,0.9968670229555312
real loopback TLS,original_worker_100,final_direct_100,actual_connection_ceiling,100,100,0.0,1.0
real loopback TLS,original_worker_100,final_direct_100,attempted_requests,200,200,0.0,1.0
real loopback TLS,original_worker_100,final_direct_100,attempted_rps,161.03916486017698,126.29376253867957,-21.57574671457423,1.2751157430348632
real loopback TLS,original_worker_100,final_direct_100,average_latency,0.4694917787500003,0.6304392242799985,34.28120636287033,0.7447058505697985
real loopback TLS,original_worker_100,final_direct_100,backend_metrics.backend_connection_pools.direct.active,,0,,
real loopback TLS,original_worker_100,final_direct_100,backend_metrics.backend_connection_pools.direct.idle_keepalive,,28,,
real loopback TLS,original_worker_100,final_direct_100,backend_metrics.backend_failovers,,0,,
real loopback TLS,original_worker_100,final_direct_100,backend_metrics.backend_stages.backend_routing_calls,,200,,
real loopback TLS,original_worker_100,final_direct_100,backend_metrics.backend_stages.backend_routing_seconds,,0.00031236000017997867,,
real loopback TLS,original_worker_100,final_direct_100,backend_metrics.backend_stages.direct_admission_wait_seconds,,0.003019422999557264,,
real loopback TLS,original_worker_100,final_direct_100,backend_metrics.backend_stages.json_parsing_calls,,200,,
real loopback TLS,original_worker_100,final_direct_100,backend_metrics.backend_stages.json_parsing_seconds,,0.003169674999583094,,
real loopback TLS,original_worker_100,final_direct_100,backend_metrics.backend_stages.normalization_calls,,200,,
real loopback TLS,original_worker_100,final_direct_100,backend_metrics.backend_stages.normalization_seconds,,0.005140239000354541,,
real loopback TLS,original_worker_100,final_direct_100,backend_metrics.backend_stages.proxy_selection_calls,,200,,
real loopback TLS,original_worker_100,final_direct_100,backend_metrics.backend_stages.proxy_selection_seconds,,0.00044458700011773544,,
real loopback TLS,original_worker_100,final_direct_100,backend_metrics.backend_stages.signing_calls,,200,,
real loopback TLS,original_worker_100,final_direct_100,backend_metrics.backend_stages.signing_seconds,,2.4931479689998923,,
real loopback TLS,original_worker_100,final_direct_100,backend_metrics.backend_switches,,0,,
real loopback TLS,original_worker_100,final_direct_100,backend_metrics.cursor_chain_restarts,,0,,
real loopback TLS,original_worker_100,final_direct_100,backend_metrics.direct_429_count,,0,,
real loopback TLS,original_worker_100,final_direct_100,backend_metrics.direct_active_requests,,0,,
real loopback TLS,original_worker_100,final_direct_100,backend_metrics.direct_average_latency,,0.30951975688999794,,
real loopback TLS,original_worker_100,final_direct_100,backend_metrics.direct_connect_tcp_attempts,,28,,
real loopback TLS,original_worker_100,final_direct_100,backend_metrics.direct_connect_tcp_seconds,,1.0168257309999262,,
real loopback TLS,original_worker_100,final_direct_100,backend_metrics.direct_connect_tcp_successful,,28,,
real loopback TLS,original_worker_100,final_direct_100,backend_metrics.direct_connection_pool_wait_seconds,,0.00042326500022227265,,
real loopback TLS,original_worker_100,final_direct_100,backend_metrics.direct_cooldown_count,,0,,
real loopback TLS,original_worker_100,final_direct_100,backend_metrics.direct_cooldown_remaining_seconds,,0.0,,
real loopback TLS,original_worker_100,final_direct_100,backend_metrics.direct_followers_received,,0,,
real loopback TLS,original_worker_100,final_direct_100,backend_metrics.direct_following_received,,0,,
real loopback TLS,original_worker_100,final_direct_100,backend_metrics.direct_http_error_rate,,0.0,,
real loopback TLS,original_worker_100,final_direct_100,backend_metrics.direct_invalid_response_rate,,0.0,,
real loopback TLS,original_worker_100,final_direct_100,backend_metrics.direct_latency_seconds,,61.90395137799959,,
real loopback TLS,original_worker_100,final_direct_100,backend_metrics.direct_median_latency,,0.2110121020000406,,
real loopback TLS,original_worker_100,final_direct_100,backend_metrics.direct_network_error_rate,,0.0,,
real loopback TLS,original_worker_100,final_direct_100,backend_metrics.direct_new_connection_requests,,28,,
real loopback TLS,original_worker_100,final_direct_100,backend_metrics.direct_p95_latency,,0.8624488130000145,,
real loopback TLS,original_worker_100,final_direct_100,backend_metrics.direct_p99_latency,,1.1028808739999931,,
real loopback TLS,original_worker_100,final_direct_100,backend_metrics.direct_peak_active_requests,,70,,
real loopback TLS,original_worker_100,final_direct_100,backend_metrics.direct_profile_received,,200,,
real loopback TLS,original_worker_100,final_direct_100,backend_metrics.direct_recent_success_percent,,100.0,,
real loopback TLS,original_worker_100,final_direct_100,backend_metrics.direct_records,,200,,
real loopback TLS,original_worker_100,final_direct_100,backend_metrics.direct_records_per_second,,126.68888228429982,,
real loopback TLS,original_worker_100,final_direct_100,backend_metrics.direct_recovery_429s,,0,,
real loopback TLS,original_worker_100,final_direct_100,backend_metrics.direct_recovery_attempts,,0,,
real loopback TLS,original_worker_100,final_direct_100,backend_metrics.direct_recovery_successes,,0,,
real loopback TLS,original_worker_100,final_direct_100,backend_metrics.direct_requests_failed,,0,,
real loopback TLS,original_worker_100,final_direct_100,backend_metrics.direct_requests_per_second,,126.68888228429982,,
real loopback TLS,original_worker_100,final_direct_100,backend_metrics.direct_requests_successful,,200,,
real loopback TLS,original_worker_100,final_direct_100,backend_metrics.direct_requests_total,,200,,
real loopback TLS,original_worker_100,final_direct_100,backend_metrics.direct_response_body_bytes,,62580,,
real loopback TLS,original_worker_100,final_direct_100,backend_metrics.direct_reused_connection_requests,,172,,
real loopback TLS,original_worker_100,final_direct_100,backend_metrics.direct_risk_control_count,,0,,
real loopback TLS,original_worker_100,final_direct_100,backend_metrics.direct_risk_control_rate,,0.0,,
real loopback TLS,original_worker_100,final_direct_100,backend_metrics.direct_successful_rps,,126.68888228429982,,
real loopback TLS,original_worker_100,final_direct_100,backend_metrics.direct_timeout_rate,,0.0,,
real loopback TLS,original_worker_100,final_direct_100,backend_metrics.direct_tls_handshake_attempts,,28,,
real loopback TLS,original_worker_100,final_direct_100,backend_metrics.direct_tls_handshake_seconds,,0.8379691889999208,,
real loopback TLS,original_worker_100,final_direct_100,backend_metrics.direct_tls_handshake_successful,,28,,
real loopback TLS,original_worker_100,final_direct_100,backend_metrics.findtik_429_count,,0,,
real loopback TLS,original_worker_100,final_direct_100,backend_metrics.findtik_jobs_moved_to_direct,,0,,
real loopback TLS,original_worker_100,final_direct_100,backend_metrics.findtik_requests_cancelled_after_429,,0,,
real loopback TLS,original_worker_100,final_direct_100,backend_metrics.hybrid_records_per_second,,126.68888228429982,,
real loopback TLS,original_worker_100,final_direct_100,backend_metrics.hybrid_total_successful_rps,,126.68888228429982,,
real loopback TLS,original_worker_100,final_direct_100,backend_metrics.worker_429_count,,0,,
real loopback TLS,original_worker_100,final_direct_100,backend_metrics.worker_active_requests,,0,,
real loopback TLS,original_worker_100,final_direct_100,backend_metrics.worker_average_latency,,0,,
real loopback TLS,original_worker_100,final_direct_100,backend_metrics.worker_followers_received,,0,,
real loopback TLS,original_worker_100,final_direct_100,backend_metrics.worker_following_received,,0,,
real loopback TLS,original_worker_100,final_direct_100,backend_metrics.worker_http_error_rate,,0.0,,
real loopback TLS,original_worker_100,final_direct_100,backend_metrics.worker_invalid_response_rate,,0.0,,
real loopback TLS,original_worker_100,final_direct_100,backend_metrics.worker_median_latency,,0,,
real loopback TLS,original_worker_100,final_direct_100,backend_metrics.worker_network_error_rate,,0.0,,
real loopback TLS,original_worker_100,final_direct_100,backend_metrics.worker_p95_latency,,0,,
real loopback TLS,original_worker_100,final_direct_100,backend_metrics.worker_p99_latency,,0,,
real loopback TLS,original_worker_100,final_direct_100,backend_metrics.worker_recent_success_percent,,0.0,,
real loopback TLS,original_worker_100,final_direct_100,backend_metrics.worker_records_per_second,,0.0,,
real loopback TLS,original_worker_100,final_direct_100,backend_metrics.worker_requests_failed,,0,,
real loopback TLS,original_worker_100,final_direct_100,backend_metrics.worker_requests_per_second,,0.0,,
real loopback TLS,original_worker_100,final_direct_100,backend_metrics.worker_requests_successful,,0,,
real loopback TLS,original_worker_100,final_direct_100,backend_metrics.worker_requests_total,,0,,
real loopback TLS,original_worker_100,final_direct_100,backend_metrics.worker_risk_control_count,,0,,
real loopback TLS,original_worker_100,final_direct_100,backend_metrics.worker_risk_control_rate,,0.0,,
real loopback TLS,original_worker_100,final_direct_100,backend_metrics.worker_successful_rps,,0.0,,
real loopback TLS,original_worker_100,final_direct_100,backend_metrics.worker_timeout_rate,,0.0,,
real loopback TLS,original_worker_100,final_direct_100,configured_workers,100,100,0.0,1.0
real loopback TLS,original_worker_100,final_direct_100,cpu_percent_of_one_core,96.90344030158631,100.87934324399502,4.102953342043136,0.9605875413681841
real loopback TLS,original_worker_100,final_direct_100,cpu_seconds,1.2034766870000002,1.597534846,32.743314702863024,0.7533336064708288
real loopback TLS,original_worker_100,final_direct_100,elapsed_seconds,1.2419339119999222,1.5836094829999752,27.51157430348632,0.7842425328542578
real loopback TLS,original_worker_100,final_direct_100,event_loop_max,0.02686343800005943,0.019925950999986525,-25.82501539846671,1.3481634076123943
real loopback TLS,original_worker_100,final_direct_100,event_loop_p95,0.014190508000051522,0.019379458000041722,36.566344206785,0.7322448336801252
real loopback TLS,original_worker_100,final_direct_100,harness_version,2,2,0.0,1.0
real loopback TLS,original_worker_100,final_direct_100,loopback_interface_bytes.received,312600,544604,74.21753039027512,0.5739950496140315
real loopback TLS,original_worker_100,final_direct_100,loopback_interface_bytes.transmitted,312600,544604,74.21753039027512,0.5739950496140315
real loopback TLS,original_worker_100,final_direct_100,median_latency,0.39299241649996475,0.580827993000014,47.79623438358793,0.6766072249206406
real loopback TLS,original_worker_100,final_direct_100,new_tls_connections,29,28,-3.4482758620689613,1.0357142857142858
real loopback TLS,original_worker_100,final_direct_100,p95_latency,0.999952932000042,1.2631534859999647,26.32129429067085,0.7916321674942279
real loopback TLS,original_worker_100,final_direct_100,p99_latency,1.1891723979999824,1.503647108999985,26.444837731594163,0.7908587000781406
real loopback TLS,original_worker_100,final_direct_100,peak_active_jobs,100,100,0.0,1.0
real loopback TLS,original_worker_100,final_direct_100,peak_admitted_requests,100,72,-28.000000000000004,1.3888888888888888
real loopback TLS,original_worker_100,final_direct_100,peak_rss_bytes,61542400,62128128,0.9517470881863499,0.9905722573839663
real loopback TLS,original_worker_100,final_direct_100,sampled_average_active_connections,9.343925932670679,9.120729241048902,-2.3886821581213247,1.0244713647037402
real loopback TLS,original_worker_100,final_direct_100,sampled_average_idle_connections,17.64538240824095,16.89486915379964,-4.25331249319253,1.0444225550141368
real loopback TLS,original_worker_100,final_direct_100,sampled_peak_active_connections,25,25,0.0,1.0
real loopback TLS,original_worker_100,final_direct_100,server_requests,200,200,0.0,1.0
real loopback TLS,original_worker_100,final_direct_100,successful_requests,200,200,0.0,1.0
real loopback TLS,original_worker_100,final_direct_100,successful_rps,161.03916486017698,126.29376253867957,-21.57574671457423,1.2751157430348632
real loopback TLS,first_hybrid_direct_500,final_direct_500,actual_connection_ceiling,500,500,0.0,1.0
real loopback TLS,first_hybrid_direct_500,final_direct_500,attempted_requests,1000,1000,0.0,1.0
real loopback TLS,first_hybrid_direct_500,final_direct_500,attempted_rps,124.08336976432555,120.87882715021267,-2.582572201415345,1.026510371498978
real loopback TLS,first_hybrid_direct_500,final_direct_500,average_latency,3.1418323977839986,3.232855077639999,2.8971207986842495,0.9718444911169827
real loopback TLS,first_hybrid_direct_500,final_direct_500,backend_metrics.backend_connection_pools.direct.active,,0,,
real loopback TLS,first_hybrid_direct_500,final_direct_500,backend_metrics.backend_connection_pools.direct.idle_keepalive,,28,,
real loopback TLS,first_hybrid_direct_500,final_direct_500,backend_metrics.backend_failovers,0,0,,
real loopback TLS,first_hybrid_direct_500,final_direct_500,backend_metrics.backend_stages.backend_routing_calls,1000,1000,0.0,1.0
real loopback TLS,first_hybrid_direct_500,final_direct_500,backend_metrics.backend_stages.backend_routing_seconds,0.0016090309987930596,0.001601069000116695,-0.4948319008357793,1.0049729266357568
real loopback TLS,first_hybrid_direct_500,final_direct_500,backend_metrics.backend_stages.direct_admission_wait_seconds,0.01237434199811105,0.01581402299984802,27.796880046325214,0.7824917162590425
real loopback TLS,first_hybrid_direct_500,final_direct_500,backend_metrics.backend_stages.json_parsing_calls,1000,1000,0.0,1.0
real loopback TLS,first_hybrid_direct_500,final_direct_500,backend_metrics.backend_stages.json_parsing_seconds,0.015689620000785,0.015958799001282387,1.7156502227837267,0.9831328785784095
real loopback TLS,first_hybrid_direct_500,final_direct_500,backend_metrics.backend_stages.normalization_calls,1000,1000,0.0,1.0
real loopback TLS,first_hybrid_direct_500,final_direct_500,backend_metrics.backend_stages.normalization_seconds,0.026134892000186483,0.026431245000196668,1.1339361953669913,0.9887877774956124
real loopback TLS,first_hybrid_direct_500,final_direct_500,backend_metrics.backend_stages.proxy_selection_calls,1000,1000,0.0,1.0
real loopback TLS,first_hybrid_direct_500,final_direct_500,backend_metrics.backend_stages.proxy_selection_seconds,0.0013731750002534682,0.0013454300003559183,-2.020499928445285,1.020621659908141
real loopback TLS,first_hybrid_direct_500,final_direct_500,backend_metrics.backend_stages.signing_calls,1000,1000,0.0,1.0
real loopback TLS,first_hybrid_direct_500,final_direct_500,backend_metrics.backend_stages.signing_seconds,16.004253822998862,16.598715229998504,3.7143962697303134,0.9641863000381328
real loopback TLS,first_hybrid_direct_500,final_direct_500,backend_metrics.backend_switches,0,0,,
real loopback TLS,first_hybrid_direct_500,final_direct_500,backend_metrics.cursor_chain_restarts,0,0,,
real loopback TLS,first_hybrid_direct_500,final_direct_500,backend_metrics.direct_429_count,,0,,
real loopback TLS,first_hybrid_direct_500,final_direct_500,backend_metrics.direct_active_requests,0,0,,
real loopback TLS,first_hybrid_direct_500,final_direct_500,backend_metrics.direct_average_latency,0.7133730445599965,0.726973729104,1.906531883664364,0.9812913672124487
real loopback TLS,first_hybrid_direct_500,final_direct_500,backend_metrics.direct_connect_tcp_attempts,,28,,
real loopback TLS,first_hybrid_direct_500,final_direct_500,backend_metrics.direct_connect_tcp_seconds,,1.0389150430000313,,
real loopback TLS,first_hybrid_direct_500,final_direct_500,backend_metrics.direct_connect_tcp_successful,,28,,
real loopback TLS,first_hybrid_direct_500,final_direct_500,backend_metrics.direct_connection_pool_wait_seconds,,0.0023492579998674046,,
real loopback TLS,first_hybrid_direct_500,final_direct_500,backend_metrics.direct_cooldown_count,,0,,
real loopback TLS,first_hybrid_direct_500,final_direct_500,backend_metrics.direct_cooldown_remaining_seconds,,0.0,,
real loopback TLS,first_hybrid_direct_500,final_direct_500,backend_metrics.direct_followers_received,0,0,,
real loopback TLS,first_hybrid_direct_500,final_direct_500,backend_metrics.direct_following_received,0,0,,
real loopback TLS,first_hybrid_direct_500,final_direct_500,backend_metrics.direct_http_error_rate,0.0,0.0,,
real loopback TLS,first_hybrid_direct_500,final_direct_500,backend_metrics.direct_invalid_response_rate,0.0,0.0,,
real loopback TLS,first_hybrid_direct_500,final_direct_500,backend_metrics.direct_latency_seconds,713.3730445599965,726.973729104001,1.9065318836644973,0.9812913672124475
real loopback TLS,first_hybrid_direct_500,final_direct_500,backend_metrics.direct_median_latency,0.49681403600004614,0.5324529920000032,7.173500226944829,0.9330664743452943
real loopback TLS,first_hybrid_direct_500,final_direct_500,backend_metrics.direct_network_error_rate,0.0,0.0,,
real loopback TLS,first_hybrid_direct_500,final_direct_500,backend_metrics.direct_new_connection_requests,,28,,
real loopback TLS,first_hybrid_direct_500,final_direct_500,backend_metrics.direct_p95_latency,2.134098187999939,2.1537930480000114,0.9228656915045708,0.9908557323934345
real loopback TLS,first_hybrid_direct_500,final_direct_500,backend_metrics.direct_p99_latency,3.219858219999992,3.3962531849999777,5.478345720451827,0.948061891916934
real loopback TLS,first_hybrid_direct_500,final_direct_500,backend_metrics.direct_peak_active_requests,112,113,0.8928571428571397,0.9911504424778761
real loopback TLS,first_hybrid_direct_500,final_direct_500,backend_metrics.direct_profile_received,1000,1000,0.0,1.0
real loopback TLS,first_hybrid_direct_500,final_direct_500,backend_metrics.direct_recent_success_percent,100.0,100.0,0.0,1.0
real loopback TLS,first_hybrid_direct_500,final_direct_500,backend_metrics.direct_records,1000,1000,0.0,1.0
real loopback TLS,first_hybrid_direct_500,final_direct_500,backend_metrics.direct_records_per_second,124.1562527607162,120.95055288671854,-2.581988262947932,1.026504218438754
real loopback TLS,first_hybrid_direct_500,final_direct_500,backend_metrics.direct_recovery_429s,,0,,
real loopback TLS,first_hybrid_direct_500,final_direct_500,backend_metrics.direct_recovery_attempts,,0,,
real loopback TLS,first_hybrid_direct_500,final_direct_500,backend_metrics.direct_recovery_successes,,0,,
real loopback TLS,first_hybrid_direct_500,final_direct_500,backend_metrics.direct_requests_failed,0,0,,
real loopback TLS,first_hybrid_direct_500,final_direct_500,backend_metrics.direct_requests_per_second,124.1562527607162,120.95055288671854,-2.581988262947932,1.026504218438754
real loopback TLS,first_hybrid_direct_500,final_direct_500,backend_metrics.direct_requests_successful,1000,1000,0.0,1.0
real loopback TLS,first_hybrid_direct_500,final_direct_500,backend_metrics.direct_requests_total,1000,1000,0.0,1.0
real loopback TLS,first_hybrid_direct_500,final_direct_500,backend_metrics.direct_response_body_bytes,313780,313780,0.0,1.0
real loopback TLS,first_hybrid_direct_500,final_direct_500,backend_metrics.direct_reused_connection_requests,,972,,
real loopback TLS,first_hybrid_direct_500,final_direct_500,backend_metrics.direct_risk_control_count,0,0,,
real loopback TLS,first_hybrid_direct_500,final_direct_500,backend_metrics.direct_risk_control_rate,0.0,0.0,,
real loopback TLS,first_hybrid_direct_500,final_direct_500,backend_metrics.direct_successful_rps,124.1562527607162,120.95055288671854,-2.581988262947932,1.026504218438754
real loopback TLS,first_hybrid_direct_500,final_direct_500,backend_metrics.direct_timeout_rate,0.0,0.0,,
real loopback TLS,first_hybrid_direct_500,final_direct_500,backend_metrics.direct_tls_handshake_attempts,,28,,
real loopback TLS,first_hybrid_direct_500,final_direct_500,backend_metrics.direct_tls_handshake_seconds,,0.850880792999817,,
real loopback TLS,first_hybrid_direct_500,final_direct_500,backend_metrics.direct_tls_handshake_successful,,28,,
real loopback TLS,first_hybrid_direct_500,final_direct_500,backend_metrics.findtik_429_count,,0,,
real loopback TLS,first_hybrid_direct_500,final_direct_500,backend_metrics.findtik_jobs_moved_to_direct,,0,,
real loopback TLS,first_hybrid_direct_500,final_direct_500,backend_metrics.findtik_requests_cancelled_after_429,,0,,
real loopback TLS,first_hybrid_direct_500,final_direct_500,backend_metrics.hybrid_records_per_second,124.1562527607162,120.95055288671854,-2.581988262947932,1.026504218438754
real loopback TLS,first_hybrid_direct_500,final_direct_500,backend_metrics.hybrid_total_successful_rps,124.1562527607162,120.95055288671854,-2.581988262947932,1.026504218438754
real loopback TLS,first_hybrid_direct_500,final_direct_500,backend_metrics.worker_429_count,,0,,
real loopback TLS,first_hybrid_direct_500,final_direct_500,backend_metrics.worker_active_requests,0,0,,
real loopback TLS,first_hybrid_direct_500,final_direct_500,backend_metrics.worker_average_latency,0,0,,
real loopback TLS,first_hybrid_direct_500,final_direct_500,backend_metrics.worker_followers_received,0,0,,
real loopback TLS,first_hybrid_direct_500,final_direct_500,backend_metrics.worker_following_received,0,0,,
real loopback TLS,first_hybrid_direct_500,final_direct_500,backend_metrics.worker_http_error_rate,0.0,0.0,,
real loopback TLS,first_hybrid_direct_500,final_direct_500,backend_metrics.worker_invalid_response_rate,0.0,0.0,,
real loopback TLS,first_hybrid_direct_500,final_direct_500,backend_metrics.worker_median_latency,0,0,,
real loopback TLS,first_hybrid_direct_500,final_direct_500,backend_metrics.worker_network_error_rate,0.0,0.0,,
real loopback TLS,first_hybrid_direct_500,final_direct_500,backend_metrics.worker_p95_latency,0,0,,
real loopback TLS,first_hybrid_direct_500,final_direct_500,backend_metrics.worker_p99_latency,0,0,,
real loopback TLS,first_hybrid_direct_500,final_direct_500,backend_metrics.worker_recent_success_percent,0.0,0.0,,
real loopback TLS,first_hybrid_direct_500,final_direct_500,backend_metrics.worker_records_per_second,0.0,0.0,,
real loopback TLS,first_hybrid_direct_500,final_direct_500,backend_metrics.worker_requests_failed,0,0,,
real loopback TLS,first_hybrid_direct_500,final_direct_500,backend_metrics.worker_requests_per_second,0.0,0.0,,
real loopback TLS,first_hybrid_direct_500,final_direct_500,backend_metrics.worker_requests_successful,0,0,,
real loopback TLS,first_hybrid_direct_500,final_direct_500,backend_metrics.worker_requests_total,0,0,,
real loopback TLS,first_hybrid_direct_500,final_direct_500,backend_metrics.worker_risk_control_count,0,0,,
real loopback TLS,first_hybrid_direct_500,final_direct_500,backend_metrics.worker_risk_control_rate,0.0,0.0,,
real loopback TLS,first_hybrid_direct_500,final_direct_500,backend_metrics.worker_successful_rps,0.0,0.0,,
real loopback TLS,first_hybrid_direct_500,final_direct_500,backend_metrics.worker_timeout_rate,0.0,0.0,,
real loopback TLS,first_hybrid_direct_500,final_direct_500,configured_workers,500,500,0.0,1.0
real loopback TLS,first_hybrid_direct_500,final_direct_500,cpu_percent_of_one_core,102.94235385644541,103.4063662315085,0.45074972319960604,0.995512729129034
real loopback TLS,first_hybrid_direct_500,final_direct_500,cpu_seconds,8.296224873000002,8.554547448,3.113736415712487,0.9698028941249964
real loopback TLS,first_hybrid_direct_500,final_direct_500,elapsed_seconds,8.059097700999928,8.272747374999994,2.6510371498977836,0.9741742779858467
real loopback TLS,first_hybrid_direct_500,final_direct_500,event_loop_max,0.03269884699998783,0.029432212000056097,-9.990061728882827,1.1109884299530566
real loopback TLS,first_hybrid_direct_500,final_direct_500,event_loop_p95,0.023529540000008637,0.024645255999967048,4.741767157190502,0.9547289750222151
real loopback TLS,first_hybrid_direct_500,final_direct_500,harness_version,2,2,0.0,1.0
real loopback TLS,first_hybrid_direct_500,final_direct_500,loopback_interface_bytes.received,2417424,2414308,-0.12889753721316843,1.0012906389739835
real loopback TLS,first_hybrid_direct_500,final_direct_500,loopback_interface_bytes.transmitted,2417424,2414308,-0.12889753721316843,1.0012906389739835
real loopback TLS,first_hybrid_direct_500,final_direct_500,median_latency,3.475125556500018,3.603475998499988,3.693404451528326,0.964381491078781
real loopback TLS,first_hybrid_direct_500,final_direct_500,new_tls_connections,28,28,0.0,1.0
real loopback TLS,first_hybrid_direct_500,final_direct_500,p95_latency,5.032889058000023,5.308570659999987,5.477601409904986,0.9480685819862547
real loopback TLS,first_hybrid_direct_500,final_direct_500,p99_latency,6.525320140000076,6.460914713000022,-0.9870079263276321,1.0099684688408692
real loopback TLS,first_hybrid_direct_500,final_direct_500,peak_active_jobs,500,500,0.0,1.0
real loopback TLS,first_hybrid_direct_500,final_direct_500,peak_admitted_requests,500,116,-76.8,4.310344827586207
real loopback TLS,first_hybrid_direct_500,final_direct_500,peak_rss_bytes,66015232,65261568,-1.1416516721474257,1.0115483587522751
real loopback TLS,first_hybrid_direct_500,final_direct_500,sampled_average_active_connections,11.003932691124568,10.885862968951116,-1.0729775025676402,1.0108461517943237
real loopback TLS,first_hybrid_direct_500,final_direct_500,sampled_average_idle_connections,16.566388652594792,16.70684161644662,0.8478188384758667,0.9915930870073274
real loopback TLS,first_hybrid_direct_500,final_direct_500,sampled_peak_active_connections,25,25,0.0,1.0
real loopback TLS,first_hybrid_direct_500,final_direct_500,server_requests,1000,1000,0.0,1.0
real loopback TLS,first_hybrid_direct_500,final_direct_500,successful_requests,1000,1000,0.0,1.0
real loopback TLS,first_hybrid_direct_500,final_direct_500,successful_rps,124.08336976432555,120.87882715021267,-2.582572201415345,1.026510371498978
real loopback TLS,original_worker_500,final_direct_500,actual_connection_ceiling,500,500,0.0,1.0
real loopback TLS,original_worker_500,final_direct_500,attempted_requests,1000,1000,0.0,1.0
real loopback TLS,original_worker_500,final_direct_500,attempted_rps,161.97715281257175,120.87882715021267,-25.372915222133262,1.339996065740176
real loopback TLS,original_worker_500,final_direct_500,average_latency,2.360109389183002,3.232855077639999,36.97903548272037,0.730038721966434
real loopback TLS,original_worker_500,final_direct_500,backend_metrics.backend_connection_pools.direct.active,,0,,
real loopback TLS,original_worker_500,final_direct_500,backend_metrics.backend_connection_pools.direct.idle_keepalive,,28,,
real loopback TLS,original_worker_500,final_direct_500,backend_metrics.backend_failovers,,0,,
real loopback TLS,original_worker_500,final_direct_500,backend_metrics.backend_stages.backend_routing_calls,,1000,,
real loopback TLS,original_worker_500,final_direct_500,backend_metrics.backend_stages.backend_routing_seconds,,0.001601069000116695,,
real loopback TLS,original_worker_500,final_direct_500,backend_metrics.backend_stages.direct_admission_wait_seconds,,0.01581402299984802,,
real loopback TLS,original_worker_500,final_direct_500,backend_metrics.backend_stages.json_parsing_calls,,1000,,
real loopback TLS,original_worker_500,final_direct_500,backend_metrics.backend_stages.json_parsing_seconds,,0.015958799001282387,,
real loopback TLS,original_worker_500,final_direct_500,backend_metrics.backend_stages.normalization_calls,,1000,,
real loopback TLS,original_worker_500,final_direct_500,backend_metrics.backend_stages.normalization_seconds,,0.026431245000196668,,
real loopback TLS,original_worker_500,final_direct_500,backend_metrics.backend_stages.proxy_selection_calls,,1000,,
real loopback TLS,original_worker_500,final_direct_500,backend_metrics.backend_stages.proxy_selection_seconds,,0.0013454300003559183,,
real loopback TLS,original_worker_500,final_direct_500,backend_metrics.backend_stages.signing_calls,,1000,,
real loopback TLS,original_worker_500,final_direct_500,backend_metrics.backend_stages.signing_seconds,,16.598715229998504,,
real loopback TLS,original_worker_500,final_direct_500,backend_metrics.backend_switches,,0,,
real loopback TLS,original_worker_500,final_direct_500,backend_metrics.cursor_chain_restarts,,0,,
real loopback TLS,original_worker_500,final_direct_500,backend_metrics.direct_429_count,,0,,
real loopback TLS,original_worker_500,final_direct_500,backend_metrics.direct_active_requests,,0,,
real loopback TLS,original_worker_500,final_direct_500,backend_metrics.direct_average_latency,,0.726973729104,,
real loopback TLS,original_worker_500,final_direct_500,backend_metrics.direct_connect_tcp_attempts,,28,,
real loopback TLS,original_worker_500,final_direct_500,backend_metrics.direct_connect_tcp_seconds,,1.0389150430000313,,
real loopback TLS,original_worker_500,final_direct_500,backend_metrics.direct_connect_tcp_successful,,28,,
real loopback TLS,original_worker_500,final_direct_500,backend_metrics.direct_connection_pool_wait_seconds,,0.0023492579998674046,,
real loopback TLS,original_worker_500,final_direct_500,backend_metrics.direct_cooldown_count,,0,,
real loopback TLS,original_worker_500,final_direct_500,backend_metrics.direct_cooldown_remaining_seconds,,0.0,,
real loopback TLS,original_worker_500,final_direct_500,backend_metrics.direct_followers_received,,0,,
real loopback TLS,original_worker_500,final_direct_500,backend_metrics.direct_following_received,,0,,
real loopback TLS,original_worker_500,final_direct_500,backend_metrics.direct_http_error_rate,,0.0,,
real loopback TLS,original_worker_500,final_direct_500,backend_metrics.direct_invalid_response_rate,,0.0,,
real loopback TLS,original_worker_500,final_direct_500,backend_metrics.direct_latency_seconds,,726.973729104001,,
real loopback TLS,original_worker_500,final_direct_500,backend_metrics.direct_median_latency,,0.5324529920000032,,
real loopback TLS,original_worker_500,final_direct_500,backend_metrics.direct_network_error_rate,,0.0,,
real loopback TLS,original_worker_500,final_direct_500,backend_metrics.direct_new_connection_requests,,28,,
real loopback TLS,original_worker_500,final_direct_500,backend_metrics.direct_p95_latency,,2.1537930480000114,,
real loopback TLS,original_worker_500,final_direct_500,backend_metrics.direct_p99_latency,,3.3962531849999777,,
real loopback TLS,original_worker_500,final_direct_500,backend_metrics.direct_peak_active_requests,,113,,
real loopback TLS,original_worker_500,final_direct_500,backend_metrics.direct_profile_received,,1000,,
real loopback TLS,original_worker_500,final_direct_500,backend_metrics.direct_recent_success_percent,,100.0,,
real loopback TLS,original_worker_500,final_direct_500,backend_metrics.direct_records,,1000,,
real loopback TLS,original_worker_500,final_direct_500,backend_metrics.direct_records_per_second,,120.95055288671854,,
real loopback TLS,original_worker_500,final_direct_500,backend_metrics.direct_recovery_429s,,0,,
real loopback TLS,original_worker_500,final_direct_500,backend_metrics.direct_recovery_attempts,,0,,
real loopback TLS,original_worker_500,final_direct_500,backend_metrics.direct_recovery_successes,,0,,
real loopback TLS,original_worker_500,final_direct_500,backend_metrics.direct_requests_failed,,0,,
real loopback TLS,original_worker_500,final_direct_500,backend_metrics.direct_requests_per_second,,120.95055288671854,,
real loopback TLS,original_worker_500,final_direct_500,backend_metrics.direct_requests_successful,,1000,,
real loopback TLS,original_worker_500,final_direct_500,backend_metrics.direct_requests_total,,1000,,
real loopback TLS,original_worker_500,final_direct_500,backend_metrics.direct_response_body_bytes,,313780,,
real loopback TLS,original_worker_500,final_direct_500,backend_metrics.direct_reused_connection_requests,,972,,
real loopback TLS,original_worker_500,final_direct_500,backend_metrics.direct_risk_control_count,,0,,
real loopback TLS,original_worker_500,final_direct_500,backend_metrics.direct_risk_control_rate,,0.0,,
real loopback TLS,original_worker_500,final_direct_500,backend_metrics.direct_successful_rps,,120.95055288671854,,
real loopback TLS,original_worker_500,final_direct_500,backend_metrics.direct_timeout_rate,,0.0,,
real loopback TLS,original_worker_500,final_direct_500,backend_metrics.direct_tls_handshake_attempts,,28,,
real loopback TLS,original_worker_500,final_direct_500,backend_metrics.direct_tls_handshake_seconds,,0.850880792999817,,
real loopback TLS,original_worker_500,final_direct_500,backend_metrics.direct_tls_handshake_successful,,28,,
real loopback TLS,original_worker_500,final_direct_500,backend_metrics.findtik_429_count,,0,,
real loopback TLS,original_worker_500,final_direct_500,backend_metrics.findtik_jobs_moved_to_direct,,0,,
real loopback TLS,original_worker_500,final_direct_500,backend_metrics.findtik_requests_cancelled_after_429,,0,,
real loopback TLS,original_worker_500,final_direct_500,backend_metrics.hybrid_records_per_second,,120.95055288671854,,
real loopback TLS,original_worker_500,final_direct_500,backend_metrics.hybrid_total_successful_rps,,120.95055288671854,,
real loopback TLS,original_worker_500,final_direct_500,backend_metrics.worker_429_count,,0,,
real loopback TLS,original_worker_500,final_direct_500,backend_metrics.worker_active_requests,,0,,
real loopback TLS,original_worker_500,final_direct_500,backend_metrics.worker_average_latency,,0,,
real loopback TLS,original_worker_500,final_direct_500,backend_metrics.worker_followers_received,,0,,
real loopback TLS,original_worker_500,final_direct_500,backend_metrics.worker_following_received,,0,,
real loopback TLS,original_worker_500,final_direct_500,backend_metrics.worker_http_error_rate,,0.0,,
real loopback TLS,original_worker_500,final_direct_500,backend_metrics.worker_invalid_response_rate,,0.0,,
real loopback TLS,original_worker_500,final_direct_500,backend_metrics.worker_median_latency,,0,,
real loopback TLS,original_worker_500,final_direct_500,backend_metrics.worker_network_error_rate,,0.0,,
real loopback TLS,original_worker_500,final_direct_500,backend_metrics.worker_p95_latency,,0,,
real loopback TLS,original_worker_500,final_direct_500,backend_metrics.worker_p99_latency,,0,,
real loopback TLS,original_worker_500,final_direct_500,backend_metrics.worker_recent_success_percent,,0.0,,
real loopback TLS,original_worker_500,final_direct_500,backend_metrics.worker_records_per_second,,0.0,,
real loopback TLS,original_worker_500,final_direct_500,backend_metrics.worker_requests_failed,,0,,
real loopback TLS,original_worker_500,final_direct_500,backend_metrics.worker_requests_per_second,,0.0,,
real loopback TLS,original_worker_500,final_direct_500,backend_metrics.worker_requests_successful,,0,,
real loopback TLS,original_worker_500,final_direct_500,backend_metrics.worker_requests_total,,0,,
real loopback TLS,original_worker_500,final_direct_500,backend_metrics.worker_risk_control_count,,0,,
real loopback TLS,original_worker_500,final_direct_500,backend_metrics.worker_risk_control_rate,,0.0,,
real loopback TLS,original_worker_500,final_direct_500,backend_metrics.worker_successful_rps,,0.0,,
real loopback TLS,original_worker_500,final_direct_500,backend_metrics.worker_timeout_rate,,0.0,,
real loopback TLS,original_worker_500,final_direct_500,configured_workers,500,500,0.0,1.0
real loopback TLS,original_worker_500,final_direct_500,cpu_percent_of_one_core,99.49676505685206,103.4063662315085,3.929375163526694,0.9621918715729403
real loopback TLS,original_worker_500,final_direct_500,cpu_seconds,6.14264193,8.554547448,39.26495383396049,0.718055743724481
real loopback TLS,original_worker_500,final_direct_500,elapsed_seconds,6.173710196999991,8.272747374999994,33.99960657401759,0.7462708477786674
real loopback TLS,original_worker_500,final_direct_500,event_loop_max,0.032673096000035,0.029432212000056097,-9.919121224310757,1.1101135042100378
real loopback TLS,original_worker_500,final_direct_500,event_loop_p95,0.018749664000079064,0.024645255999967048,31.443720804080133,0.7607818721827898
real loopback TLS,original_worker_500,final_direct_500,harness_version,2,2,0.0,1.0
real loopback TLS,original_worker_500,final_direct_500,loopback_interface_bytes.received,1247976,2414308,93.45788701064764,0.5169083646328472
real loopback TLS,original_worker_500,final_direct_500,loopback_interface_bytes.transmitted,1247976,2414308,93.45788701064764,0.5169083646328472
real loopback TLS,original_worker_500,final_direct_500,median_latency,2.5631190020000076,3.603475998499988,40.58949255528859,0.7112907101551258
real loopback TLS,original_worker_500,final_direct_500,new_tls_connections,28,28,0.0,1.0
real loopback TLS,original_worker_500,final_direct_500,p95_latency,4.075000746000001,5.308570659999987,30.27164878953339,0.7676267317500509
real loopback TLS,original_worker_500,final_direct_500,p99_latency,5.072953404000032,6.460914713000022,27.360024791585523,0.785175726556602
real loopback TLS,original_worker_500,final_direct_500,peak_active_jobs,500,500,0.0,1.0
real loopback TLS,original_worker_500,final_direct_500,peak_admitted_requests,500,116,-76.8,4.310344827586207
real loopback TLS,original_worker_500,final_direct_500,peak_rss_bytes,64126976,65261568,1.7692897291773146,0.9826146990522814
real loopback TLS,original_worker_500,final_direct_500,sampled_average_active_connections,11.551208127108888,10.885862968951116,-5.7599616493474,1.0611201114744402
real loopback TLS,original_worker_500,final_direct_500,sampled_average_idle_connections,16.030884279778995,16.70684161644662,4.216594199486945,0.959540088295193
real loopback TLS,original_worker_500,final_direct_500,sampled_peak_active_connections,25,25,0.0,1.0
real loopback TLS,original_worker_500,final_direct_500,server_requests,1000,1000,0.0,1.0
real loopback TLS,original_worker_500,final_direct_500,successful_requests,1000,1000,0.0,1.0
real loopback TLS,original_worker_500,final_direct_500,successful_rps,161.97715281257175,120.87882715021267,-25.372915222133262,1.339996065740176
real loopback TLS,first_hybrid_direct_1000,final_direct_1000,actual_connection_ceiling,1000,1000,0.0,1.0
real loopback TLS,first_hybrid_direct_1000,final_direct_1000,attempted_requests,2000,2000,0.0,1.0
real loopback TLS,first_hybrid_direct_1000,final_direct_1000,attempted_rps,125.38794112083507,120.47102558378121,-3.9213623679453136,1.040814092129019
real loopback TLS,first_hybrid_direct_1000,final_direct_1000,average_latency,6.142334040260498,6.382994212498999,3.9180573811367303,0.9622966645078188
real loopback TLS,first_hybrid_direct_1000,final_direct_1000,backend_metrics.backend_connection_pools.direct.active,,0,,
real loopback TLS,first_hybrid_direct_1000,final_direct_1000,backend_metrics.backend_connection_pools.direct.idle_keepalive,,28,,
real loopback TLS,first_hybrid_direct_1000,final_direct_1000,backend_metrics.backend_failovers,0,0,,
real loopback TLS,first_hybrid_direct_1000,final_direct_1000,backend_metrics.backend_stages.backend_routing_calls,2000,2000,0.0,1.0
real loopback TLS,first_hybrid_direct_1000,final_direct_1000,backend_metrics.backend_stages.backend_routing_seconds,0.003124328002513721,0.003112202001091191,-0.3881155055670771,1.0038962771112796
real loopback TLS,first_hybrid_direct_1000,final_direct_1000,backend_metrics.backend_stages.direct_admission_wait_seconds,0.026106266999818217,0.03232354999988729,23.81528925645464,0.8076546975783677
real loopback TLS,first_hybrid_direct_1000,final_direct_1000,backend_metrics.backend_stages.json_parsing_calls,2000,2000,0.0,1.0
real loopback TLS,first_hybrid_direct_1000,final_direct_1000,backend_metrics.backend_stages.json_parsing_seconds,0.030852412001195262,0.032229672000596565,4.464026991951053,0.9572673280889793
real loopback TLS,first_hybrid_direct_1000,final_direct_1000,backend_metrics.backend_stages.normalization_calls,2000,2000,0.0,1.0
real loopback TLS,first_hybrid_direct_1000,final_direct_1000,backend_metrics.backend_stages.normalization_seconds,0.05256998199968166,0.05270308400002932,0.2531901196931585,0.9974744931369179
real loopback TLS,first_hybrid_direct_1000,final_direct_1000,backend_metrics.backend_stages.proxy_selection_calls,2000,2000,0.0,1.0
real loopback TLS,first_hybrid_direct_1000,final_direct_1000,backend_metrics.backend_stages.proxy_selection_seconds,0.0026793209983679844,0.0025996099990948096,-2.975044771482327,1.0306626760556123
real loopback TLS,first_hybrid_direct_1000,final_direct_1000,backend_metrics.backend_stages.signing_calls,2000,2000,0.0,1.0
real loopback TLS,first_hybrid_direct_1000,final_direct_1000,backend_metrics.backend_stages.signing_seconds,32.70876624000516,34.301753402000884,4.870214762326874,0.9535595996121061
real loopback TLS,first_hybrid_direct_1000,final_direct_1000,backend_metrics.backend_switches,0,0,,
real loopback TLS,first_hybrid_direct_1000,final_direct_1000,backend_metrics.cursor_chain_restarts,0,0,,
real loopback TLS,first_hybrid_direct_1000,final_direct_1000,backend_metrics.direct_429_count,,0,,
real loopback TLS,first_hybrid_direct_1000,final_direct_1000,backend_metrics.direct_active_requests,0,0,,
real loopback TLS,first_hybrid_direct_1000,final_direct_1000,backend_metrics.direct_average_latency,0.8020690927135027,0.8447263478110006,5.318401554806584,0.9495016874896365
real loopback TLS,first_hybrid_direct_1000,final_direct_1000,backend_metrics.direct_connect_tcp_attempts,,28,,
real loopback TLS,first_hybrid_direct_1000,final_direct_1000,backend_metrics.direct_connect_tcp_seconds,,1.0305161899999007,,
real loopback TLS,first_hybrid_direct_1000,final_direct_1000,backend_metrics.direct_connect_tcp_successful,,28,,
real loopback TLS,first_hybrid_direct_1000,final_direct_1000,backend_metrics.direct_connection_pool_wait_seconds,,0.004649992999247843,,
real loopback TLS,first_hybrid_direct_1000,final_direct_1000,backend_metrics.direct_cooldown_count,,0,,
real loopback TLS,first_hybrid_direct_1000,final_direct_1000,backend_metrics.direct_cooldown_remaining_seconds,,0.0,,
real loopback TLS,first_hybrid_direct_1000,final_direct_1000,backend_metrics.direct_followers_received,0,0,,
real loopback TLS,first_hybrid_direct_1000,final_direct_1000,backend_metrics.direct_following_received,0,0,,
real loopback TLS,first_hybrid_direct_1000,final_direct_1000,backend_metrics.direct_http_error_rate,0.0,0.0,,
real loopback TLS,first_hybrid_direct_1000,final_direct_1000,backend_metrics.direct_invalid_response_rate,0.0,0.0,,
real loopback TLS,first_hybrid_direct_1000,final_direct_1000,backend_metrics.direct_latency_seconds,1604.1381854270048,1689.4526956220031,5.31840155480674,0.949501687489635
real loopback TLS,first_hybrid_direct_1000,final_direct_1000,backend_metrics.direct_median_latency,0.5756359819999943,0.5916848749999986,2.788028111836205,0.9728759451557651
real loopback TLS,first_hybrid_direct_1000,final_direct_1000,backend_metrics.direct_network_error_rate,0.0,0.0,,
real loopback TLS,first_hybrid_direct_1000,final_direct_1000,backend_metrics.direct_new_connection_requests,,28,,
real loopback TLS,first_hybrid_direct_1000,final_direct_1000,backend_metrics.direct_p95_latency,2.3015565519999654,2.4319555470000296,5.665687201418201,0.9463810121196831
real loopback TLS,first_hybrid_direct_1000,final_direct_1000,backend_metrics.direct_p99_latency,3.481727656999965,3.8136091719999854,9.532092906025479,0.9129744292003654
real loopback TLS,first_hybrid_direct_1000,final_direct_1000,backend_metrics.direct_peak_active_requests,118,122,3.3898305084745672,0.9672131147540983
real loopback TLS,first_hybrid_direct_1000,final_direct_1000,backend_metrics.direct_profile_received,2000,2000,0.0,1.0
real loopback TLS,first_hybrid_direct_1000,final_direct_1000,backend_metrics.direct_recent_success_percent,100.0,100.0,0.0,1.0
real loopback TLS,first_hybrid_direct_1000,final_direct_1000,backend_metrics.direct_records,2000,2000,0.0,1.0
real loopback TLS,first_hybrid_direct_1000,final_direct_1000,backend_metrics.direct_records_per_second,125.42931709908792,120.51043995098006,-3.9216327265993223,1.0408170209162684
real loopback TLS,first_hybrid_direct_1000,final_direct_1000,backend_metrics.direct_recovery_429s,,0,,
real loopback TLS,first_hybrid_direct_1000,final_direct_1000,backend_metrics.direct_recovery_attempts,,0,,
real loopback TLS,first_hybrid_direct_1000,final_direct_1000,backend_metrics.direct_recovery_successes,,0,,
real loopback TLS,first_hybrid_direct_1000,final_direct_1000,backend_metrics.direct_requests_failed,0,0,,
real loopback TLS,first_hybrid_direct_1000,final_direct_1000,backend_metrics.direct_requests_per_second,125.42931709908792,120.51043995098006,-3.9216327265993223,1.0408170209162684
real loopback TLS,first_hybrid_direct_1000,final_direct_1000,backend_metrics.direct_requests_successful,2000,2000,0.0,1.0
real loopback TLS,first_hybrid_direct_1000,final_direct_1000,backend_metrics.direct_requests_total,2000,2000,0.0,1.0
real loopback TLS,first_hybrid_direct_1000,final_direct_1000,backend_metrics.direct_response_body_bytes,627780,627780,0.0,1.0
real loopback TLS,first_hybrid_direct_1000,final_direct_1000,backend_metrics.direct_reused_connection_requests,,1972,,
real loopback TLS,first_hybrid_direct_1000,final_direct_1000,backend_metrics.direct_risk_control_count,0,0,,
real loopback TLS,first_hybrid_direct_1000,final_direct_1000,backend_metrics.direct_risk_control_rate,0.0,0.0,,
real loopback TLS,first_hybrid_direct_1000,final_direct_1000,backend_metrics.direct_successful_rps,125.42931709908792,120.51043995098006,-3.9216327265993223,1.0408170209162684
real loopback TLS,first_hybrid_direct_1000,final_direct_1000,backend_metrics.direct_timeout_rate,0.0,0.0,,
real loopback TLS,first_hybrid_direct_1000,final_direct_1000,backend_metrics.direct_tls_handshake_attempts,,28,,
real loopback TLS,first_hybrid_direct_1000,final_direct_1000,backend_metrics.direct_tls_handshake_seconds,,0.8498191530002828,,
real loopback TLS,first_hybrid_direct_1000,final_direct_1000,backend_metrics.direct_tls_handshake_successful,,28,,
real loopback TLS,first_hybrid_direct_1000,final_direct_1000,backend_metrics.findtik_429_count,,0,,
real loopback TLS,first_hybrid_direct_1000,final_direct_1000,backend_metrics.findtik_jobs_moved_to_direct,,0,,
real loopback TLS,first_hybrid_direct_1000,final_direct_1000,backend_metrics.findtik_requests_cancelled_after_429,,0,,
real loopback TLS,first_hybrid_direct_1000,final_direct_1000,backend_metrics.hybrid_records_per_second,125.42931709908792,120.51043995098006,-3.9216327265993223,1.0408170209162684
real loopback TLS,first_hybrid_direct_1000,final_direct_1000,backend_metrics.hybrid_total_successful_rps,125.42931709908792,120.51043995098006,-3.9216327265993223,1.0408170209162684
real loopback TLS,first_hybrid_direct_1000,final_direct_1000,backend_metrics.worker_429_count,,0,,
real loopback TLS,first_hybrid_direct_1000,final_direct_1000,backend_metrics.worker_active_requests,0,0,,
real loopback TLS,first_hybrid_direct_1000,final_direct_1000,backend_metrics.worker_average_latency,0,0,,
real loopback TLS,first_hybrid_direct_1000,final_direct_1000,backend_metrics.worker_followers_received,0,0,,
real loopback TLS,first_hybrid_direct_1000,final_direct_1000,backend_metrics.worker_following_received,0,0,,
real loopback TLS,first_hybrid_direct_1000,final_direct_1000,backend_metrics.worker_http_error_rate,0.0,0.0,,
real loopback TLS,first_hybrid_direct_1000,final_direct_1000,backend_metrics.worker_invalid_response_rate,0.0,0.0,,
real loopback TLS,first_hybrid_direct_1000,final_direct_1000,backend_metrics.worker_median_latency,0,0,,
real loopback TLS,first_hybrid_direct_1000,final_direct_1000,backend_metrics.worker_network_error_rate,0.0,0.0,,
real loopback TLS,first_hybrid_direct_1000,final_direct_1000,backend_metrics.worker_p95_latency,0,0,,
real loopback TLS,first_hybrid_direct_1000,final_direct_1000,backend_metrics.worker_p99_latency,0,0,,
real loopback TLS,first_hybrid_direct_1000,final_direct_1000,backend_metrics.worker_recent_success_percent,0.0,0.0,,
real loopback TLS,first_hybrid_direct_1000,final_direct_1000,backend_metrics.worker_records_per_second,0.0,0.0,,
real loopback TLS,first_hybrid_direct_1000,final_direct_1000,backend_metrics.worker_requests_failed,0,0,,
real loopback TLS,first_hybrid_direct_1000,final_direct_1000,backend_metrics.worker_requests_per_second,0.0,0.0,,
real loopback TLS,first_hybrid_direct_1000,final_direct_1000,backend_metrics.worker_requests_successful,0,0,,
real loopback TLS,first_hybrid_direct_1000,final_direct_1000,backend_metrics.worker_requests_total,0,0,,
real loopback TLS,first_hybrid_direct_1000,final_direct_1000,backend_metrics.worker_risk_control_count,0,0,,
real loopback TLS,first_hybrid_direct_1000,final_direct_1000,backend_metrics.worker_risk_control_rate,0.0,0.0,,
real loopback TLS,first_hybrid_direct_1000,final_direct_1000,backend_metrics.worker_successful_rps,0.0,0.0,,
real loopback TLS,first_hybrid_direct_1000,final_direct_1000,backend_metrics.worker_timeout_rate,0.0,0.0,,
real loopback TLS,first_hybrid_direct_1000,final_direct_1000,configured_workers,1000,1000,0.0,1.0
real loopback TLS,first_hybrid_direct_1000,final_direct_1000,cpu_percent_of_one_core,102.60841514572084,102.86103040189397,0.24619350743735335,0.9975441111644894
real loopback TLS,first_hybrid_direct_1000,final_direct_1000,cpu_seconds,16.366552354,17.076476257,4.337650884833377,0.9584267917856304
real loopback TLS,first_hybrid_direct_1000,final_direct_1000,elapsed_seconds,15.950497169999949,16.601502230999984,4.081409212901899,0.9607863763205469
real loopback TLS,first_hybrid_direct_1000,final_direct_1000,event_loop_max,0.026539960999893992,0.030840826000012384,16.205242351846593,0.8605463744675105
real loopback TLS,first_hybrid_direct_1000,final_direct_1000,event_loop_p95,0.023510077000064484,0.024240225000010013,3.1056810232630294,0.9698786624321669
real loopback TLS,first_hybrid_direct_1000,final_direct_1000,harness_version,2,2,0.0,1.0
real loopback TLS,first_hybrid_direct_1000,final_direct_1000,loopback_interface_bytes.received,4759204,4751360,-0.16481747788075207,1.0016508957435344
real loopback TLS,first_hybrid_direct_1000,final_direct_1000,loopback_interface_bytes.transmitted,4759204,4751360,-0.16481747788075207,1.0016508957435344
real loopback TLS,first_hybrid_direct_1000,final_direct_1000,median_latency,7.297355707499946,7.580186882500016,3.875803597039762,0.9626880999922275
real loopback TLS,first_hybrid_direct_1000,final_direct_1000,new_tls_connections,28,28,0.0,1.0
real loopback TLS,first_hybrid_direct_1000,final_direct_1000,p95_latency,9.094767559000047,9.451703986000041,3.9246349583368367,0.9622357590198877
real loopback TLS,first_hybrid_direct_1000,final_direct_1000,p99_latency,10.088652851999996,10.840137809999987,7.44881372195314,0.9306757006994183
real loopback TLS,first_hybrid_direct_1000,final_direct_1000,peak_active_jobs,1000,1000,0.0,1.0
real loopback TLS,first_hybrid_direct_1000,final_direct_1000,peak_admitted_requests,1000,125,-87.5,8.0
real loopback TLS,first_hybrid_direct_1000,final_direct_1000,peak_rss_bytes,70184960,68276224,-2.7195798074117317,1.0279560861479393
real loopback TLS,first_hybrid_direct_1000,final_direct_1000,sampled_average_active_connections,11.47722274088839,11.385823679982394,-0.7963517217486782,1.0080274439052386
real loopback TLS,first_hybrid_direct_1000,final_direct_1000,sampled_average_idle_connections,16.26660057317833,16.395134995841026,0.7901738416976611,0.9921602095563531
real loopback TLS,first_hybrid_direct_1000,final_direct_1000,sampled_peak_active_connections,25,25,0.0,1.0
real loopback TLS,first_hybrid_direct_1000,final_direct_1000,server_requests,2000,2000,0.0,1.0
real loopback TLS,first_hybrid_direct_1000,final_direct_1000,successful_requests,2000,2000,0.0,1.0
real loopback TLS,first_hybrid_direct_1000,final_direct_1000,successful_rps,125.38794112083507,120.47102558378121,-3.9213623679453136,1.040814092129019
real loopback TLS,original_worker_1000,final_direct_1000,actual_connection_ceiling,1000,1000,0.0,1.0
real loopback TLS,original_worker_1000,final_direct_1000,attempted_requests,2000,2000,0.0,1.0
real loopback TLS,original_worker_1000,final_direct_1000,attempted_rps,157.6279135561587,120.47102558378121,-23.572530482768496,1.3084300792852206
real loopback TLS,original_worker_1000,final_direct_1000,average_latency,4.8163428253435,6.382994212498999,32.527821294443804,0.7545585449399709
real loopback TLS,original_worker_1000,final_direct_1000,backend_metrics.backend_connection_pools.direct.active,,0,,
real loopback TLS,original_worker_1000,final_direct_1000,backend_metrics.backend_connection_pools.direct.idle_keepalive,,28,,
real loopback TLS,original_worker_1000,final_direct_1000,backend_metrics.backend_failovers,,0,,
real loopback TLS,original_worker_1000,final_direct_1000,backend_metrics.backend_stages.backend_routing_calls,,2000,,
real loopback TLS,original_worker_1000,final_direct_1000,backend_metrics.backend_stages.backend_routing_seconds,,0.003112202001091191,,
real loopback TLS,original_worker_1000,final_direct_1000,backend_metrics.backend_stages.direct_admission_wait_seconds,,0.03232354999988729,,
real loopback TLS,original_worker_1000,final_direct_1000,backend_metrics.backend_stages.json_parsing_calls,,2000,,
real loopback TLS,original_worker_1000,final_direct_1000,backend_metrics.backend_stages.json_parsing_seconds,,0.032229672000596565,,
real loopback TLS,original_worker_1000,final_direct_1000,backend_metrics.backend_stages.normalization_calls,,2000,,
real loopback TLS,original_worker_1000,final_direct_1000,backend_metrics.backend_stages.normalization_seconds,,0.05270308400002932,,
real loopback TLS,original_worker_1000,final_direct_1000,backend_metrics.backend_stages.proxy_selection_calls,,2000,,
real loopback TLS,original_worker_1000,final_direct_1000,backend_metrics.backend_stages.proxy_selection_seconds,,0.0025996099990948096,,
real loopback TLS,original_worker_1000,final_direct_1000,backend_metrics.backend_stages.signing_calls,,2000,,
real loopback TLS,original_worker_1000,final_direct_1000,backend_metrics.backend_stages.signing_seconds,,34.301753402000884,,
real loopback TLS,original_worker_1000,final_direct_1000,backend_metrics.backend_switches,,0,,
real loopback TLS,original_worker_1000,final_direct_1000,backend_metrics.cursor_chain_restarts,,0,,
real loopback TLS,original_worker_1000,final_direct_1000,backend_metrics.direct_429_count,,0,,
real loopback TLS,original_worker_1000,final_direct_1000,backend_metrics.direct_active_requests,,0,,
real loopback TLS,original_worker_1000,final_direct_1000,backend_metrics.direct_average_latency,,0.8447263478110006,,
real loopback TLS,original_worker_1000,final_direct_1000,backend_metrics.direct_connect_tcp_attempts,,28,,
real loopback TLS,original_worker_1000,final_direct_1000,backend_metrics.direct_connect_tcp_seconds,,1.0305161899999007,,
real loopback TLS,original_worker_1000,final_direct_1000,backend_metrics.direct_connect_tcp_successful,,28,,
real loopback TLS,original_worker_1000,final_direct_1000,backend_metrics.direct_connection_pool_wait_seconds,,0.004649992999247843,,
real loopback TLS,original_worker_1000,final_direct_1000,backend_metrics.direct_cooldown_count,,0,,
real loopback TLS,original_worker_1000,final_direct_1000,backend_metrics.direct_cooldown_remaining_seconds,,0.0,,
real loopback TLS,original_worker_1000,final_direct_1000,backend_metrics.direct_followers_received,,0,,
real loopback TLS,original_worker_1000,final_direct_1000,backend_metrics.direct_following_received,,0,,
real loopback TLS,original_worker_1000,final_direct_1000,backend_metrics.direct_http_error_rate,,0.0,,
real loopback TLS,original_worker_1000,final_direct_1000,backend_metrics.direct_invalid_response_rate,,0.0,,
real loopback TLS,original_worker_1000,final_direct_1000,backend_metrics.direct_latency_seconds,,1689.4526956220031,,
real loopback TLS,original_worker_1000,final_direct_1000,backend_metrics.direct_median_latency,,0.5916848749999986,,
real loopback TLS,original_worker_1000,final_direct_1000,backend_metrics.direct_network_error_rate,,0.0,,
real loopback TLS,original_worker_1000,final_direct_1000,backend_metrics.direct_new_connection_requests,,28,,
real loopback TLS,original_worker_1000,final_direct_1000,backend_metrics.direct_p95_latency,,2.4319555470000296,,
real loopback TLS,original_worker_1000,final_direct_1000,backend_metrics.direct_p99_latency,,3.8136091719999854,,
real loopback TLS,original_worker_1000,final_direct_1000,backend_metrics.direct_peak_active_requests,,122,,
real loopback TLS,original_worker_1000,final_direct_1000,backend_metrics.direct_profile_received,,2000,,
real loopback TLS,original_worker_1000,final_direct_1000,backend_metrics.direct_recent_success_percent,,100.0,,
real loopback TLS,original_worker_1000,final_direct_1000,backend_metrics.direct_records,,2000,,
real loopback TLS,original_worker_1000,final_direct_1000,backend_metrics.direct_records_per_second,,120.51043995098006,,
real loopback TLS,original_worker_1000,final_direct_1000,backend_metrics.direct_recovery_429s,,0,,
real loopback TLS,original_worker_1000,final_direct_1000,backend_metrics.direct_recovery_attempts,,0,,
real loopback TLS,original_worker_1000,final_direct_1000,backend_metrics.direct_recovery_successes,,0,,
real loopback TLS,original_worker_1000,final_direct_1000,backend_metrics.direct_requests_failed,,0,,
real loopback TLS,original_worker_1000,final_direct_1000,backend_metrics.direct_requests_per_second,,120.51043995098006,,
real loopback TLS,original_worker_1000,final_direct_1000,backend_metrics.direct_requests_successful,,2000,,
real loopback TLS,original_worker_1000,final_direct_1000,backend_metrics.direct_requests_total,,2000,,
real loopback TLS,original_worker_1000,final_direct_1000,backend_metrics.direct_response_body_bytes,,627780,,
real loopback TLS,original_worker_1000,final_direct_1000,backend_metrics.direct_reused_connection_requests,,1972,,
real loopback TLS,original_worker_1000,final_direct_1000,backend_metrics.direct_risk_control_count,,0,,
real loopback TLS,original_worker_1000,final_direct_1000,backend_metrics.direct_risk_control_rate,,0.0,,
real loopback TLS,original_worker_1000,final_direct_1000,backend_metrics.direct_successful_rps,,120.51043995098006,,
real loopback TLS,original_worker_1000,final_direct_1000,backend_metrics.direct_timeout_rate,,0.0,,
real loopback TLS,original_worker_1000,final_direct_1000,backend_metrics.direct_tls_handshake_attempts,,28,,
real loopback TLS,original_worker_1000,final_direct_1000,backend_metrics.direct_tls_handshake_seconds,,0.8498191530002828,,
real loopback TLS,original_worker_1000,final_direct_1000,backend_metrics.direct_tls_handshake_successful,,28,,
real loopback TLS,original_worker_1000,final_direct_1000,backend_metrics.findtik_429_count,,0,,
real loopback TLS,original_worker_1000,final_direct_1000,backend_metrics.findtik_jobs_moved_to_direct,,0,,
real loopback TLS,original_worker_1000,final_direct_1000,backend_metrics.findtik_requests_cancelled_after_429,,0,,
real loopback TLS,original_worker_1000,final_direct_1000,backend_metrics.hybrid_records_per_second,,120.51043995098006,,
real loopback TLS,original_worker_1000,final_direct_1000,backend_metrics.hybrid_total_successful_rps,,120.51043995098006,,
real loopback TLS,original_worker_1000,final_direct_1000,backend_metrics.worker_429_count,,0,,
real loopback TLS,original_worker_1000,final_direct_1000,backend_metrics.worker_active_requests,,0,,
real loopback TLS,original_worker_1000,final_direct_1000,backend_metrics.worker_average_latency,,0,,
real loopback TLS,original_worker_1000,final_direct_1000,backend_metrics.worker_followers_received,,0,,
real loopback TLS,original_worker_1000,final_direct_1000,backend_metrics.worker_following_received,,0,,
real loopback TLS,original_worker_1000,final_direct_1000,backend_metrics.worker_http_error_rate,,0.0,,
real loopback TLS,original_worker_1000,final_direct_1000,backend_metrics.worker_invalid_response_rate,,0.0,,
real loopback TLS,original_worker_1000,final_direct_1000,backend_metrics.worker_median_latency,,0,,
real loopback TLS,original_worker_1000,final_direct_1000,backend_metrics.worker_network_error_rate,,0.0,,
real loopback TLS,original_worker_1000,final_direct_1000,backend_metrics.worker_p95_latency,,0,,
real loopback TLS,original_worker_1000,final_direct_1000,backend_metrics.worker_p99_latency,,0,,
real loopback TLS,original_worker_1000,final_direct_1000,backend_metrics.worker_recent_success_percent,,0.0,,
real loopback TLS,original_worker_1000,final_direct_1000,backend_metrics.worker_records_per_second,,0.0,,
real loopback TLS,original_worker_1000,final_direct_1000,backend_metrics.worker_requests_failed,,0,,
real loopback TLS,original_worker_1000,final_direct_1000,backend_metrics.worker_requests_per_second,,0.0,,
real loopback TLS,original_worker_1000,final_direct_1000,backend_metrics.worker_requests_successful,,0,,
real loopback TLS,original_worker_1000,final_direct_1000,backend_metrics.worker_requests_total,,0,,
real loopback TLS,original_worker_1000,final_direct_1000,backend_metrics.worker_risk_control_count,,0,,
real loopback TLS,original_worker_1000,final_direct_1000,backend_metrics.worker_risk_control_rate,,0.0,,
real loopback TLS,original_worker_1000,final_direct_1000,backend_metrics.worker_successful_rps,,0.0,,
real loopback TLS,original_worker_1000,final_direct_1000,backend_metrics.worker_timeout_rate,,0.0,,
real loopback TLS,original_worker_1000,final_direct_1000,configured_workers,1000,1000,0.0,1.0
real loopback TLS,original_worker_1000,final_direct_1000,cpu_percent_of_one_core,99.79365593449862,102.86103040189397,3.0737168998084208,0.970179430874738
real loopback TLS,original_worker_1000,final_direct_1000,cpu_seconds,12.661926899000001,17.076476257,34.86475157543869,0.7414835887942406
real loopback TLS,original_worker_1000,final_direct_1000,elapsed_seconds,12.688108057000022,16.601502230999984,30.843007928522038,0.7642746951723152
real loopback TLS,original_worker_1000,final_direct_1000,event_loop_max,0.04009424399996987,0.030840826000012384,-23.07916817178157,1.300037943210528
real loopback TLS,original_worker_1000,final_direct_1000,event_loop_p95,0.019460295000026235,0.024240225000010013,24.562474515300693,0.8028099986703174
real loopback TLS,original_worker_1000,final_direct_1000,harness_version,2,2,0.0,1.0
real loopback TLS,original_worker_1000,final_direct_1000,loopback_interface_bytes.received,2438502,4751360,94.84749243592994,0.5132218985721982
real loopback TLS,original_worker_1000,final_direct_1000,loopback_interface_bytes.transmitted,2438502,4751360,94.84749243592994,0.5132218985721982
real loopback TLS,original_worker_1000,final_direct_1000,median_latency,5.645207631999938,7.580186882500016,34.276493915504915,0.7447319860982236
real loopback TLS,original_worker_1000,final_direct_1000,new_tls_connections,28,28,0.0,1.0
real loopback TLS,original_worker_1000,final_direct_1000,p95_latency,7.312949634999995,9.451703986000041,29.246124447020705,0.7737175905881108
real loopback TLS,original_worker_1000,final_direct_1000,p99_latency,8.520439435999947,10.840137809999987,27.22510254810353,0.786008405551807
real loopback TLS,original_worker_1000,final_direct_1000,peak_active_jobs,1000,1000,0.0,1.0
real loopback TLS,original_worker_1000,final_direct_1000,peak_admitted_requests,1000,125,-87.5,8.0
real loopback TLS,original_worker_1000,final_direct_1000,peak_rss_bytes,67514368,68276224,1.1284353576411998,0.9888415621812946
real loopback TLS,original_worker_1000,final_direct_1000,sampled_average_active_connections,12.054987282726945,11.385823679982394,-5.550927487939905,1.0587716463518593
real loopback TLS,original_worker_1000,final_direct_1000,sampled_average_idle_connections,15.723874700210516,16.395134995841026,4.269051416579428,0.9590573486707618
real loopback TLS,original_worker_1000,final_direct_1000,sampled_peak_active_connections,26,25,-3.8461538461538436,1.04
real loopback TLS,original_worker_1000,final_direct_1000,server_requests,2000,2000,0.0,1.0
real loopback TLS,original_worker_1000,final_direct_1000,successful_requests,2000,2000,0.0,1.0
real loopback TLS,original_worker_1000,final_direct_1000,successful_rps,157.6279135561587,120.47102558378121,-23.572530482768496,1.3084300792852206
real loopback TLS,first_hybrid_direct_2500,final_direct_2500,actual_connection_ceiling,2500,2500,0.0,1.0
real loopback TLS,first_hybrid_direct_2500,final_direct_2500,attempted_requests,5000,5000,0.0,1.0
real loopback TLS,first_hybrid_direct_2500,final_direct_2500,attempted_rps,123.53433238292526,119.047406936319,-3.6321282999271065,1.0376902409055109
real loopback TLS,first_hybrid_direct_2500,final_direct_2500,average_latency,15.3127085177252,15.9291880520896,4.025933972757301,0.9612987471584573
real loopback TLS,first_hybrid_direct_2500,final_direct_2500,backend_metrics.backend_connection_pools.direct.active,,0,,
real loopback TLS,first_hybrid_direct_2500,final_direct_2500,backend_metrics.backend_connection_pools.direct.idle_keepalive,,28,,
real loopback TLS,first_hybrid_direct_2500,final_direct_2500,backend_metrics.backend_failovers,0,0,,
real loopback TLS,first_hybrid_direct_2500,final_direct_2500,backend_metrics.backend_stages.backend_routing_calls,5000,5000,0.0,1.0
real loopback TLS,first_hybrid_direct_2500,final_direct_2500,backend_metrics.backend_stages.backend_routing_seconds,0.007804750003629124,0.008110462999297852,3.917012018662658,0.9623063448171585
real loopback TLS,first_hybrid_direct_2500,final_direct_2500,backend_metrics.backend_stages.direct_admission_wait_seconds,0.07099156500021309,0.08223659200137945,15.839948029223772,0.8632600558036533
real loopback TLS,first_hybrid_direct_2500,final_direct_2500,backend_metrics.backend_stages.json_parsing_calls,5000,5000,0.0,1.0
real loopback TLS,first_hybrid_direct_2500,final_direct_2500,backend_metrics.backend_stages.json_parsing_seconds,0.0766681580050772,0.08860989000010022,15.575869181873658,0.8652325152981285
real loopback TLS,first_hybrid_direct_2500,final_direct_2500,backend_metrics.backend_stages.normalization_calls,5000,5000,0.0,1.0
real loopback TLS,first_hybrid_direct_2500,final_direct_2500,backend_metrics.backend_stages.normalization_seconds,0.13137719599615139,0.14027357000026086,6.771627249808332,0.9365784017324651
real loopback TLS,first_hybrid_direct_2500,final_direct_2500,backend_metrics.backend_stages.proxy_selection_calls,5000,5000,0.0,1.0
real loopback TLS,first_hybrid_direct_2500,final_direct_2500,backend_metrics.backend_stages.proxy_selection_seconds,0.00653396099960446,0.006465906000698851,-1.0415580826045434,1.0105252069699517
real loopback TLS,first_hybrid_direct_2500,final_direct_2500,backend_metrics.backend_stages.signing_calls,5000,5000,0.0,1.0
real loopback TLS,first_hybrid_direct_2500,final_direct_2500,backend_metrics.backend_stages.signing_seconds,85.2064288340058,87.6426643619995,2.8592156264873214,0.9722026304685233
real loopback TLS,first_hybrid_direct_2500,final_direct_2500,backend_metrics.backend_switches,0,0,,
real loopback TLS,first_hybrid_direct_2500,final_direct_2500,backend_metrics.cursor_chain_restarts,0,0,,
real loopback TLS,first_hybrid_direct_2500,final_direct_2500,backend_metrics.direct_429_count,,0,,
real loopback TLS,first_hybrid_direct_2500,final_direct_2500,backend_metrics.direct_active_requests,0,0,,
real loopback TLS,first_hybrid_direct_2500,final_direct_2500,backend_metrics.direct_average_latency,0.9225845262519539,0.9590632787277836,3.9539740194892037,0.9619641860084357
real loopback TLS,first_hybrid_direct_2500,final_direct_2500,backend_metrics.direct_connect_tcp_attempts,,28,,
real loopback TLS,first_hybrid_direct_2500,final_direct_2500,backend_metrics.direct_connect_tcp_seconds,,1.0308489799999734,,
real loopback TLS,first_hybrid_direct_2500,final_direct_2500,backend_metrics.direct_connect_tcp_successful,,28,,
real loopback TLS,first_hybrid_direct_2500,final_direct_2500,backend_metrics.direct_connection_pool_wait_seconds,,0.012872191000496969,,
real loopback TLS,first_hybrid_direct_2500,final_direct_2500,backend_metrics.direct_cooldown_count,,0,,
real loopback TLS,first_hybrid_direct_2500,final_direct_2500,backend_metrics.direct_cooldown_remaining_seconds,,0.0,,
real loopback TLS,first_hybrid_direct_2500,final_direct_2500,backend_metrics.direct_followers_received,0,0,,
real loopback TLS,first_hybrid_direct_2500,final_direct_2500,backend_metrics.direct_following_received,0,0,,
real loopback TLS,first_hybrid_direct_2500,final_direct_2500,backend_metrics.direct_http_error_rate,0.0,0.0,,
real loopback TLS,first_hybrid_direct_2500,final_direct_2500,backend_metrics.direct_invalid_response_rate,0.0,0.0,,
real loopback TLS,first_hybrid_direct_2500,final_direct_2500,backend_metrics.direct_latency_seconds,4382.821578077008,4581.307166112997,4.528717049053954,0.9566749006693663
real loopback TLS,first_hybrid_direct_2500,final_direct_2500,backend_metrics.direct_median_latency,0.6656292470000835,0.7037910629999828,5.733193992284802,0.9457767823347591
real loopback TLS,first_hybrid_direct_2500,final_direct_2500,backend_metrics.direct_network_error_rate,0.0,0.0,,
real loopback TLS,first_hybrid_direct_2500,final_direct_2500,backend_metrics.direct_new_connection_requests,,28,,
real loopback TLS,first_hybrid_direct_2500,final_direct_2500,backend_metrics.direct_p95_latency,2.5980798519999553,2.675008235000007,2.9609706930614044,0.9712418145134976
real loopback TLS,first_hybrid_direct_2500,final_direct_2500,backend_metrics.direct_p99_latency,3.88755233400002,3.999922467000033,2.890511132602347,0.971906922214847
real loopback TLS,first_hybrid_direct_2500,final_direct_2500,backend_metrics.direct_peak_active_requests,123,125,1.6260162601626105,0.984
real loopback TLS,first_hybrid_direct_2500,final_direct_2500,backend_metrics.direct_profile_received,5000,5000,0.0,1.0
real loopback TLS,first_hybrid_direct_2500,final_direct_2500,backend_metrics.direct_recent_success_percent,100.0,100.0,0.0,1.0
real loopback TLS,first_hybrid_direct_2500,final_direct_2500,backend_metrics.direct_records,5000,5000,0.0,1.0
real loopback TLS,first_hybrid_direct_2500,final_direct_2500,backend_metrics.direct_records_per_second,123.5525908377538,119.06487848829356,-3.6322284454183507,1.0376913192743187
real loopback TLS,first_hybrid_direct_2500,final_direct_2500,backend_metrics.direct_recovery_429s,,0,,
real loopback TLS,first_hybrid_direct_2500,final_direct_2500,backend_metrics.direct_recovery_attempts,,0,,
real loopback TLS,first_hybrid_direct_2500,final_direct_2500,backend_metrics.direct_recovery_successes,,0,,
real loopback TLS,first_hybrid_direct_2500,final_direct_2500,backend_metrics.direct_requests_failed,0,0,,
real loopback TLS,first_hybrid_direct_2500,final_direct_2500,backend_metrics.direct_requests_per_second,123.5525908377538,119.06487848829356,-3.6322284454183507,1.0376913192743187
real loopback TLS,first_hybrid_direct_2500,final_direct_2500,backend_metrics.direct_requests_successful,5000,5000,0.0,1.0
real loopback TLS,first_hybrid_direct_2500,final_direct_2500,backend_metrics.direct_requests_total,5000,5000,0.0,1.0
real loopback TLS,first_hybrid_direct_2500,final_direct_2500,backend_metrics.direct_response_body_bytes,1572780,1572780,0.0,1.0
real loopback TLS,first_hybrid_direct_2500,final_direct_2500,backend_metrics.direct_reused_connection_requests,,4972,,
real loopback TLS,first_hybrid_direct_2500,final_direct_2500,backend_metrics.direct_risk_control_count,0,0,,
real loopback TLS,first_hybrid_direct_2500,final_direct_2500,backend_metrics.direct_risk_control_rate,0.0,0.0,,
real loopback TLS,first_hybrid_direct_2500,final_direct_2500,backend_metrics.direct_successful_rps,123.5525908377538,119.06487848829356,-3.6322284454183507,1.0376913192743187
real loopback TLS,first_hybrid_direct_2500,final_direct_2500,backend_metrics.direct_timeout_rate,0.0,0.0,,
real loopback TLS,first_hybrid_direct_2500,final_direct_2500,backend_metrics.direct_tls_handshake_attempts,,28,,
real loopback TLS,first_hybrid_direct_2500,final_direct_2500,backend_metrics.direct_tls_handshake_seconds,,0.8433302189999949,,
real loopback TLS,first_hybrid_direct_2500,final_direct_2500,backend_metrics.direct_tls_handshake_successful,,28,,
real loopback TLS,first_hybrid_direct_2500,final_direct_2500,backend_metrics.findtik_429_count,,0,,
real loopback TLS,first_hybrid_direct_2500,final_direct_2500,backend_metrics.findtik_jobs_moved_to_direct,,0,,
real loopback TLS,first_hybrid_direct_2500,final_direct_2500,backend_metrics.findtik_requests_cancelled_after_429,,0,,
real loopback TLS,first_hybrid_direct_2500,final_direct_2500,backend_metrics.hybrid_records_per_second,123.5525908377538,119.06487848829356,-3.6322284454183507,1.0376913192743187
real loopback TLS,first_hybrid_direct_2500,final_direct_2500,backend_metrics.hybrid_total_successful_rps,123.5525908377538,119.06487848829356,-3.6322284454183507,1.0376913192743187
real loopback TLS,first_hybrid_direct_2500,final_direct_2500,backend_metrics.worker_429_count,,0,,
real loopback TLS,first_hybrid_direct_2500,final_direct_2500,backend_metrics.worker_active_requests,0,0,,
real loopback TLS,first_hybrid_direct_2500,final_direct_2500,backend_metrics.worker_average_latency,0,0,,
real loopback TLS,first_hybrid_direct_2500,final_direct_2500,backend_metrics.worker_followers_received,0,0,,
real loopback TLS,first_hybrid_direct_2500,final_direct_2500,backend_metrics.worker_following_received,0,0,,
real loopback TLS,first_hybrid_direct_2500,final_direct_2500,backend_metrics.worker_http_error_rate,0.0,0.0,,
real loopback TLS,first_hybrid_direct_2500,final_direct_2500,backend_metrics.worker_invalid_response_rate,0.0,0.0,,
real loopback TLS,first_hybrid_direct_2500,final_direct_2500,backend_metrics.worker_median_latency,0,0,,
real loopback TLS,first_hybrid_direct_2500,final_direct_2500,backend_metrics.worker_network_error_rate,0.0,0.0,,
real loopback TLS,first_hybrid_direct_2500,final_direct_2500,backend_metrics.worker_p95_latency,0,0,,
real loopback TLS,first_hybrid_direct_2500,final_direct_2500,backend_metrics.worker_p99_latency,0,0,,
real loopback TLS,first_hybrid_direct_2500,final_direct_2500,backend_metrics.worker_recent_success_percent,0.0,0.0,,
real loopback TLS,first_hybrid_direct_2500,final_direct_2500,backend_metrics.worker_records_per_second,0.0,0.0,,
real loopback TLS,first_hybrid_direct_2500,final_direct_2500,backend_metrics.worker_requests_failed,0,0,,
real loopback TLS,first_hybrid_direct_2500,final_direct_2500,backend_metrics.worker_requests_per_second,0.0,0.0,,
real loopback TLS,first_hybrid_direct_2500,final_direct_2500,backend_metrics.worker_requests_successful,0,0,,
real loopback TLS,first_hybrid_direct_2500,final_direct_2500,backend_metrics.worker_requests_total,0,0,,
real loopback TLS,first_hybrid_direct_2500,final_direct_2500,backend_metrics.worker_risk_control_count,0,0,,
real loopback TLS,first_hybrid_direct_2500,final_direct_2500,backend_metrics.worker_risk_control_rate,0.0,0.0,,
real loopback TLS,first_hybrid_direct_2500,final_direct_2500,backend_metrics.worker_successful_rps,0.0,0.0,,
real loopback TLS,first_hybrid_direct_2500,final_direct_2500,backend_metrics.worker_timeout_rate,0.0,0.0,,
real loopback TLS,first_hybrid_direct_2500,final_direct_2500,configured_workers,2500,2500,0.0,1.0
real loopback TLS,first_hybrid_direct_2500,final_direct_2500,cpu_percent_of_one_core,103.06610457551547,102.6110697477576,-0.44149803626707396,1.0044345588529235
real loopback TLS,first_hybrid_direct_2500,final_direct_2500,cpu_seconds,41.71557112399999,43.096726081,3.3108858869377755,0.9679522069865786
real loopback TLS,first_hybrid_direct_2500,final_direct_2500,elapsed_seconds,40.47457822900003,42.000074832999985,3.7690240905510874,0.9636787170007289
real loopback TLS,first_hybrid_direct_2500,final_direct_2500,event_loop_max,0.05534435699994901,0.03149358300002404,-43.09522287872446,1.7573217058188253
real loopback TLS,first_hybrid_direct_2500,final_direct_2500,event_loop_p95,0.024408248999957322,0.025558815999982016,4.713844897381647,0.9549835563577944
real loopback TLS,first_hybrid_direct_2500,final_direct_2500,harness_version,2,2,0.0,1.0
real loopback TLS,first_hybrid_direct_2500,final_direct_2500,loopback_interface_bytes.received,11789290,11769690,-0.16625259027472916,1.001665294497986
real loopback TLS,first_hybrid_direct_2500,final_direct_2500,loopback_interface_bytes.transmitted,11789290,11769690,-0.16625259027472916,1.001665294497986
real loopback TLS,first_hybrid_direct_2500,final_direct_2500,median_latency,19.350221546499938,20.203086966,4.407522763760441,0.9577853908694568
real loopback TLS,first_hybrid_direct_2500,final_direct_2500,new_tls_connections,28,28,0.0,1.0
real loopback TLS,first_hybrid_direct_2500,final_direct_2500,p95_latency,21.274027329999967,22.211867431999963,4.408380639228948,0.9577775211890164
real loopback TLS,first_hybrid_direct_2500,final_direct_2500,p99_latency,22.531436611000004,23.436135446000037,4.0152736402008005,0.9613972688848561
real loopback TLS,first_hybrid_direct_2500,final_direct_2500,peak_active_jobs,2500,2500,0.0,1.0
real loopback TLS,first_hybrid_direct_2500,final_direct_2500,peak_admitted_requests,2500,128,-94.88,19.53125
real loopback TLS,first_hybrid_direct_2500,final_direct_2500,peak_rss_bytes,80400384,75382784,-6.240766213255899,1.066561617039774
real loopback TLS,first_hybrid_direct_2500,final_direct_2500,sampled_average_active_connections,11.721008837000978,11.729221135266538,0.07006477326112481,0.9992998428309218
real loopback TLS,first_hybrid_direct_2500,final_direct_2500,sampled_average_idle_connections,16.145726135319567,16.16189047422026,0.1001152798283389,0.9989998485061833
real loopback TLS,first_hybrid_direct_2500,final_direct_2500,sampled_peak_active_connections,26,25,-3.8461538461538436,1.04
real loopback TLS,first_hybrid_direct_2500,final_direct_2500,server_requests,5000,5000,0.0,1.0
real loopback TLS,first_hybrid_direct_2500,final_direct_2500,successful_requests,5000,5000,0.0,1.0
real loopback TLS,first_hybrid_direct_2500,final_direct_2500,successful_rps,123.53433238292526,119.047406936319,-3.6321282999271065,1.0376902409055109
real loopback TLS,original_worker_2500,final_direct_2500,actual_connection_ceiling,2500,2500,0.0,1.0
real loopback TLS,original_worker_2500,final_direct_2500,attempted_requests,5000,5000,0.0,1.0
real loopback TLS,original_worker_2500,final_direct_2500,attempted_rps,160.24383517280535,119.047406936319,-25.70858853450464,1.346050613756948
real loopback TLS,original_worker_2500,final_direct_2500,average_latency,11.8504571360412,15.9291880520896,34.41834242531976,0.7439460879794592
real loopback TLS,original_worker_2500,final_direct_2500,backend_metrics.backend_connection_pools.direct.active,,0,,
real loopback TLS,original_worker_2500,final_direct_2500,backend_metrics.backend_connection_pools.direct.idle_keepalive,,28,,
real loopback TLS,original_worker_2500,final_direct_2500,backend_metrics.backend_failovers,,0,,
real loopback TLS,original_worker_2500,final_direct_2500,backend_metrics.backend_stages.backend_routing_calls,,5000,,
real loopback TLS,original_worker_2500,final_direct_2500,backend_metrics.backend_stages.backend_routing_seconds,,0.008110462999297852,,
real loopback TLS,original_worker_2500,final_direct_2500,backend_metrics.backend_stages.direct_admission_wait_seconds,,0.08223659200137945,,
real loopback TLS,original_worker_2500,final_direct_2500,backend_metrics.backend_stages.json_parsing_calls,,5000,,
real loopback TLS,original_worker_2500,final_direct_2500,backend_metrics.backend_stages.json_parsing_seconds,,0.08860989000010022,,
real loopback TLS,original_worker_2500,final_direct_2500,backend_metrics.backend_stages.normalization_calls,,5000,,
real loopback TLS,original_worker_2500,final_direct_2500,backend_metrics.backend_stages.normalization_seconds,,0.14027357000026086,,
real loopback TLS,original_worker_2500,final_direct_2500,backend_metrics.backend_stages.proxy_selection_calls,,5000,,
real loopback TLS,original_worker_2500,final_direct_2500,backend_metrics.backend_stages.proxy_selection_seconds,,0.006465906000698851,,
real loopback TLS,original_worker_2500,final_direct_2500,backend_metrics.backend_stages.signing_calls,,5000,,
real loopback TLS,original_worker_2500,final_direct_2500,backend_metrics.backend_stages.signing_seconds,,87.6426643619995,,
real loopback TLS,original_worker_2500,final_direct_2500,backend_metrics.backend_switches,,0,,
real loopback TLS,original_worker_2500,final_direct_2500,backend_metrics.cursor_chain_restarts,,0,,
real loopback TLS,original_worker_2500,final_direct_2500,backend_metrics.direct_429_count,,0,,
real loopback TLS,original_worker_2500,final_direct_2500,backend_metrics.direct_active_requests,,0,,
real loopback TLS,original_worker_2500,final_direct_2500,backend_metrics.direct_average_latency,,0.9590632787277836,,
real loopback TLS,original_worker_2500,final_direct_2500,backend_metrics.direct_connect_tcp_attempts,,28,,
real loopback TLS,original_worker_2500,final_direct_2500,backend_metrics.direct_connect_tcp_seconds,,1.0308489799999734,,
real loopback TLS,original_worker_2500,final_direct_2500,backend_metrics.direct_connect_tcp_successful,,28,,
real loopback TLS,original_worker_2500,final_direct_2500,backend_metrics.direct_connection_pool_wait_seconds,,0.012872191000496969,,
real loopback TLS,original_worker_2500,final_direct_2500,backend_metrics.direct_cooldown_count,,0,,
real loopback TLS,original_worker_2500,final_direct_2500,backend_metrics.direct_cooldown_remaining_seconds,,0.0,,
real loopback TLS,original_worker_2500,final_direct_2500,backend_metrics.direct_followers_received,,0,,
real loopback TLS,original_worker_2500,final_direct_2500,backend_metrics.direct_following_received,,0,,
real loopback TLS,original_worker_2500,final_direct_2500,backend_metrics.direct_http_error_rate,,0.0,,
real loopback TLS,original_worker_2500,final_direct_2500,backend_metrics.direct_invalid_response_rate,,0.0,,
real loopback TLS,original_worker_2500,final_direct_2500,backend_metrics.direct_latency_seconds,,4581.307166112997,,
real loopback TLS,original_worker_2500,final_direct_2500,backend_metrics.direct_median_latency,,0.7037910629999828,,
real loopback TLS,original_worker_2500,final_direct_2500,backend_metrics.direct_network_error_rate,,0.0,,
real loopback TLS,original_worker_2500,final_direct_2500,backend_metrics.direct_new_connection_requests,,28,,
real loopback TLS,original_worker_2500,final_direct_2500,backend_metrics.direct_p95_latency,,2.675008235000007,,
real loopback TLS,original_worker_2500,final_direct_2500,backend_metrics.direct_p99_latency,,3.999922467000033,,
real loopback TLS,original_worker_2500,final_direct_2500,backend_metrics.direct_peak_active_requests,,125,,
real loopback TLS,original_worker_2500,final_direct_2500,backend_metrics.direct_profile_received,,5000,,
real loopback TLS,original_worker_2500,final_direct_2500,backend_metrics.direct_recent_success_percent,,100.0,,
real loopback TLS,original_worker_2500,final_direct_2500,backend_metrics.direct_records,,5000,,
real loopback TLS,original_worker_2500,final_direct_2500,backend_metrics.direct_records_per_second,,119.06487848829356,,
real loopback TLS,original_worker_2500,final_direct_2500,backend_metrics.direct_recovery_429s,,0,,
real loopback TLS,original_worker_2500,final_direct_2500,backend_metrics.direct_recovery_attempts,,0,,
real loopback TLS,original_worker_2500,final_direct_2500,backend_metrics.direct_recovery_successes,,0,,
real loopback TLS,original_worker_2500,final_direct_2500,backend_metrics.direct_requests_failed,,0,,
real loopback TLS,original_worker_2500,final_direct_2500,backend_metrics.direct_requests_per_second,,119.06487848829356,,
real loopback TLS,original_worker_2500,final_direct_2500,backend_metrics.direct_requests_successful,,5000,,
real loopback TLS,original_worker_2500,final_direct_2500,backend_metrics.direct_requests_total,,5000,,
real loopback TLS,original_worker_2500,final_direct_2500,backend_metrics.direct_response_body_bytes,,1572780,,
real loopback TLS,original_worker_2500,final_direct_2500,backend_metrics.direct_reused_connection_requests,,4972,,
real loopback TLS,original_worker_2500,final_direct_2500,backend_metrics.direct_risk_control_count,,0,,
real loopback TLS,original_worker_2500,final_direct_2500,backend_metrics.direct_risk_control_rate,,0.0,,
real loopback TLS,original_worker_2500,final_direct_2500,backend_metrics.direct_successful_rps,,119.06487848829356,,
real loopback TLS,original_worker_2500,final_direct_2500,backend_metrics.direct_timeout_rate,,0.0,,
real loopback TLS,original_worker_2500,final_direct_2500,backend_metrics.direct_tls_handshake_attempts,,28,,
real loopback TLS,original_worker_2500,final_direct_2500,backend_metrics.direct_tls_handshake_seconds,,0.8433302189999949,,
real loopback TLS,original_worker_2500,final_direct_2500,backend_metrics.direct_tls_handshake_successful,,28,,
real loopback TLS,original_worker_2500,final_direct_2500,backend_metrics.findtik_429_count,,0,,
real loopback TLS,original_worker_2500,final_direct_2500,backend_metrics.findtik_jobs_moved_to_direct,,0,,
real loopback TLS,original_worker_2500,final_direct_2500,backend_metrics.findtik_requests_cancelled_after_429,,0,,
real loopback TLS,original_worker_2500,final_direct_2500,backend_metrics.hybrid_records_per_second,,119.06487848829356,,
real loopback TLS,original_worker_2500,final_direct_2500,backend_metrics.hybrid_total_successful_rps,,119.06487848829356,,
real loopback TLS,original_worker_2500,final_direct_2500,backend_metrics.worker_429_count,,0,,
real loopback TLS,original_worker_2500,final_direct_2500,backend_metrics.worker_active_requests,,0,,
real loopback TLS,original_worker_2500,final_direct_2500,backend_metrics.worker_average_latency,,0,,
real loopback TLS,original_worker_2500,final_direct_2500,backend_metrics.worker_followers_received,,0,,
real loopback TLS,original_worker_2500,final_direct_2500,backend_metrics.worker_following_received,,0,,
real loopback TLS,original_worker_2500,final_direct_2500,backend_metrics.worker_http_error_rate,,0.0,,
real loopback TLS,original_worker_2500,final_direct_2500,backend_metrics.worker_invalid_response_rate,,0.0,,
real loopback TLS,original_worker_2500,final_direct_2500,backend_metrics.worker_median_latency,,0,,
real loopback TLS,original_worker_2500,final_direct_2500,backend_metrics.worker_network_error_rate,,0.0,,
real loopback TLS,original_worker_2500,final_direct_2500,backend_metrics.worker_p95_latency,,0,,
real loopback TLS,original_worker_2500,final_direct_2500,backend_metrics.worker_p99_latency,,0,,
real loopback TLS,original_worker_2500,final_direct_2500,backend_metrics.worker_recent_success_percent,,0.0,,
real loopback TLS,original_worker_2500,final_direct_2500,backend_metrics.worker_records_per_second,,0.0,,
real loopback TLS,original_worker_2500,final_direct_2500,backend_metrics.worker_requests_failed,,0,,
real loopback TLS,original_worker_2500,final_direct_2500,backend_metrics.worker_requests_per_second,,0.0,,
real loopback TLS,original_worker_2500,final_direct_2500,backend_metrics.worker_requests_successful,,0,,
real loopback TLS,original_worker_2500,final_direct_2500,backend_metrics.worker_requests_total,,0,,
real loopback TLS,original_worker_2500,final_direct_2500,backend_metrics.worker_risk_control_count,,0,,
real loopback TLS,original_worker_2500,final_direct_2500,backend_metrics.worker_risk_control_rate,,0.0,,
real loopback TLS,original_worker_2500,final_direct_2500,backend_metrics.worker_successful_rps,,0.0,,
real loopback TLS,original_worker_2500,final_direct_2500,backend_metrics.worker_timeout_rate,,0.0,,
real loopback TLS,original_worker_2500,final_direct_2500,configured_workers,2500,2500,0.0,1.0
real loopback TLS,original_worker_2500,final_direct_2500,cpu_percent_of_one_core,99.92277957587372,102.6110697477576,2.6903676852209513,0.9738011680563088
real loopback TLS,original_worker_2500,final_direct_2500,cpu_seconds,31.178353747000003,43.096726081,38.22643244961832,0.7234506326165124
real loopback TLS,original_worker_2500,final_direct_2500,elapsed_seconds,31.202448409999988,42.000074832999985,34.60506137569479,0.7429141146549537
real loopback TLS,original_worker_2500,final_direct_2500,event_loop_max,0.030941890999979477,0.03149358300002404,1.7829938061798778,0.9824823996671277
real loopback TLS,original_worker_2500,final_direct_2500,event_loop_p95,0.019582893999977386,0.025558815999982016,30.516030980975195,0.7661894040784661
real loopback TLS,original_worker_2500,final_direct_2500,harness_version,2,2,0.0,1.0
real loopback TLS,original_worker_2500,final_direct_2500,loopback_interface_bytes.received,5979496,11769690,96.83414789473896,0.5080419280371871
real loopback TLS,original_worker_2500,final_direct_2500,loopback_interface_bytes.transmitted,5979496,11769690,96.83414789473896,0.5080419280371871
real loopback TLS,original_worker_2500,final_direct_2500,median_latency,15.003056166500016,20.203086966,34.65981025326703,0.7426120667474642
real loopback TLS,original_worker_2500,final_direct_2500,new_tls_connections,28,28,0.0,1.0
real loopback TLS,original_worker_2500,final_direct_2500,p95_latency,16.663372202999994,22.211867431999963,33.29755322875789,0.7502013171118418
real loopback TLS,original_worker_2500,final_direct_2500,p99_latency,18.046841395,23.436135446000037,29.862810522029505,0.7700433988608026
real loopback TLS,original_worker_2500,final_direct_2500,peak_active_jobs,2500,2500,0.0,1.0
real loopback TLS,original_worker_2500,final_direct_2500,peak_admitted_requests,2500,128,-94.88,19.53125
real loopback TLS,original_worker_2500,final_direct_2500,peak_rss_bytes,77783040,75382784,-3.0858346498156886,1.0318409041512715
real loopback TLS,original_worker_2500,final_direct_2500,sampled_average_active_connections,12.442492996689845,11.729221135266538,-5.732547823117629,1.060811528165216
real loopback TLS,original_worker_2500,final_direct_2500,sampled_average_idle_connections,15.170011133398754,16.16189047422026,6.53842197015766,0.9386285074506817
real loopback TLS,original_worker_2500,final_direct_2500,sampled_peak_active_connections,25,25,0.0,1.0
real loopback TLS,original_worker_2500,final_direct_2500,server_requests,5000,5000,0.0,1.0
real loopback TLS,original_worker_2500,final_direct_2500,successful_requests,5000,5000,0.0,1.0
real loopback TLS,original_worker_2500,final_direct_2500,successful_rps,160.24383517280535,119.047406936319,-25.70858853450464,1.346050613756948
real loopback TLS,first_hybrid_direct_5000,final_direct_5000,actual_connection_ceiling,5000,5000,0.0,1.0
real loopback TLS,first_hybrid_direct_5000,final_direct_5000,attempted_requests,10000,10000,0.0,1.0
real loopback TLS,first_hybrid_direct_5000,final_direct_5000,attempted_rps,124.38846664758191,120.97861234039989,-2.741294590311849,1.0281855961249384
real loopback TLS,first_hybrid_direct_5000,final_direct_5000,average_latency,30.4914725712285,31.2394760034116,2.4531561420517045,0.9760558265413475
real loopback TLS,first_hybrid_direct_5000,final_direct_5000,backend_metrics.backend_connection_pools.direct.active,,0,,
real loopback TLS,first_hybrid_direct_5000,final_direct_5000,backend_metrics.backend_connection_pools.direct.idle_keepalive,,28,,
real loopback TLS,first_hybrid_direct_5000,final_direct_5000,backend_metrics.backend_failovers,0,0,,
real loopback TLS,first_hybrid_direct_5000,final_direct_5000,backend_metrics.backend_stages.backend_routing_calls,10000,10000,0.0,1.0
real loopback TLS,first_hybrid_direct_5000,final_direct_5000,backend_metrics.backend_stages.backend_routing_seconds,0.015500053000323533,0.015413465000335691,-0.5586303478190335,1.0056176855746555
real loopback TLS,first_hybrid_direct_5000,final_direct_5000,backend_metrics.backend_stages.direct_admission_wait_seconds,0.1424083939900811,0.15476972300103853,8.68019690736659,0.9201308319788458
real loopback TLS,first_hybrid_direct_5000,final_direct_5000,backend_metrics.backend_stages.json_parsing_calls,10000,10000,0.0,1.0
real loopback TLS,first_hybrid_direct_5000,final_direct_5000,backend_metrics.backend_stages.json_parsing_seconds,0.15177820799351593,0.1582134609974446,4.239905773695507,0.9593255026256419
real loopback TLS,first_hybrid_direct_5000,final_direct_5000,backend_metrics.backend_stages.normalization_calls,10000,10000,0.0,1.0
real loopback TLS,first_hybrid_direct_5000,final_direct_5000,backend_metrics.backend_stages.normalization_seconds,0.26636437499303156,0.2553560260004133,-4.132815806508006,1.0431098069821954
real loopback TLS,first_hybrid_direct_5000,final_direct_5000,backend_metrics.backend_stages.proxy_selection_calls,10000,10000,0.0,1.0
real loopback TLS,first_hybrid_direct_5000,final_direct_5000,backend_metrics.backend_stages.proxy_selection_seconds,0.012203802000271935,0.011404815998503182,-6.547025277458207,1.0700568954267755
real loopback TLS,first_hybrid_direct_5000,final_direct_5000,backend_metrics.backend_stages.signing_calls,10000,10000,0.0,1.0
real loopback TLS,first_hybrid_direct_5000,final_direct_5000,backend_metrics.backend_stages.signing_seconds,170.13511400398147,176.11230244800157,3.513200951498008,0.9660603583001539
real loopback TLS,first_hybrid_direct_5000,final_direct_5000,backend_metrics.backend_switches,0,0,,
real loopback TLS,first_hybrid_direct_5000,final_direct_5000,backend_metrics.cursor_chain_restarts,0,0,,
real loopback TLS,first_hybrid_direct_5000,final_direct_5000,backend_metrics.direct_429_count,,0,,
real loopback TLS,first_hybrid_direct_5000,final_direct_5000,backend_metrics.direct_active_requests,0,0,,
real loopback TLS,first_hybrid_direct_5000,final_direct_5000,backend_metrics.direct_average_latency,0.8854179017145976,0.9432709387416999,6.533980950133356,0.9386676355106659
real loopback TLS,first_hybrid_direct_5000,final_direct_5000,backend_metrics.direct_connect_tcp_attempts,,28,,
real loopback TLS,first_hybrid_direct_5000,final_direct_5000,backend_metrics.direct_connect_tcp_seconds,,1.220157334000021,,
real loopback TLS,first_hybrid_direct_5000,final_direct_5000,backend_metrics.direct_connect_tcp_successful,,28,,
real loopback TLS,first_hybrid_direct_5000,final_direct_5000,backend_metrics.direct_connection_pool_wait_seconds,,0.023438394995878298,,
real loopback TLS,first_hybrid_direct_5000,final_direct_5000,backend_metrics.direct_cooldown_count,,0,,
real loopback TLS,first_hybrid_direct_5000,final_direct_5000,backend_metrics.direct_cooldown_remaining_seconds,,0.0,,
real loopback TLS,first_hybrid_direct_5000,final_direct_5000,backend_metrics.direct_followers_received,0,0,,
real loopback TLS,first_hybrid_direct_5000,final_direct_5000,backend_metrics.direct_following_received,0,0,,
real loopback TLS,first_hybrid_direct_5000,final_direct_5000,backend_metrics.direct_http_error_rate,0.0,0.0,,
real loopback TLS,first_hybrid_direct_5000,final_direct_5000,backend_metrics.direct_invalid_response_rate,0.0,0.0,,
real loopback TLS,first_hybrid_direct_5000,final_direct_5000,backend_metrics.direct_latency_seconds,8868.302844289981,9144.676623323001,3.116422430374799,0.9697776323409684
real loopback TLS,first_hybrid_direct_5000,final_direct_5000,backend_metrics.direct_median_latency,0.6399516819999462,0.6759660090000352,5.627663464769528,0.9467216893740479
real loopback TLS,first_hybrid_direct_5000,final_direct_5000,backend_metrics.direct_network_error_rate,0.0,0.0,,
real loopback TLS,first_hybrid_direct_5000,final_direct_5000,backend_metrics.direct_new_connection_requests,,28,,
real loopback TLS,first_hybrid_direct_5000,final_direct_5000,backend_metrics.direct_p95_latency,2.517429948999961,2.6466581860000815,5.133339938672599,0.9511730537461567
real loopback TLS,first_hybrid_direct_5000,final_direct_5000,backend_metrics.direct_p99_latency,3.738174539999818,4.164574860000016,11.406645554870721,0.8976125212453988
real loopback TLS,first_hybrid_direct_5000,final_direct_5000,backend_metrics.direct_peak_active_requests,127,124,-2.3622047244094446,1.0241935483870968
real loopback TLS,first_hybrid_direct_5000,final_direct_5000,backend_metrics.direct_profile_received,10000,10000,0.0,1.0
real loopback TLS,first_hybrid_direct_5000,final_direct_5000,backend_metrics.direct_recent_success_percent,101.4586924811033,101.5311004784689,0.07136697270082593,0.9992868392342408
real loopback TLS,first_hybrid_direct_5000,final_direct_5000,backend_metrics.direct_records,10000,10000,0.0,1.0
real loopback TLS,first_hybrid_direct_5000,final_direct_5000,backend_metrics.direct_records_per_second,127.51666666666667,123.78333333333333,-2.9277218664226945,1.0301602262016964
real loopback TLS,first_hybrid_direct_5000,final_direct_5000,backend_metrics.direct_recovery_429s,,0,,
real loopback TLS,first_hybrid_direct_5000,final_direct_5000,backend_metrics.direct_recovery_attempts,,0,,
real loopback TLS,first_hybrid_direct_5000,final_direct_5000,backend_metrics.direct_recovery_successes,,0,,
real loopback TLS,first_hybrid_direct_5000,final_direct_5000,backend_metrics.direct_requests_failed,0,0,,
real loopback TLS,first_hybrid_direct_5000,final_direct_5000,backend_metrics.direct_requests_per_second,125.68333333333334,121.91666666666667,-2.9969500066304167,1.0308954203691045
real loopback TLS,first_hybrid_direct_5000,final_direct_5000,backend_metrics.direct_requests_successful,10000,10000,0.0,1.0
real loopback TLS,first_hybrid_direct_5000,final_direct_5000,backend_metrics.direct_requests_total,10000,10000,0.0,1.0
real loopback TLS,first_hybrid_direct_5000,final_direct_5000,backend_metrics.direct_response_body_bytes,3147780,3147780,0.0,1.0
real loopback TLS,first_hybrid_direct_5000,final_direct_5000,backend_metrics.direct_reused_connection_requests,,9972,,
real loopback TLS,first_hybrid_direct_5000,final_direct_5000,backend_metrics.direct_risk_control_count,0,0,,
real loopback TLS,first_hybrid_direct_5000,final_direct_5000,backend_metrics.direct_risk_control_rate,0.0,0.0,,
real loopback TLS,first_hybrid_direct_5000,final_direct_5000,backend_metrics.direct_successful_rps,127.51666666666667,123.78333333333333,-2.9277218664226945,1.0301602262016964
real loopback TLS,first_hybrid_direct_5000,final_direct_5000,backend_metrics.direct_timeout_rate,0.0,0.0,,
real loopback TLS,first_hybrid_direct_5000,final_direct_5000,backend_metrics.direct_tls_handshake_attempts,,28,,
real loopback TLS,first_hybrid_direct_5000,final_direct_5000,backend_metrics.direct_tls_handshake_seconds,,0.8894970680000256,,
real loopback TLS,first_hybrid_direct_5000,final_direct_5000,backend_metrics.direct_tls_handshake_successful,,28,,
real loopback TLS,first_hybrid_direct_5000,final_direct_5000,backend_metrics.findtik_429_count,,0,,
real loopback TLS,first_hybrid_direct_5000,final_direct_5000,backend_metrics.findtik_jobs_moved_to_direct,,0,,
real loopback TLS,first_hybrid_direct_5000,final_direct_5000,backend_metrics.findtik_requests_cancelled_after_429,,0,,
real loopback TLS,first_hybrid_direct_5000,final_direct_5000,backend_metrics.hybrid_records_per_second,127.51666666666667,123.78333333333333,-2.9277218664226945,1.0301602262016964
real loopback TLS,first_hybrid_direct_5000,final_direct_5000,backend_metrics.hybrid_total_successful_rps,127.51666666666667,123.78333333333333,-2.9277218664226945,1.0301602262016964
real loopback TLS,first_hybrid_direct_5000,final_direct_5000,backend_metrics.worker_429_count,,0,,
real loopback TLS,first_hybrid_direct_5000,final_direct_5000,backend_metrics.worker_active_requests,0,0,,
real loopback TLS,first_hybrid_direct_5000,final_direct_5000,backend_metrics.worker_average_latency,0,0,,
real loopback TLS,first_hybrid_direct_5000,final_direct_5000,backend_metrics.worker_followers_received,0,0,,
real loopback TLS,first_hybrid_direct_5000,final_direct_5000,backend_metrics.worker_following_received,0,0,,
real loopback TLS,first_hybrid_direct_5000,final_direct_5000,backend_metrics.worker_http_error_rate,0.0,0.0,,
real loopback TLS,first_hybrid_direct_5000,final_direct_5000,backend_metrics.worker_invalid_response_rate,0.0,0.0,,
real loopback TLS,first_hybrid_direct_5000,final_direct_5000,backend_metrics.worker_median_latency,0,0,,
real loopback TLS,first_hybrid_direct_5000,final_direct_5000,backend_metrics.worker_network_error_rate,0.0,0.0,,
real loopback TLS,first_hybrid_direct_5000,final_direct_5000,backend_metrics.worker_p95_latency,0,0,,
real loopback TLS,first_hybrid_direct_5000,final_direct_5000,backend_metrics.worker_p99_latency,0,0,,
real loopback TLS,first_hybrid_direct_5000,final_direct_5000,backend_metrics.worker_recent_success_percent,0.0,0.0,,
real loopback TLS,first_hybrid_direct_5000,final_direct_5000,backend_metrics.worker_records_per_second,0.0,0.0,,
real loopback TLS,first_hybrid_direct_5000,final_direct_5000,backend_metrics.worker_requests_failed,0,0,,
real loopback TLS,first_hybrid_direct_5000,final_direct_5000,backend_metrics.worker_requests_per_second,0.0,0.0,,
real loopback TLS,first_hybrid_direct_5000,final_direct_5000,backend_metrics.worker_requests_successful,0,0,,
real loopback TLS,first_hybrid_direct_5000,final_direct_5000,backend_metrics.worker_requests_total,0,0,,
real loopback TLS,first_hybrid_direct_5000,final_direct_5000,backend_metrics.worker_risk_control_count,0,0,,
real loopback TLS,first_hybrid_direct_5000,final_direct_5000,backend_metrics.worker_risk_control_rate,0.0,0.0,,
real loopback TLS,first_hybrid_direct_5000,final_direct_5000,backend_metrics.worker_successful_rps,0.0,0.0,,
real loopback TLS,first_hybrid_direct_5000,final_direct_5000,backend_metrics.worker_timeout_rate,0.0,0.0,,
real loopback TLS,first_hybrid_direct_5000,final_direct_5000,configured_workers,5000,5000,0.0,1.0
real loopback TLS,first_hybrid_direct_5000,final_direct_5000,cpu_percent_of_one_core,102.76546043373271,103.12272892578639,0.3476542512881098,0.9965355019618344
real loopback TLS,first_hybrid_direct_5000,final_direct_5000,cpu_seconds,82.616550556,85.240462699,3.1760127060998844,0.9692175281560176
real loopback TLS,first_hybrid_direct_5000,final_direct_5000,elapsed_seconds,80.39330550099999,82.65923874099997,2.818559612493843,0.9725870540968816
real loopback TLS,first_hybrid_direct_5000,final_direct_5000,event_loop_max,0.13709493499991823,0.058147317000002655,-57.586093899065396,2.357717295879911
real loopback TLS,first_hybrid_direct_5000,final_direct_5000,event_loop_p95,0.02403709500002151,0.02500796999997192,4.039069612819435,0.9611773766542626
real loopback TLS,first_hybrid_direct_5000,final_direct_5000,harness_version,2,2,0.0,1.0
real loopback TLS,first_hybrid_direct_5000,final_direct_5000,loopback_interface_bytes.received,23502730,23463959,-0.16496381484193412,1.001652363951028
real loopback TLS,first_hybrid_direct_5000,final_direct_5000,loopback_interface_bytes.transmitted,23502730,23463959,-0.16496381484193412,1.001652363951028
real loopback TLS,first_hybrid_direct_5000,final_direct_5000,median_latency,39.050665460500056,40.454389182,3.5946217687885973,0.9653010773395999
real loopback TLS,first_hybrid_direct_5000,final_direct_5000,new_tls_connections,28,28,0.0,1.0
real loopback TLS,first_hybrid_direct_5000,final_direct_5000,p95_latency,41.37282325900014,42.50491005999993,2.7363054097438555,0.9733657405838118
real loopback TLS,first_hybrid_direct_5000,final_direct_5000,p99_latency,42.63681412999995,43.926769602000036,3.0254499505216526,0.9706339554743548
real loopback TLS,first_hybrid_direct_5000,final_direct_5000,peak_active_jobs,5000,5000,0.0,1.0
real loopback TLS,first_hybrid_direct_5000,final_direct_5000,peak_admitted_requests,5000,127,-97.46000000000001,39.37007874015748
real loopback TLS,first_hybrid_direct_5000,final_direct_5000,peak_rss_bytes,98156544,87445504,-10.91220163578701,1.1224881727481382
real loopback TLS,first_hybrid_direct_5000,final_direct_5000,sampled_average_active_connections,11.855294158456363,11.84449235068234,-0.09111378958334138,1.00091196882519
real loopback TLS,first_hybrid_direct_5000,final_direct_5000,sampled_average_idle_connections,16.04648551870969,16.082467763226834,0.22423754083216174,0.9977626415891585
real loopback TLS,first_hybrid_direct_5000,final_direct_5000,sampled_peak_active_connections,26,25,-3.8461538461538436,1.04
real loopback TLS,first_hybrid_direct_5000,final_direct_5000,server_requests,10000,10000,0.0,1.0
real loopback TLS,first_hybrid_direct_5000,final_direct_5000,successful_requests,10000,10000,0.0,1.0
real loopback TLS,first_hybrid_direct_5000,final_direct_5000,successful_rps,124.38846664758191,120.97861234039989,-2.741294590311849,1.0281855961249384
real loopback TLS,original_worker_5000,final_direct_5000,actual_connection_ceiling,5000,5000,0.0,1.0
real loopback TLS,original_worker_5000,final_direct_5000,attempted_requests,10000,10000,0.0,1.0
real loopback TLS,original_worker_5000,final_direct_5000,attempted_rps,173.61472178491954,120.97861234039989,-30.317768506824695,1.4350860736971953
real loopback TLS,original_worker_5000,final_direct_5000,average_latency,22.259200965017,31.2394760034116,40.34410333285627,0.7125343895840672
real loopback TLS,original_worker_5000,final_direct_5000,backend_metrics.backend_connection_pools.direct.active,,0,,
real loopback TLS,original_worker_5000,final_direct_5000,backend_metrics.backend_connection_pools.direct.idle_keepalive,,28,,
real loopback TLS,original_worker_5000,final_direct_5000,backend_metrics.backend_failovers,,0,,
real loopback TLS,original_worker_5000,final_direct_5000,backend_metrics.backend_stages.backend_routing_calls,,10000,,
real loopback TLS,original_worker_5000,final_direct_5000,backend_metrics.backend_stages.backend_routing_seconds,,0.015413465000335691,,
real loopback TLS,original_worker_5000,final_direct_5000,backend_metrics.backend_stages.direct_admission_wait_seconds,,0.15476972300103853,,
real loopback TLS,original_worker_5000,final_direct_5000,backend_metrics.backend_stages.json_parsing_calls,,10000,,
real loopback TLS,original_worker_5000,final_direct_5000,backend_metrics.backend_stages.json_parsing_seconds,,0.1582134609974446,,
real loopback TLS,original_worker_5000,final_direct_5000,backend_metrics.backend_stages.normalization_calls,,10000,,
real loopback TLS,original_worker_5000,final_direct_5000,backend_metrics.backend_stages.normalization_seconds,,0.2553560260004133,,
real loopback TLS,original_worker_5000,final_direct_5000,backend_metrics.backend_stages.proxy_selection_calls,,10000,,
real loopback TLS,original_worker_5000,final_direct_5000,backend_metrics.backend_stages.proxy_selection_seconds,,0.011404815998503182,,
real loopback TLS,original_worker_5000,final_direct_5000,backend_metrics.backend_stages.signing_calls,,10000,,
real loopback TLS,original_worker_5000,final_direct_5000,backend_metrics.backend_stages.signing_seconds,,176.11230244800157,,
real loopback TLS,original_worker_5000,final_direct_5000,backend_metrics.backend_switches,,0,,
real loopback TLS,original_worker_5000,final_direct_5000,backend_metrics.cursor_chain_restarts,,0,,
real loopback TLS,original_worker_5000,final_direct_5000,backend_metrics.direct_429_count,,0,,
real loopback TLS,original_worker_5000,final_direct_5000,backend_metrics.direct_active_requests,,0,,
real loopback TLS,original_worker_5000,final_direct_5000,backend_metrics.direct_average_latency,,0.9432709387416999,,
real loopback TLS,original_worker_5000,final_direct_5000,backend_metrics.direct_connect_tcp_attempts,,28,,
real loopback TLS,original_worker_5000,final_direct_5000,backend_metrics.direct_connect_tcp_seconds,,1.220157334000021,,
real loopback TLS,original_worker_5000,final_direct_5000,backend_metrics.direct_connect_tcp_successful,,28,,
real loopback TLS,original_worker_5000,final_direct_5000,backend_metrics.direct_connection_pool_wait_seconds,,0.023438394995878298,,
real loopback TLS,original_worker_5000,final_direct_5000,backend_metrics.direct_cooldown_count,,0,,
real loopback TLS,original_worker_5000,final_direct_5000,backend_metrics.direct_cooldown_remaining_seconds,,0.0,,
real loopback TLS,original_worker_5000,final_direct_5000,backend_metrics.direct_followers_received,,0,,
real loopback TLS,original_worker_5000,final_direct_5000,backend_metrics.direct_following_received,,0,,
real loopback TLS,original_worker_5000,final_direct_5000,backend_metrics.direct_http_error_rate,,0.0,,
real loopback TLS,original_worker_5000,final_direct_5000,backend_metrics.direct_invalid_response_rate,,0.0,,
real loopback TLS,original_worker_5000,final_direct_5000,backend_metrics.direct_latency_seconds,,9144.676623323001,,
real loopback TLS,original_worker_5000,final_direct_5000,backend_metrics.direct_median_latency,,0.6759660090000352,,
real loopback TLS,original_worker_5000,final_direct_5000,backend_metrics.direct_network_error_rate,,0.0,,
real loopback TLS,original_worker_5000,final_direct_5000,backend_metrics.direct_new_connection_requests,,28,,
real loopback TLS,original_worker_5000,final_direct_5000,backend_metrics.direct_p95_latency,,2.6466581860000815,,
real loopback TLS,original_worker_5000,final_direct_5000,backend_metrics.direct_p99_latency,,4.164574860000016,,
real loopback TLS,original_worker_5000,final_direct_5000,backend_metrics.direct_peak_active_requests,,124,,
real loopback TLS,original_worker_5000,final_direct_5000,backend_metrics.direct_profile_received,,10000,,
real loopback TLS,original_worker_5000,final_direct_5000,backend_metrics.direct_recent_success_percent,,101.5311004784689,,
real loopback TLS,original_worker_5000,final_direct_5000,backend_metrics.direct_records,,10000,,
real loopback TLS,original_worker_5000,final_direct_5000,backend_metrics.direct_records_per_second,,123.78333333333333,,
real loopback TLS,original_worker_5000,final_direct_5000,backend_metrics.direct_recovery_429s,,0,,
real loopback TLS,original_worker_5000,final_direct_5000,backend_metrics.direct_recovery_attempts,,0,,
real loopback TLS,original_worker_5000,final_direct_5000,backend_metrics.direct_recovery_successes,,0,,
real loopback TLS,original_worker_5000,final_direct_5000,backend_metrics.direct_requests_failed,,0,,
real loopback TLS,original_worker_5000,final_direct_5000,backend_metrics.direct_requests_per_second,,121.91666666666667,,
real loopback TLS,original_worker_5000,final_direct_5000,backend_metrics.direct_requests_successful,,10000,,
real loopback TLS,original_worker_5000,final_direct_5000,backend_metrics.direct_requests_total,,10000,,
real loopback TLS,original_worker_5000,final_direct_5000,backend_metrics.direct_response_body_bytes,,3147780,,
real loopback TLS,original_worker_5000,final_direct_5000,backend_metrics.direct_reused_connection_requests,,9972,,
real loopback TLS,original_worker_5000,final_direct_5000,backend_metrics.direct_risk_control_count,,0,,
real loopback TLS,original_worker_5000,final_direct_5000,backend_metrics.direct_risk_control_rate,,0.0,,
real loopback TLS,original_worker_5000,final_direct_5000,backend_metrics.direct_successful_rps,,123.78333333333333,,
real loopback TLS,original_worker_5000,final_direct_5000,backend_metrics.direct_timeout_rate,,0.0,,
real loopback TLS,original_worker_5000,final_direct_5000,backend_metrics.direct_tls_handshake_attempts,,28,,
real loopback TLS,original_worker_5000,final_direct_5000,backend_metrics.direct_tls_handshake_seconds,,0.8894970680000256,,
real loopback TLS,original_worker_5000,final_direct_5000,backend_metrics.direct_tls_handshake_successful,,28,,
real loopback TLS,original_worker_5000,final_direct_5000,backend_metrics.findtik_429_count,,0,,
real loopback TLS,original_worker_5000,final_direct_5000,backend_metrics.findtik_jobs_moved_to_direct,,0,,
real loopback TLS,original_worker_5000,final_direct_5000,backend_metrics.findtik_requests_cancelled_after_429,,0,,
real loopback TLS,original_worker_5000,final_direct_5000,backend_metrics.hybrid_records_per_second,,123.78333333333333,,
real loopback TLS,original_worker_5000,final_direct_5000,backend_metrics.hybrid_total_successful_rps,,123.78333333333333,,
real loopback TLS,original_worker_5000,final_direct_5000,backend_metrics.worker_429_count,,0,,
real loopback TLS,original_worker_5000,final_direct_5000,backend_metrics.worker_active_requests,,0,,
real loopback TLS,original_worker_5000,final_direct_5000,backend_metrics.worker_average_latency,,0,,
real loopback TLS,original_worker_5000,final_direct_5000,backend_metrics.worker_followers_received,,0,,
real loopback TLS,original_worker_5000,final_direct_5000,backend_metrics.worker_following_received,,0,,
real loopback TLS,original_worker_5000,final_direct_5000,backend_metrics.worker_http_error_rate,,0.0,,
real loopback TLS,original_worker_5000,final_direct_5000,backend_metrics.worker_invalid_response_rate,,0.0,,
real loopback TLS,original_worker_5000,final_direct_5000,backend_metrics.worker_median_latency,,0,,
real loopback TLS,original_worker_5000,final_direct_5000,backend_metrics.worker_network_error_rate,,0.0,,
real loopback TLS,original_worker_5000,final_direct_5000,backend_metrics.worker_p95_latency,,0,,
real loopback TLS,original_worker_5000,final_direct_5000,backend_metrics.worker_p99_latency,,0,,
real loopback TLS,original_worker_5000,final_direct_5000,backend_metrics.worker_recent_success_percent,,0.0,,
real loopback TLS,original_worker_5000,final_direct_5000,backend_metrics.worker_records_per_second,,0.0,,
real loopback TLS,original_worker_5000,final_direct_5000,backend_metrics.worker_requests_failed,,0,,
real loopback TLS,original_worker_5000,final_direct_5000,backend_metrics.worker_requests_per_second,,0.0,,
real loopback TLS,original_worker_5000,final_direct_5000,backend_metrics.worker_requests_successful,,0,,
real loopback TLS,original_worker_5000,final_direct_5000,backend_metrics.worker_requests_total,,0,,
real loopback TLS,original_worker_5000,final_direct_5000,backend_metrics.worker_risk_control_count,,0,,
real loopback TLS,original_worker_5000,final_direct_5000,backend_metrics.worker_risk_control_rate,,0.0,,
real loopback TLS,original_worker_5000,final_direct_5000,backend_metrics.worker_successful_rps,,0.0,,
real loopback TLS,original_worker_5000,final_direct_5000,backend_metrics.worker_timeout_rate,,0.0,,
real loopback TLS,original_worker_5000,final_direct_5000,configured_workers,5000,5000,0.0,1.0
real loopback TLS,original_worker_5000,final_direct_5000,cpu_percent_of_one_core,99.97051313849633,103.12272892578639,3.153145550951675,0.9694323858559
real loopback TLS,original_worker_5000,final_direct_5000,cpu_seconds,57.581818010999996,85.240462699,48.03364263823055,0.6755221192819207
real loopback TLS,original_worker_5000,final_direct_5000,elapsed_seconds,57.59880209000005,82.65923874099997,43.50860736971951,0.6968223149317532
real loopback TLS,original_worker_5000,final_direct_5000,event_loop_max,0.06094818600000053,0.058147317000002655,-4.5954919806765915,1.0481684993307214
real loopback TLS,original_worker_5000,final_direct_5000,event_loop_p95,0.019083818999984032,0.02500796999997192,31.042795993783233,0.763109480697772
real loopback TLS,original_worker_5000,final_direct_5000,harness_version,2,2,0.0,1.0
real loopback TLS,original_worker_5000,final_direct_5000,loopback_interface_bytes.received,11826370,23463959,98.4037282784151,0.5040227866064717
real loopback TLS,original_worker_5000,final_direct_5000,loopback_interface_bytes.transmitted,11826370,23463959,98.4037282784151,0.5040227866064717
real loopback TLS,original_worker_5000,final_direct_5000,median_latency,26.72613280600001,40.454389182,51.36641531960808,0.6606485315045044
real loopback TLS,original_worker_5000,final_direct_5000,new_tls_connections,31,28,-9.677419354838712,1.1071428571428572
real loopback TLS,original_worker_5000,final_direct_5000,p95_latency,30.837254194000025,42.50491005999993,37.83623468094013,0.7254986341688562
real loopback TLS,original_worker_5000,final_direct_5000,p99_latency,31.891814154999906,43.926769602000036,37.73681669066582,0.7260222967442577
real loopback TLS,original_worker_5000,final_direct_5000,peak_active_jobs,5000,5000,0.0,1.0
real loopback TLS,original_worker_5000,final_direct_5000,peak_admitted_requests,5000,127,-97.46000000000001,39.37007874015748
real loopback TLS,original_worker_5000,final_direct_5000,peak_rss_bytes,94728192,87445504,-7.687983741946647,1.0832825893484472
real loopback TLS,original_worker_5000,final_direct_5000,sampled_average_active_connections,12.729836645670376,11.84449235068234,-6.954875538714445,1.0747473398416296
real loopback TLS,original_worker_5000,final_direct_5000,sampled_average_idle_connections,12.269590868760398,16.082467763226834,31.07582750924809,0.7629171747395184
real loopback TLS,original_worker_5000,final_direct_5000,sampled_peak_active_connections,25,25,0.0,1.0
real loopback TLS,original_worker_5000,final_direct_5000,server_requests,10000,10000,0.0,1.0
real loopback TLS,original_worker_5000,final_direct_5000,successful_requests,10000,10000,0.0,1.0
real loopback TLS,original_worker_5000,final_direct_5000,successful_rps,173.61472178491954,120.97861234039989,-30.317768506824695,1.4350860736971953
real loopback TLS,first_hybrid_hybrid_100,final_hybrid_100,actual_connection_ceiling,100,100,0.0,1.0
real loopback TLS,first_hybrid_hybrid_100,final_hybrid_100,attempted_requests,200,200,0.0,1.0
real loopback TLS,first_hybrid_hybrid_100,final_hybrid_100,attempted_rps,172.98069094127294,166.5114415094239,-3.7398679567336,1.0388516811409798
real loopback TLS,first_hybrid_hybrid_100,final_hybrid_100,average_latency,0.45924532243000044,0.46929466705000494,2.1882301526405357,0.9785862799524766
real loopback TLS,first_hybrid_hybrid_100,final_hybrid_100,backend_metrics.backend_connection_pools.direct.active,,0,,
real loopback TLS,first_hybrid_hybrid_100,final_hybrid_100,backend_metrics.backend_connection_pools.direct.idle_keepalive,,25,,
real loopback TLS,first_hybrid_hybrid_100,final_hybrid_100,backend_metrics.backend_connection_pools.worker.active,,0,,
real loopback TLS,first_hybrid_hybrid_100,final_hybrid_100,backend_metrics.backend_connection_pools.worker.idle_keepalive,,25,,
real loopback TLS,first_hybrid_hybrid_100,final_hybrid_100,backend_metrics.backend_failovers,0,0,,
real loopback TLS,first_hybrid_hybrid_100,final_hybrid_100,backend_metrics.backend_stages.backend_routing_calls,200,200,0.0,1.0
real loopback TLS,first_hybrid_hybrid_100,final_hybrid_100,backend_metrics.backend_stages.backend_routing_seconds,0.002731544000425856,0.002086843999222765,-23.602036104949452,1.3089354074589221
real loopback TLS,first_hybrid_hybrid_100,final_hybrid_100,backend_metrics.backend_stages.direct_admission_wait_seconds,0.0012126549991080537,0.0011313059998201425,-6.708338261727043,1.071907158011046
real loopback TLS,first_hybrid_hybrid_100,final_hybrid_100,backend_metrics.backend_stages.json_parsing_calls,200,200,0.0,1.0
real loopback TLS,first_hybrid_hybrid_100,final_hybrid_100,backend_metrics.backend_stages.json_parsing_seconds,0.0032372510008826794,0.003149732999531807,-2.703466655103648,1.027785847677845
real loopback TLS,first_hybrid_hybrid_100,final_hybrid_100,backend_metrics.backend_stages.normalization_calls,200,200,0.0,1.0
real loopback TLS,first_hybrid_hybrid_100,final_hybrid_100,backend_metrics.backend_stages.normalization_seconds,0.004215158999386404,0.004154769999786367,-1.4326624359562001,1.0145348598365593
real loopback TLS,first_hybrid_hybrid_100,final_hybrid_100,backend_metrics.backend_stages.proxy_selection_calls,200,200,0.0,1.0
real loopback TLS,first_hybrid_hybrid_100,final_hybrid_100,backend_metrics.backend_stages.proxy_selection_seconds,0.0004156310012604081,0.0004045840011031032,-2.657886472328741,1.0273045897197741
real loopback TLS,first_hybrid_hybrid_100,final_hybrid_100,backend_metrics.backend_stages.signing_calls,92,78,-15.217391304347828,1.1794871794871795
real loopback TLS,first_hybrid_hybrid_100,final_hybrid_100,backend_metrics.backend_stages.signing_seconds,1.421744138999884,1.2949863910001795,-8.915651172571126,1.0978834595333495
real loopback TLS,first_hybrid_hybrid_100,final_hybrid_100,backend_metrics.backend_stages.worker_admission_wait_seconds,0.0012969079978120135,0.001717761000122664,32.45049016743384,0.7549990934241738
real loopback TLS,first_hybrid_hybrid_100,final_hybrid_100,backend_metrics.backend_switches,0,0,,
real loopback TLS,first_hybrid_hybrid_100,final_hybrid_100,backend_metrics.cursor_chain_restarts,0,0,,
real loopback TLS,first_hybrid_hybrid_100,final_hybrid_100,backend_metrics.direct_429_count,,0,,
real loopback TLS,first_hybrid_hybrid_100,final_hybrid_100,backend_metrics.direct_active_requests,0,0,,
real loopback TLS,first_hybrid_hybrid_100,final_hybrid_100,backend_metrics.direct_average_latency,0.2545767656195509,0.2170682110640999,-14.733691216544553,1.172796165645714
real loopback TLS,first_hybrid_hybrid_100,final_hybrid_100,backend_metrics.direct_connect_tcp_attempts,,25,,
real loopback TLS,first_hybrid_hybrid_100,final_hybrid_100,backend_metrics.direct_connect_tcp_seconds,,1.547349869999607,,
real loopback TLS,first_hybrid_hybrid_100,final_hybrid_100,backend_metrics.direct_connect_tcp_successful,,25,,
real loopback TLS,first_hybrid_hybrid_100,final_hybrid_100,backend_metrics.direct_connection_pool_wait_seconds,,0.0001494380002213802,,
real loopback TLS,first_hybrid_hybrid_100,final_hybrid_100,backend_metrics.direct_cooldown_count,,0,,
real loopback TLS,first_hybrid_hybrid_100,final_hybrid_100,backend_metrics.direct_cooldown_remaining_seconds,,0.0,,
real loopback TLS,first_hybrid_hybrid_100,final_hybrid_100,backend_metrics.direct_followers_received,0,0,,
real loopback TLS,first_hybrid_hybrid_100,final_hybrid_100,backend_metrics.direct_following_received,0,0,,
real loopback TLS,first_hybrid_hybrid_100,final_hybrid_100,backend_metrics.direct_http_error_rate,0.0,0.0,,
real loopback TLS,first_hybrid_hybrid_100,final_hybrid_100,backend_metrics.direct_invalid_response_rate,0.0,0.0,,
real loopback TLS,first_hybrid_hybrid_100,final_hybrid_100,backend_metrics.direct_latency_seconds,23.42106243699868,16.931320462999793,-27.708999074896468,1.383298041530842
real loopback TLS,first_hybrid_hybrid_100,final_hybrid_100,backend_metrics.direct_median_latency,0.23769290900008855,0.23694153700000697,-0.3161103977575075,1.0031711282436795
real loopback TLS,first_hybrid_hybrid_100,final_hybrid_100,backend_metrics.direct_network_error_rate,0.0,0.0,,
real loopback TLS,first_hybrid_hybrid_100,final_hybrid_100,backend_metrics.direct_new_connection_requests,,25,,
real loopback TLS,first_hybrid_hybrid_100,final_hybrid_100,backend_metrics.direct_p95_latency,0.5360238569999183,0.39103354600001694,-27.049227213766248,1.3707873978666143
real loopback TLS,first_hybrid_hybrid_100,final_hybrid_100,backend_metrics.direct_p99_latency,0.6293033570000262,0.49282749099995726,-21.686816776358498,1.2769242148467743
real loopback TLS,first_hybrid_hybrid_100,final_hybrid_100,backend_metrics.direct_peak_active_requests,36,26,-27.77777777777778,1.3846153846153846
real loopback TLS,first_hybrid_hybrid_100,final_hybrid_100,backend_metrics.direct_profile_received,92,78,-15.217391304347828,1.1794871794871795
real loopback TLS,first_hybrid_hybrid_100,final_hybrid_100,backend_metrics.direct_recent_success_percent,100.0,100.0,0.0,1.0
real loopback TLS,first_hybrid_hybrid_100,final_hybrid_100,backend_metrics.direct_records,92,78,-15.217391304347828,1.1794871794871795
real loopback TLS,first_hybrid_hybrid_100,final_hybrid_100,backend_metrics.direct_records_per_second,80.16335674897354,65.38242962226076,-18.438508223898754,1.2260687957316336
real loopback TLS,first_hybrid_hybrid_100,final_hybrid_100,backend_metrics.direct_recovery_429s,,0,,
real loopback TLS,first_hybrid_hybrid_100,final_hybrid_100,backend_metrics.direct_recovery_attempts,,0,,
real loopback TLS,first_hybrid_hybrid_100,final_hybrid_100,backend_metrics.direct_recovery_successes,,0,,
real loopback TLS,first_hybrid_hybrid_100,final_hybrid_100,backend_metrics.direct_requests_failed,0,0,,
real loopback TLS,first_hybrid_hybrid_100,final_hybrid_100,backend_metrics.direct_requests_per_second,80.16335674897354,65.38242962226076,-18.438508223898754,1.2260687957316336
real loopback TLS,first_hybrid_hybrid_100,final_hybrid_100,backend_metrics.direct_requests_successful,92,78,-15.217391304347828,1.1794871794871795
real loopback TLS,first_hybrid_hybrid_100,final_hybrid_100,backend_metrics.direct_requests_total,92,78,-15.217391304347828,1.1794871794871795
real loopback TLS,first_hybrid_hybrid_100,final_hybrid_100,backend_metrics.direct_response_body_bytes,28790,24410,-15.213615838832927,1.1794346579270791
real loopback TLS,first_hybrid_hybrid_100,final_hybrid_100,backend_metrics.direct_reused_connection_requests,,53,,
real loopback TLS,first_hybrid_hybrid_100,final_hybrid_100,backend_metrics.direct_risk_control_count,0,0,,
real loopback TLS,first_hybrid_hybrid_100,final_hybrid_100,backend_metrics.direct_risk_control_rate,0.0,0.0,,
real loopback TLS,first_hybrid_hybrid_100,final_hybrid_100,backend_metrics.direct_successful_rps,80.16335674897354,65.38242962226076,-18.438508223898754,1.2260687957316336
real loopback TLS,first_hybrid_hybrid_100,final_hybrid_100,backend_metrics.direct_timeout_rate,0.0,0.0,,
real loopback TLS,first_hybrid_hybrid_100,final_hybrid_100,backend_metrics.direct_tls_handshake_attempts,,25,,
real loopback TLS,first_hybrid_hybrid_100,final_hybrid_100,backend_metrics.direct_tls_handshake_seconds,,1.2477843879996726,,
real loopback TLS,first_hybrid_hybrid_100,final_hybrid_100,backend_metrics.direct_tls_handshake_successful,,25,,
real loopback TLS,first_hybrid_hybrid_100,final_hybrid_100,backend_metrics.findtik_429_count,,0,,
real loopback TLS,first_hybrid_hybrid_100,final_hybrid_100,backend_metrics.findtik_jobs_moved_to_direct,,0,,
real loopback TLS,first_hybrid_hybrid_100,final_hybrid_100,backend_metrics.findtik_requests_cancelled_after_429,,0,,
real loopback TLS,first_hybrid_hybrid_100,final_hybrid_100,backend_metrics.hybrid_records_per_second,174.26816684559464,167.64725544169426,-3.799266110239541,1.0394931094246458
real loopback TLS,first_hybrid_hybrid_100,final_hybrid_100,backend_metrics.hybrid_total_successful_rps,174.26816684559464,167.64725544169426,-3.799266110239541,1.0394931094246458
real loopback TLS,first_hybrid_hybrid_100,final_hybrid_100,backend_metrics.worker_429_count,,0,,
real loopback TLS,first_hybrid_hybrid_100,final_hybrid_100,backend_metrics.worker_active_requests,0,0,,
real loopback TLS,first_hybrid_hybrid_100,final_hybrid_100,backend_metrics.worker_average_latency,0.25067977749074966,0.2598214798524567,3.6467649896666954,0.9648154480264747
real loopback TLS,first_hybrid_hybrid_100,final_hybrid_100,backend_metrics.worker_connect_tcp_attempts,,25,,
real loopback TLS,first_hybrid_hybrid_100,final_hybrid_100,backend_metrics.worker_connect_tcp_seconds,,1.3013670369998636,,
real loopback TLS,first_hybrid_hybrid_100,final_hybrid_100,backend_metrics.worker_connect_tcp_successful,,25,,
real loopback TLS,first_hybrid_hybrid_100,final_hybrid_100,backend_metrics.worker_connection_pool_wait_seconds,,0.0002761259997896559,,
real loopback TLS,first_hybrid_hybrid_100,final_hybrid_100,backend_metrics.worker_followers_received,0,0,,
real loopback TLS,first_hybrid_hybrid_100,final_hybrid_100,backend_metrics.worker_following_received,0,0,,
real loopback TLS,first_hybrid_hybrid_100,final_hybrid_100,backend_metrics.worker_http_error_rate,0.0,0.0,,
real loopback TLS,first_hybrid_hybrid_100,final_hybrid_100,backend_metrics.worker_invalid_response_rate,0.0,0.0,,
real loopback TLS,first_hybrid_hybrid_100,final_hybrid_100,backend_metrics.worker_latency_seconds,27.073415969000962,31.698220541999717,17.082456747586463,0.8540989212037644
real loopback TLS,first_hybrid_hybrid_100,final_hybrid_100,backend_metrics.worker_median_latency,0.23297179399992274,0.23259554500009472,-0.16149980792444785,1.0016176105171226
real loopback TLS,first_hybrid_hybrid_100,final_hybrid_100,backend_metrics.worker_network_error_rate,0.0,0.0,,
real loopback TLS,first_hybrid_hybrid_100,final_hybrid_100,backend_metrics.worker_new_connection_requests,,25,,
real loopback TLS,first_hybrid_hybrid_100,final_hybrid_100,backend_metrics.worker_p95_latency,0.6161036810001406,0.5988183689999005,-2.805584925605431,1.0288657010123263
real loopback TLS,first_hybrid_hybrid_100,final_hybrid_100,backend_metrics.worker_p99_latency,0.7750880510000115,0.7124442619999627,-8.082151301291052,1.087927985866847
real loopback TLS,first_hybrid_hybrid_100,final_hybrid_100,backend_metrics.worker_peak_active_requests,41,52,26.82926829268293,0.7884615384615384
real loopback TLS,first_hybrid_hybrid_100,final_hybrid_100,backend_metrics.worker_profile_received,108,122,12.962962962962955,0.8852459016393442
real loopback TLS,first_hybrid_hybrid_100,final_hybrid_100,backend_metrics.worker_recent_success_percent,100.0,100.0,0.0,1.0
real loopback TLS,first_hybrid_hybrid_100,final_hybrid_100,backend_metrics.worker_records,108,122,12.962962962962955,0.8852459016393442
real loopback TLS,first_hybrid_hybrid_100,final_hybrid_100,backend_metrics.worker_records_per_second,94.10481009662111,102.2648258194335,8.67119939398866,0.9202070149005062
real loopback TLS,first_hybrid_hybrid_100,final_hybrid_100,backend_metrics.worker_requests_failed,0,0,,
real loopback TLS,first_hybrid_hybrid_100,final_hybrid_100,backend_metrics.worker_requests_per_second,94.10481009662111,102.2648258194335,8.67119939398866,0.9202070149005062
real loopback TLS,first_hybrid_hybrid_100,final_hybrid_100,backend_metrics.worker_requests_successful,108,122,12.962962962962955,0.8852459016393442
real loopback TLS,first_hybrid_hybrid_100,final_hybrid_100,backend_metrics.worker_requests_total,108,122,12.962962962962955,0.8852459016393442
real loopback TLS,first_hybrid_hybrid_100,final_hybrid_100,backend_metrics.worker_response_body_bytes,50314,56836,12.962594904002867,0.8852487859807164
real loopback TLS,first_hybrid_hybrid_100,final_hybrid_100,backend_metrics.worker_reused_connection_requests,,97,,
real loopback TLS,first_hybrid_hybrid_100,final_hybrid_100,backend_metrics.worker_risk_control_count,0,0,,
real loopback TLS,first_hybrid_hybrid_100,final_hybrid_100,backend_metrics.worker_risk_control_rate,0.0,0.0,,
real loopback TLS,first_hybrid_hybrid_100,final_hybrid_100,backend_metrics.worker_successful_rps,94.10481009662111,102.2648258194335,8.67119939398866,0.9202070149005062
real loopback TLS,first_hybrid_hybrid_100,final_hybrid_100,backend_metrics.worker_timeout_rate,0.0,0.0,,
real loopback TLS,first_hybrid_hybrid_100,final_hybrid_100,backend_metrics.worker_tls_handshake_attempts,,25,,
real loopback TLS,first_hybrid_hybrid_100,final_hybrid_100,backend_metrics.worker_tls_handshake_seconds,,1.1286331569999675,,
real loopback TLS,first_hybrid_hybrid_100,final_hybrid_100,backend_metrics.worker_tls_handshake_successful,,25,,
real loopback TLS,first_hybrid_hybrid_100,final_hybrid_100,configured_workers,100,100,0.0,1.0
real loopback TLS,first_hybrid_hybrid_100,final_hybrid_100,cpu_percent_of_one_core,100.11266284294305,100.44871678095069,0.33567575615767176,0.996654472562945
real loopback TLS,first_hybrid_hybrid_100,final_hybrid_100,cpu_seconds,1.157501017,1.2065082839999999,4.233885437700646,0.9593809113042112
real loopback TLS,first_hybrid_hybrid_100,final_hybrid_100,elapsed_seconds,1.156198411000105,1.2011186629999884,3.885168114097981,0.9626013204326641
real loopback TLS,first_hybrid_hybrid_100,final_hybrid_100,event_loop_max,0.038850746999951294,0.03816641400008393,-1.7614410345011433,1.017930240966989
real loopback TLS,first_hybrid_hybrid_100,final_hybrid_100,event_loop_p95,0.022761188999975274,0.0304884279999942,33.949188682662054,0.7465517408762303
real loopback TLS,first_hybrid_hybrid_100,final_hybrid_100,harness_version,2,2,0.0,1.0
real loopback TLS,first_hybrid_hybrid_100,final_hybrid_100,loopback_interface_bytes.received,494200,474714,-3.9429380817482818,1.0410478730351327
real loopback TLS,first_hybrid_hybrid_100,final_hybrid_100,loopback_interface_bytes.transmitted,494200,474714,-3.9429380817482818,1.0410478730351327
real loopback TLS,first_hybrid_hybrid_100,final_hybrid_100,median_latency,0.4256730145000347,0.4381573790000175,2.9328531700901994,0.971507122558394
real loopback TLS,first_hybrid_hybrid_100,final_hybrid_100,new_tls_connections,51,50,-1.9607843137254943,1.02
real loopback TLS,first_hybrid_hybrid_100,final_hybrid_100,p95_latency,0.8864399449998928,0.9293846059999851,4.844621594765508,0.9537923689257954
real loopback TLS,first_hybrid_hybrid_100,final_hybrid_100,p99_latency,1.1007125119999728,1.1223251039999695,1.96350925099662,0.9807430200723752
real loopback TLS,first_hybrid_hybrid_100,final_hybrid_100,peak_active_jobs,100,100,0.0,1.0
real loopback TLS,first_hybrid_hybrid_100,final_hybrid_100,peak_admitted_requests,100,63,-37.0,1.5873015873015872
real loopback TLS,first_hybrid_hybrid_100,final_hybrid_100,peak_rss_bytes,70172672,69468160,-1.003969180480968,1.0101415094339623
real loopback TLS,first_hybrid_hybrid_100,final_hybrid_100,sampled_average_active_connections,18.001812265938792,16.866762727173164,-6.305195954705367,1.0672950439349578
real loopback TLS,first_hybrid_hybrid_100,final_hybrid_100,sampled_average_idle_connections,27.067141526280174,27.383998881381313,1.170634715134189,0.9884291057535584
real loopback TLS,first_hybrid_hybrid_100,final_hybrid_100,sampled_peak_active_connections,47,44,-6.382978723404253,1.0681818181818181
real loopback TLS,first_hybrid_hybrid_100,final_hybrid_100,server_requests,200,200,0.0,1.0
real loopback TLS,first_hybrid_hybrid_100,final_hybrid_100,successful_requests,200,200,0.0,1.0
real loopback TLS,first_hybrid_hybrid_100,final_hybrid_100,successful_rps,172.98069094127294,166.5114415094239,-3.7398679567336,1.0388516811409798
real loopback TLS,original_worker_100,final_hybrid_100,actual_connection_ceiling,100,100,0.0,1.0
real loopback TLS,original_worker_100,final_hybrid_100,attempted_requests,200,200,0.0,1.0
real loopback TLS,original_worker_100,final_hybrid_100,attempted_rps,161.03916486017698,166.5114415094239,3.398102973272521,0.9671357319374525
real loopback TLS,original_worker_100,final_hybrid_100,average_latency,0.4694917787500003,0.46929466705000494,-0.04198405785084125,1.0004200169186546
real loopback TLS,original_worker_100,final_hybrid_100,backend_metrics.backend_connection_pools.direct.active,,0,,
real loopback TLS,original_worker_100,final_hybrid_100,backend_metrics.backend_connection_pools.direct.idle_keepalive,,25,,
real loopback TLS,original_worker_100,final_hybrid_100,backend_metrics.backend_connection_pools.worker.active,,0,,
real loopback TLS,original_worker_100,final_hybrid_100,backend_metrics.backend_connection_pools.worker.idle_keepalive,,25,,
real loopback TLS,original_worker_100,final_hybrid_100,backend_metrics.backend_failovers,,0,,
real loopback TLS,original_worker_100,final_hybrid_100,backend_metrics.backend_stages.backend_routing_calls,,200,,
real loopback TLS,original_worker_100,final_hybrid_100,backend_metrics.backend_stages.backend_routing_seconds,,0.002086843999222765,,
real loopback TLS,original_worker_100,final_hybrid_100,backend_metrics.backend_stages.direct_admission_wait_seconds,,0.0011313059998201425,,
real loopback TLS,original_worker_100,final_hybrid_100,backend_metrics.backend_stages.json_parsing_calls,,200,,
real loopback TLS,original_worker_100,final_hybrid_100,backend_metrics.backend_stages.json_parsing_seconds,,0.003149732999531807,,
real loopback TLS,original_worker_100,final_hybrid_100,backend_metrics.backend_stages.normalization_calls,,200,,
real loopback TLS,original_worker_100,final_hybrid_100,backend_metrics.backend_stages.normalization_seconds,,0.004154769999786367,,
real loopback TLS,original_worker_100,final_hybrid_100,backend_metrics.backend_stages.proxy_selection_calls,,200,,
real loopback TLS,original_worker_100,final_hybrid_100,backend_metrics.backend_stages.proxy_selection_seconds,,0.0004045840011031032,,
real loopback TLS,original_worker_100,final_hybrid_100,backend_metrics.backend_stages.signing_calls,,78,,
real loopback TLS,original_worker_100,final_hybrid_100,backend_metrics.backend_stages.signing_seconds,,1.2949863910001795,,
real loopback TLS,original_worker_100,final_hybrid_100,backend_metrics.backend_stages.worker_admission_wait_seconds,,0.001717761000122664,,
real loopback TLS,original_worker_100,final_hybrid_100,backend_metrics.backend_switches,,0,,
real loopback TLS,original_worker_100,final_hybrid_100,backend_metrics.cursor_chain_restarts,,0,,
real loopback TLS,original_worker_100,final_hybrid_100,backend_metrics.direct_429_count,,0,,
real loopback TLS,original_worker_100,final_hybrid_100,backend_metrics.direct_active_requests,,0,,
real loopback TLS,original_worker_100,final_hybrid_100,backend_metrics.direct_average_latency,,0.2170682110640999,,
real loopback TLS,original_worker_100,final_hybrid_100,backend_metrics.direct_connect_tcp_attempts,,25,,
real loopback TLS,original_worker_100,final_hybrid_100,backend_metrics.direct_connect_tcp_seconds,,1.547349869999607,,
real loopback TLS,original_worker_100,final_hybrid_100,backend_metrics.direct_connect_tcp_successful,,25,,
real loopback TLS,original_worker_100,final_hybrid_100,backend_metrics.direct_connection_pool_wait_seconds,,0.0001494380002213802,,
real loopback TLS,original_worker_100,final_hybrid_100,backend_metrics.direct_cooldown_count,,0,,
real loopback TLS,original_worker_100,final_hybrid_100,backend_metrics.direct_cooldown_remaining_seconds,,0.0,,
real loopback TLS,original_worker_100,final_hybrid_100,backend_metrics.direct_followers_received,,0,,
real loopback TLS,original_worker_100,final_hybrid_100,backend_metrics.direct_following_received,,0,,
real loopback TLS,original_worker_100,final_hybrid_100,backend_metrics.direct_http_error_rate,,0.0,,
real loopback TLS,original_worker_100,final_hybrid_100,backend_metrics.direct_invalid_response_rate,,0.0,,
real loopback TLS,original_worker_100,final_hybrid_100,backend_metrics.direct_latency_seconds,,16.931320462999793,,
real loopback TLS,original_worker_100,final_hybrid_100,backend_metrics.direct_median_latency,,0.23694153700000697,,
real loopback TLS,original_worker_100,final_hybrid_100,backend_metrics.direct_network_error_rate,,0.0,,
real loopback TLS,original_worker_100,final_hybrid_100,backend_metrics.direct_new_connection_requests,,25,,
real loopback TLS,original_worker_100,final_hybrid_100,backend_metrics.direct_p95_latency,,0.39103354600001694,,
real loopback TLS,original_worker_100,final_hybrid_100,backend_metrics.direct_p99_latency,,0.49282749099995726,,
real loopback TLS,original_worker_100,final_hybrid_100,backend_metrics.direct_peak_active_requests,,26,,
real loopback TLS,original_worker_100,final_hybrid_100,backend_metrics.direct_profile_received,,78,,
real loopback TLS,original_worker_100,final_hybrid_100,backend_metrics.direct_recent_success_percent,,100.0,,
real loopback TLS,original_worker_100,final_hybrid_100,backend_metrics.direct_records,,78,,
real loopback TLS,original_worker_100,final_hybrid_100,backend_metrics.direct_records_per_second,,65.38242962226076,,
real loopback TLS,original_worker_100,final_hybrid_100,backend_metrics.direct_recovery_429s,,0,,
real loopback TLS,original_worker_100,final_hybrid_100,backend_metrics.direct_recovery_attempts,,0,,
real loopback TLS,original_worker_100,final_hybrid_100,backend_metrics.direct_recovery_successes,,0,,
real loopback TLS,original_worker_100,final_hybrid_100,backend_metrics.direct_requests_failed,,0,,
real loopback TLS,original_worker_100,final_hybrid_100,backend_metrics.direct_requests_per_second,,65.38242962226076,,
real loopback TLS,original_worker_100,final_hybrid_100,backend_metrics.direct_requests_successful,,78,,
real loopback TLS,original_worker_100,final_hybrid_100,backend_metrics.direct_requests_total,,78,,
real loopback TLS,original_worker_100,final_hybrid_100,backend_metrics.direct_response_body_bytes,,24410,,
real loopback TLS,original_worker_100,final_hybrid_100,backend_metrics.direct_reused_connection_requests,,53,,
real loopback TLS,original_worker_100,final_hybrid_100,backend_metrics.direct_risk_control_count,,0,,
real loopback TLS,original_worker_100,final_hybrid_100,backend_metrics.direct_risk_control_rate,,0.0,,
real loopback TLS,original_worker_100,final_hybrid_100,backend_metrics.direct_successful_rps,,65.38242962226076,,
real loopback TLS,original_worker_100,final_hybrid_100,backend_metrics.direct_timeout_rate,,0.0,,
real loopback TLS,original_worker_100,final_hybrid_100,backend_metrics.direct_tls_handshake_attempts,,25,,
real loopback TLS,original_worker_100,final_hybrid_100,backend_metrics.direct_tls_handshake_seconds,,1.2477843879996726,,
real loopback TLS,original_worker_100,final_hybrid_100,backend_metrics.direct_tls_handshake_successful,,25,,
real loopback TLS,original_worker_100,final_hybrid_100,backend_metrics.findtik_429_count,,0,,
real loopback TLS,original_worker_100,final_hybrid_100,backend_metrics.findtik_jobs_moved_to_direct,,0,,
real loopback TLS,original_worker_100,final_hybrid_100,backend_metrics.findtik_requests_cancelled_after_429,,0,,
real loopback TLS,original_worker_100,final_hybrid_100,backend_metrics.hybrid_records_per_second,,167.64725544169426,,
real loopback TLS,original_worker_100,final_hybrid_100,backend_metrics.hybrid_total_successful_rps,,167.64725544169426,,
real loopback TLS,original_worker_100,final_hybrid_100,backend_metrics.worker_429_count,,0,,
real loopback TLS,original_worker_100,final_hybrid_100,backend_metrics.worker_active_requests,,0,,
real loopback TLS,original_worker_100,final_hybrid_100,backend_metrics.worker_average_latency,,0.2598214798524567,,
real loopback TLS,original_worker_100,final_hybrid_100,backend_metrics.worker_connect_tcp_attempts,,25,,
real loopback TLS,original_worker_100,final_hybrid_100,backend_metrics.worker_connect_tcp_seconds,,1.3013670369998636,,
real loopback TLS,original_worker_100,final_hybrid_100,backend_metrics.worker_connect_tcp_successful,,25,,
real loopback TLS,original_worker_100,final_hybrid_100,backend_metrics.worker_connection_pool_wait_seconds,,0.0002761259997896559,,
real loopback TLS,original_worker_100,final_hybrid_100,backend_metrics.worker_followers_received,,0,,
real loopback TLS,original_worker_100,final_hybrid_100,backend_metrics.worker_following_received,,0,,
real loopback TLS,original_worker_100,final_hybrid_100,backend_metrics.worker_http_error_rate,,0.0,,
real loopback TLS,original_worker_100,final_hybrid_100,backend_metrics.worker_invalid_response_rate,,0.0,,
real loopback TLS,original_worker_100,final_hybrid_100,backend_metrics.worker_latency_seconds,,31.698220541999717,,
real loopback TLS,original_worker_100,final_hybrid_100,backend_metrics.worker_median_latency,,0.23259554500009472,,
real loopback TLS,original_worker_100,final_hybrid_100,backend_metrics.worker_network_error_rate,,0.0,,
real loopback TLS,original_worker_100,final_hybrid_100,backend_metrics.worker_new_connection_requests,,25,,
real loopback TLS,original_worker_100,final_hybrid_100,backend_metrics.worker_p95_latency,,0.5988183689999005,,
real loopback TLS,original_worker_100,final_hybrid_100,backend_metrics.worker_p99_latency,,0.7124442619999627,,
real loopback TLS,original_worker_100,final_hybrid_100,backend_metrics.worker_peak_active_requests,,52,,
real loopback TLS,original_worker_100,final_hybrid_100,backend_metrics.worker_profile_received,,122,,
real loopback TLS,original_worker_100,final_hybrid_100,backend_metrics.worker_recent_success_percent,,100.0,,
real loopback TLS,original_worker_100,final_hybrid_100,backend_metrics.worker_records,,122,,
real loopback TLS,original_worker_100,final_hybrid_100,backend_metrics.worker_records_per_second,,102.2648258194335,,
real loopback TLS,original_worker_100,final_hybrid_100,backend_metrics.worker_requests_failed,,0,,
real loopback TLS,original_worker_100,final_hybrid_100,backend_metrics.worker_requests_per_second,,102.2648258194335,,
real loopback TLS,original_worker_100,final_hybrid_100,backend_metrics.worker_requests_successful,,122,,
real loopback TLS,original_worker_100,final_hybrid_100,backend_metrics.worker_requests_total,,122,,
real loopback TLS,original_worker_100,final_hybrid_100,backend_metrics.worker_response_body_bytes,,56836,,
real loopback TLS,original_worker_100,final_hybrid_100,backend_metrics.worker_reused_connection_requests,,97,,
real loopback TLS,original_worker_100,final_hybrid_100,backend_metrics.worker_risk_control_count,,0,,
real loopback TLS,original_worker_100,final_hybrid_100,backend_metrics.worker_risk_control_rate,,0.0,,
real loopback TLS,original_worker_100,final_hybrid_100,backend_metrics.worker_successful_rps,,102.2648258194335,,
real loopback TLS,original_worker_100,final_hybrid_100,backend_metrics.worker_timeout_rate,,0.0,,
real loopback TLS,original_worker_100,final_hybrid_100,backend_metrics.worker_tls_handshake_attempts,,25,,
real loopback TLS,original_worker_100,final_hybrid_100,backend_metrics.worker_tls_handshake_seconds,,1.1286331569999675,,
real loopback TLS,original_worker_100,final_hybrid_100,backend_metrics.worker_tls_handshake_successful,,25,,
real loopback TLS,original_worker_100,final_hybrid_100,configured_workers,100,100,0.0,1.0
real loopback TLS,original_worker_100,final_hybrid_100,cpu_percent_of_one_core,96.90344030158631,100.44871678095069,3.6585661647622114,0.9647056070701671
real loopback TLS,original_worker_100,final_hybrid_100,cpu_seconds,1.2034766870000002,1.2065082839999999,0.2519032593441217,0.9974872969873453
real loopback TLS,original_worker_100,final_hybrid_100,elapsed_seconds,1.2419339119999222,1.2011186629999884,-3.286426806254761,1.0339810297327252
real loopback TLS,original_worker_100,final_hybrid_100,event_loop_max,0.02686343800005943,0.03816641400008393,42.07568666378254,0.7038501966676869
real loopback TLS,original_worker_100,final_hybrid_100,event_loop_p95,0.014190508000051522,0.0304884279999942,114.85085664222522,0.4654391495702639
real loopback TLS,original_worker_100,final_hybrid_100,harness_version,2,2,0.0,1.0
real loopback TLS,original_worker_100,final_hybrid_100,loopback_interface_bytes.received,312600,474714,51.8598848368522,0.6585017505276861
real loopback TLS,original_worker_100,final_hybrid_100,loopback_interface_bytes.transmitted,312600,474714,51.8598848368522,0.6585017505276861
real loopback TLS,original_worker_100,final_hybrid_100,median_latency,0.39299241649996475,0.4381573790000175,11.49257863607065,0.8969206849759549
real loopback TLS,original_worker_100,final_hybrid_100,new_tls_connections,29,50,72.41379310344827,0.58
real loopback TLS,original_worker_100,final_hybrid_100,p95_latency,0.999952932000042,0.9293846059999851,-7.057164766636637,1.0759301644813968
real loopback TLS,original_worker_100,final_hybrid_100,p99_latency,1.1891723979999824,1.1223251039999695,-5.621329095128713,1.059561435239904
real loopback TLS,original_worker_100,final_hybrid_100,peak_active_jobs,100,100,0.0,1.0
real loopback TLS,original_worker_100,final_hybrid_100,peak_admitted_requests,100,63,-37.0,1.5873015873015872
real loopback TLS,original_worker_100,final_hybrid_100,peak_rss_bytes,61542400,69468160,12.878535773710475,0.8859080188679245
real loopback TLS,original_worker_100,final_hybrid_100,sampled_average_active_connections,9.343925932670679,16.866762727173164,80.51044976928996,0.5539845484170572
real loopback TLS,original_worker_100,final_hybrid_100,sampled_average_idle_connections,17.64538240824095,27.383998881381313,55.19073629479474,0.6443683584955973
real loopback TLS,original_worker_100,final_hybrid_100,sampled_peak_active_connections,25,44,76.0,0.5681818181818182
real loopback TLS,original_worker_100,final_hybrid_100,server_requests,200,200,0.0,1.0
real loopback TLS,original_worker_100,final_hybrid_100,successful_requests,200,200,0.0,1.0
real loopback TLS,original_worker_100,final_hybrid_100,successful_rps,161.03916486017698,166.5114415094239,3.398102973272521,0.9671357319374525
real loopback TLS,first_hybrid_hybrid_500,final_hybrid_500,actual_connection_ceiling,500,500,0.0,1.0
real loopback TLS,first_hybrid_hybrid_500,final_hybrid_500,attempted_requests,1000,1000,0.0,1.0
real loopback TLS,first_hybrid_hybrid_500,final_hybrid_500,attempted_rps,157.27265363481595,151.61582598570834,-3.5968285130119626,1.0373102716179565
real loopback TLS,first_hybrid_hybrid_500,final_hybrid_500,average_latency,2.463402433338999,2.583441289363999,4.872888586957114,0.9535352877887341
real loopback TLS,first_hybrid_hybrid_500,final_hybrid_500,backend_metrics.backend_connection_pools.direct.active,,0,,
real loopback TLS,first_hybrid_hybrid_500,final_hybrid_500,backend_metrics.backend_connection_pools.direct.idle_keepalive,,26,,
real loopback TLS,first_hybrid_hybrid_500,final_hybrid_500,backend_metrics.backend_connection_pools.worker.active,,0,,
real loopback TLS,first_hybrid_hybrid_500,final_hybrid_500,backend_metrics.backend_connection_pools.worker.idle_keepalive,,25,,
real loopback TLS,first_hybrid_hybrid_500,final_hybrid_500,backend_metrics.backend_failovers,0,0,,
real loopback TLS,first_hybrid_hybrid_500,final_hybrid_500,backend_metrics.backend_stages.backend_routing_calls,1000,1000,0.0,1.0
real loopback TLS,first_hybrid_hybrid_500,final_hybrid_500,backend_metrics.backend_stages.backend_routing_seconds,0.010978964000969427,0.010511345000168149,-4.259227015955136,1.0444870757066578
real loopback TLS,first_hybrid_hybrid_500,final_hybrid_500,backend_metrics.backend_stages.direct_admission_wait_seconds,0.006606200999158318,0.008182101998613689,23.854875134077112,0.8073965590110733
real loopback TLS,first_hybrid_hybrid_500,final_hybrid_500,backend_metrics.backend_stages.json_parsing_calls,1000,1000,0.0,1.0
real loopback TLS,first_hybrid_hybrid_500,final_hybrid_500,backend_metrics.backend_stages.json_parsing_seconds,0.0161724769986904,0.015617916999644876,-3.429035633134181,1.0355079361132558
real loopback TLS,first_hybrid_hybrid_500,final_hybrid_500,backend_metrics.backend_stages.normalization_calls,1000,1000,0.0,1.0
real loopback TLS,first_hybrid_hybrid_500,final_hybrid_500,backend_metrics.backend_stages.normalization_seconds,0.021410592001302575,0.021438225999531824,0.12906695072965046,0.9987109941732188
real loopback TLS,first_hybrid_hybrid_500,final_hybrid_500,backend_metrics.backend_stages.proxy_selection_calls,1000,1000,0.0,1.0
real loopback TLS,first_hybrid_hybrid_500,final_hybrid_500,backend_metrics.backend_stages.proxy_selection_seconds,0.001967888004401175,0.0019028339984288323,-3.3057778606734534,1.0341879565038556
real loopback TLS,first_hybrid_hybrid_500,final_hybrid_500,backend_metrics.backend_stages.signing_calls,469,520,10.874200426439229,0.9019230769230769
real loopback TLS,first_hybrid_hybrid_500,final_hybrid_500,backend_metrics.backend_stages.signing_seconds,11.36181801899329,12.316529681001612,8.40280719522486,0.9224853358262941
real loopback TLS,first_hybrid_hybrid_500,final_hybrid_500,backend_metrics.backend_stages.worker_admission_wait_seconds,0.006744278001860948,0.007189556999946944,6.602322709163677,0.9380658644073228
real loopback TLS,first_hybrid_hybrid_500,final_hybrid_500,backend_metrics.backend_switches,0,0,,
real loopback TLS,first_hybrid_hybrid_500,final_hybrid_500,backend_metrics.cursor_chain_restarts,0,0,,
real loopback TLS,first_hybrid_hybrid_500,final_hybrid_500,backend_metrics.direct_429_count,,0,,
real loopback TLS,first_hybrid_hybrid_500,final_hybrid_500,backend_metrics.direct_active_requests,0,0,,
real loopback TLS,first_hybrid_hybrid_500,final_hybrid_500,backend_metrics.direct_average_latency,0.8166022486780472,0.8557280041653823,4.791286767906122,0.9542778133976162
real loopback TLS,first_hybrid_hybrid_500,final_hybrid_500,backend_metrics.direct_connect_tcp_attempts,,26,,
real loopback TLS,first_hybrid_hybrid_500,final_hybrid_500,backend_metrics.direct_connect_tcp_seconds,,1.5665742029998455,,
real loopback TLS,first_hybrid_hybrid_500,final_hybrid_500,backend_metrics.direct_connect_tcp_successful,,26,,
real loopback TLS,first_hybrid_hybrid_500,final_hybrid_500,backend_metrics.direct_connection_pool_wait_seconds,,0.0011955610000313754,,
real loopback TLS,first_hybrid_hybrid_500,final_hybrid_500,backend_metrics.direct_cooldown_count,,0,,
real loopback TLS,first_hybrid_hybrid_500,final_hybrid_500,backend_metrics.direct_cooldown_remaining_seconds,,0.0,,
real loopback TLS,first_hybrid_hybrid_500,final_hybrid_500,backend_metrics.direct_followers_received,0,0,,
real loopback TLS,first_hybrid_hybrid_500,final_hybrid_500,backend_metrics.direct_following_received,0,0,,
real loopback TLS,first_hybrid_hybrid_500,final_hybrid_500,backend_metrics.direct_http_error_rate,0.0,0.0,,
real loopback TLS,first_hybrid_hybrid_500,final_hybrid_500,backend_metrics.direct_invalid_response_rate,0.0,0.0,,
real loopback TLS,first_hybrid_hybrid_500,final_hybrid_500,backend_metrics.direct_latency_seconds,382.9864546300041,444.9785621659988,16.18650132049293,0.8606851816990038
real loopback TLS,first_hybrid_hybrid_500,final_hybrid_500,backend_metrics.direct_median_latency,0.5274857249999059,0.6101192440000887,15.665546020263864,0.8645616905009953
real loopback TLS,first_hybrid_hybrid_500,final_hybrid_500,backend_metrics.direct_network_error_rate,0.0,0.0,,
real loopback TLS,first_hybrid_hybrid_500,final_hybrid_500,backend_metrics.direct_new_connection_requests,,26,,
real loopback TLS,first_hybrid_hybrid_500,final_hybrid_500,backend_metrics.direct_p95_latency,2.498848141000053,2.561790946999963,2.5188727945156364,0.9754301551913827
real loopback TLS,first_hybrid_hybrid_500,final_hybrid_500,backend_metrics.direct_p99_latency,3.690129046000038,3.457964031000074,-6.291514798151088,1.0671392220736373
real loopback TLS,first_hybrid_hybrid_500,final_hybrid_500,backend_metrics.direct_peak_active_requests,94,98,4.255319148936176,0.9591836734693877
real loopback TLS,first_hybrid_hybrid_500,final_hybrid_500,backend_metrics.direct_profile_received,469,520,10.874200426439229,0.9019230769230769
real loopback TLS,first_hybrid_hybrid_500,final_hybrid_500,backend_metrics.direct_recent_success_percent,100.0,100.0,0.0,1.0
real loopback TLS,first_hybrid_hybrid_500,final_hybrid_500,backend_metrics.direct_records,469,520,10.874200426439229,0.9019230769230769
real loopback TLS,first_hybrid_hybrid_500,final_hybrid_500,backend_metrics.direct_records_per_second,73.8596189055651,78.9423488702012,6.881608705745879,0.9356146600984315
real loopback TLS,first_hybrid_hybrid_500,final_hybrid_500,backend_metrics.direct_recovery_429s,,0,,
real loopback TLS,first_hybrid_hybrid_500,final_hybrid_500,backend_metrics.direct_recovery_attempts,,0,,
real loopback TLS,first_hybrid_hybrid_500,final_hybrid_500,backend_metrics.direct_recovery_successes,,0,,
real loopback TLS,first_hybrid_hybrid_500,final_hybrid_500,backend_metrics.direct_requests_failed,0,0,,
real loopback TLS,first_hybrid_hybrid_500,final_hybrid_500,backend_metrics.direct_requests_per_second,73.8596189055651,78.9423488702012,6.881608705745879,0.9356146600984315
real loopback TLS,first_hybrid_hybrid_500,final_hybrid_500,backend_metrics.direct_requests_successful,469,520,10.874200426439229,0.9019230769230769
real loopback TLS,first_hybrid_hybrid_500,final_hybrid_500,backend_metrics.direct_requests_total,469,520,10.874200426439229,0.9019230769230769
real loopback TLS,first_hybrid_hybrid_500,final_hybrid_500,backend_metrics.direct_response_body_bytes,147183,163173,10.864026416094251,0.9020058465554963
real loopback TLS,first_hybrid_hybrid_500,final_hybrid_500,backend_metrics.direct_reused_connection_requests,,494,,
real loopback TLS,first_hybrid_hybrid_500,final_hybrid_500,backend_metrics.direct_risk_control_count,0,0,,
real loopback TLS,first_hybrid_hybrid_500,final_hybrid_500,backend_metrics.direct_risk_control_rate,0.0,0.0,,
real loopback TLS,first_hybrid_hybrid_500,final_hybrid_500,backend_metrics.direct_successful_rps,73.8596189055651,78.9423488702012,6.881608705745879,0.9356146600984315
real loopback TLS,first_hybrid_hybrid_500,final_hybrid_500,backend_metrics.direct_timeout_rate,0.0,0.0,,
real loopback TLS,first_hybrid_hybrid_500,final_hybrid_500,backend_metrics.direct_tls_handshake_attempts,,26,,
real loopback TLS,first_hybrid_hybrid_500,final_hybrid_500,backend_metrics.direct_tls_handshake_seconds,,1.2830351849999033,,
real loopback TLS,first_hybrid_hybrid_500,final_hybrid_500,backend_metrics.direct_tls_handshake_successful,,26,,
real loopback TLS,first_hybrid_hybrid_500,final_hybrid_500,backend_metrics.findtik_429_count,,0,,
real loopback TLS,first_hybrid_hybrid_500,final_hybrid_500,backend_metrics.findtik_jobs_moved_to_direct,,0,,
real loopback TLS,first_hybrid_hybrid_500,final_hybrid_500,backend_metrics.findtik_requests_cancelled_after_429,,0,,
real loopback TLS,first_hybrid_hybrid_500,final_hybrid_500,backend_metrics.hybrid_records_per_second,157.4831959606932,151.81220936577154,-3.6010106096253547,1.0373552734566833
real loopback TLS,first_hybrid_hybrid_500,final_hybrid_500,backend_metrics.hybrid_total_successful_rps,157.4831959606932,151.81220936577154,-3.6010106096253547,1.0373552734566833
real loopback TLS,first_hybrid_hybrid_500,final_hybrid_500,backend_metrics.worker_429_count,,0,,
real loopback TLS,first_hybrid_hybrid_500,final_hybrid_500,backend_metrics.worker_active_requests,0,0,,
real loopback TLS,first_hybrid_hybrid_500,final_hybrid_500,backend_metrics.worker_average_latency,0.7969188202598843,0.8868332036958326,11.282753167584403,0.8986118437365282
real loopback TLS,first_hybrid_hybrid_500,final_hybrid_500,backend_metrics.worker_connect_tcp_attempts,,25,,
real loopback TLS,first_hybrid_hybrid_500,final_hybrid_500,backend_metrics.worker_connect_tcp_seconds,,1.4046843029999536,,
real loopback TLS,first_hybrid_hybrid_500,final_hybrid_500,backend_metrics.worker_connect_tcp_successful,,25,,
real loopback TLS,first_hybrid_hybrid_500,final_hybrid_500,backend_metrics.worker_connection_pool_wait_seconds,,0.0010885969986702548,,
real loopback TLS,first_hybrid_hybrid_500,final_hybrid_500,backend_metrics.worker_followers_received,0,0,,
real loopback TLS,first_hybrid_hybrid_500,final_hybrid_500,backend_metrics.worker_following_received,0,0,,
real loopback TLS,first_hybrid_hybrid_500,final_hybrid_500,backend_metrics.worker_http_error_rate,0.0,0.0,,
real loopback TLS,first_hybrid_hybrid_500,final_hybrid_500,backend_metrics.worker_invalid_response_rate,0.0,0.0,,
real loopback TLS,first_hybrid_hybrid_500,final_hybrid_500,backend_metrics.worker_latency_seconds,423.16389355799856,425.67993777399965,0.5945791345395746,0.9940893521335344
real loopback TLS,first_hybrid_hybrid_500,final_hybrid_500,backend_metrics.worker_median_latency,0.5093803439999647,0.64868199,27.34727549676417,0.7852543339456127
real loopback TLS,first_hybrid_hybrid_500,final_hybrid_500,backend_metrics.worker_network_error_rate,0.0,0.0,,
real loopback TLS,first_hybrid_hybrid_500,final_hybrid_500,backend_metrics.worker_new_connection_requests,,25,,
real loopback TLS,first_hybrid_hybrid_500,final_hybrid_500,backend_metrics.worker_p95_latency,2.3794198519999554,2.6773751320000656,12.522181814599564,0.8887136597188269
real loopback TLS,first_hybrid_hybrid_500,final_hybrid_500,backend_metrics.worker_p99_latency,3.784018119999928,3.5193950509999468,-6.9931765812999425,1.0751899304185233
real loopback TLS,first_hybrid_hybrid_500,final_hybrid_500,backend_metrics.worker_peak_active_requests,94,93,-1.0638297872340385,1.010752688172043
real loopback TLS,first_hybrid_hybrid_500,final_hybrid_500,backend_metrics.worker_profile_received,531,480,-9.6045197740113,1.10625
real loopback TLS,first_hybrid_hybrid_500,final_hybrid_500,backend_metrics.worker_recent_success_percent,100.0,100.0,0.0,1.0
real loopback TLS,first_hybrid_hybrid_500,final_hybrid_500,backend_metrics.worker_records,531,480,-9.6045197740113,1.10625
real loopback TLS,first_hybrid_hybrid_500,final_hybrid_500,backend_metrics.worker_records_per_second,83.62357705512808,72.86986049557034,-12.859670607570939,1.1475742712614558
real loopback TLS,first_hybrid_hybrid_500,final_hybrid_500,backend_metrics.worker_requests_failed,0,0,,
real loopback TLS,first_hybrid_hybrid_500,final_hybrid_500,backend_metrics.worker_requests_per_second,83.62357705512808,72.86986049557034,-12.859670607570939,1.1475742712614558
real loopback TLS,first_hybrid_hybrid_500,final_hybrid_500,backend_metrics.worker_requests_successful,531,480,-9.6045197740113,1.10625
real loopback TLS,first_hybrid_hybrid_500,final_hybrid_500,backend_metrics.worker_requests_total,531,480,-9.6045197740113,1.10625
real loopback TLS,first_hybrid_hybrid_500,final_hybrid_500,backend_metrics.worker_response_body_bytes,247840,224047,-9.600145255003223,1.1061964677054368
real loopback TLS,first_hybrid_hybrid_500,final_hybrid_500,backend_metrics.worker_reused_connection_requests,,455,,
real loopback TLS,first_hybrid_hybrid_500,final_hybrid_500,backend_metrics.worker_risk_control_count,0,0,,
real loopback TLS,first_hybrid_hybrid_500,final_hybrid_500,backend_metrics.worker_risk_control_rate,0.0,0.0,,
real loopback TLS,first_hybrid_hybrid_500,final_hybrid_500,backend_metrics.worker_successful_rps,83.62357705512808,72.86986049557034,-12.859670607570939,1.1475742712614558
real loopback TLS,first_hybrid_hybrid_500,final_hybrid_500,backend_metrics.worker_timeout_rate,0.0,0.0,,
real loopback TLS,first_hybrid_hybrid_500,final_hybrid_500,backend_metrics.worker_tls_handshake_attempts,,25,,
real loopback TLS,first_hybrid_hybrid_500,final_hybrid_500,backend_metrics.worker_tls_handshake_seconds,,1.1841712019999022,,
real loopback TLS,first_hybrid_hybrid_500,final_hybrid_500,backend_metrics.worker_tls_handshake_successful,,25,,
real loopback TLS,first_hybrid_hybrid_500,final_hybrid_500,configured_workers,500,500,0.0,1.0
real loopback TLS,first_hybrid_hybrid_500,final_hybrid_500,cpu_percent_of_one_core,102.08609681307271,102.15952356711021,0.07192630174894799,0.9992812539499633
real loopback TLS,first_hybrid_hybrid_500,final_hybrid_500,cpu_seconds,6.491026536,6.738051446999999,3.8056370533993356,0.9633388208827074
real loopback TLS,first_hybrid_hybrid_500,final_hybrid_500,elapsed_seconds,6.358384479999813,6.595617532000006,3.7310271617956525,0.9640317148698804
real loopback TLS,first_hybrid_hybrid_500,final_hybrid_500,event_loop_max,0.04154209899978013,0.04175190299995847,0.5050394785767853,0.9949749835312046
real loopback TLS,first_hybrid_hybrid_500,final_hybrid_500,event_loop_p95,0.034686560999925856,0.03438788399999339,-0.8610741201271144,1.0086855300527513
real loopback TLS,first_hybrid_hybrid_500,final_hybrid_500,harness_version,2,2,0.0,1.0
real loopback TLS,first_hybrid_hybrid_500,final_hybrid_500,loopback_interface_bytes.received,1876958,1937328,3.216374580571335,0.9688385239876779
real loopback TLS,first_hybrid_hybrid_500,final_hybrid_500,loopback_interface_bytes.transmitted,1876958,1937328,3.216374580571335,0.9688385239876779
real loopback TLS,first_hybrid_hybrid_500,final_hybrid_500,median_latency,2.476580666000018,2.6855762684999718,8.438877253996635,0.9221784892310326
real loopback TLS,first_hybrid_hybrid_500,final_hybrid_500,new_tls_connections,50,51,2.0000000000000018,0.9803921568627451
real loopback TLS,first_hybrid_hybrid_500,final_hybrid_500,p95_latency,4.561025105999988,4.695565827999985,2.9497913050952063,0.9713472823237359
real loopback TLS,first_hybrid_hybrid_500,final_hybrid_500,p99_latency,5.815189415000077,5.732396404999918,-1.4237371148495659,1.014443001521658
real loopback TLS,first_hybrid_hybrid_500,final_hybrid_500,peak_active_jobs,500,500,0.0,1.0
real loopback TLS,first_hybrid_hybrid_500,final_hybrid_500,peak_admitted_requests,500,191,-61.8,2.6178010471204187
real loopback TLS,first_hybrid_hybrid_500,final_hybrid_500,peak_rss_bytes,73916416,74289152,0.5042668735453892,0.9949826321883443
real loopback TLS,first_hybrid_hybrid_500,final_hybrid_500,sampled_average_active_connections,18.751705523476897,18.771099433119982,0.10342477711589027,0.998966820792134
real loopback TLS,first_hybrid_hybrid_500,final_hybrid_500,sampled_average_idle_connections,30.048137125076927,31.058129160178908,3.361246758485681,0.9674805900286828
real loopback TLS,first_hybrid_hybrid_500,final_hybrid_500,sampled_peak_active_connections,47,47,0.0,1.0
real loopback TLS,first_hybrid_hybrid_500,final_hybrid_500,server_requests,1000,1000,0.0,1.0
real loopback TLS,first_hybrid_hybrid_500,final_hybrid_500,successful_requests,1000,1000,0.0,1.0
real loopback TLS,first_hybrid_hybrid_500,final_hybrid_500,successful_rps,157.27265363481595,151.61582598570834,-3.5968285130119626,1.0373102716179565
real loopback TLS,original_worker_500,final_hybrid_500,actual_connection_ceiling,500,500,0.0,1.0
real loopback TLS,original_worker_500,final_hybrid_500,attempted_requests,1000,1000,0.0,1.0
real loopback TLS,original_worker_500,final_hybrid_500,attempted_rps,161.97715281257175,151.61582598570834,-6.396782908545617,1.0683393488740422
real loopback TLS,original_worker_500,final_hybrid_500,average_latency,2.360109389183002,2.583441289363999,9.462777496864572,0.9135525544550006
real loopback TLS,original_worker_500,final_hybrid_500,backend_metrics.backend_connection_pools.direct.active,,0,,
real loopback TLS,original_worker_500,final_hybrid_500,backend_metrics.backend_connection_pools.direct.idle_keepalive,,26,,
real loopback TLS,original_worker_500,final_hybrid_500,backend_metrics.backend_connection_pools.worker.active,,0,,
real loopback TLS,original_worker_500,final_hybrid_500,backend_metrics.backend_connection_pools.worker.idle_keepalive,,25,,
real loopback TLS,original_worker_500,final_hybrid_500,backend_metrics.backend_failovers,,0,,
real loopback TLS,original_worker_500,final_hybrid_500,backend_metrics.backend_stages.backend_routing_calls,,1000,,
real loopback TLS,original_worker_500,final_hybrid_500,backend_metrics.backend_stages.backend_routing_seconds,,0.010511345000168149,,
real loopback TLS,original_worker_500,final_hybrid_500,backend_metrics.backend_stages.direct_admission_wait_seconds,,0.008182101998613689,,
real loopback TLS,original_worker_500,final_hybrid_500,backend_metrics.backend_stages.json_parsing_calls,,1000,,
real loopback TLS,original_worker_500,final_hybrid_500,backend_metrics.backend_stages.json_parsing_seconds,,0.015617916999644876,,
real loopback TLS,original_worker_500,final_hybrid_500,backend_metrics.backend_stages.normalization_calls,,1000,,
real loopback TLS,original_worker_500,final_hybrid_500,backend_metrics.backend_stages.normalization_seconds,,0.021438225999531824,,
real loopback TLS,original_worker_500,final_hybrid_500,backend_metrics.backend_stages.proxy_selection_calls,,1000,,
real loopback TLS,original_worker_500,final_hybrid_500,backend_metrics.backend_stages.proxy_selection_seconds,,0.0019028339984288323,,
real loopback TLS,original_worker_500,final_hybrid_500,backend_metrics.backend_stages.signing_calls,,520,,
real loopback TLS,original_worker_500,final_hybrid_500,backend_metrics.backend_stages.signing_seconds,,12.316529681001612,,
real loopback TLS,original_worker_500,final_hybrid_500,backend_metrics.backend_stages.worker_admission_wait_seconds,,0.007189556999946944,,
real loopback TLS,original_worker_500,final_hybrid_500,backend_metrics.backend_switches,,0,,
real loopback TLS,original_worker_500,final_hybrid_500,backend_metrics.cursor_chain_restarts,,0,,
real loopback TLS,original_worker_500,final_hybrid_500,backend_metrics.direct_429_count,,0,,
real loopback TLS,original_worker_500,final_hybrid_500,backend_metrics.direct_active_requests,,0,,
real loopback TLS,original_worker_500,final_hybrid_500,backend_metrics.direct_average_latency,,0.8557280041653823,,
real loopback TLS,original_worker_500,final_hybrid_500,backend_metrics.direct_connect_tcp_attempts,,26,,
real loopback TLS,original_worker_500,final_hybrid_500,backend_metrics.direct_connect_tcp_seconds,,1.5665742029998455,,
real loopback TLS,original_worker_500,final_hybrid_500,backend_metrics.direct_connect_tcp_successful,,26,,
real loopback TLS,original_worker_500,final_hybrid_500,backend_metrics.direct_connection_pool_wait_seconds,,0.0011955610000313754,,
real loopback TLS,original_worker_500,final_hybrid_500,backend_metrics.direct_cooldown_count,,0,,
real loopback TLS,original_worker_500,final_hybrid_500,backend_metrics.direct_cooldown_remaining_seconds,,0.0,,
real loopback TLS,original_worker_500,final_hybrid_500,backend_metrics.direct_followers_received,,0,,
real loopback TLS,original_worker_500,final_hybrid_500,backend_metrics.direct_following_received,,0,,
real loopback TLS,original_worker_500,final_hybrid_500,backend_metrics.direct_http_error_rate,,0.0,,
real loopback TLS,original_worker_500,final_hybrid_500,backend_metrics.direct_invalid_response_rate,,0.0,,
real loopback TLS,original_worker_500,final_hybrid_500,backend_metrics.direct_latency_seconds,,444.9785621659988,,
real loopback TLS,original_worker_500,final_hybrid_500,backend_metrics.direct_median_latency,,0.6101192440000887,,
real loopback TLS,original_worker_500,final_hybrid_500,backend_metrics.direct_network_error_rate,,0.0,,
real loopback TLS,original_worker_500,final_hybrid_500,backend_metrics.direct_new_connection_requests,,26,,
real loopback TLS,original_worker_500,final_hybrid_500,backend_metrics.direct_p95_latency,,2.561790946999963,,
real loopback TLS,original_worker_500,final_hybrid_500,backend_metrics.direct_p99_latency,,3.457964031000074,,
real loopback TLS,original_worker_500,final_hybrid_500,backend_metrics.direct_peak_active_requests,,98,,
real loopback TLS,original_worker_500,final_hybrid_500,backend_metrics.direct_profile_received,,520,,
real loopback TLS,original_worker_500,final_hybrid_500,backend_metrics.direct_recent_success_percent,,100.0,,
real loopback TLS,original_worker_500,final_hybrid_500,backend_metrics.direct_records,,520,,
real loopback TLS,original_worker_500,final_hybrid_500,backend_metrics.direct_records_per_second,,78.9423488702012,,
real loopback TLS,original_worker_500,final_hybrid_500,backend_metrics.direct_recovery_429s,,0,,
real loopback TLS,original_worker_500,final_hybrid_500,backend_metrics.direct_recovery_attempts,,0,,
real loopback TLS,original_worker_500,final_hybrid_500,backend_metrics.direct_recovery_successes,,0,,
real loopback TLS,original_worker_500,final_hybrid_500,backend_metrics.direct_requests_failed,,0,,
real loopback TLS,original_worker_500,final_hybrid_500,backend_metrics.direct_requests_per_second,,78.9423488702012,,
real loopback TLS,original_worker_500,final_hybrid_500,backend_metrics.direct_requests_successful,,520,,
real loopback TLS,original_worker_500,final_hybrid_500,backend_metrics.direct_requests_total,,520,,
real loopback TLS,original_worker_500,final_hybrid_500,backend_metrics.direct_response_body_bytes,,163173,,
real loopback TLS,original_worker_500,final_hybrid_500,backend_metrics.direct_reused_connection_requests,,494,,
real loopback TLS,original_worker_500,final_hybrid_500,backend_metrics.direct_risk_control_count,,0,,
real loopback TLS,original_worker_500,final_hybrid_500,backend_metrics.direct_risk_control_rate,,0.0,,
real loopback TLS,original_worker_500,final_hybrid_500,backend_metrics.direct_successful_rps,,78.9423488702012,,
real loopback TLS,original_worker_500,final_hybrid_500,backend_metrics.direct_timeout_rate,,0.0,,
real loopback TLS,original_worker_500,final_hybrid_500,backend_metrics.direct_tls_handshake_attempts,,26,,
real loopback TLS,original_worker_500,final_hybrid_500,backend_metrics.direct_tls_handshake_seconds,,1.2830351849999033,,
real loopback TLS,original_worker_500,final_hybrid_500,backend_metrics.direct_tls_handshake_successful,,26,,
real loopback TLS,original_worker_500,final_hybrid_500,backend_metrics.findtik_429_count,,0,,
real loopback TLS,original_worker_500,final_hybrid_500,backend_metrics.findtik_jobs_moved_to_direct,,0,,
real loopback TLS,original_worker_500,final_hybrid_500,backend_metrics.findtik_requests_cancelled_after_429,,0,,
real loopback TLS,original_worker_500,final_hybrid_500,backend_metrics.hybrid_records_per_second,,151.81220936577154,,
real loopback TLS,original_worker_500,final_hybrid_500,backend_metrics.hybrid_total_successful_rps,,151.81220936577154,,
real loopback TLS,original_worker_500,final_hybrid_500,backend_metrics.worker_429_count,,0,,
real loopback TLS,original_worker_500,final_hybrid_500,backend_metrics.worker_active_requests,,0,,
real loopback TLS,original_worker_500,final_hybrid_500,backend_metrics.worker_average_latency,,0.8868332036958326,,
real loopback TLS,original_worker_500,final_hybrid_500,backend_metrics.worker_connect_tcp_attempts,,25,,
real loopback TLS,original_worker_500,final_hybrid_500,backend_metrics.worker_connect_tcp_seconds,,1.4046843029999536,,
real loopback TLS,original_worker_500,final_hybrid_500,backend_metrics.worker_connect_tcp_successful,,25,,
real loopback TLS,original_worker_500,final_hybrid_500,backend_metrics.worker_connection_pool_wait_seconds,,0.0010885969986702548,,
real loopback TLS,original_worker_500,final_hybrid_500,backend_metrics.worker_followers_received,,0,,
real loopback TLS,original_worker_500,final_hybrid_500,backend_metrics.worker_following_received,,0,,
real loopback TLS,original_worker_500,final_hybrid_500,backend_metrics.worker_http_error_rate,,0.0,,
real loopback TLS,original_worker_500,final_hybrid_500,backend_metrics.worker_invalid_response_rate,,0.0,,
real loopback TLS,original_worker_500,final_hybrid_500,backend_metrics.worker_latency_seconds,,425.67993777399965,,
real loopback TLS,original_worker_500,final_hybrid_500,backend_metrics.worker_median_latency,,0.64868199,,
real loopback TLS,original_worker_500,final_hybrid_500,backend_metrics.worker_network_error_rate,,0.0,,
real loopback TLS,original_worker_500,final_hybrid_500,backend_metrics.worker_new_connection_requests,,25,,
real loopback TLS,original_worker_500,final_hybrid_500,backend_metrics.worker_p95_latency,,2.6773751320000656,,
real loopback TLS,original_worker_500,final_hybrid_500,backend_metrics.worker_p99_latency,,3.5193950509999468,,
real loopback TLS,original_worker_500,final_hybrid_500,backend_metrics.worker_peak_active_requests,,93,,
real loopback TLS,original_worker_500,final_hybrid_500,backend_metrics.worker_profile_received,,480,,
real loopback TLS,original_worker_500,final_hybrid_500,backend_metrics.worker_recent_success_percent,,100.0,,
real loopback TLS,original_worker_500,final_hybrid_500,backend_metrics.worker_records,,480,,
real loopback TLS,original_worker_500,final_hybrid_500,backend_metrics.worker_records_per_second,,72.86986049557034,,
real loopback TLS,original_worker_500,final_hybrid_500,backend_metrics.worker_requests_failed,,0,,
real loopback TLS,original_worker_500,final_hybrid_500,backend_metrics.worker_requests_per_second,,72.86986049557034,,
real loopback TLS,original_worker_500,final_hybrid_500,backend_metrics.worker_requests_successful,,480,,
real loopback TLS,original_worker_500,final_hybrid_500,backend_metrics.worker_requests_total,,480,,
real loopback TLS,original_worker_500,final_hybrid_500,backend_metrics.worker_response_body_bytes,,224047,,
real loopback TLS,original_worker_500,final_hybrid_500,backend_metrics.worker_reused_connection_requests,,455,,
real loopback TLS,original_worker_500,final_hybrid_500,backend_metrics.worker_risk_control_count,,0,,
real loopback TLS,original_worker_500,final_hybrid_500,backend_metrics.worker_risk_control_rate,,0.0,,
real loopback TLS,original_worker_500,final_hybrid_500,backend_metrics.worker_successful_rps,,72.86986049557034,,
real loopback TLS,original_worker_500,final_hybrid_500,backend_metrics.worker_timeout_rate,,0.0,,
real loopback TLS,original_worker_500,final_hybrid_500,backend_metrics.worker_tls_handshake_attempts,,25,,
real loopback TLS,original_worker_500,final_hybrid_500,backend_metrics.worker_tls_handshake_seconds,,1.1841712019999022,,
real loopback TLS,original_worker_500,final_hybrid_500,backend_metrics.worker_tls_handshake_successful,,25,,
real loopback TLS,original_worker_500,final_hybrid_500,configured_workers,500,500,0.0,1.0
real loopback TLS,original_worker_500,final_hybrid_500,cpu_percent_of_one_core,99.49676505685206,102.15952356711021,2.676226215733424,0.9739352884852781
real loopback TLS,original_worker_500,final_hybrid_500,cpu_seconds,6.14264193,6.738051446999999,9.693052660160495,0.9116347624111575
real loopback TLS,original_worker_500,final_hybrid_500,elapsed_seconds,6.173710196999991,6.595617532000006,6.833934887404225,0.9360321709145438
real loopback TLS,original_worker_500,final_hybrid_500,event_loop_max,0.032673096000035,0.04175190299995847,27.78679743087018,0.7825534563075484
real loopback TLS,original_worker_500,final_hybrid_500,event_loop_p95,0.018749664000079064,0.03438788399999339,83.4053346227878,0.5452404108401282
real loopback TLS,original_worker_500,final_hybrid_500,harness_version,2,2,0.0,1.0
real loopback TLS,original_worker_500,final_hybrid_500,loopback_interface_bytes.received,1247976,1937328,55.23760072309083,0.6441738311736578
real loopback TLS,original_worker_500,final_hybrid_500,loopback_interface_bytes.transmitted,1247976,1937328,55.23760072309083,0.6441738311736578
real loopback TLS,original_worker_500,final_hybrid_500,median_latency,2.5631190020000076,2.6855762684999718,4.777666054693919,0.9544018660217151
real loopback TLS,original_worker_500,final_hybrid_500,new_tls_connections,28,51,82.14285714285714,0.5490196078431373
real loopback TLS,original_worker_500,final_hybrid_500,p95_latency,4.075000746000001,4.695565827999985,15.22858818146544,0.8678401912077323
real loopback TLS,original_worker_500,final_hybrid_500,p99_latency,5.072953404000032,5.732396404999918,12.999192945078386,0.8849620726813823
real loopback TLS,original_worker_500,final_hybrid_500,peak_active_jobs,500,500,0.0,1.0
real loopback TLS,original_worker_500,final_hybrid_500,peak_admitted_requests,500,191,-61.8,2.6178010471204187
real loopback TLS,original_worker_500,final_hybrid_500,peak_rss_bytes,64126976,74289152,15.84695963208993,0.8632078072448586
real loopback TLS,original_worker_500,final_hybrid_500,sampled_average_active_connections,11.551208127108888,18.771099433119982,62.50334360322998,0.615371953479069
real loopback TLS,original_worker_500,final_hybrid_500,sampled_average_idle_connections,16.030884279778995,31.058129160178908,93.73933850520615,0.5161574348893155
real loopback TLS,original_worker_500,final_hybrid_500,sampled_peak_active_connections,25,47,87.99999999999999,0.5319148936170213
real loopback TLS,original_worker_500,final_hybrid_500,server_requests,1000,1000,0.0,1.0
real loopback TLS,original_worker_500,final_hybrid_500,successful_requests,1000,1000,0.0,1.0
real loopback TLS,original_worker_500,final_hybrid_500,successful_rps,161.97715281257175,151.61582598570834,-6.396782908545617,1.0683393488740422
real loopback TLS,first_hybrid_hybrid_1000,final_hybrid_1000,actual_connection_ceiling,1000,1000,0.0,1.0
real loopback TLS,first_hybrid_hybrid_1000,final_hybrid_1000,attempted_requests,2000,2000,0.0,1.0
real loopback TLS,first_hybrid_hybrid_1000,final_hybrid_1000,attempted_rps,155.41331500750985,151.19050014274202,-2.7171512714748824,1.0279304246019492
real loopback TLS,first_hybrid_hybrid_1000,final_hybrid_1000,average_latency,4.952643114640499,5.099325287682001,2.961694788948055,0.9712349840878303
real loopback TLS,first_hybrid_hybrid_1000,final_hybrid_1000,backend_metrics.backend_connection_pools.direct.active,,0,,
real loopback TLS,first_hybrid_hybrid_1000,final_hybrid_1000,backend_metrics.backend_connection_pools.direct.idle_keepalive,,25,,
real loopback TLS,first_hybrid_hybrid_1000,final_hybrid_1000,backend_metrics.backend_connection_pools.worker.active,,0,,
real loopback TLS,first_hybrid_hybrid_1000,final_hybrid_1000,backend_metrics.backend_connection_pools.worker.idle_keepalive,,26,,
real loopback TLS,first_hybrid_hybrid_1000,final_hybrid_1000,backend_metrics.backend_failovers,0,0,,
real loopback TLS,first_hybrid_hybrid_1000,final_hybrid_1000,backend_metrics.backend_stages.backend_routing_calls,2000,2000,0.0,1.0
real loopback TLS,first_hybrid_hybrid_1000,final_hybrid_1000,backend_metrics.backend_stages.backend_routing_seconds,0.021218161999058793,0.020940402999599428,-1.3090624884082191,1.0132642623670938
real loopback TLS,first_hybrid_hybrid_1000,final_hybrid_1000,backend_metrics.backend_stages.direct_admission_wait_seconds,0.012113204998968286,0.01503297900137568,24.10405836156557,0.8057754220144787
real loopback TLS,first_hybrid_hybrid_1000,final_hybrid_1000,backend_metrics.backend_stages.json_parsing_calls,2000,2000,0.0,1.0
real loopback TLS,first_hybrid_hybrid_1000,final_hybrid_1000,backend_metrics.backend_stages.json_parsing_seconds,0.031966780004268,0.0319329990014694,-0.10567533794174633,1.0010578712884766
real loopback TLS,first_hybrid_hybrid_1000,final_hybrid_1000,backend_metrics.backend_stages.normalization_calls,2000,2000,0.0,1.0
real loopback TLS,first_hybrid_hybrid_1000,final_hybrid_1000,backend_metrics.backend_stages.normalization_seconds,0.0432641910001621,0.042908460000944615,-0.8222296337776269,1.0082904629811849
real loopback TLS,first_hybrid_hybrid_1000,final_hybrid_1000,backend_metrics.backend_stages.proxy_selection_calls,2000,2000,0.0,1.0
real loopback TLS,first_hybrid_hybrid_1000,final_hybrid_1000,backend_metrics.backend_stages.proxy_selection_seconds,0.0027482639957270294,0.002529940998329039,-7.944032950889602,1.0862956873469332
real loopback TLS,first_hybrid_hybrid_1000,final_hybrid_1000,backend_metrics.backend_stages.signing_calls,954,989,3.6687631027253698,0.9646107178968655
real loopback TLS,first_hybrid_hybrid_1000,final_hybrid_1000,backend_metrics.backend_stages.signing_seconds,24.890176126996266,26.52679037900282,6.575342189850786,0.9383033443313968
real loopback TLS,first_hybrid_hybrid_1000,final_hybrid_1000,backend_metrics.backend_stages.worker_admission_wait_seconds,0.014649729004986511,0.014091255002313119,-3.8121797507878696,1.03963266597487
real loopback TLS,first_hybrid_hybrid_1000,final_hybrid_1000,backend_metrics.backend_switches,0,0,,
real loopback TLS,first_hybrid_hybrid_1000,final_hybrid_1000,backend_metrics.cursor_chain_restarts,0,0,,
real loopback TLS,first_hybrid_hybrid_1000,final_hybrid_1000,backend_metrics.direct_429_count,,0,,
real loopback TLS,first_hybrid_hybrid_1000,final_hybrid_1000,backend_metrics.direct_active_requests,0,0,,
real loopback TLS,first_hybrid_hybrid_1000,final_hybrid_1000,backend_metrics.direct_average_latency,1.0122747410450763,1.0672245207330637,5.428346422163721,0.9485115094148671
real loopback TLS,first_hybrid_hybrid_1000,final_hybrid_1000,backend_metrics.direct_connect_tcp_attempts,,25,,
real loopback TLS,first_hybrid_hybrid_1000,final_hybrid_1000,backend_metrics.direct_connect_tcp_seconds,,1.6120298200002026,,
real loopback TLS,first_hybrid_hybrid_1000,final_hybrid_1000,backend_metrics.direct_connect_tcp_successful,,25,,
real loopback TLS,first_hybrid_hybrid_1000,final_hybrid_1000,backend_metrics.direct_connection_pool_wait_seconds,,0.0023471049985346326,,
real loopback TLS,first_hybrid_hybrid_1000,final_hybrid_1000,backend_metrics.direct_cooldown_count,,0,,
real loopback TLS,first_hybrid_hybrid_1000,final_hybrid_1000,backend_metrics.direct_cooldown_remaining_seconds,,0.0,,
real loopback TLS,first_hybrid_hybrid_1000,final_hybrid_1000,backend_metrics.direct_followers_received,0,0,,
real loopback TLS,first_hybrid_hybrid_1000,final_hybrid_1000,backend_metrics.direct_following_received,0,0,,
real loopback TLS,first_hybrid_hybrid_1000,final_hybrid_1000,backend_metrics.direct_http_error_rate,0.0,0.0,,
real loopback TLS,first_hybrid_hybrid_1000,final_hybrid_1000,backend_metrics.direct_invalid_response_rate,0.0,0.0,,
real loopback TLS,first_hybrid_hybrid_1000,final_hybrid_1000,backend_metrics.direct_latency_seconds,965.7101029570028,1055.4850510049996,9.29626269551349,0.9149443680301148
real loopback TLS,first_hybrid_hybrid_1000,final_hybrid_1000,backend_metrics.direct_median_latency,0.6564336809999531,0.6942809009999564,5.765581671913944,0.9454871652878643
real loopback TLS,first_hybrid_hybrid_1000,final_hybrid_1000,backend_metrics.direct_network_error_rate,0.0,0.0,,
real loopback TLS,first_hybrid_hybrid_1000,final_hybrid_1000,backend_metrics.direct_new_connection_requests,,25,,
real loopback TLS,first_hybrid_hybrid_1000,final_hybrid_1000,backend_metrics.direct_p95_latency,3.03045803100008,3.1651460670000233,4.444477851933648,0.9574465022628157
real loopback TLS,first_hybrid_hybrid_1000,final_hybrid_1000,backend_metrics.direct_p99_latency,4.418073735999997,5.276525609000032,19.430455992734387,0.8373073615835775
real loopback TLS,first_hybrid_hybrid_1000,final_hybrid_1000,backend_metrics.direct_peak_active_requests,99,102,3.0303030303030276,0.9705882352941176
real loopback TLS,first_hybrid_hybrid_1000,final_hybrid_1000,backend_metrics.direct_profile_received,954,989,3.6687631027253698,0.9646107178968655
real loopback TLS,first_hybrid_hybrid_1000,final_hybrid_1000,backend_metrics.direct_recent_success_percent,100.0,100.0,0.0,1.0
real loopback TLS,first_hybrid_hybrid_1000,final_hybrid_1000,backend_metrics.direct_records,954,989,3.6687631027253698,0.9646107178968655
real loopback TLS,first_hybrid_hybrid_1000,final_hybrid_1000,backend_metrics.direct_records_per_second,74.18510672573699,74.81554768733209,0.8498214660873193,0.9915733964251678
real loopback TLS,first_hybrid_hybrid_1000,final_hybrid_1000,backend_metrics.direct_recovery_429s,,0,,
real loopback TLS,first_hybrid_hybrid_1000,final_hybrid_1000,backend_metrics.direct_recovery_attempts,,0,,
real loopback TLS,first_hybrid_hybrid_1000,final_hybrid_1000,backend_metrics.direct_recovery_successes,,0,,
real loopback TLS,first_hybrid_hybrid_1000,final_hybrid_1000,backend_metrics.direct_requests_failed,0,0,,
real loopback TLS,first_hybrid_hybrid_1000,final_hybrid_1000,backend_metrics.direct_requests_per_second,74.18510672573699,74.81554768733209,0.8498214660873193,0.9915733964251678
real loopback TLS,first_hybrid_hybrid_1000,final_hybrid_1000,backend_metrics.direct_requests_successful,954,989,3.6687631027253698,0.9646107178968655
real loopback TLS,first_hybrid_hybrid_1000,final_hybrid_1000,backend_metrics.direct_requests_total,954,989,3.6687631027253698,0.9646107178968655
real loopback TLS,first_hybrid_hybrid_1000,final_hybrid_1000,backend_metrics.direct_response_body_bytes,299460,310449,3.6696052895211384,0.964602881632732
real loopback TLS,first_hybrid_hybrid_1000,final_hybrid_1000,backend_metrics.direct_reused_connection_requests,,964,,
real loopback TLS,first_hybrid_hybrid_1000,final_hybrid_1000,backend_metrics.direct_risk_control_count,0,0,,
real loopback TLS,first_hybrid_hybrid_1000,final_hybrid_1000,backend_metrics.direct_risk_control_rate,0.0,0.0,,
real loopback TLS,first_hybrid_hybrid_1000,final_hybrid_1000,backend_metrics.direct_successful_rps,74.18510672573699,74.81554768733209,0.8498214660873193,0.9915733964251678
real loopback TLS,first_hybrid_hybrid_1000,final_hybrid_1000,backend_metrics.direct_timeout_rate,0.0,0.0,,
real loopback TLS,first_hybrid_hybrid_1000,final_hybrid_1000,backend_metrics.direct_tls_handshake_attempts,,25,,
real loopback TLS,first_hybrid_hybrid_1000,final_hybrid_1000,backend_metrics.direct_tls_handshake_seconds,,1.2850923779998311,,
real loopback TLS,first_hybrid_hybrid_1000,final_hybrid_1000,backend_metrics.direct_tls_handshake_successful,,25,,
real loopback TLS,first_hybrid_hybrid_1000,final_hybrid_1000,backend_metrics.findtik_429_count,,0,,
real loopback TLS,first_hybrid_hybrid_1000,final_hybrid_1000,backend_metrics.findtik_jobs_moved_to_direct,,0,,
real loopback TLS,first_hybrid_hybrid_1000,final_hybrid_1000,backend_metrics.findtik_requests_cancelled_after_429,,0,,
real loopback TLS,first_hybrid_hybrid_1000,final_hybrid_1000,backend_metrics.hybrid_records_per_second,155.52433275835847,151.2953441604289,-2.719181315826791,1.027951875329655
real loopback TLS,first_hybrid_hybrid_1000,final_hybrid_1000,backend_metrics.hybrid_total_successful_rps,155.52433275835847,151.2953441604289,-2.719181315826791,1.027951875329655
real loopback TLS,first_hybrid_hybrid_1000,final_hybrid_1000,backend_metrics.worker_429_count,,0,,
real loopback TLS,first_hybrid_hybrid_1000,final_hybrid_1000,backend_metrics.worker_active_requests,0,0,,
real loopback TLS,first_hybrid_hybrid_1000,final_hybrid_1000,backend_metrics.worker_average_latency,1.039567334188339,1.0828375014787344,4.162324639046044,0.9600400177946319
real loopback TLS,first_hybrid_hybrid_1000,final_hybrid_1000,backend_metrics.worker_connect_tcp_attempts,,26,,
real loopback TLS,first_hybrid_hybrid_1000,final_hybrid_1000,backend_metrics.worker_connect_tcp_seconds,,1.4436080100003892,,
real loopback TLS,first_hybrid_hybrid_1000,final_hybrid_1000,backend_metrics.worker_connect_tcp_successful,,26,,
real loopback TLS,first_hybrid_hybrid_1000,final_hybrid_1000,backend_metrics.worker_connection_pool_wait_seconds,,0.0021266209998884733,,
real loopback TLS,first_hybrid_hybrid_1000,final_hybrid_1000,backend_metrics.worker_followers_received,0,0,,
real loopback TLS,first_hybrid_hybrid_1000,final_hybrid_1000,backend_metrics.worker_following_received,0,0,,
real loopback TLS,first_hybrid_hybrid_1000,final_hybrid_1000,backend_metrics.worker_http_error_rate,0.0,0.0,,
real loopback TLS,first_hybrid_hybrid_1000,final_hybrid_1000,backend_metrics.worker_invalid_response_rate,0.0,0.0,,
real loopback TLS,first_hybrid_hybrid_1000,final_hybrid_1000,backend_metrics.worker_latency_seconds,1087.3874315610026,1094.748713995,0.6769696081027732,0.9932758245432103
real loopback TLS,first_hybrid_hybrid_1000,final_hybrid_1000,backend_metrics.worker_median_latency,0.6976515820001623,0.7647881130000087,9.623217768297243,0.9122155145214115
real loopback TLS,first_hybrid_hybrid_1000,final_hybrid_1000,backend_metrics.worker_network_error_rate,0.0,0.0,,
real loopback TLS,first_hybrid_hybrid_1000,final_hybrid_1000,backend_metrics.worker_new_connection_requests,,26,,
real loopback TLS,first_hybrid_hybrid_1000,final_hybrid_1000,backend_metrics.worker_p95_latency,3.1813564999999926,3.0472589340000695,-4.215106543385605,1.0440059636887817
real loopback TLS,first_hybrid_hybrid_1000,final_hybrid_1000,backend_metrics.worker_p99_latency,5.300093471999844,4.758013626999968,-10.227741225011577,1.113929863908706
real loopback TLS,first_hybrid_hybrid_1000,final_hybrid_1000,backend_metrics.worker_peak_active_requests,111,104,-6.3063063063063085,1.0673076923076923
real loopback TLS,first_hybrid_hybrid_1000,final_hybrid_1000,backend_metrics.worker_profile_received,1046,1011,-3.346080305927346,1.0346191889218594
real loopback TLS,first_hybrid_hybrid_1000,final_hybrid_1000,backend_metrics.worker_recent_success_percent,100.0,100.0,0.0,1.0
real loopback TLS,first_hybrid_hybrid_1000,final_hybrid_1000,backend_metrics.worker_records,1046,1011,-3.346080305927346,1.0346191889218594
real loopback TLS,first_hybrid_hybrid_1000,final_hybrid_1000,backend_metrics.worker_records_per_second,81.33922603262147,76.47979647309681,-5.974275631262782,1.063538735504272
real loopback TLS,first_hybrid_hybrid_1000,final_hybrid_1000,backend_metrics.worker_requests_failed,0,0,,
real loopback TLS,first_hybrid_hybrid_1000,final_hybrid_1000,backend_metrics.worker_requests_per_second,81.33922603262147,76.47979647309681,-5.974275631262782,1.063538735504272
real loopback TLS,first_hybrid_hybrid_1000,final_hybrid_1000,backend_metrics.worker_requests_successful,1046,1011,-3.346080305927346,1.0346191889218594
real loopback TLS,first_hybrid_hybrid_1000,final_hybrid_1000,backend_metrics.worker_requests_total,1046,1011,-3.346080305927346,1.0346191889218594
real loopback TLS,first_hybrid_hybrid_1000,final_hybrid_1000,backend_metrics.worker_response_body_bytes,488358,472014,-3.3467251483542793,1.034626091598978
real loopback TLS,first_hybrid_hybrid_1000,final_hybrid_1000,backend_metrics.worker_reused_connection_requests,,985,,
real loopback TLS,first_hybrid_hybrid_1000,final_hybrid_1000,backend_metrics.worker_risk_control_count,0,0,,
real loopback TLS,first_hybrid_hybrid_1000,final_hybrid_1000,backend_metrics.worker_risk_control_rate,0.0,0.0,,
real loopback TLS,first_hybrid_hybrid_1000,final_hybrid_1000,backend_metrics.worker_successful_rps,81.33922603262147,76.47979647309681,-5.974275631262782,1.063538735504272
real loopback TLS,first_hybrid_hybrid_1000,final_hybrid_1000,backend_metrics.worker_timeout_rate,0.0,0.0,,
real loopback TLS,first_hybrid_hybrid_1000,final_hybrid_1000,backend_metrics.worker_tls_handshake_attempts,,26,,
real loopback TLS,first_hybrid_hybrid_1000,final_hybrid_1000,backend_metrics.worker_tls_handshake_seconds,,1.2182906880000246,,
real loopback TLS,first_hybrid_hybrid_1000,final_hybrid_1000,backend_metrics.worker_tls_handshake_successful,,26,,
real loopback TLS,first_hybrid_hybrid_1000,final_hybrid_1000,configured_workers,1000,1000,0.0,1.0
real loopback TLS,first_hybrid_hybrid_1000,final_hybrid_1000,cpu_percent_of_one_core,101.96048113175502,101.9767046945874,0.015911618552899576,0.9998409091284037
real loopback TLS,first_hybrid_hybrid_1000,final_hybrid_1000,cpu_seconds,13.121202791,13.489829665,2.809398497010096,0.9726737191532951
real loopback TLS,first_hybrid_hybrid_1000,final_hybrid_1000,elapsed_seconds,12.86891023399994,13.228344360999927,2.7930424601948944,0.9728284872852512
real loopback TLS,first_hybrid_hybrid_1000,final_hybrid_1000,event_loop_max,0.04739942800004428,0.03912163699997563,-17.463904838811374,1.2115911202814391
real loopback TLS,first_hybrid_hybrid_1000,final_hybrid_1000,event_loop_p95,0.03469711499995355,0.035749114000036566,3.0319494865334473,0.9705727252406329
real loopback TLS,first_hybrid_hybrid_1000,final_hybrid_1000,harness_version,2,2,0.0,1.0
real loopback TLS,first_hybrid_hybrid_1000,final_hybrid_1000,loopback_interface_bytes.received,3627324,3666218,1.0722505075366762,0.9893912473289913
real loopback TLS,first_hybrid_hybrid_1000,final_hybrid_1000,loopback_interface_bytes.transmitted,3627324,3666218,1.0722505075366762,0.9893912473289913
real loopback TLS,first_hybrid_hybrid_1000,final_hybrid_1000,median_latency,5.187658966000072,5.645009207999976,8.816120045619403,0.9189814887543925
real loopback TLS,first_hybrid_hybrid_1000,final_hybrid_1000,new_tls_connections,51,51,0.0,1.0
real loopback TLS,first_hybrid_hybrid_1000,final_hybrid_1000,p95_latency,8.215544473000136,8.305298258999983,1.0924873731110063,0.989193189311102
real loopback TLS,first_hybrid_hybrid_1000,final_hybrid_1000,p99_latency,9.605171781000081,9.69850651899992,0.9717133657563881,0.9903763803409328
real loopback TLS,first_hybrid_hybrid_1000,final_hybrid_1000,peak_active_jobs,1000,1000,0.0,1.0
real loopback TLS,first_hybrid_hybrid_1000,final_hybrid_1000,peak_admitted_requests,1000,209,-79.10000000000001,4.784688995215311
real loopback TLS,first_hybrid_hybrid_1000,final_hybrid_1000,peak_rss_bytes,79360000,77762560,-2.0129032258064505,1.0205425335791414
real loopback TLS,first_hybrid_hybrid_1000,final_hybrid_1000,sampled_average_active_connections,20.049924475213444,20.35676427504509,1.5303788311570754,0.9849268874126624
real loopback TLS,first_hybrid_hybrid_1000,final_hybrid_1000,sampled_average_idle_connections,30.230286601282568,30.008917058158186,-0.7322773549721773,1.0073767921279986
real loopback TLS,first_hybrid_hybrid_1000,final_hybrid_1000,sampled_peak_active_connections,45,45,0.0,1.0
real loopback TLS,first_hybrid_hybrid_1000,final_hybrid_1000,server_requests,2000,2000,0.0,1.0
real loopback TLS,first_hybrid_hybrid_1000,final_hybrid_1000,successful_requests,2000,2000,0.0,1.0
real loopback TLS,first_hybrid_hybrid_1000,final_hybrid_1000,successful_rps,155.41331500750985,151.19050014274202,-2.7171512714748824,1.0279304246019492
real loopback TLS,original_worker_1000,final_hybrid_1000,actual_connection_ceiling,1000,1000,0.0,1.0
real loopback TLS,original_worker_1000,final_hybrid_1000,attempted_requests,2000,2000,0.0,1.0
real loopback TLS,original_worker_1000,final_hybrid_1000,attempted_rps,157.6279135561587,151.19050014274202,-4.083929849850598,1.0425781607133977
real loopback TLS,original_worker_1000,final_hybrid_1000,average_latency,4.8163428253435,5.099325287682001,5.875463450181595,0.9445059010018291
real loopback TLS,original_worker_1000,final_hybrid_1000,backend_metrics.backend_connection_pools.direct.active,,0,,
real loopback TLS,original_worker_1000,final_hybrid_1000,backend_metrics.backend_connection_pools.direct.idle_keepalive,,25,,
real loopback TLS,original_worker_1000,final_hybrid_1000,backend_metrics.backend_connection_pools.worker.active,,0,,
real loopback TLS,original_worker_1000,final_hybrid_1000,backend_metrics.backend_connection_pools.worker.idle_keepalive,,26,,
real loopback TLS,original_worker_1000,final_hybrid_1000,backend_metrics.backend_failovers,,0,,
real loopback TLS,original_worker_1000,final_hybrid_1000,backend_metrics.backend_stages.backend_routing_calls,,2000,,
real loopback TLS,original_worker_1000,final_hybrid_1000,backend_metrics.backend_stages.backend_routing_seconds,,0.020940402999599428,,
real loopback TLS,original_worker_1000,final_hybrid_1000,backend_metrics.backend_stages.direct_admission_wait_seconds,,0.01503297900137568,,
real loopback TLS,original_worker_1000,final_hybrid_1000,backend_metrics.backend_stages.json_parsing_calls,,2000,,
real loopback TLS,original_worker_1000,final_hybrid_1000,backend_metrics.backend_stages.json_parsing_seconds,,0.0319329990014694,,
real loopback TLS,original_worker_1000,final_hybrid_1000,backend_metrics.backend_stages.normalization_calls,,2000,,
real loopback TLS,original_worker_1000,final_hybrid_1000,backend_metrics.backend_stages.normalization_seconds,,0.042908460000944615,,
real loopback TLS,original_worker_1000,final_hybrid_1000,backend_metrics.backend_stages.proxy_selection_calls,,2000,,
real loopback TLS,original_worker_1000,final_hybrid_1000,backend_metrics.backend_stages.proxy_selection_seconds,,0.002529940998329039,,
real loopback TLS,original_worker_1000,final_hybrid_1000,backend_metrics.backend_stages.signing_calls,,989,,
real loopback TLS,original_worker_1000,final_hybrid_1000,backend_metrics.backend_stages.signing_seconds,,26.52679037900282,,
real loopback TLS,original_worker_1000,final_hybrid_1000,backend_metrics.backend_stages.worker_admission_wait_seconds,,0.014091255002313119,,
real loopback TLS,original_worker_1000,final_hybrid_1000,backend_metrics.backend_switches,,0,,
real loopback TLS,original_worker_1000,final_hybrid_1000,backend_metrics.cursor_chain_restarts,,0,,
real loopback TLS,original_worker_1000,final_hybrid_1000,backend_metrics.direct_429_count,,0,,
real loopback TLS,original_worker_1000,final_hybrid_1000,backend_metrics.direct_active_requests,,0,,
real loopback TLS,original_worker_1000,final_hybrid_1000,backend_metrics.direct_average_latency,,1.0672245207330637,,
real loopback TLS,original_worker_1000,final_hybrid_1000,backend_metrics.direct_connect_tcp_attempts,,25,,
real loopback TLS,original_worker_1000,final_hybrid_1000,backend_metrics.direct_connect_tcp_seconds,,1.6120298200002026,,
real loopback TLS,original_worker_1000,final_hybrid_1000,backend_metrics.direct_connect_tcp_successful,,25,,
real loopback TLS,original_worker_1000,final_hybrid_1000,backend_metrics.direct_connection_pool_wait_seconds,,0.0023471049985346326,,
real loopback TLS,original_worker_1000,final_hybrid_1000,backend_metrics.direct_cooldown_count,,0,,
real loopback TLS,original_worker_1000,final_hybrid_1000,backend_metrics.direct_cooldown_remaining_seconds,,0.0,,
real loopback TLS,original_worker_1000,final_hybrid_1000,backend_metrics.direct_followers_received,,0,,
real loopback TLS,original_worker_1000,final_hybrid_1000,backend_metrics.direct_following_received,,0,,
real loopback TLS,original_worker_1000,final_hybrid_1000,backend_metrics.direct_http_error_rate,,0.0,,
real loopback TLS,original_worker_1000,final_hybrid_1000,backend_metrics.direct_invalid_response_rate,,0.0,,
real loopback TLS,original_worker_1000,final_hybrid_1000,backend_metrics.direct_latency_seconds,,1055.4850510049996,,
real loopback TLS,original_worker_1000,final_hybrid_1000,backend_metrics.direct_median_latency,,0.6942809009999564,,
real loopback TLS,original_worker_1000,final_hybrid_1000,backend_metrics.direct_network_error_rate,,0.0,,
real loopback TLS,original_worker_1000,final_hybrid_1000,backend_metrics.direct_new_connection_requests,,25,,
real loopback TLS,original_worker_1000,final_hybrid_1000,backend_metrics.direct_p95_latency,,3.1651460670000233,,
real loopback TLS,original_worker_1000,final_hybrid_1000,backend_metrics.direct_p99_latency,,5.276525609000032,,
real loopback TLS,original_worker_1000,final_hybrid_1000,backend_metrics.direct_peak_active_requests,,102,,
real loopback TLS,original_worker_1000,final_hybrid_1000,backend_metrics.direct_profile_received,,989,,
real loopback TLS,original_worker_1000,final_hybrid_1000,backend_metrics.direct_recent_success_percent,,100.0,,
real loopback TLS,original_worker_1000,final_hybrid_1000,backend_metrics.direct_records,,989,,
real loopback TLS,original_worker_1000,final_hybrid_1000,backend_metrics.direct_records_per_second,,74.81554768733209,,
real loopback TLS,original_worker_1000,final_hybrid_1000,backend_metrics.direct_recovery_429s,,0,,
real loopback TLS,original_worker_1000,final_hybrid_1000,backend_metrics.direct_recovery_attempts,,0,,
real loopback TLS,original_worker_1000,final_hybrid_1000,backend_metrics.direct_recovery_successes,,0,,
real loopback TLS,original_worker_1000,final_hybrid_1000,backend_metrics.direct_requests_failed,,0,,
real loopback TLS,original_worker_1000,final_hybrid_1000,backend_metrics.direct_requests_per_second,,74.81554768733209,,
real loopback TLS,original_worker_1000,final_hybrid_1000,backend_metrics.direct_requests_successful,,989,,
real loopback TLS,original_worker_1000,final_hybrid_1000,backend_metrics.direct_requests_total,,989,,
real loopback TLS,original_worker_1000,final_hybrid_1000,backend_metrics.direct_response_body_bytes,,310449,,
real loopback TLS,original_worker_1000,final_hybrid_1000,backend_metrics.direct_reused_connection_requests,,964,,
real loopback TLS,original_worker_1000,final_hybrid_1000,backend_metrics.direct_risk_control_count,,0,,
real loopback TLS,original_worker_1000,final_hybrid_1000,backend_metrics.direct_risk_control_rate,,0.0,,
real loopback TLS,original_worker_1000,final_hybrid_1000,backend_metrics.direct_successful_rps,,74.81554768733209,,
real loopback TLS,original_worker_1000,final_hybrid_1000,backend_metrics.direct_timeout_rate,,0.0,,
real loopback TLS,original_worker_1000,final_hybrid_1000,backend_metrics.direct_tls_handshake_attempts,,25,,
real loopback TLS,original_worker_1000,final_hybrid_1000,backend_metrics.direct_tls_handshake_seconds,,1.2850923779998311,,
real loopback TLS,original_worker_1000,final_hybrid_1000,backend_metrics.direct_tls_handshake_successful,,25,,
real loopback TLS,original_worker_1000,final_hybrid_1000,backend_metrics.findtik_429_count,,0,,
real loopback TLS,original_worker_1000,final_hybrid_1000,backend_metrics.findtik_jobs_moved_to_direct,,0,,
real loopback TLS,original_worker_1000,final_hybrid_1000,backend_metrics.findtik_requests_cancelled_after_429,,0,,
real loopback TLS,original_worker_1000,final_hybrid_1000,backend_metrics.hybrid_records_per_second,,151.2953441604289,,
real loopback TLS,original_worker_1000,final_hybrid_1000,backend_metrics.hybrid_total_successful_rps,,151.2953441604289,,
real loopback TLS,original_worker_1000,final_hybrid_1000,backend_metrics.worker_429_count,,0,,
real loopback TLS,original_worker_1000,final_hybrid_1000,backend_metrics.worker_active_requests,,0,,
real loopback TLS,original_worker_1000,final_hybrid_1000,backend_metrics.worker_average_latency,,1.0828375014787344,,
real loopback TLS,original_worker_1000,final_hybrid_1000,backend_metrics.worker_connect_tcp_attempts,,26,,
real loopback TLS,original_worker_1000,final_hybrid_1000,backend_metrics.worker_connect_tcp_seconds,,1.4436080100003892,,
real loopback TLS,original_worker_1000,final_hybrid_1000,backend_metrics.worker_connect_tcp_successful,,26,,
real loopback TLS,original_worker_1000,final_hybrid_1000,backend_metrics.worker_connection_pool_wait_seconds,,0.0021266209998884733,,
real loopback TLS,original_worker_1000,final_hybrid_1000,backend_metrics.worker_followers_received,,0,,
real loopback TLS,original_worker_1000,final_hybrid_1000,backend_metrics.worker_following_received,,0,,
real loopback TLS,original_worker_1000,final_hybrid_1000,backend_metrics.worker_http_error_rate,,0.0,,
real loopback TLS,original_worker_1000,final_hybrid_1000,backend_metrics.worker_invalid_response_rate,,0.0,,
real loopback TLS,original_worker_1000,final_hybrid_1000,backend_metrics.worker_latency_seconds,,1094.748713995,,
real loopback TLS,original_worker_1000,final_hybrid_1000,backend_metrics.worker_median_latency,,0.7647881130000087,,
real loopback TLS,original_worker_1000,final_hybrid_1000,backend_metrics.worker_network_error_rate,,0.0,,
real loopback TLS,original_worker_1000,final_hybrid_1000,backend_metrics.worker_new_connection_requests,,26,,
real loopback TLS,original_worker_1000,final_hybrid_1000,backend_metrics.worker_p95_latency,,3.0472589340000695,,
real loopback TLS,original_worker_1000,final_hybrid_1000,backend_metrics.worker_p99_latency,,4.758013626999968,,
real loopback TLS,original_worker_1000,final_hybrid_1000,backend_metrics.worker_peak_active_requests,,104,,
real loopback TLS,original_worker_1000,final_hybrid_1000,backend_metrics.worker_profile_received,,1011,,
real loopback TLS,original_worker_1000,final_hybrid_1000,backend_metrics.worker_recent_success_percent,,100.0,,
real loopback TLS,original_worker_1000,final_hybrid_1000,backend_metrics.worker_records,,1011,,
real loopback TLS,original_worker_1000,final_hybrid_1000,backend_metrics.worker_records_per_second,,76.47979647309681,,
real loopback TLS,original_worker_1000,final_hybrid_1000,backend_metrics.worker_requests_failed,,0,,
real loopback TLS,original_worker_1000,final_hybrid_1000,backend_metrics.worker_requests_per_second,,76.47979647309681,,
real loopback TLS,original_worker_1000,final_hybrid_1000,backend_metrics.worker_requests_successful,,1011,,
real loopback TLS,original_worker_1000,final_hybrid_1000,backend_metrics.worker_requests_total,,1011,,
real loopback TLS,original_worker_1000,final_hybrid_1000,backend_metrics.worker_response_body_bytes,,472014,,
real loopback TLS,original_worker_1000,final_hybrid_1000,backend_metrics.worker_reused_connection_requests,,985,,
real loopback TLS,original_worker_1000,final_hybrid_1000,backend_metrics.worker_risk_control_count,,0,,
real loopback TLS,original_worker_1000,final_hybrid_1000,backend_metrics.worker_risk_control_rate,,0.0,,
real loopback TLS,original_worker_1000,final_hybrid_1000,backend_metrics.worker_successful_rps,,76.47979647309681,,
real loopback TLS,original_worker_1000,final_hybrid_1000,backend_metrics.worker_timeout_rate,,0.0,,
real loopback TLS,original_worker_1000,final_hybrid_1000,backend_metrics.worker_tls_handshake_attempts,,26,,
real loopback TLS,original_worker_1000,final_hybrid_1000,backend_metrics.worker_tls_handshake_seconds,,1.2182906880000246,,
real loopback TLS,original_worker_1000,final_hybrid_1000,backend_metrics.worker_tls_handshake_successful,,26,,
real loopback TLS,original_worker_1000,final_hybrid_1000,configured_workers,1000,1000,0.0,1.0
real loopback TLS,original_worker_1000,final_hybrid_1000,cpu_percent_of_one_core,99.79365593449862,101.9767046945874,2.187562665828846,0.9785926720555753
real loopback TLS,original_worker_1000,final_hybrid_1000,cpu_seconds,12.661926899000001,13.489829665,6.5385211319249015,0.9386276338130471
real loopback TLS,original_worker_1000,final_hybrid_1000,elapsed_seconds,12.688108057000022,13.228344360999927,4.257816071339771,0.959160701501494
real loopback TLS,original_worker_1000,final_hybrid_1000,event_loop_max,0.04009424399996987,0.03912163699997563,-2.4258020677356384,1.024861101798855
real loopback TLS,original_worker_1000,final_hybrid_1000,event_loop_p95,0.019460295000026235,0.035749114000036566,83.70283698159957,0.5443574070117186
real loopback TLS,original_worker_1000,final_hybrid_1000,harness_version,2,2,0.0,1.0
real loopback TLS,original_worker_1000,final_hybrid_1000,loopback_interface_bytes.received,2438502,3666218,50.34713935030606,0.665127387405768
real loopback TLS,original_worker_1000,final_hybrid_1000,loopback_interface_bytes.transmitted,2438502,3666218,50.34713935030606,0.665127387405768
real loopback TLS,original_worker_1000,final_hybrid_1000,median_latency,5.645207631999938,5.645009207999976,-0.0035149105736431707,1.0000351503412395
real loopback TLS,original_worker_1000,final_hybrid_1000,new_tls_connections,28,51,82.14285714285714,0.5490196078431373
real loopback TLS,original_worker_1000,final_hybrid_1000,p95_latency,7.312949634999995,8.305298258999983,13.569745089595276,0.880516196642952
real loopback TLS,original_worker_1000,final_hybrid_1000,p99_latency,8.520439435999947,9.69850651899992,13.826365316587896,0.8785310830392211
real loopback TLS,original_worker_1000,final_hybrid_1000,peak_active_jobs,1000,1000,0.0,1.0
real loopback TLS,original_worker_1000,final_hybrid_1000,peak_admitted_requests,1000,209,-79.10000000000001,4.784688995215311
real loopback TLS,original_worker_1000,final_hybrid_1000,peak_rss_bytes,67514368,77762560,15.179275617302679,0.8682117461153542
real loopback TLS,original_worker_1000,final_hybrid_1000,sampled_average_active_connections,12.054987282726945,20.35676427504509,68.86591248597493,0.5921858267772393
real loopback TLS,original_worker_1000,final_hybrid_1000,sampled_average_idle_connections,15.723874700210516,30.008917058158186,90.849377970154,0.5239734132936944
real loopback TLS,original_worker_1000,final_hybrid_1000,sampled_peak_active_connections,26,45,73.07692307692308,0.5777777777777777
real loopback TLS,original_worker_1000,final_hybrid_1000,server_requests,2000,2000,0.0,1.0
real loopback TLS,original_worker_1000,final_hybrid_1000,successful_requests,2000,2000,0.0,1.0
real loopback TLS,original_worker_1000,final_hybrid_1000,successful_rps,157.6279135561587,151.19050014274202,-4.083929849850598,1.0425781607133977
real loopback TLS,first_hybrid_hybrid_2500,final_hybrid_2500,actual_connection_ceiling,2500,2500,0.0,1.0
real loopback TLS,first_hybrid_hybrid_2500,final_hybrid_2500,attempted_requests,5000,5000,0.0,1.0
real loopback TLS,first_hybrid_hybrid_2500,final_hybrid_2500,attempted_rps,153.85339225060807,146.49407058416824,-4.783334029094666,1.0502363108424346
real loopback TLS,first_hybrid_hybrid_2500,final_hybrid_2500,average_latency,12.3987529436634,13.017393416395,4.989537863545923,0.9524758564988562
real loopback TLS,first_hybrid_hybrid_2500,final_hybrid_2500,backend_metrics.backend_connection_pools.direct.active,,0,,
real loopback TLS,first_hybrid_hybrid_2500,final_hybrid_2500,backend_metrics.backend_connection_pools.direct.idle_keepalive,,25,,
real loopback TLS,first_hybrid_hybrid_2500,final_hybrid_2500,backend_metrics.backend_connection_pools.worker.active,,0,,
real loopback TLS,first_hybrid_hybrid_2500,final_hybrid_2500,backend_metrics.backend_connection_pools.worker.idle_keepalive,,26,,
real loopback TLS,first_hybrid_hybrid_2500,final_hybrid_2500,backend_metrics.backend_failovers,0,0,,
real loopback TLS,first_hybrid_hybrid_2500,final_hybrid_2500,backend_metrics.backend_stages.backend_routing_calls,5000,5000,0.0,1.0
real loopback TLS,first_hybrid_hybrid_2500,final_hybrid_2500,backend_metrics.backend_stages.backend_routing_seconds,0.05390607700633154,0.052209315002869516,-3.147626571421125,1.0324992197918852
real loopback TLS,first_hybrid_hybrid_2500,final_hybrid_2500,backend_metrics.backend_stages.direct_admission_wait_seconds,0.04875957299782385,0.038280286001054264,-21.49175300866002,1.2737515335303655
real loopback TLS,first_hybrid_hybrid_2500,final_hybrid_2500,backend_metrics.backend_stages.json_parsing_calls,5000,5000,0.0,1.0
real loopback TLS,first_hybrid_hybrid_2500,final_hybrid_2500,backend_metrics.backend_stages.json_parsing_seconds,0.08011359500414983,0.07925967699873127,-1.065884018030061,1.0107736750609295
real loopback TLS,first_hybrid_hybrid_2500,final_hybrid_2500,backend_metrics.backend_stages.normalization_calls,5000,5000,0.0,1.0
real loopback TLS,first_hybrid_hybrid_2500,final_hybrid_2500,backend_metrics.backend_stages.normalization_seconds,0.1094313510043321,0.1061506860027066,-2.997920588128,1.030905735282218
real loopback TLS,first_hybrid_hybrid_2500,final_hybrid_2500,backend_metrics.backend_stages.proxy_selection_calls,5000,5000,0.0,1.0
real loopback TLS,first_hybrid_hybrid_2500,final_hybrid_2500,backend_metrics.backend_stages.proxy_selection_seconds,0.006286492003255262,0.005984050002211916,-4.810982037147838,1.0505413559264298
real loopback TLS,first_hybrid_hybrid_2500,final_hybrid_2500,backend_metrics.backend_stages.signing_calls,2489,2467,-0.8838891120932058,1.0089177138224563
real loopback TLS,first_hybrid_hybrid_2500,final_hybrid_2500,backend_metrics.backend_stages.signing_seconds,68.5087748730025,71.1252169680065,3.8191342639745107,0.9632135801261467
real loopback TLS,first_hybrid_hybrid_2500,final_hybrid_2500,backend_metrics.backend_stages.worker_admission_wait_seconds,0.03302409799584893,0.03851715700363911,16.633486881248505,0.8573866963423289
real loopback TLS,first_hybrid_hybrid_2500,final_hybrid_2500,backend_metrics.backend_switches,0,0,,
real loopback TLS,first_hybrid_hybrid_2500,final_hybrid_2500,backend_metrics.cursor_chain_restarts,0,0,,
real loopback TLS,first_hybrid_hybrid_2500,final_hybrid_2500,backend_metrics.direct_429_count,,0,,
real loopback TLS,first_hybrid_hybrid_2500,final_hybrid_2500,backend_metrics.direct_active_requests,0,0,,
real loopback TLS,first_hybrid_hybrid_2500,final_hybrid_2500,backend_metrics.direct_average_latency,1.1653177224572118,1.2693428127186874,8.926757763721849,0.918048072420504
real loopback TLS,first_hybrid_hybrid_2500,final_hybrid_2500,backend_metrics.direct_connect_tcp_attempts,,25,,
real loopback TLS,first_hybrid_hybrid_2500,final_hybrid_2500,backend_metrics.direct_connect_tcp_seconds,,1.5167879310000671,,
real loopback TLS,first_hybrid_hybrid_2500,final_hybrid_2500,backend_metrics.direct_connect_tcp_successful,,25,,
real loopback TLS,first_hybrid_hybrid_2500,final_hybrid_2500,backend_metrics.direct_connection_pool_wait_seconds,,0.005663024000796213,,
real loopback TLS,first_hybrid_hybrid_2500,final_hybrid_2500,backend_metrics.direct_cooldown_count,,0,,
real loopback TLS,first_hybrid_hybrid_2500,final_hybrid_2500,backend_metrics.direct_cooldown_remaining_seconds,,0.0,,
real loopback TLS,first_hybrid_hybrid_2500,final_hybrid_2500,backend_metrics.direct_followers_received,0,0,,
real loopback TLS,first_hybrid_hybrid_2500,final_hybrid_2500,backend_metrics.direct_following_received,0,0,,
real loopback TLS,first_hybrid_hybrid_2500,final_hybrid_2500,backend_metrics.direct_http_error_rate,0.0,0.0,,
real loopback TLS,first_hybrid_hybrid_2500,final_hybrid_2500,backend_metrics.direct_invalid_response_rate,0.0,0.0,,
real loopback TLS,first_hybrid_hybrid_2500,final_hybrid_2500,backend_metrics.direct_latency_seconds,2900.475811195997,3131.468718977002,7.963966011692292,0.9262349624056067
real loopback TLS,first_hybrid_hybrid_2500,final_hybrid_2500,backend_metrics.direct_median_latency,0.7845659490001253,0.8719841519999818,11.142237706245716,0.899747945189882
real loopback TLS,first_hybrid_hybrid_2500,final_hybrid_2500,backend_metrics.direct_network_error_rate,0.0,0.0,,
real loopback TLS,first_hybrid_hybrid_2500,final_hybrid_2500,backend_metrics.direct_new_connection_requests,,25,,
real loopback TLS,first_hybrid_hybrid_2500,final_hybrid_2500,backend_metrics.direct_p95_latency,3.399914365000086,3.8601879709999594,13.537799973378494,0.8807639396170021
real loopback TLS,first_hybrid_hybrid_2500,final_hybrid_2500,backend_metrics.direct_p99_latency,5.332058726000014,5.740286104999996,7.656093077321091,0.9288837922826876
real loopback TLS,first_hybrid_hybrid_2500,final_hybrid_2500,backend_metrics.direct_peak_active_requests,103,106,2.9126213592232997,0.9716981132075472
real loopback TLS,first_hybrid_hybrid_2500,final_hybrid_2500,backend_metrics.direct_profile_received,2489,2467,-0.8838891120932058,1.0089177138224563
real loopback TLS,first_hybrid_hybrid_2500,final_hybrid_2500,backend_metrics.direct_recent_success_percent,100.0,100.0,0.0,1.0
real loopback TLS,first_hybrid_hybrid_2500,final_hybrid_2500,backend_metrics.direct_records,2489,2467,-0.8838891120932058,1.0089177138224563
real loopback TLS,first_hybrid_hybrid_2500,final_hybrid_2500,backend_metrics.direct_records_per_second,76.61193157861857,72.30160137046175,-5.626186573475945,1.0596159715200688
real loopback TLS,first_hybrid_hybrid_2500,final_hybrid_2500,backend_metrics.direct_recovery_429s,,0,,
real loopback TLS,first_hybrid_hybrid_2500,final_hybrid_2500,backend_metrics.direct_recovery_attempts,,0,,
real loopback TLS,first_hybrid_hybrid_2500,final_hybrid_2500,backend_metrics.direct_recovery_successes,,0,,
real loopback TLS,first_hybrid_hybrid_2500,final_hybrid_2500,backend_metrics.direct_requests_failed,0,0,,
real loopback TLS,first_hybrid_hybrid_2500,final_hybrid_2500,backend_metrics.direct_requests_per_second,76.61193157861857,72.30160137046175,-5.626186573475945,1.0596159715200688
real loopback TLS,first_hybrid_hybrid_2500,final_hybrid_2500,backend_metrics.direct_requests_successful,2489,2467,-0.8838891120932058,1.0089177138224563
real loopback TLS,first_hybrid_hybrid_2500,final_hybrid_2500,backend_metrics.direct_requests_total,2489,2467,-0.8838891120932058,1.0089177138224563
real loopback TLS,first_hybrid_hybrid_2500,final_hybrid_2500,backend_metrics.direct_response_body_bytes,782962,776009,-0.8880379890722656,1.0089599476294733
real loopback TLS,first_hybrid_hybrid_2500,final_hybrid_2500,backend_metrics.direct_reused_connection_requests,,2442,,
real loopback TLS,first_hybrid_hybrid_2500,final_hybrid_2500,backend_metrics.direct_risk_control_count,0,0,,
real loopback TLS,first_hybrid_hybrid_2500,final_hybrid_2500,backend_metrics.direct_risk_control_rate,0.0,0.0,,
real loopback TLS,first_hybrid_hybrid_2500,final_hybrid_2500,backend_metrics.direct_successful_rps,76.61193157861857,72.30160137046175,-5.626186573475945,1.0596159715200688
real loopback TLS,first_hybrid_hybrid_2500,final_hybrid_2500,backend_metrics.direct_timeout_rate,0.0,0.0,,
real loopback TLS,first_hybrid_hybrid_2500,final_hybrid_2500,backend_metrics.direct_tls_handshake_attempts,,25,,
real loopback TLS,first_hybrid_hybrid_2500,final_hybrid_2500,backend_metrics.direct_tls_handshake_seconds,,1.215824294999834,,
real loopback TLS,first_hybrid_hybrid_2500,final_hybrid_2500,backend_metrics.direct_tls_handshake_successful,,25,,
real loopback TLS,first_hybrid_hybrid_2500,final_hybrid_2500,backend_metrics.findtik_429_count,,0,,
real loopback TLS,first_hybrid_hybrid_2500,final_hybrid_2500,backend_metrics.findtik_jobs_moved_to_direct,,0,,
real loopback TLS,first_hybrid_hybrid_2500,final_hybrid_2500,backend_metrics.findtik_requests_cancelled_after_429,,0,,
real loopback TLS,first_hybrid_hybrid_2500,final_hybrid_2500,backend_metrics.hybrid_records_per_second,153.90102767902485,146.53749771070483,-4.784587913004302,1.050250141317802
real loopback TLS,first_hybrid_hybrid_2500,final_hybrid_2500,backend_metrics.hybrid_total_successful_rps,153.90102767902485,146.53749771070483,-4.784587913004302,1.050250141317802
real loopback TLS,first_hybrid_hybrid_2500,final_hybrid_2500,backend_metrics.worker_429_count,,0,,
real loopback TLS,first_hybrid_hybrid_2500,final_hybrid_2500,backend_metrics.worker_active_requests,0,0,,
real loopback TLS,first_hybrid_hybrid_2500,final_hybrid_2500,backend_metrics.worker_average_latency,1.1730843524826766,1.2564389560686928,7.105593336882143,0.9336580554244938
real loopback TLS,first_hybrid_hybrid_2500,final_hybrid_2500,backend_metrics.worker_connect_tcp_attempts,,26,,
real loopback TLS,first_hybrid_hybrid_2500,final_hybrid_2500,backend_metrics.worker_connect_tcp_seconds,,1.3484103789994606,,
real loopback TLS,first_hybrid_hybrid_2500,final_hybrid_2500,backend_metrics.worker_connect_tcp_successful,,26,,
real loopback TLS,first_hybrid_hybrid_2500,final_hybrid_2500,backend_metrics.worker_connection_pool_wait_seconds,,0.005385352996768233,,
real loopback TLS,first_hybrid_hybrid_2500,final_hybrid_2500,backend_metrics.worker_followers_received,0,0,,
real loopback TLS,first_hybrid_hybrid_2500,final_hybrid_2500,backend_metrics.worker_following_received,0,0,,
real loopback TLS,first_hybrid_hybrid_2500,final_hybrid_2500,backend_metrics.worker_http_error_rate,0.0,0.0,,
real loopback TLS,first_hybrid_hybrid_2500,final_hybrid_2500,backend_metrics.worker_invalid_response_rate,0.0,0.0,,
real loopback TLS,first_hybrid_hybrid_2500,final_hybrid_2500,backend_metrics.worker_latency_seconds,2945.614809083998,3182.5598757220023,8.043993597101974,0.9255489053181598
real loopback TLS,first_hybrid_hybrid_2500,final_hybrid_2500,backend_metrics.worker_median_latency,0.813819575000025,0.8870731200000819,9.00120213992821,0.9174210746008739
real loopback TLS,first_hybrid_hybrid_2500,final_hybrid_2500,backend_metrics.worker_network_error_rate,0.0,0.0,,
real loopback TLS,first_hybrid_hybrid_2500,final_hybrid_2500,backend_metrics.worker_new_connection_requests,,26,,
real loopback TLS,first_hybrid_hybrid_2500,final_hybrid_2500,backend_metrics.worker_p95_latency,3.451290204000088,3.6817477439999493,6.6774315220655245,0.9374053965605242
real loopback TLS,first_hybrid_hybrid_2500,final_hybrid_2500,backend_metrics.worker_p99_latency,5.032645165999838,5.892241769000066,17.08041347336775,0.8541138268421555
real loopback TLS,first_hybrid_hybrid_2500,final_hybrid_2500,backend_metrics.worker_peak_active_requests,105,107,1.904761904761898,0.9813084112149533
real loopback TLS,first_hybrid_hybrid_2500,final_hybrid_2500,backend_metrics.worker_profile_received,2511,2533,0.8761449621664585,0.9913146466640348
real loopback TLS,first_hybrid_hybrid_2500,final_hybrid_2500,backend_metrics.worker_recent_success_percent,100.0,100.0,0.0,1.0
real loopback TLS,first_hybrid_hybrid_2500,final_hybrid_2500,backend_metrics.worker_records,2511,2533,0.8761449621664585,0.9913146466640348
real loopback TLS,first_hybrid_hybrid_2500,final_hybrid_2500,backend_metrics.worker_records_per_second,77.28909610040628,74.23589634024306,-3.9503628767980525,1.0411283477493096
real loopback TLS,first_hybrid_hybrid_2500,final_hybrid_2500,backend_metrics.worker_requests_failed,0,0,,
real loopback TLS,first_hybrid_hybrid_2500,final_hybrid_2500,backend_metrics.worker_requests_per_second,77.28909610040628,74.23589634024306,-3.9503628767980525,1.0411283477493096
real loopback TLS,first_hybrid_hybrid_2500,final_hybrid_2500,backend_metrics.worker_requests_successful,2511,2533,0.8761449621664585,0.9913146466640348
real loopback TLS,first_hybrid_hybrid_2500,final_hybrid_2500,backend_metrics.worker_requests_total,2511,2533,0.8761449621664585,0.9913146466640348
real loopback TLS,first_hybrid_hybrid_2500,final_hybrid_2500,backend_metrics.worker_response_body_bytes,1174001,1184320,0.8789600690289001,0.9912869832477709
real loopback TLS,first_hybrid_hybrid_2500,final_hybrid_2500,backend_metrics.worker_reused_connection_requests,,2507,,
real loopback TLS,first_hybrid_hybrid_2500,final_hybrid_2500,backend_metrics.worker_risk_control_count,0,0,,
real loopback TLS,first_hybrid_hybrid_2500,final_hybrid_2500,backend_metrics.worker_risk_control_rate,0.0,0.0,,
real loopback TLS,first_hybrid_hybrid_2500,final_hybrid_2500,backend_metrics.worker_successful_rps,77.28909610040628,74.23589634024306,-3.9503628767980525,1.0411283477493096
real loopback TLS,first_hybrid_hybrid_2500,final_hybrid_2500,backend_metrics.worker_timeout_rate,0.0,0.0,,
real loopback TLS,first_hybrid_hybrid_2500,final_hybrid_2500,backend_metrics.worker_tls_handshake_attempts,,26,,
real loopback TLS,first_hybrid_hybrid_2500,final_hybrid_2500,backend_metrics.worker_tls_handshake_seconds,,1.1622451290002118,,
real loopback TLS,first_hybrid_hybrid_2500,final_hybrid_2500,backend_metrics.worker_tls_handshake_successful,,26,,
real loopback TLS,first_hybrid_hybrid_2500,final_hybrid_2500,configured_workers,2500,2500,0.0,1.0
real loopback TLS,first_hybrid_hybrid_2500,final_hybrid_2500,cpu_percent_of_one_core,101.87981536045454,101.78352382224145,-0.09451483384850246,1.0009460424889716
real loopback TLS,first_hybrid_hybrid_2500,final_hybrid_2500,cpu_seconds,33.109382208,34.739810088,4.924368173822491,0.9530674498257206
real loopback TLS,first_hybrid_hybrid_2500,final_hybrid_2500,elapsed_seconds,32.49847095899986,34.131074248000004,5.023631084243441,0.9521666597090536
real loopback TLS,first_hybrid_hybrid_2500,final_hybrid_2500,event_loop_max,0.07043033000011746,0.06711984500007474,-4.70036843507221,1.0493220000737342
real loopback TLS,first_hybrid_hybrid_2500,final_hybrid_2500,event_loop_p95,0.035926394000152864,0.038464395999976655,7.064449607196854,0.9340168502886323
real loopback TLS,first_hybrid_hybrid_2500,final_hybrid_2500,harness_version,2,2,0.0,1.0
real loopback TLS,first_hybrid_hybrid_2500,final_hybrid_2500,loopback_interface_bytes.received,8974761,8937810,-0.4117212703491524,1.0041342342251625
real loopback TLS,first_hybrid_hybrid_2500,final_hybrid_2500,loopback_interface_bytes.transmitted,8974761,8937810,-0.4117212703491524,1.0041342342251625
real loopback TLS,first_hybrid_hybrid_2500,final_hybrid_2500,median_latency,14.634705500499877,15.594196966499965,6.556274507657944,0.9384712487561043
real loopback TLS,first_hybrid_hybrid_2500,final_hybrid_2500,new_tls_connections,51,51,0.0,1.0
real loopback TLS,first_hybrid_hybrid_2500,final_hybrid_2500,p95_latency,18.1157585750002,18.875314720999995,4.192792384901756,0.9597592857535382
real loopback TLS,first_hybrid_hybrid_2500,final_hybrid_2500,p99_latency,20.02529289300014,21.037534548000053,5.054815729330686,0.9518840169844835
real loopback TLS,first_hybrid_hybrid_2500,final_hybrid_2500,peak_active_jobs,2500,2500,0.0,1.0
real loopback TLS,first_hybrid_hybrid_2500,final_hybrid_2500,peak_admitted_requests,2500,211,-91.56,11.848341232227488
real loopback TLS,first_hybrid_hybrid_2500,final_hybrid_2500,peak_rss_bytes,90607616,87162880,-3.801817277699926,1.0395206766917293
real loopback TLS,first_hybrid_hybrid_2500,final_hybrid_2500,sampled_average_active_connections,21.21995060921556,21.24105715373088,0.09946556853037691,0.9990063326715538
real loopback TLS,first_hybrid_hybrid_2500,final_hybrid_2500,sampled_average_idle_connections,29.406694183633434,29.453876592469317,0.1604478508915319,0.9983980917184957
real loopback TLS,first_hybrid_hybrid_2500,final_hybrid_2500,sampled_peak_active_connections,44,45,2.2727272727272707,0.9777777777777777
real loopback TLS,first_hybrid_hybrid_2500,final_hybrid_2500,server_requests,5000,5000,0.0,1.0
real loopback TLS,first_hybrid_hybrid_2500,final_hybrid_2500,successful_requests,5000,5000,0.0,1.0
real loopback TLS,first_hybrid_hybrid_2500,final_hybrid_2500,successful_rps,153.85339225060807,146.49407058416824,-4.783334029094666,1.0502363108424346
real loopback TLS,original_worker_2500,final_hybrid_2500,actual_connection_ceiling,2500,2500,0.0,1.0
real loopback TLS,original_worker_2500,final_hybrid_2500,attempted_requests,5000,5000,0.0,1.0
real loopback TLS,original_worker_2500,final_hybrid_2500,attempted_rps,160.24383517280535,146.49407058416824,-8.580526404531874,1.093858847213459
real loopback TLS,original_worker_2500,final_hybrid_2500,average_latency,11.8504571360412,13.017393416395,9.847183673655579,0.9103556109102395
real loopback TLS,original_worker_2500,final_hybrid_2500,backend_metrics.backend_connection_pools.direct.active,,0,,
real loopback TLS,original_worker_2500,final_hybrid_2500,backend_metrics.backend_connection_pools.direct.idle_keepalive,,25,,
real loopback TLS,original_worker_2500,final_hybrid_2500,backend_metrics.backend_connection_pools.worker.active,,0,,
real loopback TLS,original_worker_2500,final_hybrid_2500,backend_metrics.backend_connection_pools.worker.idle_keepalive,,26,,
real loopback TLS,original_worker_2500,final_hybrid_2500,backend_metrics.backend_failovers,,0,,
real loopback TLS,original_worker_2500,final_hybrid_2500,backend_metrics.backend_stages.backend_routing_calls,,5000,,
real loopback TLS,original_worker_2500,final_hybrid_2500,backend_metrics.backend_stages.backend_routing_seconds,,0.052209315002869516,,
real loopback TLS,original_worker_2500,final_hybrid_2500,backend_metrics.backend_stages.direct_admission_wait_seconds,,0.038280286001054264,,
real loopback TLS,original_worker_2500,final_hybrid_2500,backend_metrics.backend_stages.json_parsing_calls,,5000,,
real loopback TLS,original_worker_2500,final_hybrid_2500,backend_metrics.backend_stages.json_parsing_seconds,,0.07925967699873127,,
real loopback TLS,original_worker_2500,final_hybrid_2500,backend_metrics.backend_stages.normalization_calls,,5000,,
real loopback TLS,original_worker_2500,final_hybrid_2500,backend_metrics.backend_stages.normalization_seconds,,0.1061506860027066,,
real loopback TLS,original_worker_2500,final_hybrid_2500,backend_metrics.backend_stages.proxy_selection_calls,,5000,,
real loopback TLS,original_worker_2500,final_hybrid_2500,backend_metrics.backend_stages.proxy_selection_seconds,,0.005984050002211916,,
real loopback TLS,original_worker_2500,final_hybrid_2500,backend_metrics.backend_stages.signing_calls,,2467,,
real loopback TLS,original_worker_2500,final_hybrid_2500,backend_metrics.backend_stages.signing_seconds,,71.1252169680065,,
real loopback TLS,original_worker_2500,final_hybrid_2500,backend_metrics.backend_stages.worker_admission_wait_seconds,,0.03851715700363911,,
real loopback TLS,original_worker_2500,final_hybrid_2500,backend_metrics.backend_switches,,0,,
real loopback TLS,original_worker_2500,final_hybrid_2500,backend_metrics.cursor_chain_restarts,,0,,
real loopback TLS,original_worker_2500,final_hybrid_2500,backend_metrics.direct_429_count,,0,,
real loopback TLS,original_worker_2500,final_hybrid_2500,backend_metrics.direct_active_requests,,0,,
real loopback TLS,original_worker_2500,final_hybrid_2500,backend_metrics.direct_average_latency,,1.2693428127186874,,
real loopback TLS,original_worker_2500,final_hybrid_2500,backend_metrics.direct_connect_tcp_attempts,,25,,
real loopback TLS,original_worker_2500,final_hybrid_2500,backend_metrics.direct_connect_tcp_seconds,,1.5167879310000671,,
real loopback TLS,original_worker_2500,final_hybrid_2500,backend_metrics.direct_connect_tcp_successful,,25,,
real loopback TLS,original_worker_2500,final_hybrid_2500,backend_metrics.direct_connection_pool_wait_seconds,,0.005663024000796213,,
real loopback TLS,original_worker_2500,final_hybrid_2500,backend_metrics.direct_cooldown_count,,0,,
real loopback TLS,original_worker_2500,final_hybrid_2500,backend_metrics.direct_cooldown_remaining_seconds,,0.0,,
real loopback TLS,original_worker_2500,final_hybrid_2500,backend_metrics.direct_followers_received,,0,,
real loopback TLS,original_worker_2500,final_hybrid_2500,backend_metrics.direct_following_received,,0,,
real loopback TLS,original_worker_2500,final_hybrid_2500,backend_metrics.direct_http_error_rate,,0.0,,
real loopback TLS,original_worker_2500,final_hybrid_2500,backend_metrics.direct_invalid_response_rate,,0.0,,
real loopback TLS,original_worker_2500,final_hybrid_2500,backend_metrics.direct_latency_seconds,,3131.468718977002,,
real loopback TLS,original_worker_2500,final_hybrid_2500,backend_metrics.direct_median_latency,,0.8719841519999818,,
real loopback TLS,original_worker_2500,final_hybrid_2500,backend_metrics.direct_network_error_rate,,0.0,,
real loopback TLS,original_worker_2500,final_hybrid_2500,backend_metrics.direct_new_connection_requests,,25,,
real loopback TLS,original_worker_2500,final_hybrid_2500,backend_metrics.direct_p95_latency,,3.8601879709999594,,
real loopback TLS,original_worker_2500,final_hybrid_2500,backend_metrics.direct_p99_latency,,5.740286104999996,,
real loopback TLS,original_worker_2500,final_hybrid_2500,backend_metrics.direct_peak_active_requests,,106,,
real loopback TLS,original_worker_2500,final_hybrid_2500,backend_metrics.direct_profile_received,,2467,,
real loopback TLS,original_worker_2500,final_hybrid_2500,backend_metrics.direct_recent_success_percent,,100.0,,
real loopback TLS,original_worker_2500,final_hybrid_2500,backend_metrics.direct_records,,2467,,
real loopback TLS,original_worker_2500,final_hybrid_2500,backend_metrics.direct_records_per_second,,72.30160137046175,,
real loopback TLS,original_worker_2500,final_hybrid_2500,backend_metrics.direct_recovery_429s,,0,,
real loopback TLS,original_worker_2500,final_hybrid_2500,backend_metrics.direct_recovery_attempts,,0,,
real loopback TLS,original_worker_2500,final_hybrid_2500,backend_metrics.direct_recovery_successes,,0,,
real loopback TLS,original_worker_2500,final_hybrid_2500,backend_metrics.direct_requests_failed,,0,,
real loopback TLS,original_worker_2500,final_hybrid_2500,backend_metrics.direct_requests_per_second,,72.30160137046175,,
real loopback TLS,original_worker_2500,final_hybrid_2500,backend_metrics.direct_requests_successful,,2467,,
real loopback TLS,original_worker_2500,final_hybrid_2500,backend_metrics.direct_requests_total,,2467,,
real loopback TLS,original_worker_2500,final_hybrid_2500,backend_metrics.direct_response_body_bytes,,776009,,
real loopback TLS,original_worker_2500,final_hybrid_2500,backend_metrics.direct_reused_connection_requests,,2442,,
real loopback TLS,original_worker_2500,final_hybrid_2500,backend_metrics.direct_risk_control_count,,0,,
real loopback TLS,original_worker_2500,final_hybrid_2500,backend_metrics.direct_risk_control_rate,,0.0,,
real loopback TLS,original_worker_2500,final_hybrid_2500,backend_metrics.direct_successful_rps,,72.30160137046175,,
real loopback TLS,original_worker_2500,final_hybrid_2500,backend_metrics.direct_timeout_rate,,0.0,,
real loopback TLS,original_worker_2500,final_hybrid_2500,backend_metrics.direct_tls_handshake_attempts,,25,,
real loopback TLS,original_worker_2500,final_hybrid_2500,backend_metrics.direct_tls_handshake_seconds,,1.215824294999834,,
real loopback TLS,original_worker_2500,final_hybrid_2500,backend_metrics.direct_tls_handshake_successful,,25,,
real loopback TLS,original_worker_2500,final_hybrid_2500,backend_metrics.findtik_429_count,,0,,
real loopback TLS,original_worker_2500,final_hybrid_2500,backend_metrics.findtik_jobs_moved_to_direct,,0,,
real loopback TLS,original_worker_2500,final_hybrid_2500,backend_metrics.findtik_requests_cancelled_after_429,,0,,
real loopback TLS,original_worker_2500,final_hybrid_2500,backend_metrics.hybrid_records_per_second,,146.53749771070483,,
real loopback TLS,original_worker_2500,final_hybrid_2500,backend_metrics.hybrid_total_successful_rps,,146.53749771070483,,
real loopback TLS,original_worker_2500,final_hybrid_2500,backend_metrics.worker_429_count,,0,,
real loopback TLS,original_worker_2500,final_hybrid_2500,backend_metrics.worker_active_requests,,0,,
real loopback TLS,original_worker_2500,final_hybrid_2500,backend_metrics.worker_average_latency,,1.2564389560686928,,
real loopback TLS,original_worker_2500,final_hybrid_2500,backend_metrics.worker_connect_tcp_attempts,,26,,
real loopback TLS,original_worker_2500,final_hybrid_2500,backend_metrics.worker_connect_tcp_seconds,,1.3484103789994606,,
real loopback TLS,original_worker_2500,final_hybrid_2500,backend_metrics.worker_connect_tcp_successful,,26,,
real loopback TLS,original_worker_2500,final_hybrid_2500,backend_metrics.worker_connection_pool_wait_seconds,,0.005385352996768233,,
real loopback TLS,original_worker_2500,final_hybrid_2500,backend_metrics.worker_followers_received,,0,,
real loopback TLS,original_worker_2500,final_hybrid_2500,backend_metrics.worker_following_received,,0,,
real loopback TLS,original_worker_2500,final_hybrid_2500,backend_metrics.worker_http_error_rate,,0.0,,
real loopback TLS,original_worker_2500,final_hybrid_2500,backend_metrics.worker_invalid_response_rate,,0.0,,
real loopback TLS,original_worker_2500,final_hybrid_2500,backend_metrics.worker_latency_seconds,,3182.5598757220023,,
real loopback TLS,original_worker_2500,final_hybrid_2500,backend_metrics.worker_median_latency,,0.8870731200000819,,
real loopback TLS,original_worker_2500,final_hybrid_2500,backend_metrics.worker_network_error_rate,,0.0,,
real loopback TLS,original_worker_2500,final_hybrid_2500,backend_metrics.worker_new_connection_requests,,26,,
real loopback TLS,original_worker_2500,final_hybrid_2500,backend_metrics.worker_p95_latency,,3.6817477439999493,,
real loopback TLS,original_worker_2500,final_hybrid_2500,backend_metrics.worker_p99_latency,,5.892241769000066,,
real loopback TLS,original_worker_2500,final_hybrid_2500,backend_metrics.worker_peak_active_requests,,107,,
real loopback TLS,original_worker_2500,final_hybrid_2500,backend_metrics.worker_profile_received,,2533,,
real loopback TLS,original_worker_2500,final_hybrid_2500,backend_metrics.worker_recent_success_percent,,100.0,,
real loopback TLS,original_worker_2500,final_hybrid_2500,backend_metrics.worker_records,,2533,,
real loopback TLS,original_worker_2500,final_hybrid_2500,backend_metrics.worker_records_per_second,,74.23589634024306,,
real loopback TLS,original_worker_2500,final_hybrid_2500,backend_metrics.worker_requests_failed,,0,,
real loopback TLS,original_worker_2500,final_hybrid_2500,backend_metrics.worker_requests_per_second,,74.23589634024306,,
real loopback TLS,original_worker_2500,final_hybrid_2500,backend_metrics.worker_requests_successful,,2533,,
real loopback TLS,original_worker_2500,final_hybrid_2500,backend_metrics.worker_requests_total,,2533,,
real loopback TLS,original_worker_2500,final_hybrid_2500,backend_metrics.worker_response_body_bytes,,1184320,,
real loopback TLS,original_worker_2500,final_hybrid_2500,backend_metrics.worker_reused_connection_requests,,2507,,
real loopback TLS,original_worker_2500,final_hybrid_2500,backend_metrics.worker_risk_control_count,,0,,
real loopback TLS,original_worker_2500,final_hybrid_2500,backend_metrics.worker_risk_control_rate,,0.0,,
real loopback TLS,original_worker_2500,final_hybrid_2500,backend_metrics.worker_successful_rps,,74.23589634024306,,
real loopback TLS,original_worker_2500,final_hybrid_2500,backend_metrics.worker_timeout_rate,,0.0,,
real loopback TLS,original_worker_2500,final_hybrid_2500,backend_metrics.worker_tls_handshake_attempts,,26,,
real loopback TLS,original_worker_2500,final_hybrid_2500,backend_metrics.worker_tls_handshake_seconds,,1.1622451290002118,,
real loopback TLS,original_worker_2500,final_hybrid_2500,backend_metrics.worker_tls_handshake_successful,,26,,
real loopback TLS,original_worker_2500,final_hybrid_2500,configured_workers,2500,2500,0.0,1.0
real loopback TLS,original_worker_2500,final_hybrid_2500,cpu_percent_of_one_core,99.92277957587372,101.78352382224145,1.8621822313848124,0.9817186104735635
real loopback TLS,original_worker_2500,final_hybrid_2500,cpu_seconds,31.178353747000003,34.739810088,11.422849230269838,0.8974819858836761
real loopback TLS,original_worker_2500,final_hybrid_2500,elapsed_seconds,31.202448409999988,34.131074248000004,9.385884721345871,0.9141947359546814
real loopback TLS,original_worker_2500,final_hybrid_2500,event_loop_max,0.030941890999979477,0.06711984500007474,116.92224628455725,0.46099467303515107
real loopback TLS,original_worker_2500,final_hybrid_2500,event_loop_p95,0.019582893999977386,0.038464395999976655,96.41834347886005,0.5091174186119879
real loopback TLS,original_worker_2500,final_hybrid_2500,harness_version,2,2,0.0,1.0
real loopback TLS,original_worker_2500,final_hybrid_2500,loopback_interface_bytes.received,5979496,8937810,49.47430351989532,0.6690113126146114
real loopback TLS,original_worker_2500,final_hybrid_2500,loopback_interface_bytes.transmitted,5979496,8937810,49.47430351989532,0.6690113126146114
real loopback TLS,original_worker_2500,final_hybrid_2500,median_latency,15.003056166500016,15.594196966499965,3.9401358859129765,0.9620922576988185
real loopback TLS,original_worker_2500,final_hybrid_2500,new_tls_connections,28,51,82.14285714285714,0.5490196078431373
real loopback TLS,original_worker_2500,final_hybrid_2500,p95_latency,16.663372202999994,18.875314720999995,13.274279005793165,0.8828129463961163
real loopback TLS,original_worker_2500,final_hybrid_2500,p99_latency,18.046841395,21.037534548000053,16.571837074096774,0.8578401311153466
real loopback TLS,original_worker_2500,final_hybrid_2500,peak_active_jobs,2500,2500,0.0,1.0
real loopback TLS,original_worker_2500,final_hybrid_2500,peak_admitted_requests,2500,211,-91.56,11.848341232227488
real loopback TLS,original_worker_2500,final_hybrid_2500,peak_rss_bytes,77783040,87162880,12.058978409689303,0.8923872180451128
real loopback TLS,original_worker_2500,final_hybrid_2500,sampled_average_active_connections,12.442492996689845,21.24105715373088,70.71383652280754,0.585775599897785
real loopback TLS,original_worker_2500,final_hybrid_2500,sampled_average_idle_connections,15.170011133398754,29.453876592469317,94.15856938709013,0.5150429379227242
real loopback TLS,original_worker_2500,final_hybrid_2500,sampled_peak_active_connections,25,45,80.0,0.5555555555555556
real loopback TLS,original_worker_2500,final_hybrid_2500,server_requests,5000,5000,0.0,1.0
real loopback TLS,original_worker_2500,final_hybrid_2500,successful_requests,5000,5000,0.0,1.0
real loopback TLS,original_worker_2500,final_hybrid_2500,successful_rps,160.24383517280535,146.49407058416824,-8.580526404531874,1.093858847213459
real loopback TLS,first_hybrid_hybrid_5000,final_hybrid_5000,actual_connection_ceiling,5000,5000,0.0,1.0
real loopback TLS,first_hybrid_hybrid_5000,final_hybrid_5000,attempted_requests,10000,10000,0.0,1.0
real loopback TLS,first_hybrid_hybrid_5000,final_hybrid_5000,attempted_rps,150.7036676302935,152.32824681219782,1.0779957830155507,0.9893350103089729
real loopback TLS,first_hybrid_hybrid_5000,final_hybrid_5000,average_latency,25.1335033772426,24.8824334068338,-0.9989453783674773,1.010090249868401
real loopback TLS,first_hybrid_hybrid_5000,final_hybrid_5000,backend_metrics.backend_connection_pools.direct.active,,0,,
real loopback TLS,first_hybrid_hybrid_5000,final_hybrid_5000,backend_metrics.backend_connection_pools.direct.idle_keepalive,,26,,
real loopback TLS,first_hybrid_hybrid_5000,final_hybrid_5000,backend_metrics.backend_connection_pools.worker.active,,0,,
real loopback TLS,first_hybrid_hybrid_5000,final_hybrid_5000,backend_metrics.backend_connection_pools.worker.idle_keepalive,,25,,
real loopback TLS,first_hybrid_hybrid_5000,final_hybrid_5000,backend_metrics.backend_failovers,0,0,,
real loopback TLS,first_hybrid_hybrid_5000,final_hybrid_5000,backend_metrics.backend_stages.backend_routing_calls,10000,10000,0.0,1.0
real loopback TLS,first_hybrid_hybrid_5000,final_hybrid_5000,backend_metrics.backend_stages.backend_routing_seconds,0.115301801000669,0.10495471799481493,-8.973912736882605,1.0985861636669374
real loopback TLS,first_hybrid_hybrid_5000,final_hybrid_5000,backend_metrics.backend_stages.direct_admission_wait_seconds,0.0740451519952785,0.08197787900235198,10.713364471963427,0.9032333221643135
real loopback TLS,first_hybrid_hybrid_5000,final_hybrid_5000,backend_metrics.backend_stages.json_parsing_calls,10000,10000,0.0,1.0
real loopback TLS,first_hybrid_hybrid_5000,final_hybrid_5000,backend_metrics.backend_stages.json_parsing_seconds,0.1657452030008244,0.15891509199934717,-4.120849881515587,1.0429796246256164
real loopback TLS,first_hybrid_hybrid_5000,final_hybrid_5000,backend_metrics.backend_stages.normalization_calls,10000,10000,0.0,1.0
real loopback TLS,first_hybrid_hybrid_5000,final_hybrid_5000,backend_metrics.backend_stages.normalization_seconds,0.22047568900916303,0.21529792100295708,-2.3484530332914644,1.0240493172534388
real loopback TLS,first_hybrid_hybrid_5000,final_hybrid_5000,backend_metrics.backend_stages.proxy_selection_calls,10000,10000,0.0,1.0
real loopback TLS,first_hybrid_hybrid_5000,final_hybrid_5000,backend_metrics.backend_stages.proxy_selection_seconds,0.012617466010624412,0.011619971997447465,-7.905660394385194,1.0858430651464621
real loopback TLS,first_hybrid_hybrid_5000,final_hybrid_5000,backend_metrics.backend_stages.signing_calls,4954,5012,1.1707710940654037,0.9884277733439745
real loopback TLS,first_hybrid_hybrid_5000,final_hybrid_5000,backend_metrics.backend_stages.signing_seconds,134.8624715779947,134.65694168499783,-0.15239961910235023,1.0015263223003956
real loopback TLS,first_hybrid_hybrid_5000,final_hybrid_5000,backend_metrics.backend_stages.worker_admission_wait_seconds,0.06940191999933631,0.07536186499976338,8.587579422131352,0.9209156381620096
real loopback TLS,first_hybrid_hybrid_5000,final_hybrid_5000,backend_metrics.backend_switches,0,0,,
real loopback TLS,first_hybrid_hybrid_5000,final_hybrid_5000,backend_metrics.cursor_chain_restarts,0,0,,
real loopback TLS,first_hybrid_hybrid_5000,final_hybrid_5000,backend_metrics.direct_429_count,,0,,
real loopback TLS,first_hybrid_hybrid_5000,final_hybrid_5000,backend_metrics.direct_active_requests,0,0,,
real loopback TLS,first_hybrid_hybrid_5000,final_hybrid_5000,backend_metrics.direct_average_latency,1.3141840996523457,1.290556842705811,-1.7978650748236236,1.0183078002957215
real loopback TLS,first_hybrid_hybrid_5000,final_hybrid_5000,backend_metrics.direct_connect_tcp_attempts,,26,,
real loopback TLS,first_hybrid_hybrid_5000,final_hybrid_5000,backend_metrics.direct_connect_tcp_seconds,,1.7769823209999913,,
real loopback TLS,first_hybrid_hybrid_5000,final_hybrid_5000,backend_metrics.direct_connect_tcp_successful,,26,,
real loopback TLS,first_hybrid_hybrid_5000,final_hybrid_5000,backend_metrics.direct_connection_pool_wait_seconds,,0.011238187001140432,,
real loopback TLS,first_hybrid_hybrid_5000,final_hybrid_5000,backend_metrics.direct_cooldown_count,,0,,
real loopback TLS,first_hybrid_hybrid_5000,final_hybrid_5000,backend_metrics.direct_cooldown_remaining_seconds,,0.0,,
real loopback TLS,first_hybrid_hybrid_5000,final_hybrid_5000,backend_metrics.direct_followers_received,0,0,,
real loopback TLS,first_hybrid_hybrid_5000,final_hybrid_5000,backend_metrics.direct_following_received,0,0,,
real loopback TLS,first_hybrid_hybrid_5000,final_hybrid_5000,backend_metrics.direct_http_error_rate,0.0,0.0,,
real loopback TLS,first_hybrid_hybrid_5000,final_hybrid_5000,backend_metrics.direct_invalid_response_rate,0.0,0.0,,
real loopback TLS,first_hybrid_hybrid_5000,final_hybrid_5000,backend_metrics.direct_latency_seconds,6236.535372994,6226.750301802997,-0.15689915322817383,1.0015714571352203
real loopback TLS,first_hybrid_hybrid_5000,final_hybrid_5000,backend_metrics.direct_median_latency,0.94764459299995,0.9164932789999511,-3.2872359775074966,1.0339896807906657
real loopback TLS,first_hybrid_hybrid_5000,final_hybrid_5000,backend_metrics.direct_network_error_rate,0.0,0.0,,
real loopback TLS,first_hybrid_hybrid_5000,final_hybrid_5000,backend_metrics.direct_new_connection_requests,,26,,
real loopback TLS,first_hybrid_hybrid_5000,final_hybrid_5000,backend_metrics.direct_p95_latency,3.747172198000044,3.6415247090000094,-2.8193924222756905,1.029011883055174
real loopback TLS,first_hybrid_hybrid_5000,final_hybrid_5000,backend_metrics.direct_p99_latency,5.387808612000072,5.53970898099999,2.819334908474591,0.9725797204291952
real loopback TLS,first_hybrid_hybrid_5000,final_hybrid_5000,backend_metrics.direct_peak_active_requests,109,107,-1.834862385321101,1.0186915887850467
real loopback TLS,first_hybrid_hybrid_5000,final_hybrid_5000,backend_metrics.direct_profile_received,4954,5012,1.1707710940654037,0.9884277733439745
real loopback TLS,first_hybrid_hybrid_5000,final_hybrid_5000,backend_metrics.direct_recent_success_percent,102.00490086879037,101.99913081269014,-0.005656645956308992,1.0000565696595085
real loopback TLS,first_hybrid_hybrid_5000,final_hybrid_5000,backend_metrics.direct_records,4954,5012,1.1707710940654037,0.9884277733439745
real loopback TLS,first_hybrid_hybrid_5000,final_hybrid_5000,backend_metrics.direct_records_per_second,76.31666666666666,78.23333333333333,2.511465385455347,0.9755006391137622
real loopback TLS,first_hybrid_hybrid_5000,final_hybrid_5000,backend_metrics.direct_recovery_429s,,0,,
real loopback TLS,first_hybrid_hybrid_5000,final_hybrid_5000,backend_metrics.direct_recovery_attempts,,0,,
real loopback TLS,first_hybrid_hybrid_5000,final_hybrid_5000,backend_metrics.direct_recovery_successes,,0,,
real loopback TLS,first_hybrid_hybrid_5000,final_hybrid_5000,backend_metrics.direct_requests_failed,0,0,,
real loopback TLS,first_hybrid_hybrid_5000,final_hybrid_5000,backend_metrics.direct_requests_per_second,74.81666666666666,76.7,2.5172644241479247,0.9754454584963058
real loopback TLS,first_hybrid_hybrid_5000,final_hybrid_5000,backend_metrics.direct_requests_successful,4954,5012,1.1707710940654037,0.9884277733439745
real loopback TLS,first_hybrid_hybrid_5000,final_hybrid_5000,backend_metrics.direct_requests_total,4954,5012,1.1707710940654037,0.9884277733439745
real loopback TLS,first_hybrid_hybrid_5000,final_hybrid_5000,backend_metrics.direct_response_body_bytes,1559429,1577704,1.1719033056330153,0.9884167118800484
real loopback TLS,first_hybrid_hybrid_5000,final_hybrid_5000,backend_metrics.direct_reused_connection_requests,,4986,,
real loopback TLS,first_hybrid_hybrid_5000,final_hybrid_5000,backend_metrics.direct_risk_control_count,0,0,,
real loopback TLS,first_hybrid_hybrid_5000,final_hybrid_5000,backend_metrics.direct_risk_control_rate,0.0,0.0,,
real loopback TLS,first_hybrid_hybrid_5000,final_hybrid_5000,backend_metrics.direct_successful_rps,76.31666666666666,78.23333333333333,2.511465385455347,0.9755006391137622
real loopback TLS,first_hybrid_hybrid_5000,final_hybrid_5000,backend_metrics.direct_timeout_rate,0.0,0.0,,
real loopback TLS,first_hybrid_hybrid_5000,final_hybrid_5000,backend_metrics.direct_tls_handshake_attempts,,26,,
real loopback TLS,first_hybrid_hybrid_5000,final_hybrid_5000,backend_metrics.direct_tls_handshake_seconds,,1.3419223309997506,,
real loopback TLS,first_hybrid_hybrid_5000,final_hybrid_5000,backend_metrics.direct_tls_handshake_successful,,26,,
real loopback TLS,first_hybrid_hybrid_5000,final_hybrid_5000,backend_metrics.findtik_429_count,,0,,
real loopback TLS,first_hybrid_hybrid_5000,final_hybrid_5000,backend_metrics.findtik_jobs_moved_to_direct,,0,,
real loopback TLS,first_hybrid_hybrid_5000,final_hybrid_5000,backend_metrics.findtik_requests_cancelled_after_429,,0,,
real loopback TLS,first_hybrid_hybrid_5000,final_hybrid_5000,backend_metrics.hybrid_records_per_second,154.21666666666667,155.96666666666667,1.1347671025613293,0.9887796537721736
real loopback TLS,first_hybrid_hybrid_5000,final_hybrid_5000,backend_metrics.hybrid_total_successful_rps,154.21666666666667,155.96666666666667,1.1347671025613293,0.9887796537721736
real loopback TLS,first_hybrid_hybrid_5000,final_hybrid_5000,backend_metrics.worker_429_count,,0,,
real loopback TLS,first_hybrid_hybrid_5000,final_hybrid_5000,backend_metrics.worker_active_requests,0,0,,
real loopback TLS,first_hybrid_hybrid_5000,final_hybrid_5000,backend_metrics.worker_average_latency,1.2878709982512218,1.3096116633879396,1.6881089151195239,0.9833991512564304
real loopback TLS,first_hybrid_hybrid_5000,final_hybrid_5000,backend_metrics.worker_connect_tcp_attempts,,25,,
real loopback TLS,first_hybrid_hybrid_5000,final_hybrid_5000,backend_metrics.worker_connect_tcp_seconds,,1.5950878009997496,,
real loopback TLS,first_hybrid_hybrid_5000,final_hybrid_5000,backend_metrics.worker_connect_tcp_successful,,25,,
real loopback TLS,first_hybrid_hybrid_5000,final_hybrid_5000,backend_metrics.worker_connection_pool_wait_seconds,,0.011404891002712247,,
real loopback TLS,first_hybrid_hybrid_5000,final_hybrid_5000,backend_metrics.worker_followers_received,0,0,,
real loopback TLS,first_hybrid_hybrid_5000,final_hybrid_5000,backend_metrics.worker_following_received,0,0,,
real loopback TLS,first_hybrid_hybrid_5000,final_hybrid_5000,backend_metrics.worker_http_error_rate,0.0,0.0,,
real loopback TLS,first_hybrid_hybrid_5000,final_hybrid_5000,backend_metrics.worker_invalid_response_rate,0.0,0.0,,
real loopback TLS,first_hybrid_hybrid_5000,final_hybrid_5000,backend_metrics.worker_latency_seconds,6278.01948201804,6257.700625247036,-0.32365074414315576,1.0032470164342837
real loopback TLS,first_hybrid_hybrid_5000,final_hybrid_5000,backend_metrics.worker_median_latency,0.8689657130000796,0.91649665500006,5.4698293947503585,0.9481384446515223
real loopback TLS,first_hybrid_hybrid_5000,final_hybrid_5000,backend_metrics.worker_network_error_rate,0.0,0.0,,
real loopback TLS,first_hybrid_hybrid_5000,final_hybrid_5000,backend_metrics.worker_new_connection_requests,,25,,
real loopback TLS,first_hybrid_hybrid_5000,final_hybrid_5000,backend_metrics.worker_p95_latency,3.8654253849999805,3.886936321999997,0.55649598317149,0.994465837559966
real loopback TLS,first_hybrid_hybrid_5000,final_hybrid_5000,backend_metrics.worker_p99_latency,5.727580740999883,5.7856294020000405,1.0134935433493863,0.9899667508983395
real loopback TLS,first_hybrid_hybrid_5000,final_hybrid_5000,backend_metrics.worker_peak_active_requests,108,109,0.92592592592593,0.9908256880733946
real loopback TLS,first_hybrid_hybrid_5000,final_hybrid_5000,backend_metrics.worker_profile_received,5046,4988,-1.1494252873563204,1.0116279069767442
real loopback TLS,first_hybrid_hybrid_5000,final_hybrid_5000,backend_metrics.worker_recent_success_percent,102.09698558322411,101.94535519125684,-0.14851603218360987,1.0014873693037099
real loopback TLS,first_hybrid_hybrid_5000,final_hybrid_5000,backend_metrics.worker_records,5046,4988,-1.1494252873563204,1.0116279069767442
real loopback TLS,first_hybrid_hybrid_5000,final_hybrid_5000,backend_metrics.worker_records_per_second,77.9,77.73333333333333,-0.21394950791613354,1.0021440823327616
real loopback TLS,first_hybrid_hybrid_5000,final_hybrid_5000,backend_metrics.worker_requests_failed,0,0,,
real loopback TLS,first_hybrid_hybrid_5000,final_hybrid_5000,backend_metrics.worker_requests_per_second,76.3,76.25,-0.0655307994757548,1.000655737704918
real loopback TLS,first_hybrid_hybrid_5000,final_hybrid_5000,backend_metrics.worker_requests_successful,5046,4988,-1.1494252873563204,1.0116279069767442
real loopback TLS,first_hybrid_hybrid_5000,final_hybrid_5000,backend_metrics.worker_requests_total,5046,4988,-1.1494252873563204,1.0116279069767442
real loopback TLS,first_hybrid_hybrid_5000,final_hybrid_5000,backend_metrics.worker_response_body_bytes,2360389,2333240,-1.1501917692380403,1.0116357511443315
real loopback TLS,first_hybrid_hybrid_5000,final_hybrid_5000,backend_metrics.worker_reused_connection_requests,,4963,,
real loopback TLS,first_hybrid_hybrid_5000,final_hybrid_5000,backend_metrics.worker_risk_control_count,0,0,,
real loopback TLS,first_hybrid_hybrid_5000,final_hybrid_5000,backend_metrics.worker_risk_control_rate,0.0,0.0,,
real loopback TLS,first_hybrid_hybrid_5000,final_hybrid_5000,backend_metrics.worker_successful_rps,77.9,77.73333333333333,-0.21394950791613354,1.0021440823327616
real loopback TLS,first_hybrid_hybrid_5000,final_hybrid_5000,backend_metrics.worker_timeout_rate,0.0,0.0,,
real loopback TLS,first_hybrid_hybrid_5000,final_hybrid_5000,backend_metrics.worker_tls_handshake_attempts,,25,,
real loopback TLS,first_hybrid_hybrid_5000,final_hybrid_5000,backend_metrics.worker_tls_handshake_seconds,,1.2525672879996819,,
real loopback TLS,first_hybrid_hybrid_5000,final_hybrid_5000,backend_metrics.worker_tls_handshake_successful,,25,,
real loopback TLS,first_hybrid_hybrid_5000,final_hybrid_5000,configured_workers,5000,5000,0.0,1.0
real loopback TLS,first_hybrid_hybrid_5000,final_hybrid_5000,cpu_percent_of_one_core,101.6251735661885,101.62132388141508,-0.0037881212285539867,1.0000378826473262
real loopback TLS,first_hybrid_hybrid_5000,final_hybrid_5000,cpu_seconds,67.433775942,66.712068187,-1.0702466900574303,1.0108182488508224
real loopback TLS,first_hybrid_hybrid_5000,final_hybrid_5000,elapsed_seconds,66.35538575299984,65.64770624799996,-1.0664989691027138,1.0107799578301555
real loopback TLS,first_hybrid_hybrid_5000,final_hybrid_5000,event_loop_max,0.16932958000004875,0.07561647099997117,-55.34361391556668,2.2393213774828675
real loopback TLS,first_hybrid_hybrid_5000,final_hybrid_5000,event_loop_p95,0.03701236000004428,0.0366056520000302,-1.0988437376422078,1.0111105246810996
real loopback TLS,first_hybrid_hybrid_5000,final_hybrid_5000,harness_version,2,2,0.0,1.0
real loopback TLS,first_hybrid_hybrid_5000,final_hybrid_5000,loopback_interface_bytes.received,17771819,17820264,0.2725944935630942,0.9972814656393418
real loopback TLS,first_hybrid_hybrid_5000,final_hybrid_5000,loopback_interface_bytes.transmitted,17771819,17820264,0.2725944935630942,0.9972814656393418
real loopback TLS,first_hybrid_hybrid_5000,final_hybrid_5000,median_latency,30.87668510900005,30.91031899249998,0.10892970984806016,0.9989118881785694
real loopback TLS,first_hybrid_hybrid_5000,final_hybrid_5000,new_tls_connections,51,51,0.0,1.0
real loopback TLS,first_hybrid_hybrid_5000,final_hybrid_5000,p95_latency,35.50284778300011,34.82475413399993,-1.9099697386102843,1.0194715990353007
real loopback TLS,first_hybrid_hybrid_5000,final_hybrid_5000,p99_latency,37.56870886599995,36.68491067699995,-2.352484862208959,1.024091599861905
real loopback TLS,first_hybrid_hybrid_5000,final_hybrid_5000,peak_active_jobs,5000,5000,0.0,1.0
real loopback TLS,first_hybrid_hybrid_5000,final_hybrid_5000,peak_admitted_requests,5000,213,-95.74000000000001,23.474178403755868
real loopback TLS,first_hybrid_hybrid_5000,final_hybrid_5000,peak_rss_bytes,109211648,100556800,-7.924839665453998,1.0860692464358452
real loopback TLS,first_hybrid_hybrid_5000,final_hybrid_5000,sampled_average_active_connections,21.474965509375913,21.641283181044667,0.7744723575743961,0.9923147962032848
real loopback TLS,first_hybrid_hybrid_5000,final_hybrid_5000,sampled_average_idle_connections,29.262579808364986,29.14888784171794,-0.3885233885446593,1.0039003878043102
real loopback TLS,first_hybrid_hybrid_5000,final_hybrid_5000,sampled_peak_active_connections,46,47,2.1739130434782705,0.9787234042553191
real loopback TLS,first_hybrid_hybrid_5000,final_hybrid_5000,server_requests,10000,10000,0.0,1.0
real loopback TLS,first_hybrid_hybrid_5000,final_hybrid_5000,successful_requests,10000,10000,0.0,1.0
real loopback TLS,first_hybrid_hybrid_5000,final_hybrid_5000,successful_rps,150.7036676302935,152.32824681219782,1.0779957830155507,0.9893350103089729
real loopback TLS,original_worker_5000,final_hybrid_5000,actual_connection_ceiling,5000,5000,0.0,1.0
real loopback TLS,original_worker_5000,final_hybrid_5000,attempted_requests,10000,10000,0.0,1.0
real loopback TLS,original_worker_5000,final_hybrid_5000,attempted_rps,173.61472178491954,152.32824681219782,-12.260754591475376,1.1397408256064638
real loopback TLS,original_worker_5000,final_hybrid_5000,average_latency,22.259200965017,24.8824334068338,11.784935343993364,0.8945749236448737
real loopback TLS,original_worker_5000,final_hybrid_5000,backend_metrics.backend_connection_pools.direct.active,,0,,
real loopback TLS,original_worker_5000,final_hybrid_5000,backend_metrics.backend_connection_pools.direct.idle_keepalive,,26,,
real loopback TLS,original_worker_5000,final_hybrid_5000,backend_metrics.backend_connection_pools.worker.active,,0,,
real loopback TLS,original_worker_5000,final_hybrid_5000,backend_metrics.backend_connection_pools.worker.idle_keepalive,,25,,
real loopback TLS,original_worker_5000,final_hybrid_5000,backend_metrics.backend_failovers,,0,,
real loopback TLS,original_worker_5000,final_hybrid_5000,backend_metrics.backend_stages.backend_routing_calls,,10000,,
real loopback TLS,original_worker_5000,final_hybrid_5000,backend_metrics.backend_stages.backend_routing_seconds,,0.10495471799481493,,
real loopback TLS,original_worker_5000,final_hybrid_5000,backend_metrics.backend_stages.direct_admission_wait_seconds,,0.08197787900235198,,
real loopback TLS,original_worker_5000,final_hybrid_5000,backend_metrics.backend_stages.json_parsing_calls,,10000,,
real loopback TLS,original_worker_5000,final_hybrid_5000,backend_metrics.backend_stages.json_parsing_seconds,,0.15891509199934717,,
real loopback TLS,original_worker_5000,final_hybrid_5000,backend_metrics.backend_stages.normalization_calls,,10000,,
real loopback TLS,original_worker_5000,final_hybrid_5000,backend_metrics.backend_stages.normalization_seconds,,0.21529792100295708,,
real loopback TLS,original_worker_5000,final_hybrid_5000,backend_metrics.backend_stages.proxy_selection_calls,,10000,,
real loopback TLS,original_worker_5000,final_hybrid_5000,backend_metrics.backend_stages.proxy_selection_seconds,,0.011619971997447465,,
real loopback TLS,original_worker_5000,final_hybrid_5000,backend_metrics.backend_stages.signing_calls,,5012,,
real loopback TLS,original_worker_5000,final_hybrid_5000,backend_metrics.backend_stages.signing_seconds,,134.65694168499783,,
real loopback TLS,original_worker_5000,final_hybrid_5000,backend_metrics.backend_stages.worker_admission_wait_seconds,,0.07536186499976338,,
real loopback TLS,original_worker_5000,final_hybrid_5000,backend_metrics.backend_switches,,0,,
real loopback TLS,original_worker_5000,final_hybrid_5000,backend_metrics.cursor_chain_restarts,,0,,
real loopback TLS,original_worker_5000,final_hybrid_5000,backend_metrics.direct_429_count,,0,,
real loopback TLS,original_worker_5000,final_hybrid_5000,backend_metrics.direct_active_requests,,0,,
real loopback TLS,original_worker_5000,final_hybrid_5000,backend_metrics.direct_average_latency,,1.290556842705811,,
real loopback TLS,original_worker_5000,final_hybrid_5000,backend_metrics.direct_connect_tcp_attempts,,26,,
real loopback TLS,original_worker_5000,final_hybrid_5000,backend_metrics.direct_connect_tcp_seconds,,1.7769823209999913,,
real loopback TLS,original_worker_5000,final_hybrid_5000,backend_metrics.direct_connect_tcp_successful,,26,,
real loopback TLS,original_worker_5000,final_hybrid_5000,backend_metrics.direct_connection_pool_wait_seconds,,0.011238187001140432,,
real loopback TLS,original_worker_5000,final_hybrid_5000,backend_metrics.direct_cooldown_count,,0,,
real loopback TLS,original_worker_5000,final_hybrid_5000,backend_metrics.direct_cooldown_remaining_seconds,,0.0,,
real loopback TLS,original_worker_5000,final_hybrid_5000,backend_metrics.direct_followers_received,,0,,
real loopback TLS,original_worker_5000,final_hybrid_5000,backend_metrics.direct_following_received,,0,,
real loopback TLS,original_worker_5000,final_hybrid_5000,backend_metrics.direct_http_error_rate,,0.0,,
real loopback TLS,original_worker_5000,final_hybrid_5000,backend_metrics.direct_invalid_response_rate,,0.0,,
real loopback TLS,original_worker_5000,final_hybrid_5000,backend_metrics.direct_latency_seconds,,6226.750301802997,,
real loopback TLS,original_worker_5000,final_hybrid_5000,backend_metrics.direct_median_latency,,0.9164932789999511,,
real loopback TLS,original_worker_5000,final_hybrid_5000,backend_metrics.direct_network_error_rate,,0.0,,
real loopback TLS,original_worker_5000,final_hybrid_5000,backend_metrics.direct_new_connection_requests,,26,,
real loopback TLS,original_worker_5000,final_hybrid_5000,backend_metrics.direct_p95_latency,,3.6415247090000094,,
real loopback TLS,original_worker_5000,final_hybrid_5000,backend_metrics.direct_p99_latency,,5.53970898099999,,
real loopback TLS,original_worker_5000,final_hybrid_5000,backend_metrics.direct_peak_active_requests,,107,,
real loopback TLS,original_worker_5000,final_hybrid_5000,backend_metrics.direct_profile_received,,5012,,
real loopback TLS,original_worker_5000,final_hybrid_5000,backend_metrics.direct_recent_success_percent,,101.99913081269014,,
real loopback TLS,original_worker_5000,final_hybrid_5000,backend_metrics.direct_records,,5012,,
real loopback TLS,original_worker_5000,final_hybrid_5000,backend_metrics.direct_records_per_second,,78.23333333333333,,
real loopback TLS,original_worker_5000,final_hybrid_5000,backend_metrics.direct_recovery_429s,,0,,
real loopback TLS,original_worker_5000,final_hybrid_5000,backend_metrics.direct_recovery_attempts,,0,,
real loopback TLS,original_worker_5000,final_hybrid_5000,backend_metrics.direct_recovery_successes,,0,,
real loopback TLS,original_worker_5000,final_hybrid_5000,backend_metrics.direct_requests_failed,,0,,
real loopback TLS,original_worker_5000,final_hybrid_5000,backend_metrics.direct_requests_per_second,,76.7,,
real loopback TLS,original_worker_5000,final_hybrid_5000,backend_metrics.direct_requests_successful,,5012,,
real loopback TLS,original_worker_5000,final_hybrid_5000,backend_metrics.direct_requests_total,,5012,,
real loopback TLS,original_worker_5000,final_hybrid_5000,backend_metrics.direct_response_body_bytes,,1577704,,
real loopback TLS,original_worker_5000,final_hybrid_5000,backend_metrics.direct_reused_connection_requests,,4986,,
real loopback TLS,original_worker_5000,final_hybrid_5000,backend_metrics.direct_risk_control_count,,0,,
real loopback TLS,original_worker_5000,final_hybrid_5000,backend_metrics.direct_risk_control_rate,,0.0,,
real loopback TLS,original_worker_5000,final_hybrid_5000,backend_metrics.direct_successful_rps,,78.23333333333333,,
real loopback TLS,original_worker_5000,final_hybrid_5000,backend_metrics.direct_timeout_rate,,0.0,,
real loopback TLS,original_worker_5000,final_hybrid_5000,backend_metrics.direct_tls_handshake_attempts,,26,,
real loopback TLS,original_worker_5000,final_hybrid_5000,backend_metrics.direct_tls_handshake_seconds,,1.3419223309997506,,
real loopback TLS,original_worker_5000,final_hybrid_5000,backend_metrics.direct_tls_handshake_successful,,26,,
real loopback TLS,original_worker_5000,final_hybrid_5000,backend_metrics.findtik_429_count,,0,,
real loopback TLS,original_worker_5000,final_hybrid_5000,backend_metrics.findtik_jobs_moved_to_direct,,0,,
real loopback TLS,original_worker_5000,final_hybrid_5000,backend_metrics.findtik_requests_cancelled_after_429,,0,,
real loopback TLS,original_worker_5000,final_hybrid_5000,backend_metrics.hybrid_records_per_second,,155.96666666666667,,
real loopback TLS,original_worker_5000,final_hybrid_5000,backend_metrics.hybrid_total_successful_rps,,155.96666666666667,,
real loopback TLS,original_worker_5000,final_hybrid_5000,backend_metrics.worker_429_count,,0,,
real loopback TLS,original_worker_5000,final_hybrid_5000,backend_metrics.worker_active_requests,,0,,
real loopback TLS,original_worker_5000,final_hybrid_5000,backend_metrics.worker_average_latency,,1.3096116633879396,,
real loopback TLS,original_worker_5000,final_hybrid_5000,backend_metrics.worker_connect_tcp_attempts,,25,,
real loopback TLS,original_worker_5000,final_hybrid_5000,backend_metrics.worker_connect_tcp_seconds,,1.5950878009997496,,
real loopback TLS,original_worker_5000,final_hybrid_5000,backend_metrics.worker_connect_tcp_successful,,25,,
real loopback TLS,original_worker_5000,final_hybrid_5000,backend_metrics.worker_connection_pool_wait_seconds,,0.011404891002712247,,
real loopback TLS,original_worker_5000,final_hybrid_5000,backend_metrics.worker_followers_received,,0,,
real loopback TLS,original_worker_5000,final_hybrid_5000,backend_metrics.worker_following_received,,0,,
real loopback TLS,original_worker_5000,final_hybrid_5000,backend_metrics.worker_http_error_rate,,0.0,,
real loopback TLS,original_worker_5000,final_hybrid_5000,backend_metrics.worker_invalid_response_rate,,0.0,,
real loopback TLS,original_worker_5000,final_hybrid_5000,backend_metrics.worker_latency_seconds,,6257.700625247036,,
real loopback TLS,original_worker_5000,final_hybrid_5000,backend_metrics.worker_median_latency,,0.91649665500006,,
real loopback TLS,original_worker_5000,final_hybrid_5000,backend_metrics.worker_network_error_rate,,0.0,,
real loopback TLS,original_worker_5000,final_hybrid_5000,backend_metrics.worker_new_connection_requests,,25,,
real loopback TLS,original_worker_5000,final_hybrid_5000,backend_metrics.worker_p95_latency,,3.886936321999997,,
real loopback TLS,original_worker_5000,final_hybrid_5000,backend_metrics.worker_p99_latency,,5.7856294020000405,,
real loopback TLS,original_worker_5000,final_hybrid_5000,backend_metrics.worker_peak_active_requests,,109,,
real loopback TLS,original_worker_5000,final_hybrid_5000,backend_metrics.worker_profile_received,,4988,,
real loopback TLS,original_worker_5000,final_hybrid_5000,backend_metrics.worker_recent_success_percent,,101.94535519125684,,
real loopback TLS,original_worker_5000,final_hybrid_5000,backend_metrics.worker_records,,4988,,
real loopback TLS,original_worker_5000,final_hybrid_5000,backend_metrics.worker_records_per_second,,77.73333333333333,,
real loopback TLS,original_worker_5000,final_hybrid_5000,backend_metrics.worker_requests_failed,,0,,
real loopback TLS,original_worker_5000,final_hybrid_5000,backend_metrics.worker_requests_per_second,,76.25,,
real loopback TLS,original_worker_5000,final_hybrid_5000,backend_metrics.worker_requests_successful,,4988,,
real loopback TLS,original_worker_5000,final_hybrid_5000,backend_metrics.worker_requests_total,,4988,,
real loopback TLS,original_worker_5000,final_hybrid_5000,backend_metrics.worker_response_body_bytes,,2333240,,
real loopback TLS,original_worker_5000,final_hybrid_5000,backend_metrics.worker_reused_connection_requests,,4963,,
real loopback TLS,original_worker_5000,final_hybrid_5000,backend_metrics.worker_risk_control_count,,0,,
real loopback TLS,original_worker_5000,final_hybrid_5000,backend_metrics.worker_risk_control_rate,,0.0,,
real loopback TLS,original_worker_5000,final_hybrid_5000,backend_metrics.worker_successful_rps,,77.73333333333333,,
real loopback TLS,original_worker_5000,final_hybrid_5000,backend_metrics.worker_timeout_rate,,0.0,,
real loopback TLS,original_worker_5000,final_hybrid_5000,backend_metrics.worker_tls_handshake_attempts,,25,,
real loopback TLS,original_worker_5000,final_hybrid_5000,backend_metrics.worker_tls_handshake_seconds,,1.2525672879996819,,
real loopback TLS,original_worker_5000,final_hybrid_5000,backend_metrics.worker_tls_handshake_successful,,25,,
real loopback TLS,original_worker_5000,final_hybrid_5000,configured_workers,5000,5000,0.0,1.0
real loopback TLS,original_worker_5000,final_hybrid_5000,cpu_percent_of_one_core,99.97051313849633,101.62132388141508,1.6512976587724104,0.9837552722217521
real loopback TLS,original_worker_5000,final_hybrid_5000,cpu_seconds,57.581818010999996,66.712068187,15.856133917577653,0.8631394525139428
real loopback TLS,original_worker_5000,final_hybrid_5000,elapsed_seconds,57.59880209000005,65.64770624799996,13.974082560646362,0.8773924540852464
real loopback TLS,original_worker_5000,final_hybrid_5000,event_loop_max,0.06094818600000053,0.07561647099997117,24.0668114387695,0.8060173292142101
real loopback TLS,original_worker_5000,final_hybrid_5000,event_loop_p95,0.019083818999984032,0.0366056520000302,91.81512882752048,0.5213353118247501
real loopback TLS,original_worker_5000,final_hybrid_5000,harness_version,2,2,0.0,1.0
real loopback TLS,original_worker_5000,final_hybrid_5000,loopback_interface_bytes.received,11826370,17820264,50.68244947519822,0.6636472950120156
real loopback TLS,original_worker_5000,final_hybrid_5000,loopback_interface_bytes.transmitted,11826370,17820264,50.68244947519822,0.6636472950120156
real loopback TLS,original_worker_5000,final_hybrid_5000,median_latency,26.72613280600001,30.91031899249998,15.655786105951774,0.8646346487878299
real loopback TLS,original_worker_5000,final_hybrid_5000,new_tls_connections,31,51,64.51612903225808,0.6078431372549019
real loopback TLS,original_worker_5000,final_hybrid_5000,p95_latency,30.837254194000025,34.82475413399993,12.930787919424258,0.8854981165220388
real loopback TLS,original_worker_5000,final_hybrid_5000,p99_latency,31.891814154999906,36.68491067699995,15.029237592771416,0.8693441953777161
real loopback TLS,original_worker_5000,final_hybrid_5000,peak_active_jobs,5000,5000,0.0,1.0
real loopback TLS,original_worker_5000,final_hybrid_5000,peak_admitted_requests,5000,213,-95.74000000000001,23.474178403755868
real loopback TLS,original_worker_5000,final_hybrid_5000,peak_rss_bytes,94728192,100556800,6.152981363773935,0.9420366598778004
real loopback TLS,original_worker_5000,final_hybrid_5000,sampled_average_active_connections,12.729836645670376,21.641283181044667,70.00440605343681,0.5882200486531355
real loopback TLS,original_worker_5000,final_hybrid_5000,sampled_average_idle_connections,12.269590868760398,29.14888784171794,137.57016964545997,0.420928267842869
real loopback TLS,original_worker_5000,final_hybrid_5000,sampled_peak_active_connections,25,47,87.99999999999999,0.5319148936170213
real loopback TLS,original_worker_5000,final_hybrid_5000,server_requests,10000,10000,0.0,1.0
real loopback TLS,original_worker_5000,final_hybrid_5000,successful_requests,10000,10000,0.0,1.0
real loopback TLS,original_worker_5000,final_hybrid_5000,successful_rps,173.61472178491954,152.32824681219782,-12.260754591475376,1.1397408256064638
