file,line,function,primitive_calls,calls,exclusive_cpu_seconds,percent_of_profiled_cpu,cumulative_cpu_seconds
/home/runner/work/_temp/scanner-verification-il7_c53e/final/tests/benchmark_hybrid.py,123,<genexpr>,4491828,4491828,15.118663657,7.604371618921943,25.519584829000003
/opt/hostedtoolcache/Python/3.11.16/x64/lib/python3.11/asyncio/tasks.py,61,<setcomp>,5091,5091,11.050953704000001,5.558398587021223,29.070379157
/opt/hostedtoolcache/Python/3.11.16/x64/lib/python3.11/asyncio/futures.py,299,_get_loop,5625032,5625032,9.528757353000001,4.792765658570466,13.853840876000001
/home/runner/work/_temp/scanner-verification-il7_c53e/final/tiktok_worker_scanner.py,1115,clean,31022,1113991,8.291237353000001,4.170318980785479,13.246663119
~,0,<built-in method builtins.isinstance>,8285287,8291287,8.161870678000001,4.105250248910568,10.733474835
~,0,<method 'done' of '_asyncio.Task' objects>,10468308,10468308,8.15572081,4.102156993928493,8.15572081
/opt/hostedtoolcache/Python/3.11.16/x64/lib/python3.11/dataclasses.py,1289,_asdict_inner,15000,752540,5.682441107000001,2.8581490309336397,17.503591984000003
/opt/hostedtoolcache/Python/3.11.16/x64/lib/python3.11/_weakrefset.py,63,__iter__,5571515,5571515,5.091250525,2.560792532692259,5.192472031
/opt/hostedtoolcache/Python/3.11.16/x64/lib/python3.11/asyncio/tasks.py,42,all_tasks,5091,5091,4.873408039,2.4512223183190587,39.172141155000006
/opt/hostedtoolcache/Python/3.11.16/x64/lib/python3.11/site-packages/httpx/_urlparse.py,273,<genexpr>,1761676,1761676,4.475646029,2.2511563463157143,7.163756289
~,0,<method 'get_loop' of '_asyncio.Future' objects>,5625032,5625032,4.325083523,2.175426554749774,4.325083523
~,0,<built-in method builtins.sum>,17649,17649,4.022297191,2.023131362403709,30.568842124000003
~,0,<method 'startswith' of 'str' objects>,4553522,4553522,3.8928251990000002,1.958009658280459,3.8928251990000002
~,0,<method 'get_name' of '_asyncio.Task' objects>,4486738,4486738,3.450176635,1.735366688398683,3.450176635
/opt/hostedtoolcache/Python/3.11.16/x64/lib/python3.11/copy.py,128,deepcopy,700668,700668,3.337080567,1.6784817315518075,5.677034183
/opt/hostedtoolcache/Python/3.11.16/x64/lib/python3.11/asyncio/tasks.py,507,_wait,2788,2788,3.1497555310000003,1.58426115626886,6.5562482410000005
~,0,<method 'execute' of 'sqlite3.Connection' objects>,67055,67055,3.025988843,1.5220091007335548,3.025988843
~,0,<built-in method builtins.any>,36669,36669,2.5527641960000005,1.283987000588811,17.722943063
~,0,<method 'get' of '_queue.SimpleQueue' objects>,34788,34788,2.3428573170000004,1.1784082305666979,2.3428573170000004
/opt/hostedtoolcache/Python/3.11.16/x64/lib/python3.11/asyncio/base_events.py,1859,_run_once,119483,119483,2.1881162840000004,1.1005767273119083,141.980225961
~,0,<method 'get' of 'dict' objects>,2273234,2273234,1.930495542,0.970998882116353,1.930495542
/opt/hostedtoolcache/Python/3.11.16/x64/lib/python3.11/json/encoder.py,334,_iterencode_dict,485083,960937,1.696036429,0.8530708518919808,2.1065184550000002
/opt/hostedtoolcache/Python/3.11.16/x64/lib/python3.11/asyncio/tasks.py,424,<genexpr>,887462,887462,1.6413000720000002,0.8255396091090739,7.272548262000001
<frozen abc>,117,__instancecheck__,963897,963897,1.627677961,0.8186879721768477,2.5225448800000003
/opt/hostedtoolcache/Python/3.11.16/x64/lib/python3.11/asyncio/coroutines.py,34,iscoroutine,887643,887643,1.583100866,0.7962666257032104,5.648102323000001
~,0,<method 'poll' of 'select.epoll' objects>,119483,119483,1.4897121830000002,0.7492940713395919,1.4897121830000002
~,0,<method 'isprintable' of 'str' objects>,1897782,1897782,1.4817547420000001,0.7452916449431537,1.4817547420000001
~,0,<method 'isascii' of 'str' objects>,1910815,1910815,1.454916158,0.731792398508952,1.454916158
/opt/hostedtoolcache/Python/3.11.16/x64/lib/python3.11/dataclasses.py,1253,_is_dataclass_instance,767540,767540,1.388738832,0.698506587602143,2.2417006870000002
/home/runner/work/_temp/scanner-verification-il7_c53e/final/vendor/tiktok_sign.py,340,_quarter_round,468016,468016,1.3089459810000001,0.6583724523833648,1.3089459810000001
~,0,<built-in method builtins.hasattr>,1033652,1033657,1.16631518,0.5866321425441203,1.1674380260000001
~,0,<method 'replace' of 'str' objects>,1349314,1349314,1.151174444,0.5790166689983033,1.151174444
~,0,<method 'append' of 'list' objects>,1350911,1350911,1.1384580340000001,0.5726205807267184,1.1384580340000001
~,0,<method 'add_done_callback' of '_asyncio.Task' objects>,887431,887431,1.1318155870000002,0.5692795688097289,1.131841716
~,0,<method 'casefold' of 'str' objects>,1113039,1113039,1.015608504,0.5108298364834357,1.015608504
~,0,<method 'commit' of 'sqlite3.Connection' objects>,5002,5002,0.9065924630000002,0.45599704788549633,0.9065924630000002
~,0,<built-in method _abc._abc_instancecheck>,963897,963897,0.894374744,0.4498517907569969,0.894866919
/opt/hostedtoolcache/Python/3.11.16/x64/lib/python3.11/selectors.py,451,select,119483,119483,0.867307475,0.4362375205506467,2.734753172
/opt/hostedtoolcache/Python/3.11.16/x64/lib/python3.11/json/encoder.py,414,_iterencode,502083,502083,0.86328584,0.43421472225646646,3.0381742870000004
/opt/hostedtoolcache/Python/3.11.16/x64/lib/python3.11/asyncio/base_events.py,781,_call_soon,200578,200578,0.8050287180000001,0.4049126083138921,1.839181554
~,0,<method 'remove_done_callback' of '_asyncio.Task' objects>,886425,886425,0.7861306570000001,0.39540727887596133,0.7861306570000001
~,0,<method 'add' of 'set' objects>,929426,929426,0.7741466060000001,0.38937955186439316,0.7822659630000001
/home/runner/work/_temp/scanner-verification-il7_c53e/final/vendor/tiktok_sign.py,240,_escape,72188,72188,0.734145477,0.36925982058433404,1.2764127850000002
~,0,<method 'executescript' of 'sqlite3.Connection' objects>,1002,1002,0.7170680560000001,0.36067023498847656,0.7170680560000001
/opt/hostedtoolcache/Python/3.11.16/x64/lib/python3.11/urllib/parse.py,818,unquote_plus,256784,256784,0.7102931690000001,0.35726260852141445,1.731597666
/opt/hostedtoolcache/Python/3.11.16/x64/lib/python3.11/json/encoder.py,183,encode,46028,46028,0.7070453320000001,0.35562901443757167,4.6065839650000004
~,0,<method 'run' of '_contextvars.Context' objects>,236026,236026,0.695294776,0.34971873052755287,134.801413545
~,0,<built-in method builtins.len>,734833,735400,0.692451472,0.3482886080820709,0.6934966470000001
/opt/hostedtoolcache/Python/3.11.16/x64/lib/python3.11/json/encoder.py,205,iterencode,32029,32029,0.6910271970000001,0.34757222754518896,0.735416925
/opt/hostedtoolcache/Python/3.11.16/x64/lib/python3.11/asyncio/events.py,35,__init__,213240,213240,0.6802784930000001,0.3421658542378532,0.942942845
/opt/hostedtoolcache/Python/3.11.16/x64/lib/python3.11/asyncio/events.py,82,_run,236026,236026,0.6744976460000001,0.33925820910085874,135.475911191
/opt/hostedtoolcache/Python/3.11.16/x64/lib/python3.11/dataclasses.py,1323,<genexpr>,117218,225142,0.666679969,0.33532608107331485,8.535100214000002
/home/runner/work/_temp/scanner-verification-il7_c53e/final/scan_runtime.py,77,independent,50001,50001,0.6603369720000001,0.3321356862434534,4.608603083
/opt/hostedtoolcache/Python/3.11.16/x64/lib/python3.11/threading.py,271,__enter__,264455,264455,0.6503732630000001,0.3271241490032743,0.993004957
/opt/hostedtoolcache/Python/3.11.16/x64/lib/python3.11/asyncio/base_events.py,752,call_soon,171194,171194,0.600355002,0.30196600983135596,2.2359308220000003
/opt/hostedtoolcache/Python/3.11.16/x64/lib/python3.11/copy.py,182,_deepcopy_atomic,700668,700668,0.5993219949999999,0.3014464289152668,0.5993219949999999
~,0,<built-in method builtins.id>,711797,711797,0.596880716,0.3002185166365996,0.596880716
~,0,<method '__exit__' of 'sqlite3.Connection' objects>,6003,6003,0.592831683,0.2981819377214372,0.592831683
/opt/hostedtoolcache/Python/3.11.16/x64/lib/python3.11/threading.py,274,__exit__,264455,264455,0.586242327,0.2948676294670715,0.8445932300000001
/opt/hostedtoolcache/Python/3.11.16/x64/lib/python3.11/urllib/parse.py,745,parse_qsl,6522,6522,0.5721667810000001,0.2877879242132496,3.0386191840000003
/home/runner/work/_temp/scanner-verification-il7_c53e/final/vendor/tiktok_sign.py,355,_keystream,9328,9328,0.558349898,0.28083832103859874,1.9028072230000002
/opt/hostedtoolcache/Python/3.11.16/x64/lib/python3.11/urllib/parse.py,675,unquote,270024,270024,0.547794883,0.27552936924733823,0.8580595390000001
~,0,<method 'close' of 'sqlite3.Connection' objects>,2007,2007,0.525794953,0.2644638645767048,0.525794953
~,0,<method 'recv' of '_socket.socket' objects>,53634,53634,0.5238482130000001,0.26348469507196054,0.5238482130000001
~,0,<method 'send' of '_socket.socket' objects>,29384,29384,0.4802325090000001,0.24154690816423105,0.4802325090000001
/opt/hostedtoolcache/Python/3.11.16/x64/lib/python3.11/urllib/parse.py,781,_unquote,256784,256784,0.47526316,0.2390474295490942,2.206860826
~,0,<built-in method builtins.getattr>,462874,462874,0.472472624,0.23764384830399157,0.472504223
~,0,<built-in method io.open>,4107,4107,0.470836972,0.23682114955697142,0.5354379930000001
/opt/hostedtoolcache/Python/3.11.16/x64/lib/python3.11/collections/__init__.py,660,update,57056,57056,0.457475014,0.23010036414275384,0.982330322
~,0,<built-in method posix.fsync>,8179,8179,0.454380375,0.2285438254488387,0.454380375
/opt/hostedtoolcache/Python/3.11.16/x64/lib/python3.11/asyncio/base_futures.py,14,isfuture,207098,207098,0.43962666600000005,0.22112301838951323,0.6926387730000001
/opt/hostedtoolcache/Python/3.11.16/x64/lib/python3.11/site-packages/httpx/_urlparse.py,223,<genexpr>,154108,154108,0.400066042,0.20122485191147563,0.637352758
/opt/hostedtoolcache/Python/3.11.16/x64/lib/python3.11/dataclasses.py,1235,fields,15000,15000,0.396816863,0.1995905828297002,0.762242799
~,0,<method 'set_result' of '_asyncio.Future' objects>,102042,102042,0.39099660700000005,0.19666311578992865,2.484566498
/opt/hostedtoolcache/Python/3.11.16/x64/lib/python3.11/pathlib.py,56,parse_parts,26237,26237,0.385230086,0.1937626763313119,0.712405951
/opt/hostedtoolcache/Python/3.11.16/x64/lib/python3.11/concurrent/futures/thread.py,161,submit,29383,29383,0.382568591,0.19242400001037052,1.443056801
~,0,<built-in method builtins.max>,302098,302098,0.37335928100000004,0.18779190968925083,0.374123927
/home/runner/work/_temp/scanner-verification-il7_c53e/final/tiktok_worker_scanner.py,1432,disk_call,68874,68874,0.36269056800000005,0.18242577018193656,6.081775285
/opt/hostedtoolcache/Python/3.11.16/x64/lib/python3.11/asyncio/base_events.py,701,time,162553,162553,0.35717674400000005,0.17965243202926745,0.517139513
/opt/hostedtoolcache/Python/3.11.16/x64/lib/python3.11/asyncio/base_events.py,1954,get_debug,333310,333310,0.335498851,0.16874890523436434,0.335498851
/opt/hostedtoolcache/Python/3.11.16/x64/lib/python3.11/dataclasses.py,1250,<genexpr>,340000,340000,0.33450964800000005,0.16825135681413284,0.33450964800000005
/opt/hostedtoolcache/Python/3.11.16/x64/lib/python3.11/asyncio/futures.py,365,_chain_future,29383,29383,0.328599442,0.16527864680562798,1.200934261
/opt/hostedtoolcache/Python/3.11.16/x64/lib/python3.11/asyncio/base_events.py,426,create_future,102218,102218,0.32254137600000005,0.16223156630955346,0.42692889100000003
/opt/hostedtoolcache/Python/3.11.16/x64/lib/python3.11/asyncio/futures.py,345,_copy_future_state,29383,29383,0.304836483,0.15332637542101127,2.5871634990000003
/opt/hostedtoolcache/Python/3.11.16/x64/lib/python3.11/concurrent/futures/_base.py,537,set_result,29383,29383,0.293326274,0.14753698102523513,2.2317183439999995
/home/runner/work/_temp/scanner-verification-il7_c53e/final/hybrid_backend.py,199,request_json,6112,6112,0.29199321,0.1468664777137131,3.144362484
/home/runner/work/_temp/scanner-verification-il7_c53e/final/vendor/tiktok_sign.py,268,encode_field,25652,25652,0.288927363,0.1453244207936253,0.455623757
/home/runner/work/_temp/scanner-verification-il7_c53e/final/tiktok_worker_scanner.py,3477,discover,2000,2000,0.288224725,0.1449710085750062,3.29375536
~,0,<built-in method time.monotonic>,304141,304141,0.288092661,0.14490458314506974,0.288092661
/home/runner/work/_temp/scanner-verification-il7_c53e/final/tiktok_worker_scanner.py,2266,__init__,1000,1000,0.286734732,0.14422157325858878,1.572832848
/home/runner/work/_temp/scanner-verification-il7_c53e/final/vendor/tiktok_sign.py,393,<listcomp>,2332,2332,0.27849102800000003,0.14007516256022204,0.49806852300000004
~,0,<built-in method _sqlite3.connect>,2007,2007,0.27152391600000003,0.1365708509384657,0.3717913850000001
/opt/hostedtoolcache/Python/3.11.16/x64/lib/python3.11/site-packages/httpx/_urlparse.py,213,urlparse,6002,6002,0.26772919,0.13466218312557837,10.566494574
/opt/hostedtoolcache/Python/3.11.16/x64/lib/python3.11/urllib/parse.py,939,quote_from_bytes,41676,41676,0.26297379000000004,0.13227031638278736,0.47767801600000004
/opt/hostedtoolcache/Python/3.11.16/x64/lib/python3.11/asyncio/tasks.py,851,shield,29219,29219,0.26291127200000003,0.13223887113632526,0.6916593010000001
~,0,<method '__enter__' of '_thread.RLock' objects>,205681,205681,0.262218512,0.13189042734511194,0.262218512
~,0,<built-in method posix.unlink>,7019,7019,0.260613953,0.13108336772679466,0.260621767
/home/runner/work/_temp/scanner-verification-il7_c53e/final/tiktok_worker_scanner.py,2679,process_profile,43498,43498,0.26002361300000004,0.13078643905350973,18.601625139000003
/opt/hostedtoolcache/Python/3.11.16/x64/lib/python3.11/concurrent/futures/thread.py,69,_worker,6,6,0.25785818200000005,0.12969727254959657,51.141362933
~,0,<method 'join' of 'str' objects>,138559,210747,0.255290577,0.12840582093498495,1.5829142379999999
/opt/hostedtoolcache/Python/3.11.16/x64/lib/python3.11/asyncio/base_events.py,518,_check_closed,247816,247816,0.252822411,0.12716438505764815,0.252822411
/opt/hostedtoolcache/Python/3.11.16/x64/lib/python3.11/site-packages/httpx/_models.py,284,__getitem__,37244,37244,0.251884284,0.12669252679718335,0.667224755
~,0,<method 'append' of 'collections.deque' objects>,273343,273343,0.251591155,0.1265450890408542,0.251591155
/opt/hostedtoolcache/Python/3.11.16/x64/lib/python3.11/threading.py,487,release,29383,29383,0.251519977,0.1265092879955124,0.6787533530000001
/home/runner/work/_temp/scanner-verification-il7_c53e/final/vendor/tiktok_sign.py,259,hash_state,3498,3498,0.24954579100000002,0.12551631372678976,0.25322037399999997
~,0,<method 'join' of 'bytes' objects>,16442,16442,0.24190963599999998,0.12167548746878891,1.2998075789999999
/opt/hostedtoolcache/Python/3.11.16/x64/lib/python3.11/concurrent/futures/thread.py,53,run,29383,29383,0.23937395700000003,0.12040009396445836,48.092849827
~,0,<built-in method posix.replace>,4089,4089,0.23700501300000001,0.11920856467793475,0.31267437000000003
~,0,<method 'popleft' of 'collections.deque' objects>,255439,255439,0.236515726,0.11896246355016843,0.236515726
/opt/hostedtoolcache/Python/3.11.16/x64/lib/python3.11/site-packages/httpx/_models.py,166,encoding,123752,123752,0.23344117600000003,0.11741602920310024,0.363167297
/opt/hostedtoolcache/Python/3.11.16/x64/lib/python3.11/json/__init__.py,183,dumps,46028,46028,0.23318544100000002,0.11728739984669116,4.902646214000001
~,0,<built-in method posix.stat>,26663,26663,0.228160669,0.11476004462170328,0.39970527
~,0,<method 'put' of '_queue.SimpleQueue' objects>,34792,34792,0.228036235,0.11469745692218851,0.228036235
/home/runner/work/_temp/scanner-verification-il7_c53e/final/vendor/tiktok_sign.py,407,<genexpr>,132924,132924,0.22655693100000002,0.11395339794921511,0.33517435
/opt/hostedtoolcache/Python/3.11.16/x64/lib/python3.11/asyncio/selector_events.py,737,_process_events,119483,119483,0.22585691900000002,0.11360130655367433,0.317692271
/opt/hostedtoolcache/Python/3.11.16/x64/lib/python3.11/asyncio/selector_events.py,116,_read_from_self,26786,26786,0.219417365,0.1103623455722623,0.7886459610000001
/opt/hostedtoolcache/Python/3.11.16/x64/lib/python3.11/re/__init__.py,272,_compile,59197,59197,0.21338857300000003,0.10732998928593422,0.417513564
~,0,<method 'items' of 'dict' objects>,231417,231417,0.21166828199999999,0.10646471889210346,0.21166828199999999
/opt/hostedtoolcache/Python/3.11.16/x64/lib/python3.11/asyncio/events.py,123,__lt__,100785,100785,0.211039091,0.10614824897837101,0.29597629000000003
/opt/hostedtoolcache/Python/3.11.16/x64/lib/python3.11/asyncio/futures.py,409,wrap_future,29383,29383,0.20972826200000003,0.10548892940681322,1.696915417
/opt/hostedtoolcache/Python/3.11.16/x64/lib/python3.11/pathlib.py,536,__str__,59713,59713,0.209639019,0.10544404204429335,0.368499244
/opt/hostedtoolcache/Python/3.11.16/x64/lib/python3.11/asyncio/locks.py,248,wait,32002,32002,0.206327548,0.10377844138932912,0.461300372
~,0,<method 'decode' of 'bytes' objects>,217468,217468,0.20296527600000003,0.10208728889384665,0.20296527600000003
/home/runner/work/_temp/scanner-verification-il7_c53e/final/direct_protocol.py,137,normalize_page,2000,2000,0.19852650500000002,0.09985467991589207,0.381596396
~,0,<method '__exit__' of '_thread.RLock' objects>,205691,205691,0.197631879,0.09940470174862198,0.197631879
<frozen posixpath>,71,join,33166,33166,0.196735172,0.09895367688187515,0.389467018
/home/runner/work/_temp/scanner-verification-il7_c53e/final/scan_runtime.py,121,_run,16541,16541,0.19586182200000002,0.0985144000976264,1.960843665
/opt/hostedtoolcache/Python/3.11.16/x64/lib/python3.11/concurrent/futures/_base.py,497,set_running_or_notify_cancel,29383,29383,0.192140172,0.09664248798438499,0.47322722800000006
/opt/hostedtoolcache/Python/3.11.16/x64/lib/python3.11/asyncio/tasks.py,891,_inner_done_callback,29218,29218,0.191421272,0.09628089631987885,1.1433522230000002
/opt/hostedtoolcache/Python/3.11.16/x64/lib/python3.11/asyncio/base_events.py,594,run_forever,3,3,0.190541699,0.09583848949678156,142.170822543
~,0,<built-in method posix.mkdir>,5091,5091,0.187772704,0.09444574292415789,0.27291719400000003
/opt/hostedtoolcache/Python/3.11.16/x64/lib/python3.11/asyncio/base_events.py,816,run_in_executor,29383,29383,0.187591745,0.09435472433183995,3.358072534
~,0,<method 'flush' of '_io.TextIOWrapper' objects>,4450,4450,0.18616384200000002,0.09363651898683606,0.18616384200000002
/home/runner/work/_temp/scanner-verification-il7_c53e/final/backend_metrics.py,111,<genexpr>,164747,164747,0.178990283,0.09002836884183266,0.178990283
/home/runner/work/_temp/scanner-verification-il7_c53e/final/scan_runtime.py,71,call,22434,22434,0.17770903100000002,0.08938392588268423,1.033458129
/opt/hostedtoolcache/Python/3.11.16/x64/lib/python3.11/asyncio/futures.py,394,_call_set_state,29383,29383,0.173961931,0.08749921295171895,1.3788996680000003
/home/runner/work/_temp/scanner-verification-il7_c53e/final/tiktok_worker_scanner.py,2085,member_identity,15000,15000,0.17383500500000001,0.08743537182832335,0.411560198
~,0,<built-in method builtins.sorted>,4871,4871,0.171948913,0.08648670699915144,0.350977988
~,0,<built-in method time.perf_counter>,169036,169036,0.17100031599999999,0.0860095825476623,0.17100031599999999
/opt/hostedtoolcache/Python/3.11.16/x64/lib/python3.11/urllib/parse.py,863,quote,42242,42242,0.17031324,0.08566399768957049,0.7093408790000001
~,0,<method 'encode' of 'str' objects>,174290,174290,0.167584648,0.0842915729809349,0.167584648
/opt/hostedtoolcache/Python/3.11.16/x64/lib/python3.11/concurrent/futures/_base.py,408,add_done_callback,29383,29383,0.166651513,0.08382222559206452,0.376086256
/home/runner/work/_temp/scanner-verification-il7_c53e/final/scan_runtime.py,95,measured,17000,17000,0.165305732,0.08314532589551324,25.855929737
/opt/hostedtoolcache/Python/3.11.16/x64/lib/python3.11/threading.py,440,acquire,29383,29383,0.163990074,0.08248357743795194,0.38477244000000005
/opt/hostedtoolcache/Python/3.11.16/x64/lib/python3.11/site-packages/httpx/_urlparse.py,497,quote,21004,21004,0.16364061400000002,0.08230780636676219,0.540682364
/opt/hostedtoolcache/Python/3.11.16/x64/lib/python3.11/asyncio/base_events.py,805,call_soon_threadsafe,29384,29384,0.162977427,0.08197423717604188,1.1455049810000002
/opt/hostedtoolcache/Python/3.11.16/x64/lib/python3.11/site-packages/httpx/_models.py,144,__init__,15006,15006,0.162806734,0.08188838216701483,0.439674618
/opt/hostedtoolcache/Python/3.11.16/x64/lib/python3.11/concurrent/futures/_base.py,428,result,29383,29383,0.16239588900000002,0.08168173572466678,0.36805084600000004
/opt/hostedtoolcache/Python/3.11.16/x64/lib/python3.11/pathlib.py,546,__fspath__,57680,57680,0.16185094,0.08140763777504798,0.527501993
/opt/hostedtoolcache/Python/3.11.16/x64/lib/python3.11/pathlib.py,484,_parse_args,23151,23151,0.15990357200000002,0.08042815239943805,0.8945738180000001
/home/runner/work/_temp/scanner-verification-il7_c53e/final/tiktok_worker_scanner.py,2100,normalize_member,7500,7500,0.159631576,0.08029134410012101,0.521801233
/home/runner/work/_temp/scanner-verification-il7_c53e/final/tiktok_worker_scanner.py,2894,worker_loop,46498,46498,0.159005732,0.07997655765738744,19.274927454
/opt/hostedtoolcache/Python/3.11.16/x64/lib/python3.11/threading.py,366,notify,58766,58766,0.15627350300000004,0.07860230361381822,0.305789087
/home/runner/work/_temp/scanner-verification-il7_c53e/final/tiktok_worker_scanner.py,310,console,10792,10792,0.15471935000000003,0.07782059715928046,0.807270557
/opt/hostedtoolcache/Python/3.11.16/x64/lib/python3.11/asyncio/locks.py,125,release,67001,67001,0.154616431,0.07776883105478842,0.24854313000000003
~,0,<method 'partition' of 'str' objects>,159783,159783,0.15137846400000002,0.07614020137451868,0.15137846400000002
/opt/hostedtoolcache/Python/3.11.16/x64/lib/python3.11/asyncio/locks.py,14,__aenter__,58054,58054,0.15092554300000002,0.07591239158417262,0.30387412
/opt/hostedtoolcache/Python/3.11.16/x64/lib/python3.11/concurrent/futures/_base.py,393,done,29383,29383,0.15067121,0.07578446740444131,0.35695297200000004
~,0,<built-in method _json.encode_basestring>,156385,156385,0.150036624,0.07546528391854301,0.150036624
/home/runner/work/_temp/scanner-verification-il7_c53e/final/tiktok_worker_scanner.py,356,atomic_write_json,3081,3081,0.149697893,0.07529490930996069,4.277969946
~,0,<built-in method posix.lstat>,25117,25117,0.14920738700000002,0.07504819505068926,0.14921140400000002
~,0,<method 'to_bytes' of 'int' objects>,176066,176066,0.149059184,0.07497365204129322,0.149059184
/home/runner/work/_temp/scanner-verification-il7_c53e/final/tests/benchmark_hybrid.py,75,handle,6000,6000,0.146535741,0.07370441298905181,5.001220473
<frozen posixpath>,418,_joinrealpath,3015,3015,0.142877539,0.07186441389282194,0.651459212
~,0,<method 'fullmatch' of 're.Pattern' objects>,86084,86084,0.142177879,0.07151249954591923,0.142177879
/home/runner/work/_temp/scanner-verification-il7_c53e/final/tiktok_worker_scanner.py,2159,export_one_list,25623,25623,0.139847556,0.07034039581465353,7.8834963810000005
/home/runner/work/_temp/scanner-verification-il7_c53e/final/tiktok_worker_scanner.py,387,parse_username,11521,11521,0.13964093900000002,0.07023647178496197,0.247129171
/home/runner/work/_temp/scanner-verification-il7_c53e/final/hybrid_backend.py,236,send,7166,7166,0.136629794,0.0687219288268046,20.967950911000003
~,0,<method 'cancelled' of '_asyncio.Future' objects>,153675,153675,0.13583187400000002,0.06832059175496885,0.13583187400000002
/opt/hostedtoolcache/Python/3.11.16/x64/lib/python3.11/threading.py,243,__init__,29394,29394,0.133640848,0.06721855150136444,0.18340467500000002
~,0,<method '__exit__' of '_thread.lock' objects>,124364,124364,0.12972925800000001,0.06525110354063897,0.12972925800000001
/opt/hostedtoolcache/Python/3.11.16/x64/lib/python3.11/asyncio/locks.py,285,wait_for,33001,33001,0.129189798,0.06497976644322001,0.629936885
~,0,<method 'write' of '_io.TextIOWrapper' objects>,65354,65354,0.128110996,0.06443715159991421,0.128110996
/home/runner/work/_temp/scanner-verification-il7_c53e/final/tiktok_worker_scanner.py,2471,write_final_json,1000,1000,0.127475775,0.06411764872229668,9.921848918000002
/opt/hostedtoolcache/Python/3.11.16/x64/lib/python3.11/contextlib.py,104,__init__,37175,37175,0.12737401,0.06406646305566924,0.16799854500000003
/opt/hostedtoolcache/Python/3.11.16/x64/lib/python3.11/asyncio/locks.py,20,__aexit__,57000,57000,0.125060225,0.06290267759251815,0.34382196800000003
~,0,<built-in method builtins.next>,57406,57406,0.12406673400000001,0.06240297239796833,0.7817199530000001
/opt/hostedtoolcache/Python/3.11.16/x64/lib/python3.11/json/decoder.py,343,raw_decode,9027,9027,0.123822997,0.062280377784626105,0.123822997
/opt/hostedtoolcache/Python/3.11.16/x64/lib/python3.11/concurrent/futures/_base.py,463,exception,29383,29383,0.12122334600000001,0.060972807702243254,0.289792184
~,0,<method 'fetchall' of 'sqlite3.Cursor' objects>,7506,7506,0.11944307900000001,0.060077370634785555,0.11944307900000001
/home/runner/work/_temp/scanner-verification-il7_c53e/final/tiktok_worker_scanner.py,2383,save_batch,2000,2000,0.11909163,0.059900599138194906,3.8921716550000003
/opt/hostedtoolcache/Python/3.11.16/x64/lib/python3.11/site-packages/httpx/_models.py,293,<listcomp>,37244,37244,0.11785236600000001,0.05927727526488496,0.164557907
/home/runner/work/_temp/scanner-verification-il7_c53e/final/scan_runtime.py,14,await_durable,56434,56434,0.11751908300000001,0.05910964088635999,0.7832413960000001
/home/runner/work/_temp/scanner-verification-il7_c53e/final/tests/benchmark_hybrid.py,117,ticker,5091,5091,0.11683457400000001,0.05876534717558044,69.190494818
~,0,<built-in method from_bytes>,136677,136677,0.11588294900000001,0.05828669970342068,0.11588294900000001
/home/runner/work/_temp/scanner-verification-il7_c53e/final/vendor/tiktok_sign.py,237,<genexpr>,37260,37260,0.115877059,0.05828373715660757,1.392289844
/opt/hostedtoolcache/Python/3.11.16/x64/lib/python3.11/concurrent/futures/_base.py,383,cancelled,29383,29383,0.11544701900000001,0.058067436030714945,0.286208872
/opt/hostedtoolcache/Python/3.11.16/x64/lib/python3.11/pathlib.py,523,_format_parsed_parts,35434,35434,0.11467941800000002,0.05768134878176993,0.15886022500000002
/opt/hostedtoolcache/Python/3.11.16/x64/lib/python3.11/threading.py,396,notify_all,29383,29383,0.11282882100000002,0.056750537195234874,0.24658229599999998
/opt/hostedtoolcache/Python/3.11.16/x64/lib/python3.11/asyncio/futures.py,381,_set_state,29383,29383,0.11104559400000001,0.05585361130968434,2.8082379480000004
~,0,<method 'ljust' of 'bytes' objects>,130592,130592,0.109315749,0.05498353545367153,0.109315749
~,0,<method 'isoformat' of 'datetime.datetime' objects>,16725,16725,0.108500279,0.05457337109888669,0.108500279
/home/runner/work/_temp/scanner-verification-il7_c53e/final/tiktok_worker_scanner.py,302,utc_iso,16427,16427,0.104360075,0.052490935077527744,0.293091992
/opt/hostedtoolcache/Python/3.11.16/x64/lib/python3.11/concurrent/futures/_base.py,328,__init__,29383,29383,0.104337647,0.052479654262600026,0.287672303
/opt/hostedtoolcache/Python/3.11.16/x64/lib/python3.11/asyncio/locks.py,93,acquire,68055,68055,0.10426463400000001,0.052442930250636496,0.12548040300000002
/home/runner/work/_temp/scanner-verification-il7_c53e/final/hybrid_backend.py,73,check,21000,21000,0.10402530700000001,0.052322553775060954,0.21764618700000002
/opt/hostedtoolcache/Python/3.11.16/x64/lib/python3.11/site-packages/httpx/_client.py,1717,_send_single_request,6000,6000,0.103537846,0.05207737108710459,7.077705585
/home/runner/work/_temp/scanner-verification-il7_c53e/final/vendor/tiktok_sign.py,309,<genexpr>,50138,50138,0.102989944,0.051801787840246555,0.14088455700000002
/home/runner/work/_temp/scanner-verification-il7_c53e/final/tiktok_worker_scanner.py,2014,parse_profile_response,2000,2000,0.102875751,0.05174435114954556,0.266968138
~,0,<method 'match' of 're.Pattern' objects>,48311,48311,0.101653391,0.051129529634695484,0.101653391
/opt/hostedtoolcache/Python/3.11.16/x64/lib/python3.11/re/__init__.py,168,fullmatch,28525,28525,0.10026296100000001,0.050430172424959424,0.258270873
~,0,<built-in method sys.intern>,89453,89453,0.09982802900000001,0.05021141072538093,0.09982802900000001
/opt/hostedtoolcache/Python/3.11.16/x64/lib/python3.11/site-packages/httpx/_urls.py,425,__init__,12024,12024,0.09883477,0.04971182222197893,3.280864658
/opt/hostedtoolcache/Python/3.11.16/x64/lib/python3.11/asyncio/locks.py,298,notify,17000,17000,0.098814253,0.04970150260008343,0.38055753800000003
~,0,<method 'done' of '_asyncio.Future' objects>,109950,109950,0.096833528,0.048705239351121254,0.096833528
/opt/hostedtoolcache/Python/3.11.16/x64/lib/python3.11/pathlib.py,515,_from_parsed_parts,38417,38417,0.09571080300000001,0.0481405321574467,0.139049759
/opt/hostedtoolcache/Python/3.11.16/x64/lib/python3.11/asyncio/selector_events.py,128,_write_to_self,29384,29384,0.095070165,0.04781830464212345,0.575302674
/home/runner/work/_temp/scanner-verification-il7_c53e/final/backend_metrics.py,22,add,9000,9000,0.095000081,0.0477830538559011,0.5772801590000001
/opt/hostedtoolcache/Python/3.11.16/x64/lib/python3.11/concurrent/futures/_base.py,337,_invoke_callbacks,29383,29383,0.093500668,0.047028880476499044,1.4722837980000003
~,0,<method 'add_done_callback' of '_asyncio.Future' objects>,86818,86818,0.09266950800000001,0.04661082437986404,0.09266950800000001
/opt/hostedtoolcache/Python/3.11.16/x64/lib/python3.11/pathlib.py,239,splitroot,56258,56258,0.092298651,0.046424291065183615,0.114521146
/home/runner/work/_temp/scanner-verification-il7_c53e/final/tests/benchmark_hybrid.py,59,__enter__,12637,12637,0.09160955500000001,0.04607769018933924,0.145050166
/opt/hostedtoolcache/Python/3.11.16/x64/lib/python3.11/urllib/parse.py,469,urlsplit,3011,3011,0.09116886600000002,0.045856032839166005,0.21273171000000002
/opt/hostedtoolcache/Python/3.11.16/x64/lib/python3.11/pathlib.py,530,_make_child,15118,15118,0.09014398,0.04534053661622953,0.5044425610000001
/home/runner/work/_temp/scanner-verification-il7_c53e/final/tiktok_worker_scanner.py,1318,check,39000,39000,0.08982158200000001,0.045178377165049334,0.127067923
/opt/hostedtoolcache/Python/3.11.16/x64/lib/python3.11/concurrent/futures/thread.py,180,_adjust_thread_count,29383,29383,0.089735837,0.04513524922337027,0.475686629
/opt/hostedtoolcache/Python/3.11.16/x64/lib/python3.11/asyncio/base_events.py,734,call_at,12661,12661,0.08949111800000001,0.045012160684566156,0.461496098
/home/runner/work/_temp/scanner-verification-il7_c53e/final/vendor/tiktok_sign.py,383,_crypt,2332,2332,0.08932871,0.04493047285726179,2.980698596
/home/runner/work/_temp/scanner-verification-il7_c53e/final/tiktok_worker_scanner.py,2465,write_json_property,9000,9000,0.087825335,0.044174306674723315,5.215574394000001
~,0,<method 'sub' of 're.Pattern' objects>,22944,22944,0.08662575800000001,0.0435709445323763,0.08662575800000001
/opt/hostedtoolcache/Python/3.11.16/x64/lib/python3.11/asyncio/tasks.py,637,sleep,16180,16180,0.08645488500000001,0.043484998987113874,0.636412767
/home/runner/work/_temp/scanner-verification-il7_c53e/final/scan_runtime.py,131,measured,11217,11217,0.086272952,0.04339349049316674,12.463529874
/home/runner/work/_temp/scanner-verification-il7_c53e/final/backend_metrics.py,86,stage,26332,26332,0.08604046700000001,0.043276555400493626,0.109779101
/opt/hostedtoolcache/Python/3.11.16/x64/lib/python3.11/asyncio/queues.py,149,get,16541,16541,0.08584123,0.04317634335645243,0.26812919900000004
/opt/hostedtoolcache/Python/3.11.16/x64/lib/python3.11/site-packages/httpx/_urls.py,77,__init__,8334,8334,0.08546956700000001,0.04298940464062918,10.962524049
~,0,<method 'lower' of 'str' objects>,95594,95594,0.084953301,0.04272973364011739,0.084953301
/opt/hostedtoolcache/Python/3.11.16/x64/lib/python3.11/pathlib.py,353,_select_from,11026,11026,0.08480928800000001,0.04265729811308926,0.201858177
~,0,<built-in method _asyncio.get_running_loop>,58142,58142,0.084671601,0.04258804443175547,0.084671601
/home/runner/work/_temp/scanner-verification-il7_c53e/final/tiktok_worker_scanner.py,2442,iter_encoded_members,9500,9500,0.084481963,0.042492660483955204,0.323097564
/home/runner/work/_temp/scanner-verification-il7_c53e/final/tiktok_worker_scanner.py,1342,slot,12000,12000,0.083664467,0.042081477093543325,0.286359542
/home/runner/work/_temp/scanner-verification-il7_c53e/final/tiktok_worker_scanner.py,3325,write,5401,5401,0.08162024300000001,0.04105327517563627,0.37055338000000004
~,0,<built-in method _heapq.heappop>,9782,9782,0.081559092,0.04102251750158394,0.239776597
/opt/hostedtoolcache/Python/3.11.16/x64/lib/python3.11/contextlib.py,299,helper,26174,26174,0.080883748,0.040682833594122225,0.20312913600000002
~,0,<method '__enter__' of '_thread.lock' objects>,58774,58774,0.080413182,0.040446148737813985,0.080413182
/home/runner/work/_temp/scanner-verification-il7_c53e/final/backend_metrics.py,31,prune,15058,15058,0.07999038,0.040233488174541594,0.11838854100000001
/opt/hostedtoolcache/Python/3.11.16/x64/lib/python3.11/contextlib.py,141,__exit__,26173,26173,0.078554022,0.03951103014137051,0.264649267
/opt/hostedtoolcache/Python/3.11.16/x64/lib/python3.11/json/decoder.py,332,decode,9027,9027,0.07831811000000001,0.039392371339371665,0.25767286
~,0,<built-in method _heapq.heappush>,12661,12661,0.077931093,0.03919770988267091,0.21528854400000003
~,0,<built-in method builtins.ord>,93665,93665,0.077740195,0.039101692181223016,0.077740195
/opt/hostedtoolcache/Python/3.11.16/x64/lib/python3.11/threading.py,286,_is_owned,29398,29398,0.07762200200000001,0.03904224357418035,0.121771669
/opt/hostedtoolcache/Python/3.11.16/x64/lib/python3.11/asyncio/queues.py,137,put_nowait,11218,11218,0.075927987,0.03819018945879803,0.299497405
/home/runner/work/_temp/scanner-verification-il7_c53e/final/backend_metrics.py,72,score,5700,5700,0.07501331400000001,0.037730128069802596,0.16987934500000001
/opt/hostedtoolcache/Python/3.11.16/x64/lib/python3.11/asyncio/locks.py,142,_wake_up_first,67001,67001,0.07453844700000001,0.03749127990044798,0.093926699
/opt/hostedtoolcache/Python/3.11.16/x64/lib/python3.11/site-packages/httpx/_models.py,884,iter_bytes,6000,6000,0.073982616,0.03721170853242167,0.495658727
<frozen posixpath>,41,_get_sep,39200,39200,0.07267106499999999,0.036552025809964195,0.110163435
/home/runner/work/_temp/scanner-verification-il7_c53e/final/tiktok_worker_scanner.py,318,<genexpr>,73404,73404,0.07179615700000001,0.036111965384300365,0.07179615700000001
/opt/hostedtoolcache/Python/3.11.16/x64/lib/python3.11/dataclasses.py,1265,asdict,15000,15000,0.07140028500000001,0.03591285004779825,17.627462956000002
~,0,<method 'fetchone' of 'sqlite3.Cursor' objects>,13412,13412,0.07121552800000001,0.0358199211409139,0.07121552800000001
/opt/hostedtoolcache/Python/3.11.16/x64/lib/python3.11/asyncio/tasks.py,662,_ensure_future,29403,29403,0.070355979,0.035387585971022976,0.16659747900000002
~,0,<built-in method __new__ of type object at 0x7ffa23a496e0>,58627,58692,0.070312926,0.035365931212458526,0.073392305
/opt/hostedtoolcache/Python/3.11.16/x64/lib/python3.11/re/__init__.py,218,finditer,21004,21004,0.07018208100000001,0.03530011891402717,0.237412112
/opt/hostedtoolcache/Python/3.11.16/x64/lib/python3.11/shutil.py,641,_rmtree_safe_fd,1,1003,0.070167807,0.03529293939056193,0.49904378800000004
~,0,<method '__exit__' of '_io._IOBase' objects>,4202,4202,0.069447219,0.03493049869735962,0.069447219
~,0,<built-in method posix.fspath>,69718,69718,0.069102746,0.03475723598286884,0.11098242300000001
/opt/hostedtoolcache/Python/3.11.16/x64/lib/python3.11/asyncio/events.py,151,cancel,13661,13661,0.068716751,0.034563088570793384,0.13688582200000002
/opt/hostedtoolcache/Python/3.11.16/x64/lib/python3.11/site-packages/httpx/_models.py,1249,__init__,3000,3000,0.06728042000000001,0.0338406441180576,1.3468147750000001
/home/runner/work/_temp/scanner-verification-il7_c53e/final/tiktok_worker_scanner.py,1374,pace,6000,6000,0.06697665300000001,0.0336878556702178,0.176103436
/opt/hostedtoolcache/Python/3.11.16/x64/lib/python3.11/asyncio/base_events.py,1844,_add_callback,26786,26786,0.066903635,0.033651129143358834,0.09183535200000001
/home/runner/work/_temp/scanner-verification-il7_c53e/final/hybrid_backend.py,82,slot,6000,6000,0.066730396,0.03356399354958031,0.579767549
~,0,<built-in method posix.open>,5091,5091,0.066726903,0.03356223664363495,0.123448604
/opt/hostedtoolcache/Python/3.11.16/x64/lib/python3.11/site-packages/httpx/_models.py,203,<dictcomp>,6002,6002,0.066015157,0.03320424329150589,0.230982334
/home/runner/work/_temp/scanner-verification-il7_c53e/final/tiktok_worker_scanner.py,3646,record,1000,1000,0.064933564,0.03266022463357269,6.231129329000001
/opt/hostedtoolcache/Python/3.11.16/x64/lib/python3.11/asyncio/queues.py,86,qsize,33653,33653,0.064907608,0.03264716930843161,0.094111675
/home/runner/work/_temp/scanner-verification-il7_c53e/final/report_generator.py,251,generate_report,1,1,0.064283511,0.03233326157016025,2.2767085910000002
/home/runner/work/_temp/scanner-verification-il7_c53e/final/tiktok_worker_scanner.py,1132,<listcomp>,25019,25019,0.06322857900000001,0.031802652837623346,1.581123201
/opt/hostedtoolcache/Python/3.11.16/x64/lib/python3.11/asyncio/tasks.py,908,_outer_done_callback,29218,29218,0.063068662,0.03172221793122074,0.088906525
/opt/hostedtoolcache/Python/3.11.16/x64/lib/python3.11/site-packages/httpx/_models.py,935,iter_raw,6000,6000,0.062968671,0.03167192454949083,0.244064201
/opt/hostedtoolcache/Python/3.11.16/x64/lib/python3.11/asyncio/futures.py,387,_call_check_cancel,29383,29383,0.062907827,0.03164132129001773,0.088657549
/opt/hostedtoolcache/Python/3.11.16/x64/lib/python3.11/json/encoder.py,105,__init__,33025,33025,0.062878341,0.031626490448705136,0.062878341
/opt/hostedtoolcache/Python/3.11.16/x64/lib/python3.11/asyncio/base_events.py,710,call_later,9661,9661,0.062772127,0.03157306702812667,0.48187686500000004
/home/runner/work/_temp/scanner-verification-il7_c53e/final/hybrid_backend.py,437,choose,3000,3000,0.061837123,0.03110277957134563,0.415893186
/home/runner/work/_temp/scanner-verification-il7_c53e/final/vendor/tiktok_sign.py,483,dynosaur_payload,1166,1166,0.061572561,0.030969710418549595,0.916424624
/opt/hostedtoolcache/Python/3.11.16/x64/lib/python3.11/urllib/request.py,319,__init__,3000,3000,0.060943091000000005,0.03065310017365229,0.593954439
/opt/hostedtoolcache/Python/3.11.16/x64/lib/python3.11/contextlib.py,132,__enter__,26174,26174,0.060347232,0.030353395558794925,0.6390351400000001
/opt/hostedtoolcache/Python/3.11.16/x64/lib/python3.11/asyncio/mixins.py,12,_get_loop,22557,22557,0.060160812,0.03025963019769153,0.092307385
/home/runner/work/_temp/scanner-verification-il7_c53e/final/tiktok_worker_scanner.py,2351,save_checkpoint,5000,5000,0.060022147000000005,0.03018988460281221,3.3146760680000003
/opt/hostedtoolcache/Python/3.11.16/x64/lib/python3.11/contextlib.py,214,__aexit__,6006,12006,0.05971166000000001,0.030033716135518407,0.49325194200000005
/opt/hostedtoolcache/Python/3.11.16/x64/lib/python3.11/pathlib.py,1008,stat,26157,26157,0.059699408,0.030027553635763878,0.45644112800000003
/opt/hostedtoolcache/Python/3.11.16/x64/lib/python3.11/site-packages/httpx/_models.py,237,<listcomp>,6000,6000,0.059446624,0.02990040857063588,0.103797067
/home/runner/work/_temp/scanner-verification-il7_c53e/final/tiktok_worker_scanner.py,2067,parse_list_page,4000,4000,0.059200386,0.029776556006601018,0.13412913
/home/runner/work/_temp/scanner-verification-il7_c53e/final/scan_statistics.py,35,add,7000,7000,0.058412903,0.029380468527479747,0.31389209300000004
/home/runner/work/_temp/scanner-verification-il7_c53e/final/tiktok_worker_scanner.py,2647,numeric_uid,8500,8500,0.05826010300000001,0.029303613323228065,0.160981478
/home/runner/work/_temp/scanner-verification-il7_c53e/final/vendor/tiktok_sign.py,323,fold_checksum,2332,2332,0.058123948,0.029235130205853138,0.101163969
/opt/hostedtoolcache/Python/3.11.16/x64/lib/python3.11/site-packages/httpx/_client.py,340,build_request,3000,3000,0.05793811,0.02914165757857745,3.6012775620000004
/opt/hostedtoolcache/Python/3.11.16/x64/lib/python3.11/site-packages/httpx/_models.py,383,__init__,3000,3000,0.057621225000000005,0.028982271051095153,2.351130521
/opt/hostedtoolcache/Python/3.11.16/x64/lib/python3.11/urllib/parse.py,703,parse_qs,6522,6522,0.05748438,0.028913440878151293,3.0961035640000003
~,0,<method 'split' of 'str' objects>,41792,41792,0.057352606,0.02884716131214958,0.057352606
/opt/hostedtoolcache/Python/3.11.16/x64/lib/python3.11/json/__init__.py,299,loads,9027,9027,0.057164635000000005,0.028752615830484704,0.379823658
~,0,<method 'rstrip' of 'str' objects>,31417,31417,0.05704458800000001,0.028692234700217676,0.05704458800000001
/home/runner/work/_temp/scanner-verification-il7_c53e/final/tiktok_worker_scanner.py,2310,commit_page,2000,2000,0.056927378,0.028633280521615966,6.862887185
~,0,<built-in method now>,16428,16428,0.056904976,0.028622012784144463,0.056904976
/home/runner/work/_temp/scanner-verification-il7_c53e/final/hybrid_backend.py,374,fetch_page,10637,10637,0.056644859000000006,0.028491179373383104,3.460389579
/opt/hostedtoolcache/Python/3.11.16/x64/lib/python3.11/pathlib.py,383,_iterate_directories,2008,8016,0.05628131,0.02830832182985891,0.10480084
/opt/hostedtoolcache/Python/3.11.16/x64/lib/python3.11/_weakrefset.py,85,add,19196,19196,0.056152121000000006,0.028243342464793007,0.078862521
/home/runner/work/_temp/scanner-verification-il7_c53e/final/vendor/tiktok_sign.py,414,<genexpr>,30316,30316,0.05611787,0.02822611492813839,0.080163525
/opt/hostedtoolcache/Python/3.11.16/x64/lib/python3.11/email/message.py,427,__setitem__,12000,12000,0.055711338000000006,0.02802163783458574,0.088046789
/opt/hostedtoolcache/Python/3.11.16/x64/lib/python3.11/_weakrefset.py,39,_remove,19191,19191,0.055483189,0.02790688365922698,0.078308061
/home/runner/work/_temp/scanner-verification-il7_c53e/final/tiktok_worker_scanner.py,1939,save_raw,12084,12084,0.055475034000000006,0.027902781864785408,1.663475547
/home/runner/work/_temp/scanner-verification-il7_c53e/final/tiktok_worker_scanner.py,3678,phase_summary,1408,1408,0.054713349,0.027519670240109716,0.12288426300000001
/opt/hostedtoolcache/Python/3.11.16/x64/lib/python3.11/asyncio/locks.py,178,is_set,53450,53450,0.054354055000000005,0.02733895287259398,0.054354055000000005
/opt/hostedtoolcache/Python/3.11.16/x64/lib/python3.11/asyncio/queues.py,175,get_nowait,11218,11218,0.054341572000000005,0.02733267418467072,0.10853566
/home/runner/work/_temp/scanner-verification-il7_c53e/final/direct_protocol.py,84,<listcomp>,1166,1166,0.053768999,0.02704468194079637,0.653535646
/opt/hostedtoolcache/Python/3.11.16/x64/lib/python3.11/asyncio/base_events.py,430,create_task,5187,5187,0.053702583000000005,0.02701127608185933,0.15101609900000001
/opt/hostedtoolcache/Python/3.11.16/x64/lib/python3.11/pathlib.py,777,parent,8179,8179,0.05368865,0.027004268074262212,0.10150947900000001
~,0,<built-in method builtins.min>,40980,40980,0.053514014000000006,0.02691642981870137,0.054022891
/opt/hostedtoolcache/Python/3.11.16/x64/lib/python3.11/site-packages/httpx/_models.py,304,__setitem__,6000,6000,0.0534347,0.02687653653552062,0.084883446
/opt/hostedtoolcache/Python/3.11.16/x64/lib/python3.11/contextlib.py,205,__aenter__,7564,13564,0.053277509,0.02679747275010487,0.8148420300000001
/opt/hostedtoolcache/Python/3.11.16/x64/lib/python3.11/site-packages/httpx/_client.py,1645,_send_handling_auth,6000,6000,0.052972039000000005,0.026643827728882605,7.306928258
/opt/hostedtoolcache/Python/3.11.16/x64/lib/python3.11/asyncio/queues.py,99,full,22436,22436,0.052905244000000004,0.026610231240872192,0.116529219
/opt/hostedtoolcache/Python/3.11.16/x64/lib/python3.11/site-packages/httpx/_models.py,346,__contains__,9010,9010,0.052902612,0.02660890739991937,0.09339562800000001
/home/runner/work/_temp/scanner-verification-il7_c53e/final/vendor/tiktok_sign.py,646,<genexpr>,30316,30316,0.052827082000000004,0.02657091738959784,0.077387222
/home/runner/work/_temp/scanner-verification-il7_c53e/final/report_generator.py,146,_build_data,1,1,0.052446579,0.026379532338659497,2.1243610850000003
/opt/hostedtoolcache/Python/3.11.16/x64/lib/python3.11/site-packages/httpx/_models.py,1270,info,6000,6000,0.051785009,0.02604677646512031,0.27362372300000004
/opt/hostedtoolcache/Python/3.11.16/x64/lib/python3.11/urllib/request.py,401,add_header,25240,25240,0.051732651000000004,0.026020441486166057,0.077512282
/opt/hostedtoolcache/Python/3.11.16/x64/lib/python3.11/site-packages/httpx/_models.py,441,_prepare,3000,3000,0.05162988,0.02596874982257869,0.524951382
/home/runner/work/_temp/scanner-verification-il7_c53e/final/tiktok_worker_scanner.py,986,check_worker_error,9000,9000,0.051417170000000005,0.025861761141319686,0.083044514
/opt/hostedtoolcache/Python/3.11.16/x64/lib/python3.11/site-packages/httpx/_client.py,1594,send,6000,6000,0.051313082,0.02580940705427682,7.4625786960000005
/home/runner/work/_temp/scanner-verification-il7_c53e/final/report_generator.py,217,make_row,1000,1000,0.051199171,0.02575211220367791,0.19109441200000002
~,0,<built-in method _contextvars.copy_context>,43213,43213,0.051007906000000006,0.025655909908905667,0.051007906000000006
/opt/hostedtoolcache/Python/3.11.16/x64/lib/python3.11/threading.py,90,RLock,29387,29387,0.049771532,0.025034039645152564,0.049771532
~,0,<method 'acquire' of '_thread.lock' objects>,33453,33453,0.049661404000000006,0.024978647564433784,0.049661404000000006
/opt/hostedtoolcache/Python/3.11.16/x64/lib/python3.11/asyncio/events.py,107,__init__,12661,12661,0.048391622,0.024339973775395082,0.14192669000000002
/opt/hostedtoolcache/Python/3.11.16/x64/lib/python3.11/selectors.py,275,_key_from_fd,26786,26786,0.047305265000000006,0.023793558925098955,0.047305265000000006
/home/runner/work/_temp/scanner-verification-il7_c53e/final/tiktok_worker_scanner.py,3636,claim,2000,2000,0.047173820000000005,0.023727444839216343,0.44357352800000005
/opt/hostedtoolcache/Python/3.11.16/x64/lib/python3.11/site-packages/httpx/_urlparse.py,348,encode_host,6002,6002,0.046541059,0.023409179290148928,0.225739815
/home/runner/work/_temp/scanner-verification-il7_c53e/final/direct_protocol.py,59,signed_url,1166,1166,0.046482955000000006,0.02337995419336987,6.829070687000001
~,0,<method 'search' of 're.Pattern' objects>,6564,6564,0.045749163,0.02301087216432371,0.045749163
/opt/hostedtoolcache/Python/3.11.16/x64/lib/python3.11/site-packages/httpx/_client.py,1679,_send_handling_redirects,6000,6000,0.045406019000000006,0.022838277909037454,7.1843884970000005
/opt/hostedtoolcache/Python/3.11.16/x64/lib/python3.11/asyncio/unix_events.py,81,_process_self_data,26848,26848,0.045380383,0.022825383537203706,0.045380383
/opt/hostedtoolcache/Python/3.11.16/x64/lib/python3.11/site-packages/httpx/_models.py,67,_normalize_header_key,25258,25258,0.045347242,0.02280871430733391,0.065428001
/opt/hostedtoolcache/Python/3.11.16/x64/lib/python3.11/threading.py,1453,current_thread,16207,16207,0.044903329000000006,0.022585435352589285,0.062025180000000006
/opt/hostedtoolcache/Python/3.11.16/x64/lib/python3.11/site-packages/httpx/_models.py,74,_normalize_header_value,25258,25258,0.043661876,0.021961010458061352,0.06332271
/opt/hostedtoolcache/Python/3.11.16/x64/lib/python3.11/pathlib.py,583,__hash__,18040,18040,0.043291834,0.021774887071335552,0.10323383600000001
/opt/hostedtoolcache/Python/3.11.16/x64/lib/python3.11/asyncio/queues.py,110,put,11218,11218,0.042635892,0.021444961964089092,0.405565659
/opt/hostedtoolcache/Python/3.11.16/x64/lib/python3.11/pathlib.py,402,_select_from,9022,9022,0.042569074000000005,0.021411353907559712,0.472616988
/opt/hostedtoolcache/Python/3.11.16/x64/lib/python3.11/pathlib.py,569,_cparts,9022,9022,0.042415409,0.02133406362639914,0.050958512000000004
/home/runner/work/_temp/scanner-verification-il7_c53e/final/tiktok_worker_scanner.py,3008,dispatch_profiles,1394,1394,0.041254541000000006,0.020750171301469524,14.739991302000002
~,0,<method 'rstrip' of 'bytes' objects>,41676,41676,0.041235268000000005,0.020740477385556285,0.041235268000000005
/home/runner/work/_temp/scanner-verification-il7_c53e/final/vendor/tiktok_sign.py,410,seal,2332,2332,0.041100865,0.020672875487539013,3.2305757230000003
/opt/hostedtoolcache/Python/3.11.16/x64/lib/python3.11/asyncio/queues.py,58,_wakeup_next,22436,22436,0.041004738000000006,0.020624525616995154,0.135651136
/opt/hostedtoolcache/Python/3.11.16/x64/lib/python3.11/concurrent/futures/thread.py,47,__init__,29383,29383,0.040920728,0.020582270344029287,0.040920728
~,0,<built-in method time.process_time>,17003,17003,0.040879432,0.020561499319717912,0.040879432
~,0,<method 'load_verify_locations' of '_ssl._SSLContext' objects>,2,2,0.040794791000000004,0.020518926666949152,0.040794791000000004
/opt/hostedtoolcache/Python/3.11.16/x64/lib/python3.11/pathlib.py,1261,is_file,9025,9025,0.040680393,0.020461386865535645,0.20435329500000002
/home/runner/work/_temp/scanner-verification-il7_c53e/final/vendor/tiktok_sign.py,538,gnarly_fields,1166,1166,0.040274188,0.020257074246143914,0.207753791
/home/runner/work/_temp/scanner-verification-il7_c53e/final/scan_runtime.py,87,<lambda>,33001,33001,0.039446715,0.019840872633396824,0.039446715
/opt/hostedtoolcache/Python/3.11.16/x64/lib/python3.11/asyncio/events.py,68,cancel,13662,13662,0.039325528000000005,0.019779918106972424,0.052130448
~,0,<method 'get' of '_contextvars.ContextVar' objects>,31219,31219,0.038888125,0.01955991354607386,0.038888125
/opt/hostedtoolcache/Python/3.11.16/x64/lib/python3.11/site-packages/httpx/_urlparse.py,482,percent_encoded,16166,16166,0.038881900000000004,0.01955678250126714,0.08224511000000001
/opt/hostedtoolcache/Python/3.11.16/x64/lib/python3.11/json/encoder.py,260,_make_iterencode,6083,6083,0.038821116,0.01952620942053917,0.044389727999999996
~,0,<built-in method builtins.anext>,22002,22002,0.038597089,0.0194135285249705,0.111932818
/home/runner/work/_temp/scanner-verification-il7_c53e/final/tiktok_worker_scanner.py,346,fsync_directory,4087,4087,0.038280853000000004,0.019254468430914638,0.280716157
~,0,<built-in method math.ceil>,25514,25514,0.037780344,0.01900272287185176,0.037780344
/opt/hostedtoolcache/Python/3.11.16/x64/lib/python3.11/json/encoder.py,278,_iterencode_list,17029,17029,0.037668451000000006,0.01894644303304722,0.054165213999999996
/opt/hostedtoolcache/Python/3.11.16/x64/lib/python3.11/urllib/parse.py,643,unquote_to_bytes,3446,3446,0.037534702,0.01887917008335181,0.062851192
/opt/hostedtoolcache/Python/3.11.16/x64/lib/python3.11/urllib/parse.py,374,urlparse,3000,3000,0.037384422,0.018803582386395373,0.27614335300000004
/home/runner/work/_temp/scanner-verification-il7_c53e/final/direct_protocol.py,114,normalize_profile,1000,1000,0.037160250000000006,0.018690828558859323,0.07695186100000001
/home/runner/work/_temp/scanner-verification-il7_c53e/final/tiktok_worker_scanner.py,3295,consume,1,1,0.037096131000000004,0.01865857804288148,0.9870158080000001
/opt/hostedtoolcache/Python/3.11.16/x64/lib/python3.11/asyncio/base_events.py,531,_asyncgen_firstiter_hook,14001,14001,0.036923651,0.018571824210228793,0.09572293200000001
/opt/hostedtoolcache/Python/3.11.16/x64/lib/python3.11/site-packages/httpx/_models.py,516,__init__,3000,3000,0.03662244,0.018420321376931316,1.040106293
/home/runner/work/_temp/scanner-verification-il7_c53e/final/tests/benchmark_hybrid.py,64,__exit__,12637,12637,0.036549897000000005,0.01838383376513793,0.050738149
/opt/hostedtoolcache/Python/3.11.16/x64/lib/python3.11/random.py,480,choices,2851,2851,0.035802235,0.018007775416177037,0.064931184
/home/runner/work/_temp/scanner-verification-il7_c53e/final/vendor/tiktok_sign.py,380,<listcomp>,9328,9328,0.035511344,0.017861463327041062,0.035511344
/home/runner/work/_temp/scanner-verification-il7_c53e/final/tiktok_worker_scanner.py,1564,borrow_client,3112,3112,0.035317296000000005,0.017763861241474107,0.12773973700000002
/opt/hostedtoolcache/Python/3.11.16/x64/lib/python3.11/concurrent/futures/_base.py,398,__get_result,29383,29383,0.035256754,0.0177334098816848,0.035256754
/home/runner/work/_temp/scanner-verification-il7_c53e/final/vendor/tiktok_sign.py,313,_be,17490,17490,0.034816668,0.017512055827900067,0.05121277800000001
/home/runner/work/_temp/scanner-verification-il7_c53e/final/vendor/tiktok_sign.py,649,sign,1166,1166,0.034765265000000004,0.017486201193972387,6.083774955
~,0,<method 'finditer' of 're.Pattern' objects>,21004,21004,0.034567423,0.017386690805755358,0.034567423
/opt/hostedtoolcache/Python/3.11.16/x64/lib/python3.11/pathlib.py,1111,mkdir,5088,5090,0.034565934,0.017385941869897174,0.440983899
/opt/hostedtoolcache/Python/3.11.16/x64/lib/python3.11/pathlib.py,765,__truediv__,15117,15117,0.034201688,0.017202733749950447,0.538613211
/home/runner/work/_temp/scanner-verification-il7_c53e/final/vendor/tiktok_sign.py,645,_random_key,2332,2332,0.033808898000000004,0.017005168594989586,0.11119612000000001
/home/runner/work/_temp/scanner-verification-il7_c53e/final/scan_statistics.py,93,snapshot,179,179,0.033684134000000004,0.01694241491237665,0.8166478610000001
/home/runner/work/_temp/scanner-verification-il7_c53e/final/tiktok_worker_scanner.py,690,found_lists_for,3000,3000,0.033637016,0.016918715543829975,0.088153886
/home/runner/work/_temp/scanner-verification-il7_c53e/final/hybrid_backend.py,371,save_raw,12084,12084,0.033550839,0.016875370315186013,1.697026386
/opt/hostedtoolcache/Python/3.11.16/x64/lib/python3.11/pathlib.py,504,_from_parts,8030,8030,0.033440963000000004,0.01682010498519676,0.5937179990000001
/opt/hostedtoolcache/Python/3.11.16/x64/lib/python3.11/asyncio/locks.py,89,locked,33001,33001,0.03340853,0.016803791864519437,0.03340853
~,0,<method 'endswith' of 'str' objects>,35941,35941,0.033329951000000003,0.01676426827096647,0.033329951000000003
~,0,<method 'lower' of 'bytes' objects>,37272,37272,0.032933910000000004,0.01656506793099892,0.032933910000000004
<frozen _collections_abc>,959,setdefault,6000,6000,0.032817408,0.01650646986158969,0.205478834
/opt/hostedtoolcache/Python/3.11.16/x64/lib/python3.11/urllib/parse.py,959,urlencode,1834,1834,0.032289831000000005,0.01624110966464276,0.18273334800000002
~,0,<built-in method _asyncio._get_running_loop>,22565,22565,0.032149656,0.016170604571344456,0.032149656
~,0,<built-in method posix.rmdir>,1003,1003,0.031990125,0.016090363814868832,0.031994043
/opt/hostedtoolcache/Python/3.11.16/x64/lib/python3.11/site-packages/httpx/_models.py,195,raw,12004,12004,0.031986549,0.016088565161659383,0.059654728000000004
/opt/hostedtoolcache/Python/3.11.16/x64/lib/python3.11/asyncio/queues.py,186,task_done,11218,11218,0.031902894,0.016046488446268842,0.042624801000000004
/opt/hostedtoolcache/Python/3.11.16/x64/lib/python3.11/http/cookiejar.py,1680,extract_cookies,3000,3000,0.031883212,0.01603658881190967,0.387986684
~,0,<built-in method posix.close>,5094,5094,0.031791826,0.01599062356520977,0.031791826
/home/runner/work/_temp/scanner-verification-il7_c53e/final/report_generator.py,34,saved_profile,2000,2000,0.031708441000000004,0.01594868265417229,0.9829407450000001
/opt/hostedtoolcache/Python/3.11.16/x64/lib/python3.11/asyncio/base_events.py,687,is_closed,29386,29386,0.031673379999999994,0.01593104770445849,0.031673379999999994
/opt/hostedtoolcache/Python/3.11.16/x64/lib/python3.11/asyncio/queues.py,95,empty,27759,27759,0.031519414,0.01585360602659321,0.031519414
/opt/hostedtoolcache/Python/3.11.16/x64/lib/python3.11/pathlib.py,622,name,11189,11189,0.031511801000000006,0.015849776846815933,0.042473114
/home/runner/work/_temp/scanner-verification-il7_c53e/final/tiktok_worker_scanner.py,2010,worker_verified,9500,9500,0.031471895,0.015829704963433288,0.048256259
/opt/hostedtoolcache/Python/3.11.16/x64/lib/python3.11/site-packages/httpx/_transports/mock.py,29,handle_async_request,6000,6000,0.031148143000000003,0.015666864478571435,5.045112329
/home/runner/work/_temp/scanner-verification-il7_c53e/final/hybrid_backend.py,526,fetch_chain_page,10637,10637,0.030931872000000003,0.01555808468878926,3.491321451
/home/runner/work/_temp/scanner-verification-il7_c53e/final/tests/benchmark_hybrid.py,168,<genexpr>,7018,7018,0.030931349,0.015557821630727582,0.61510039
/opt/hostedtoolcache/Python/3.11.16/x64/lib/python3.11/asyncio/tasks.py,399,wait,2788,2788,0.030906257000000003,0.015545200879516307,14.652860097000001
/opt/hostedtoolcache/Python/3.11.16/x64/lib/python3.11/pathlib.py,667,with_name,3084,3084,0.030798669,0.015491086365674483,0.109142838
/opt/hostedtoolcache/Python/3.11.16/x64/lib/python3.11/contextlib.py,332,helper,11001,11001,0.030332358,0.015256541685374695,0.076085515
/opt/hostedtoolcache/Python/3.11.16/x64/lib/python3.11/functools.py,35,update_wrapper,2036,2036,0.030277830000000006,0.01522911524180509,0.058588228
~,0,<built-in method posix.scandir>,5017,5017,0.029769804,0.014973588788957137,0.053583348
/opt/hostedtoolcache/Python/3.11.16/x64/lib/python3.11/site-packages/httpx/_client.py,1485,request,6000,6000,0.029724153000000003,0.014950627290728775,11.093580411000001
~,0,<method 'strip' of 'str' objects>,31068,31068,0.029630455,0.014903499156383391,0.029630455
/opt/hostedtoolcache/Python/3.11.16/x64/lib/python3.11/site-packages/httpx/_models.py,1101,extract_cookies,3000,3000,0.029308704,0.014741665132671456,1.770875613
/home/runner/work/_temp/scanner-verification-il7_c53e/final/rate_limit_control.py,72,check,24000,24000,0.029307924000000003,0.01474127280898483,0.029307924000000003
/opt/hostedtoolcache/Python/3.11.16/x64/lib/python3.11/asyncio/futures.py,311,_set_result_unless_cancelled,8090,8090,0.029282359,0.01472841414866615,0.17759684
~,0,<method 'discard' of 'set' objects>,25191,25191,0.029262418000000002,0.014718384242723852,0.029262418000000002
/opt/hostedtoolcache/Python/3.11.16/x64/lib/python3.11/_weakrefset.py,53,_commit_removals,5091,5091,0.029142454,0.014658044859720913,0.036610923000000004
/opt/hostedtoolcache/Python/3.11.16/x64/lib/python3.11/site-packages/httpx/_urlparse.py,186,copy_with,5332,5332,0.028953410000000002,0.014562959681497381,9.363378936
/home/runner/work/_temp/scanner-verification-il7_c53e/final/tiktok_worker_scanner.py,1945,lookup_profile,4559,4559,0.028906951,0.014539591776168,1.6853864090000001
/opt/hostedtoolcache/Python/3.11.16/x64/lib/python3.11/site-packages/httpx/_decoders.py,260,flush,6000,6000,0.028665416000000003,0.014418104722771857,0.045294314
/opt/hostedtoolcache/Python/3.11.16/x64/lib/python3.11/re/__init__.py,173,search,6564,6564,0.028547775,0.01435893376018434,0.14806465
/opt/hostedtoolcache/Python/3.11.16/x64/lib/python3.11/site-packages/httpx/_content.py,176,encode_json,3000,3000,0.028334017000000003,0.01425141795684382,0.178849389
/opt/hostedtoolcache/Python/3.11.16/x64/lib/python3.11/_weakrefset.py,27,__exit__,5091,5091,0.028294119000000003,0.01423135009729386,0.071077994
/home/runner/work/_temp/scanner-verification-il7_c53e/final/vendor/tiktok_sign.py,390,<genexpr>,30316,30316,0.028234429000000002,0.014201327275685332,0.028234429000000002
~,0,<method 'values' of 'dict' objects>,28114,28114,0.02801241,0.01408965636212018,0.02801241
/home/runner/work/_temp/scanner-verification-il7_c53e/final/backend_metrics.py,48,end,3000,3000,0.02796583,0.014066227596321467,0.276208498
/home/runner/work/_temp/scanner-verification-il7_c53e/final/hybrid_backend.py,513,prepare_chain,4000,4000,0.02780397,0.013984815401555906,2.2411664740000004
~,0,<method '_is_owned' of '_thread.RLock' objects>,29383,29383,0.027795602000000003,0.013980606472569138,0.027795602000000003
/opt/hostedtoolcache/Python/3.11.16/x64/lib/python3.11/site-packages/httpx/_models.py,200,<listcomp>,12004,12004,0.027668179,0.013916515368568073,0.027668179
~,0,<function Random.seed at 0x7ffa221afc40>,1168,1168,0.02717748,0.013669704034333138,0.02717748
/home/runner/work/_temp/scanner-verification-il7_c53e/final/vendor/tiktok_sign.py,412,<genexpr>,30316,30316,0.026960379,0.013560506771910067,0.026960379
/home/runner/work/_temp/scanner-verification-il7_c53e/final/backend_metrics.py,95,snapshot,179,179,0.026959456000000003,0.01356004252221423,0.40244761300000004
/opt/hostedtoolcache/Python/3.11.16/x64/lib/python3.11/asyncio/tasks.py,376,create_task,5006,5006,0.026842246,0.013501088343612525,0.19583412500000003
/home/runner/work/_temp/scanner-verification-il7_c53e/final/scan_statistics.py,53,request_finished,3000,3000,0.026775164,0.013467347500604597,0.167294
/opt/hostedtoolcache/Python/3.11.16/x64/lib/python3.11/urllib/parse.py,413,_splitnetloc,3011,3011,0.026554909,0.013356563842146122,0.046359647000000004
/opt/hostedtoolcache/Python/3.11.16/x64/lib/python3.11/email/message.py,531,get_all,6000,6000,0.02640469,0.013281006826913896,0.041782026
/opt/hostedtoolcache/Python/3.11.16/x64/lib/python3.11/asyncio/locks.py,400,release,9000,9000,0.026350994000000003,0.013253998861943356,0.036744925000000005
~,0,<built-in method builtins.compile>,41,41,0.026309362000000003,0.013233058836659286,0.026309362000000003
/opt/hostedtoolcache/Python/3.11.16/x64/lib/python3.11/dataclasses.py,1321,<genexpr>,20000,20000,0.026199579,0.013177840283724974,0.10760860300000001
/home/runner/work/_temp/scanner-verification-il7_c53e/final/direct_protocol.py,99,guard,3000,3000,0.026091425,0.013123441083720804,0.042453934000000006
/opt/hostedtoolcache/Python/3.11.16/x64/lib/python3.11/site-packages/httpx/_models.py,571,_prepare,3000,3000,0.025991195,0.01307302748998948,0.23992243500000002
/opt/hostedtoolcache/Python/3.11.16/x64/lib/python3.11/site-packages/httpx/_models.py,202,keys,6002,6002,0.025939127000000003,0.01304683837497,0.26288884900000004
~,0,<method 'capitalize' of 'str' objects>,25240,25240,0.025779631,0.012966615222762363,0.025779631
/opt/hostedtoolcache/Python/3.11.16/x64/lib/python3.11/pathlib.py,1245,is_dir,4091,4091,0.025772395,0.012962975666100288,0.133667081
/opt/hostedtoolcache/Python/3.11.16/x64/lib/python3.11/site-packages/httpx/_models.py,961,close,3000,3000,0.025680439000000003,0.0129167237213217,0.080569096
/home/runner/work/_temp/scanner-verification-il7_c53e/final/tests/benchmark_hybrid.py,73,user,8500,8500,0.025631141000000003,0.012891927858368825,0.025631141000000003
/opt/hostedtoolcache/Python/3.11.16/x64/lib/python3.11/http/cookiejar.py,1599,make_cookies,3000,3000,0.025568733000000003,0.012860537939606134,0.193779959
/opt/hostedtoolcache/Python/3.11.16/x64/lib/python3.11/asyncio/locks.py,359,locked,9000,9000,0.025501041000000002,0.0128264902793561,0.055033117000000006
/opt/hostedtoolcache/Python/3.11.16/x64/lib/python3.11/json/__init__.py,244,detect_encoding,3000,3000,0.02546145,0.012806576834385363,0.039719659000000004
~,0,<method 'result' of '_asyncio.Future' objects>,28217,28217,0.025435651,0.012793600476960694,0.025435651
/opt/hostedtoolcache/Python/3.11.16/x64/lib/python3.11/pathlib.py,877,_make_child_relpath,11024,11024,0.024980027000000002,0.012564431134146755,0.057080981
/opt/hostedtoolcache/Python/3.11.16/x64/lib/python3.11/site-packages/httpx/_models.py,242,get,6000,6000,0.024849765000000003,0.012498912072522192,0.20594061800000002
~,0,<method 'exception' of '_asyncio.Future' objects>,28217,28217,0.024756202,0.012451851840353342,0.024756202
~,0,<method 'lstrip' of 'str' objects>,23573,23573,0.024600781000000002,0.012373678327918778,0.024600781000000002
~,0,<method 'getrandbits' of '_random.Random' objects>,27984,27984,0.02456014,0.012353236754908355,0.02456014
/opt/hostedtoolcache/Python/3.11.16/x64/lib/python3.11/urllib/request.py,301,request_host,3000,3000,0.023837385000000003,0.011989706106027943,0.312208303
<frozen posixpath>,60,isabs,6031,6031,0.023796471000000003,0.0119691272197272,0.050923847
/opt/hostedtoolcache/Python/3.11.16/x64/lib/python3.11/site-packages/httpx/_urls.py,274,params,6520,6520,0.02369728,0.011919236221265622,3.1869785850000003
~,0,<method 'reverse' of 'list' objects>,26243,26243,0.023568629,0.011854527458947665,0.023568629
~,0,<method 'groupdict' of 're.Match' objects>,12004,12004,0.023256052000000003,0.011697307765365343,0.023256052000000003
/opt/hostedtoolcache/Python/3.11.16/x64/lib/python3.11/urllib/request.py,374,_parse,3000,3000,0.023210272,0.011674281382834962,0.08876162200000001
/opt/hostedtoolcache/Python/3.11.16/x64/lib/python3.11/asyncio/queues.py,53,_put,11218,11218,0.023203333000000003,0.011670791210961253,0.032940704
/opt/hostedtoolcache/Python/3.11.16/x64/lib/python3.11/site-packages/httpx/_client.py,424,_merge_headers,3000,3000,0.023140548,0.01163921166908336,0.125501171
/opt/hostedtoolcache/Python/3.11.16/x64/lib/python3.11/asyncio/locks.py,364,acquire,9000,9000,0.023021913,0.011579540745284939,0.07805503000000001
/opt/hostedtoolcache/Python/3.11.16/x64/lib/python3.11/site-packages/httpx/_models.py,699,_get_content_decoder,3000,3000,0.022903629000000002,0.0115200463671455,0.075239545
~,0,<built-in method _stat.S_ISLNK>,24111,24111,0.022680634,0.011407884545992982,0.022680634
/opt/hostedtoolcache/Python/3.11.16/x64/lib/python3.11/asyncio/queues.py,50,_get,11218,11218,0.022577228,0.011355873490686374,0.032204821
/home/runner/work/_temp/scanner-verification-il7_c53e/final/tiktok_worker_scanner.py,3468,register_profile,1000,1000,0.022485423,0.011309697495749685,0.24354293300000002
/home/runner/work/_temp/scanner-verification-il7_c53e/final/tiktok_worker_scanner.py,1992,parse_count,8000,8000,0.022236656,0.011184572897607806,0.035818725
~,0,<built-in method builtins.all>,6933,6933,0.022168044,0.01115006249659919,0.036107179
/opt/hostedtoolcache/Python/3.11.16/x64/lib/python3.11/pathlib.py,981,resolve,3015,3015,0.022162337,0.011147191994958715,1.053715913
/opt/hostedtoolcache/Python/3.11.16/x64/lib/python3.11/urllib/request.py,343,full_url,3000,3000,0.021723492,0.010926462138218985,0.13627995
/home/runner/work/_temp/scanner-verification-il7_c53e/final/hybrid_backend.py,92,pace,3000,3000,0.021592998000000002,0.010860826385446606,0.261018746
/opt/hostedtoolcache/Python/3.11.16/x64/lib/python3.11/site-packages/httpx/_exceptions.py,366,request_context,24000,24000,0.021508261,0.010818205446685642,0.021508261
/opt/hostedtoolcache/Python/3.11.16/x64/lib/python3.11/asyncio/timeouts.py,85,__aenter__,3000,3000,0.021324128,0.010725590398750592,0.144540411
/home/runner/work/_temp/scanner-verification-il7_c53e/final/scan_statistics.py,43,prune,7179,7179,0.021240724000000002,0.01068363993111049,0.027387357
/opt/hostedtoolcache/Python/3.11.16/x64/lib/python3.11/site-packages/httpx/_auth.py,87,async_auth_flow,6000,6000,0.02121233,0.010669358342959167,0.040556378000000004
~,0,<method 'is_dir' of 'posix.DirEntry' objects>,24057,24057,0.021048002,0.010586704795810796,0.021048002
/opt/hostedtoolcache/Python/3.11.16/x64/lib/python3.11/pathlib.py,1036,open,4106,4106,0.021045903,0.010585649042710504,0.560842736
/opt/hostedtoolcache/Python/3.11.16/x64/lib/python3.11/pathlib.py,868,__new__,5015,5015,0.02088429,0.010504361083779041,0.42338164200000006
~,0,<built-in method _thread.get_ident>,19529,19529,0.02082896,0.01047653125098293,0.02082896
/opt/hostedtoolcache/Python/3.11.16/x64/lib/python3.11/asyncio/timeouts.py,129,timeout,3000,3000,0.020681303,0.010402262868167544,0.042904330000000004
/opt/hostedtoolcache/Python/3.11.16/x64/lib/python3.11/urllib/parse.py,917,quote_plus,6148,6148,0.020607293000000002,0.010365037386055848,0.135096837
/opt/hostedtoolcache/Python/3.11.16/x64/lib/python3.11/asyncio/timeouts.py,97,__aexit__,3000,3000,0.020301669,0.010211314906054427,0.052437027000000004
/home/runner/work/_temp/scanner-verification-il7_c53e/final/tiktok_worker_scanner.py,2347,checkpoint,3000,3000,0.020179466,0.010149849352879237,0.20903541200000003
/home/runner/work/_temp/scanner-verification-il7_c53e/final/hybrid_backend.py,297,<genexpr>,9500,9500,0.019929371,0.010024056798511925,0.20177011900000003
/opt/hostedtoolcache/Python/3.11.16/x64/lib/python3.11/site-packages/httpx/_models.py,468,read,3000,3000,0.019915264000000002,0.010016961272553951,0.10775340200000001
/opt/hostedtoolcache/Python/3.11.16/x64/lib/python3.11/site-packages/httpx/_client.py,457,_build_request_auth,3000,3000,0.019905267,0.010011932990637037,0.071762431
/opt/hostedtoolcache/Python/3.11.16/x64/lib/python3.11/site-packages/httpx/_models.py,252,get_list,3000,3000,0.019896738,0.010007643082017518,0.044461756000000005
/opt/hostedtoolcache/Python/3.11.16/x64/lib/python3.11/site-packages/httpx/_models.py,274,update,3002,3002,0.019851423,0.009984850584761855,0.08459056100000001
/home/runner/work/_temp/scanner-verification-il7_c53e/final/tiktok_worker_scanner.py,2125,finish_list_result,2000,2000,0.019689225,0.009903268383065425,0.082353325
/opt/hostedtoolcache/Python/3.11.16/x64/lib/python3.11/site-packages/httpx/_urlparse.py,167,authority,6000,6000,0.019659389000000003,0.00988826149907293,0.026093602
/home/runner/work/_temp/scanner-verification-il7_c53e/final/hybrid_backend.py,461,lookup_profile,2000,2000,0.019635583,0.009876287578965496,0.095969498
/home/runner/work/_temp/scanner-verification-il7_c53e/final/avatar_cache.py,254,ensure,2944,2944,0.019592968000000002,0.00985485312524046,0.25877524
/home/runner/work/_temp/scanner-verification-il7_c53e/final/tiktok_worker_scanner.py,2865,open_user_store,5561,5561,0.019157634,0.009635889228069626,0.572083949
/opt/hostedtoolcache/Python/3.11.16/x64/lib/python3.11/_weakrefset.py,72,__len__,5092,5092,0.01915563,0.009634881257982451,0.028787694000000003
/opt/hostedtoolcache/Python/3.11.16/x64/lib/python3.11/pathlib.py,94,join_parsed_parts,15118,15118,0.019151225,0.00963266563511119,0.019151225
/opt/hostedtoolcache/Python/3.11.16/x64/lib/python3.11/collections/__init__.py,601,__missing__,20244,20244,0.018814674,0.009463387520935083,0.018814674
/home/runner/work/_temp/scanner-verification-il7_c53e/final/tiktok_worker_scanner.py,3509,recover,1,1,0.018634871,0.00937295037243989,0.453567561
/home/runner/work/_temp/scanner-verification-il7_c53e/final/tiktok_worker_scanner.py,3712,summary,204,204,0.018615726000000003,0.009363320837849584,0.076083195
/opt/hostedtoolcache/Python/3.11.16/x64/lib/python3.11/asyncio/timeouts.py,50,reschedule,3000,3000,0.018516884,0.009313605379088817,0.103105654
/home/runner/work/_temp/scanner-verification-il7_c53e/final/backend_metrics.py,39,begin,3000,3000,0.018514605,0.009312459089753151,0.183755268
/opt/hostedtoolcache/Python/3.11.16/x64/lib/python3.11/urllib/parse.py,119,_coerce_args,6011,6011,0.018490500000000003,0.009300334778899182,0.023534128
/opt/hostedtoolcache/Python/3.11.16/x64/lib/python3.11/site-packages/httpx/_client.py,433,_merge_queryparams,3000,3000,0.018237805000000003,0.009173234478909786,0.125207422
/home/runner/work/_temp/scanner-verification-il7_c53e/final/hybrid_backend.py,451,<listcomp>,2850,2850,0.01823009,0.009169353995265795,0.18829731300000002
/opt/hostedtoolcache/Python/3.11.16/x64/lib/python3.11/enum.py,193,__get__,5429,5429,0.018107167,0.009107526297149105,0.025106966
/home/runner/work/_temp/scanner-verification-il7_c53e/final/rate_limit_control.py,79,wait_ready,3000,3000,0.017949237,0.009028090810189232,0.042911854
/opt/hostedtoolcache/Python/3.11.16/x64/lib/python3.11/random.py,520,uniform,6000,6000,0.017926816,0.009016813516115102,0.0239918
/opt/hostedtoolcache/Python/3.11.16/x64/lib/python3.11/site-packages/httpx/_urlparse.py,200,__str__,3000,3000,0.01777513,0.008940518630564569,0.034587392
/opt/hostedtoolcache/Python/3.11.16/x64/lib/python3.11/urllib/parse.py,1080,_splittype,3000,3000,0.017417171000000002,0.008760472740127862,0.033178987
~,0,<method 'remove' of 'collections.deque' objects>,17241,17241,0.01737996,0.008741756385380417,0.01737996
/home/runner/work/_temp/scanner-verification-il7_c53e/final/tiktok_worker_scanner.py,1107,text,6398,6398,0.017291342,0.008697183384788951,0.017291342
/opt/hostedtoolcache/Python/3.11.16/x64/lib/python3.11/site-packages/httpx/_client.py,391,_merge_url,3000,3000,0.017033154000000002,0.008567320220683362,0.875439721
~,0,<method 'end' of 're.Match' objects>,19220,19220,0.016785949,0.008442981275872905,0.016785949
/home/runner/work/_temp/scanner-verification-il7_c53e/final/report_generator.py,61,profile_for_report,2000,2000,0.016625435,0.008362246090956314,1.007324304
<frozen posixpath>,409,realpath,3015,3015,0.016545983,0.008322283396661778,0.77262761
/opt/hostedtoolcache/Python/3.11.16/x64/lib/python3.11/typing.py,1602,__subclasscheck__,3000,3000,0.016493008,0.008295638079611823,0.041146358
/home/runner/work/_temp/scanner-verification-il7_c53e/final/tiktok_worker_scanner.py,2374,count,2000,2000,0.016392811,0.008245241084190317,0.09457275500000001
/opt/hostedtoolcache/Python/3.11.16/x64/lib/python3.11/site-packages/httpx/_models.py,231,multi_items,6000,6000,0.01626358,0.00818024059400282,0.120060647
/opt/hostedtoolcache/Python/3.11.16/x64/lib/python3.11/site-packages/httpx/_models.py,619,reason_phrase,3000,3000,0.016226026,0.008161351717429077,0.045659471
/opt/hostedtoolcache/Python/3.11.16/x64/lib/python3.11/asyncio/base_events.py,1854,_timer_handle_cancelled,12661,12661,0.01604239,0.00806898665009948,0.01604239
/home/runner/work/_temp/scanner-verification-il7_c53e/final/scan_statistics.py,48,request_started,3000,3000,0.015965761000000002,0.008030443865763078,0.13683256800000002
/opt/hostedtoolcache/Python/3.11.16/x64/lib/python3.11/pathlib.py,956,rglob,9022,9022,0.015932093,0.008013509565915265,0.48995066800000003
/opt/hostedtoolcache/Python/3.11.16/x64/lib/python3.11/site-packages/httpx/_models.py,831,json,3000,3000,0.015851905,0.007973176679013861,0.19269703900000001
/home/runner/work/_temp/scanner-verification-il7_c53e/final/tiktok_worker_scanner.py,1334,wake_capacity,6027,6027,0.0157921,0.00794309601481051,0.022984806
/opt/hostedtoolcache/Python/3.11.16/x64/lib/python3.11/site-packages/httpx/_client.py,413,_merge_cookies,3000,3000,0.015728181,0.007910946094649755,0.052901293
~,0,<method 'acquire' of '_thread.RLock' objects>,11665,11665,0.015677008,0.00788520714591172,0.015677008
/opt/hostedtoolcache/Python/3.11.16/x64/lib/python3.11/pathlib.py,327,_select_from,18040,18040,0.015620247,0.00785665755004438,0.015620247
/opt/hostedtoolcache/Python/3.11.16/x64/lib/python3.11/urllib/parse.py,957,<listcomp>,1166,1166,0.015554756000000003,0.00782371694676135,0.029377914
~,0,<method 'update' of 'dict' objects>,9427,9427,0.015488599000000002,0.00779044135940743,0.015488599000000002
/home/runner/work/_temp/scanner-verification-il7_c53e/final/report_generator.py,222,<dictcomp>,2000,2000,0.015398486000000001,0.007745116405083266,0.015398486000000001
/home/runner/work/_temp/scanner-verification-il7_c53e/final/tests/benchmark_hybrid.py,72,total,12000,12000,0.015305047,0.007698118542321006,0.015305047
/opt/hostedtoolcache/Python/3.11.16/x64/lib/python3.11/site-packages/httpx/_models.py,348,<listcomp>,9010,9010,0.015296129,0.007693632974837259,0.015296129
/home/runner/work/_temp/scanner-verification-il7_c53e/final/hybrid_backend.py,105,observe,3000,3000,0.015149917,0.0076200913968003,0.027535797
/opt/hostedtoolcache/Python/3.11.16/x64/lib/python3.11/pathlib.py,745,parts,3000,3000,0.015089856,0.007589881969951082,0.015089856
/home/runner/work/_temp/scanner-verification-il7_c53e/final/tiktok_worker_scanner.py,3458,_add_job,1000,1000,0.015057953,0.00757383542818903,0.266349459
/opt/hostedtoolcache/Python/3.11.16/x64/lib/python3.11/site-packages/httpx/_urls.py,168,host,6000,6000,0.015055684000000001,0.00757269416864422,0.021692361
/opt/hostedtoolcache/Python/3.11.16/x64/lib/python3.11/_weakrefset.py,21,__enter__,5091,5091,0.014864011000000002,0.007476286658405127,0.020496499
/opt/hostedtoolcache/Python/3.11.16/x64/lib/python3.11/site-packages/httpx/_urlparse.py,422,validate_path,6002,6002,0.014325466,0.00720540978684934,0.021495446
/opt/hostedtoolcache/Python/3.11.16/x64/lib/python3.11/site-packages/httpx/_models.py,1228,__bool__,3000,3000,0.014229637000000002,0.007157209804072935,0.033587944
/opt/hostedtoolcache/Python/3.11.16/x64/lib/python3.11/site-packages/httpx/_models.py,876,read,3000,3000,0.014070504000000001,0.007077169233273305,0.526234002
/home/runner/work/_temp/scanner-verification-il7_c53e/final/tiktok_worker_scanner.py,1205,available,3001,3001,0.01395732,0.00702024004846949,0.01969111
/home/runner/work/_temp/scanner-verification-il7_c53e/final/tests/benchmark_hybrid.py,100,<listcomp>,2000,2000,0.013918265,0.007000596200288538,0.034496603
/opt/hostedtoolcache/Python/3.11.16/x64/lib/python3.11/site-packages/httpx/_urls.py,498,multi_items,1834,1834,0.013880299,0.006981500096331604,0.022283570000000003
/home/runner/work/_temp/scanner-verification-il7_c53e/final/hybrid_backend.py,463,lookup,4559,4559,0.013790042,0.006936102713019141,1.8391879770000001
~,0,<method 'find' of 'str' objects>,12062,12062,0.013784499,0.006933314699948676,0.013784499
~,0,<method '__getitem__' of 'dict' objects>,15158,15158,0.013780007000000002,0.006931055317896984,0.013823158
/opt/hostedtoolcache/Python/3.11.16/x64/lib/python3.11/email/message.py,156,__init__,6000,6000,0.013731278000000001,0.006906545650043709,0.013731278000000001
~,0,<method 'release' of '_thread.RLock' objects>,11665,11665,0.013717192000000001,0.0068994606866465275,0.013717192000000001
/opt/hostedtoolcache/Python/3.11.16/x64/lib/python3.11/site-packages/httpx/_urls.py,244,path,4240,4240,0.013645015000000002,0.006863157165198401,0.030580504
~,0,<built-in method _hashlib.openssl_md5>,3499,3499,0.013606744,0.006843907652620413,0.013606744
/opt/hostedtoolcache/Python/3.11.16/x64/lib/python3.11/site-packages/httpx/_urls.py,150,username,3000,3000,0.013583660000000001,0.006832296883412653,0.028257130000000002
/opt/hostedtoolcache/Python/3.11.16/x64/lib/python3.11/http/cookiejar.py,1227,deepvalues,4167,4167,0.013556114000000001,0.006818441821525762,0.017378923
/opt/hostedtoolcache/Python/3.11.16/x64/lib/python3.11/typing.py,1327,__instancecheck__,3000,3000,0.013459054000000002,0.006769622671495208,0.054605412000000006
/opt/hostedtoolcache/Python/3.11.16/x64/lib/python3.11/re/_parser.py,516,_parse,118,301,0.013381321000000002,0.0067305245982485044,0.046205063000000005
/opt/hostedtoolcache/Python/3.11.16/x64/lib/python3.11/asyncio/locks.py,194,clear,11218,11218,0.013185924000000002,0.0066322439938953206,0.013185924000000002
/home/runner/work/_temp/scanner-verification-il7_c53e/final/scan_statistics.py,71,account_finished,1000,1000,0.012989605000000001,0.0065334996428253805,0.08246632300000001
/opt/hostedtoolcache/Python/3.11.16/x64/lib/python3.11/site-packages/httpx/_decoders.py,233,__init__,6000,6000,0.01296004,0.006518629066165033,0.01296004
<frozen posixpath>,394,abspath,3016,3016,0.012944143,0.0065106332076441615,0.06131566100000001
/opt/hostedtoolcache/Python/3.11.16/x64/lib/python3.11/site-packages/httpx/_status_codes.py,38,get_reason_phrase,3000,3000,0.012851890000000001,0.006464231878077207,0.029433445000000003
/home/runner/work/_temp/scanner-verification-il7_c53e/final/avatar_cache.py,178,key_lock,2000,2000,0.012823649000000001,0.006450027245725951,0.025817391000000002
/opt/hostedtoolcache/Python/3.11.16/x64/lib/python3.11/site-packages/httpx/_models.py,635,content,6000,6000,0.01277206,0.0064240790576883845,0.018727558000000002
/home/runner/work/_temp/scanner-verification-il7_c53e/final/tiktok_worker_scanner.py,2361,cursor_seen,2000,2000,0.012596986000000001,0.006336020497288125,0.13743344400000002
/opt/hostedtoolcache/Python/3.11.16/x64/lib/python3.11/urllib/parse.py,1101,_splithost,3000,3000,0.012512739,0.006293646018279016,0.021463992
/home/runner/work/_temp/scanner-verification-il7_c53e/final/vendor/tiktok_sign.py,293,pack_payload,2332,2332,0.012478205999999999,0.006276276641522318,0.21266963600000002
/opt/hostedtoolcache/Python/3.11.16/x64/lib/python3.11/pathlib.py,630,suffix,2014,2014,0.012391694,0.006232762914884741,0.024747566000000002
/home/runner/work/_temp/scanner-verification-il7_c53e/final/hybrid_backend.py,366,lookup_profile,4559,4559,0.012273664,0.006173396293432997,1.6976600730000002
/home/runner/work/_temp/scanner-verification-il7_c53e/final/tiktok_worker_scanner.py,2146,<lambda>,2000,2000,0.012179901,0.006126235465447062,0.15939085
/home/runner/work/_temp/scanner-verification-il7_c53e/final/tiktok_worker_scanner.py,2139,replay_committed_list,4000,4000,0.012108558,0.006090351428556172,0.201648936
~,0,<method 'extend' of 'list' objects>,13487,13487,0.012105305000000002,0.006088715237591313,0.012183084
/opt/hostedtoolcache/Python/3.11.16/x64/lib/python3.11/site-packages/httpx/_models.py,771,has_redirect_location,3000,3000,0.012070985000000001,0.006071452995379808,0.012070985000000001
/home/runner/work/_temp/scanner-verification-il7_c53e/final/tiktok_worker_scanner.py,3257,sanitize_run_name,1000,1000,0.012069504,0.0060707080833543045,0.038581796
~,0,<method 'translate' of 'str' objects>,2373,2373,0.012060307,0.006066082184705726,0.012060307
/opt/hostedtoolcache/Python/3.11.16/x64/lib/python3.11/site-packages/httpx/_content.py,35,__iter__,12000,12000,0.011913558000000001,0.005992270506899899,0.011913558000000001
/home/runner/work/_temp/scanner-verification-il7_c53e/final/avatar_cache.py,188,io,2944,2944,0.01182934,0.005949910614284268,0.152160296
/opt/hostedtoolcache/Python/3.11.16/x64/lib/python3.11/asyncio/tasks.py,65,_set_task_name,5006,5006,0.011744887,0.0059074325215835635,0.016462158
~,0,<method 'startswith' of 'bytes' objects>,9018,9018,0.011626152,0.0058477112998766,0.011626152
/home/runner/work/_temp/scanner-verification-il7_c53e/final/tiktok_worker_scanner.py,3775,<genexpr>,1005,1005,0.011605444000000001,0.005837295608975789,0.051117739
~,0,<built-in method _json.encode_basestring_ascii>,11236,11236,0.011481549,0.005774979015188075,0.011481549
/opt/hostedtoolcache/Python/3.11.16/x64/lib/python3.11/email/_policybase.py,313,header_store_parse,12000,12000,0.011414594,0.005741302050523994,0.011414594
/opt/hostedtoolcache/Python/3.11.16/x64/lib/python3.11/site-packages/httpx/_urls.py,233,netloc,3000,3000,0.011379348000000001,0.005723574049679394,0.025313835000000003
/home/runner/work/_temp/scanner-verification-il7_c53e/final/tiktok_worker_scanner.py,2045,<dictcomp>,2000,2000,0.011342077,0.005704827516186825,0.018128872
/opt/hostedtoolcache/Python/3.11.16/x64/lib/python3.11/pathlib.py,682,with_suffix,1008,1008,0.011335623999999999,0.0057015817921486295,0.030563538000000005
~,0,<method 'setdefault' of 'dict' objects>,11656,11656,0.011312633,0.005690017799995813,0.011312633
/home/runner/work/_temp/scanner-verification-il7_c53e/final/tiktok_worker_scanner.py,232,finish,2000,2000,0.011236101000000002,0.005651523804630696,0.049958654000000005
<frozen posixpath>,386,normpath,3016,3016,0.011217043000000001,0.005641938029220823,0.02049486
/opt/hostedtoolcache/Python/3.11.16/x64/lib/python3.11/urllib/parse.py,1059,unwrap,3000,3000,0.011008800000000001,0.005537196155536373,0.014101773000000001
/opt/hostedtoolcache/Python/3.11.16/x64/lib/python3.11/random.py,514,<listcomp>,2850,2850,0.011008371000000001,0.0055369803775087295,0.020019082
/opt/hostedtoolcache/Python/3.11.16/x64/lib/python3.11/functools.py,518,decorating_function,2007,2007,0.01097463,0.005520009360187681,0.068740127
/home/runner/work/_temp/scanner-verification-il7_c53e/final/tiktok_worker_scanner.py,1215,choose,3000,3000,0.010955701,0.005510488469079826,0.030649276000000003
/home/runner/work/_temp/scanner-verification-il7_c53e/final/tiktok_worker_scanner.py,538,output_file_path,2000,2000,0.010955616000000001,0.005510445715857567,0.8206340870000001
/opt/hostedtoolcache/Python/3.11.16/x64/lib/python3.11/email/_policybase.py,209,header_max_count,12000,12000,0.010853031,0.005458847606380085,0.010853031
/home/runner/work/_temp/scanner-verification-il7_c53e/final/hybrid_backend.py,439,<listcomp>,3000,3000,0.010802904,0.005433634773765397,0.010802904
/opt/hostedtoolcache/Python/3.11.16/x64/lib/python3.11/asyncio/locks.py,182,set,5360,5360,0.010778250000000001,0.005421234327393531,0.010793108000000001
/opt/hostedtoolcache/Python/3.11.16/x64/lib/python3.11/asyncio/tasks.py,35,current_task,3000,3000,0.010758768,0.005411435288851442,0.017137922
/opt/hostedtoolcache/Python/3.11.16/x64/lib/python3.11/asyncio/threads.py,12,to_thread,2332,2332,0.010745178000000001,0.005404599803080628,0.156826392
/opt/hostedtoolcache/Python/3.11.16/x64/lib/python3.11/site-packages/httpx/_models.py,260,<listcomp>,3000,3000,0.010729268,0.0053965974058316464,0.016040918
/opt/hostedtoolcache/Python/3.11.16/x64/lib/python3.11/re/__init__.py,178,sub,3001,3001,0.010729261,0.005396593884978049,0.030280297
/opt/hostedtoolcache/Python/3.11.16/x64/lib/python3.11/site-packages/httpx/_decoders.py,237,decode,9000,9000,0.010470111,0.005266246854992287,0.010470111
/opt/hostedtoolcache/Python/3.11.16/x64/lib/python3.11/enum.py,688,__call__,3242,3242,0.010400841000000001,0.005231405493745466,0.017657698000000003
/opt/hostedtoolcache/Python/3.11.16/x64/lib/python3.11/asyncio/locks.py,409,_wake_up_next,9000,9000,0.010393931,0.005227929908265236,0.010393931
/opt/hostedtoolcache/Python/3.11.16/x64/lib/python3.11/http/cookiejar.py,1753,__iter__,4167,4167,0.010293946,0.005177639544409838,0.010293946
/home/runner/work/_temp/scanner-verification-il7_c53e/final/tiktok_worker_scanner.py,3778,write_json_array,6,6,0.010174432,0.005117526501995335,1.377822646
~,0,<built-in method builtins.print>,280,280,0.010126813,0.005093575140926874,0.010126813
/opt/hostedtoolcache/Python/3.11.16/x64/lib/python3.11/site-packages/httpx/_content.py,186,encode_request,3000,3000,0.010105047,0.005082627298153691,0.027111218000000003
<frozen codecs>,186,__init__,4094,4094,0.010081246000000002,0.005070655892941687,0.010081246000000002
/opt/hostedtoolcache/Python/3.11.16/x64/lib/python3.11/site-packages/httpx/_urls.py,159,password,3000,3000,0.01005291,0.0050564034775773155,0.021159997
/opt/hostedtoolcache/Python/3.11.16/x64/lib/python3.11/random.py,128,seed,1168,1168,0.010036128000000002,0.005047962482565852,0.039744297000000005
/opt/hostedtoolcache/Python/3.11.16/x64/lib/python3.11/site-packages/httpx/_urls.py,623,__str__,1834,1834,0.009968311,0.005013851949930141,0.214985229
/opt/hostedtoolcache/Python/3.11.16/x64/lib/python3.11/site-packages/httpx/_content.py,32,__init__,6000,6000,0.009930777,0.0049949731329381065,0.009930777
/home/runner/work/_temp/scanner-verification-il7_c53e/final/tiktok_worker_scanner.py,533,output_file_name,2000,2000,0.009879795,0.004969330253205388,0.033185216000000003
~,0,<method 'hexdigest' of '_hashlib.HASH' objects>,4499,4499,0.009789547000000001,0.004923937396704694,0.009789547000000001
/opt/hostedtoolcache/Python/3.11.16/x64/lib/python3.11/logging/__init__.py,1479,info,3000,3000,0.009661311,0.004859437370707186,0.013963982000000002
/opt/hostedtoolcache/Python/3.11.16/x64/lib/python3.11/_weakrefset.py,17,__init__,5091,5091,0.009647013000000001,0.004852245775743897,0.009647013000000001
~,0,<built-in method marshal.loads>,83,83,0.009631997000000002,0.004844693041797279,0.009631997000000002
~,0,<method 'random' of '_random.Random' objects>,8858,8858,0.009568098,0.00481255318121823,0.009568098
/home/runner/work/_temp/scanner-verification-il7_c53e/final/tiktok_worker_scanner.py,619,reconcile_complete_lists,1000,1000,0.009437641,0.004746936038672012,0.027864479
/opt/hostedtoolcache/Python/3.11.16/x64/lib/python3.11/asyncio/timeouts.py,33,__init__,3000,3000,0.009420918,0.004738524719426587,0.009420918
~,0,<built-in method builtins.hash>,9141,9324,0.009405981,0.004731011720827717,0.009821444
/home/runner/work/_temp/scanner-verification-il7_c53e/final/tiktok_worker_scanner.py,2652,size_skip_result,1000,1000,0.009374909,0.004715383154685646,0.013313785000000002
/opt/hostedtoolcache/Python/3.11.16/x64/lib/python3.11/site-packages/httpx/_urls.py,374,__str__,3000,3000,0.00937287,0.004714357580330481,0.043960262
/opt/hostedtoolcache/Python/3.11.16/x64/lib/python3.11/site-packages/httpx/_client.py,318,cookies,7166,7166,0.009081406,0.004567757284178562,0.009081406
/opt/hostedtoolcache/Python/3.11.16/x64/lib/python3.11/site-packages/httpx/_urls.py,319,is_relative_url,3000,3000,0.008993088,0.004523335177312722,0.015138127000000001
<string>,2,__init__,3000,3000,0.008979307,0.004516403622536593,0.008979307
/opt/hostedtoolcache/Python/3.11.16/x64/lib/python3.11/site-packages/httpx/_models.py,313,<listcomp>,6000,6000,0.008942726,0.00449800414461296,0.008942726
/home/runner/work/_temp/scanner-verification-il7_c53e/final/direct_protocol.py,95,verified,8500,8500,0.008839186,0.0044459256901089065,0.008839186
/opt/hostedtoolcache/Python/3.11.16/x64/lib/python3.11/functools.py,479,lru_cache,2007,2007,0.008755168,0.004403666393310359,0.011014878
/opt/hostedtoolcache/Python/3.11.16/x64/lib/python3.11/site-packages/httpx/_content.py,221,encode_response,3000,3000,0.008730563,0.004391290592913678,0.18757995200000002
/opt/hostedtoolcache/Python/3.11.16/x64/lib/python3.11/asyncio/locks.py,362,<genexpr>,9000,9000,0.00870227,0.004377059805649981,0.00870227
/home/runner/work/_temp/scanner-verification-il7_c53e/final/tiktok_worker_scanner.py,2449,iter_members,2000,2000,0.008657084,0.004354332192696338,0.147210949
/opt/hostedtoolcache/Python/3.11.16/x64/lib/python3.11/site-packages/httpx/_client.py,1474,_transport_for_url,3000,3000,0.008569055,0.004310055446786184,0.011275854
/opt/hostedtoolcache/Python/3.11.16/x64/lib/python3.11/pathlib.py,257,casefold_parts,9028,9028,0.008548612,0.004299773045343008,0.008548612
/home/runner/work/_temp/scanner-verification-il7_c53e/final/report_generator.py,26,open_database,2012,2012,0.008534914000000001,0.004292883237830969,0.5189980300000001
/opt/hostedtoolcache/Python/3.11.16/x64/lib/python3.11/site-packages/httpx/_content.py,107,encode_content,1240,1240,0.008526192,0.004288496254247963,0.014104688
/home/runner/work/_temp/scanner-verification-il7_c53e/final/tiktok_worker_scanner.py,1634,before_send,3000,3000,0.008423168,0.004236677336951983,0.041957361000000006
/home/runner/work/_temp/scanner-verification-il7_c53e/final/tiktok_worker_scanner.py,2057,parse_has_more,4000,4000,0.00837452,0.004212208410404627,0.01156767
<string>,1,<lambda>,3011,3011,0.008167821,0.0041082431364280626,0.01253358
/opt/hostedtoolcache/Python/3.11.16/x64/lib/python3.11/site-packages/httpx/_urlparse.py,177,netloc,3000,3000,0.008131878,0.004090164559160926,0.011201565
/opt/hostedtoolcache/Python/3.11.16/x64/lib/python3.11/site-packages/httpx/_urls.py,459,<listcomp>,3074,3074,0.008053993,0.00405099003309324,0.012539731
/opt/hostedtoolcache/Python/3.11.16/x64/lib/python3.11/urllib/parse.py,1211,_splittag,3000,3000,0.008038527,0.0040432109585581836,0.011693063
/opt/hostedtoolcache/Python/3.11.16/x64/lib/python3.11/site-packages/httpx/_urls.py,458,<dictcomp>,1834,1834,0.007964191,0.0040058215052646414,0.020503922
/opt/hostedtoolcache/Python/3.11.16/x64/lib/python3.11/site-packages/httpx/_urls.py,600,__getitem__,5760,5760,0.007941647000000001,0.003994482344763005,0.007941647000000001
/opt/hostedtoolcache/Python/3.11.16/x64/lib/python3.11/site-packages/httpx/_urls.py,450,<dictcomp>,1834,1834,0.007905552,0.003976327314674886,0.010813492000000001
~,0,<built-in method builtins.issubclass>,3149,3149,0.007872695,0.003959800930865347,0.01925491
/home/runner/work/_temp/scanner-verification-il7_c53e/final/scan_statistics.py,232,report_loop,557,557,0.007848365000000001,0.003947563449717156,0.888774088
/opt/hostedtoolcache/Python/3.11.16/x64/lib/python3.11/site-packages/httpx/_models.py,610,http_version,3000,3000,0.007841147,0.003943932946678617,0.007841147
/opt/hostedtoolcache/Python/3.11.16/x64/lib/python3.11/pathlib.py,934,_scandir,4012,4012,0.007822139,0.003934372320223015,0.057706869
/home/runner/work/_temp/scanner-verification-il7_c53e/final/report_generator.py,44,count_value,2000,2000,0.0076988000000000004,0.0038723353828067934,0.012929117
/opt/hostedtoolcache/Python/3.11.16/x64/lib/python3.11/site-packages/httpx/_models.py,1065,aclose,3000,3000,0.007672097,0.0038589043322889084,0.01082519
~,0,<method 'split' of 're.Pattern' objects>,3446,3446,0.007631983,0.0038387278292564995,0.007631983
~,0,<method 'fileno' of '_io.TextIOWrapper' objects>,4103,4103,0.0076207490000000004,0.0038330773622109273,0.0076207490000000004
/opt/hostedtoolcache/Python/3.11.16/x64/lib/python3.11/re/_compiler.py,37,_compile,76,463,0.007591706000000001,0.003818469340633168,0.021944893000000004
~,0,<method 'pop' of 'list' objects>,5150,5150,0.007528242,0.0037865482759562763,0.007528242
/home/runner/work/_temp/scanner-verification-il7_c53e/final/tiktok_worker_scanner.py,3440,current_phase,3246,3246,0.007482334000000001,0.003763457512102963,0.007482334000000001
/opt/hostedtoolcache/Python/3.11.16/x64/lib/python3.11/site-packages/httpx/_models.py,974,aread,3000,3000,0.0074181030000000005,0.0037311506624675564,0.01048669
/home/runner/work/_temp/scanner-verification-il7_c53e/final/avatar_cache.py,143,reference,2000,2000,0.007414033,0.0037291035375899098,0.009490113000000001
~,0,<built-in method time.time>,6795,6795,0.007297860000000001,0.003670670948299785,0.007297860000000001
/opt/hostedtoolcache/Python/3.11.16/x64/lib/python3.11/base64.py,51,b64encode,2332,2332,0.007201056000000001,0.0036219805609150986,0.013364641
/opt/hostedtoolcache/Python/3.11.16/x64/lib/python3.11/enum.py,1095,__new__,3242,3242,0.007129889,0.0035861850483432413,0.007256857000000001
~,0,<method 'send' of 'generator' objects>,3000,3000,0.007124423,0.0035834357646623532,0.010256671
/opt/hostedtoolcache/Python/3.11.16/x64/lib/python3.11/site-packages/httpx/_urlparse.py,447,normalize_path,6000,6000,0.007072727,0.0035574337578626464,0.007072727
~,0,<built-in method _stat.S_ISDIR>,5092,5092,0.007044207,0.0035430887943465597,0.007044207
~,0,<method 'groups' of 're.Match' objects>,6001,6001,0.007031082,0.003536487193850464,0.007031082
/opt/hostedtoolcache/Python/3.11.16/x64/lib/python3.11/enum.py,1257,value,5428,5428,0.006999799,0.003520752499121371,0.006999799
/opt/hostedtoolcache/Python/3.11.16/x64/lib/python3.11/site-packages/httpx/_urlparse.py,395,normalize_port,6002,6002,0.006906842000000001,0.0034739970722782823,0.006906842000000001
/home/runner/work/_temp/scanner-verification-il7_c53e/final/direct_protocol.py,89,<genexpr>,6996,6996,0.006816692000000001,0.003428653507727959,0.006816692000000001
~,0,<built-in method _stat.S_ISREG>,8021,8021,0.006746645000000001,0.003393421331731769,0.006746645000000001
/opt/hostedtoolcache/Python/3.11.16/x64/lib/python3.11/site-packages/httpx/_models.py,482,aread,3000,3000,0.0067382480000000005,0.0033891978163515233,0.009422172000000001
/home/runner/work/_temp/scanner-verification-il7_c53e/final/avatar_cache.py,36,account_key,1000,1000,0.006679306,0.003359551223098887,0.023533569
/home/runner/work/_temp/scanner-verification-il7_c53e/final/vendor/tiktok_sign.py,633,_clock_nonce,2332,2332,0.006634708,0.0033371193618474686,0.008766632000000002
/opt/hostedtoolcache/Python/3.11.16/x64/lib/python3.11/site-packages/httpx/_config.py,132,as_dict,3000,3000,0.006554821000000001,0.003296937871650778,0.006554821000000001
/opt/hostedtoolcache/Python/3.11.16/x64/lib/python3.11/urllib/parse.py,421,_checknetloc,3011,3011,0.006551945000000001,0.0032954913038011195,0.009103856000000002
/home/runner/work/_temp/scanner-verification-il7_c53e/final/tiktok_worker_scanner.py,2365,close,1000,1000,0.006550636,0.0032948329041783088,0.48733090200000007
/home/runner/work/_temp/scanner-verification-il7_c53e/final/tiktok_worker_scanner.py,2870,acquire,1000,1000,0.0065121020000000005,0.003275451108100858,1.5804909770000002
/opt/hostedtoolcache/Python/3.11.16/x64/lib/python3.11/statistics.py,154,_sum,1,1,0.006486114,0.0032623796876290463,0.017233285
~,0,<method 'pop' of 'dict' objects>,5982,5982,0.006404372,0.003221265171228907,0.006404372
<frozen abc>,121,__subclasscheck__,3022,3071,0.006370791000000001,0.0032043746305615256,0.011971091000000001
/home/runner/work/_temp/scanner-verification-il7_c53e/final/tiktok_worker_scanner.py,1591,release_client,3000,3000,0.0063040990000000005,0.003170829949396909,0.0063040990000000005
/home/runner/work/_temp/scanner-verification-il7_c53e/final/tiktok_worker_scanner.py,2915,<lambda>,2000,2000,0.0062761200000000005,0.003156757097566033,0.0062761200000000005
/home/runner/work/_temp/scanner-verification-il7_c53e/final/vendor/tiktok_sign.py,605,gnarly_payload,1166,1166,0.0062736050000000015,0.00315549210516621,0.301353851
/opt/hostedtoolcache/Python/3.11.16/x64/lib/python3.11/site-packages/httpx/_urls.py,582,merge,1834,1834,0.006250367000000001,0.0031438038771792946,0.075940123
/opt/hostedtoolcache/Python/3.11.16/x64/lib/python3.11/re/_parser.py,261,get,3120,3120,0.006185105,0.0031109784561068232,0.009799456000000002
~,0,<method 'remove' of 'set' objects>,5091,5091,0.006172952000000001,0.003104865751281753,0.006172952000000001
~,0,<built-in method binascii.b2a_base64>,2332,2332,0.006163585,0.003100154346188654,0.006163585
/opt/hostedtoolcache/Python/3.11.16/x64/lib/python3.11/asyncio/tasks.py,519,_on_completion,1001,1001,0.006161228,0.003098968824484327,0.033660478
/home/runner/work/_temp/scanner-verification-il7_c53e/final/tiktok_worker_scanner.py,2827,<dictcomp>,1000,1000,0.006145763,0.0030911902529283564,1.4114475000000002
/opt/hostedtoolcache/Python/3.11.16/x64/lib/python3.11/site-packages/httpx/_urls.py,307,is_absolute_url,3000,3000,0.006145039000000001,0.0030908260960705145,0.006145039000000001
~,0,<method 'upper' of 'str' objects>,5354,5354,0.006123511000000001,0.0030799979623196616,0.006123511000000001
/opt/hostedtoolcache/Python/3.11.16/x64/lib/python3.11/re/_parser.py,168,__getitem__,3046,3046,0.006029878000000001,0.0030329025216148313,0.008867714
/home/runner/work/_temp/scanner-verification-il7_c53e/final/report_generator.py,52,certainty,1000,1000,0.006018292000000001,0.0030270750059311923,0.015986734000000002
~,0,<method 'keys' of 'dict' objects>,6032,6032,0.005995459,0.00301559048447387,0.005995459
~,0,<method 'getvalue' of '_io.BytesIO' objects>,6000,6000,0.0059852,0.00301043042203658,0.0059852
/home/runner/work/_temp/scanner-verification-il7_c53e/final/connection_metrics.py,4,__init__,3000,3000,0.0059166950000000005,0.0029759738397901027,0.0059166950000000005
/opt/hostedtoolcache/Python/3.11.16/x64/lib/python3.11/site-packages/httpx/_auth.py,38,auth_flow,6000,6000,0.005877643,0.002956331500546406,0.005877643
~,0,<method 'move_to_end' of 'collections.OrderedDict' objects>,4070,4070,0.005862206,0.0029485670124048268,0.005862206
/home/runner/work/_temp/scanner-verification-il7_c53e/final/scan_statistics.py,194,display,177,177,0.005820251,0.002927464524876166,0.014876566
~,0,<built-in method posix.getpid>,3082,3082,0.005713753000000001,0.0028738982582374485,0.005713753000000001
/home/runner/work/_temp/scanner-verification-il7_c53e/final/avatar_cache.py,32,digest,1000,1000,0.005710507,0.002872265588126185,0.014637922000000001
/opt/hostedtoolcache/Python/3.11.16/x64/lib/python3.11/urllib/parse.py,108,_noop,6011,6011,0.005621541000000001,0.0028275175508129954,0.005621541000000001
~,0,<method 'set' of '_contextvars.ContextVar' objects>,3002,3002,0.005568592000000001,0.0028008853112192617,0.005568592000000001
~,0,<built-in method _bisect.bisect_right>,2850,2850,0.00551471,0.002773783792138834,0.00551471
~,0,<method 'seek' of '_io.BytesIO' objects>,6000,6000,0.005509058000000001,0.0027709409543480584,0.005509058000000001
~,0,<built-in method _abc._abc_subclasscheck>,3022,3071,0.0054980440000000005,0.0027654011427012777,0.005692095
~,0,<method 'stat' of 'posix.DirEntry' objects>,1002,1002,0.005433714,0.0027330444981364154,0.005433714
/home/runner/work/_temp/scanner-verification-il7_c53e/final/report_generator.py,53,<listcomp>,1000,1000,0.005427906000000001,0.0027301231956083144,0.008799449
/opt/hostedtoolcache/Python/3.11.16/x64/lib/python3.11/site-packages/httpx/_client.py,168,__init__,3000,3000,0.005404625000000001,0.0027184133395207265,0.005404625000000001
/home/runner/work/_temp/scanner-verification-il7_c53e/final/scan_statistics.py,107,<dictcomp>,358,358,0.005394163,0.002713151172329096,0.008509822
/opt/hostedtoolcache/Python/3.11.16/x64/lib/python3.11/site-packages/httpx/_urls.py,435,<dictcomp>,3668,3668,0.005309191,0.00267041203348306,0.005309191
/opt/hostedtoolcache/Python/3.11.16/x64/lib/python3.11/site-packages/httpx/_urls.py,327,copy_with,1166,1166,0.00530629,0.002668952891156266,8.231807483
/home/runner/work/_temp/scanner-verification-il7_c53e/final/tiktok_worker_scanner.py,2500,<dictcomp>,1000,1000,0.0053056940000000006,0.0026686531156213575,1.386248717
~,0,<built-in method builtins.setattr>,4642,4642,0.005255419000000001,0.0026433658421020287,0.0059952
/opt/hostedtoolcache/Python/3.11.16/x64/lib/python3.11/asyncio/tasks.py,436,wait_for,533,533,0.00520801,0.002619520106641503,0.03165171
/home/runner/work/_temp/scanner-verification-il7_c53e/final/tiktok_worker_scanner.py,565,explicit_restriction,2000,2000,0.005168965,0.0025998812882514046,0.0069134140000000005
~,0,<method 'truncate' of '_io.BytesIO' objects>,6000,6000,0.00513464,0.0025826165311444737,0.00513464
~,0,<method '__exit__' of 'posix.ScandirIterator' objects>,5015,5015,0.005066837,0.002548513040215959,0.005066837
/home/runner/work/_temp/scanner-verification-il7_c53e/final/report_generator.py,239,<dictcomp>,1000,1000,0.005056642,0.0025433851684401347,0.008322310000000001
/home/runner/work/_temp/scanner-verification-il7_c53e/final/tiktok_worker_scanner.py,2049,<dictcomp>,2000,2000,0.005046641,0.0025383548746068818,0.005046641
/home/runner/work/_temp/scanner-verification-il7_c53e/final/scan_statistics.py,102,metrics,358,358,0.005021299,0.002525608378624249,0.02244422
/opt/hostedtoolcache/Python/3.11.16/x64/lib/python3.11/statistics.py,287,_exact_ratio,3000,3000,0.004999642,0.0025147153605713777,0.007698682
<frozen importlib._bootstrap_external>,1607,find_spec,244,244,0.004922857,0.002476094111497649,0.021902933
/opt/hostedtoolcache/Python/3.11.16/x64/lib/python3.11/random.py,119,__init__,1169,1169,0.004867332,0.002448166197779882,0.044612802
/home/runner/work/_temp/scanner-verification-il7_c53e/final/report_generator.py,234,<genexpr>,3000,3000,0.004838625,0.0024337271771748222,0.006511926
~,0,<built-in method _hashlib.openssl_sha256>,1002,1002,0.004828322,0.0024285449836577732,0.004828322
/home/runner/work/_temp/scanner-verification-il7_c53e/final/report_generator.py,269,encode,1001,1001,0.004823937,0.0024263394203682203,0.03017455
/home/runner/work/_temp/scanner-verification-il7_c53e/final/hybrid_backend.py,160,get_client,3000,3000,0.004785579,0.0024070461486098028,0.006496490000000001
/home/runner/work/_temp/scanner-verification-il7_c53e/final/avatar_cache.py,82,embedded_avatar,1000,1000,0.004743731,0.002385997479843281,0.009286085000000001
/home/runner/work/_temp/scanner-verification-il7_c53e/final/tiktok_worker_scanner.py,2001,approximate_count,2000,2000,0.004720096,0.0023741095691594554,0.006894491000000001
~,0,<method 'set_name' of '_asyncio.Task' objects>,5004,5004,0.004717271,0.0023726886532431527,0.004717271
/home/runner/work/_temp/scanner-verification-il7_c53e/final/vendor/tiktok_sign.py,317,mix_state,2332,2332,0.004575050000000001,0.0023011544647360913,0.004575050000000001
/home/runner/work/_temp/scanner-verification-il7_c53e/final/tiktok_worker_scanner.py,2482,<genexpr>,3000,3000,0.004553606,0.0022903685812284136,0.004553606
~,0,<method 'rpartition' of 'str' objects>,3921,3921,0.004543055000000001,0.0022850616488981814,0.004543055000000001
/opt/hostedtoolcache/Python/3.11.16/x64/lib/python3.11/site-packages/httpx/_urls.py,612,__bool__,3000,3000,0.0045304510000000004,0.0022787221005055877,0.0045304510000000004
/home/runner/work/_temp/scanner-verification-il7_c53e/final/rate_limit_control.py,178,succeeded,3000,3000,0.004512367000000001,0.002269626226724911,0.004512367000000001
/opt/hostedtoolcache/Python/3.11.16/x64/lib/python3.11/site-packages/httpx/_utils.py,15,primitive_value_to_str,3074,3074,0.004485738,0.002256232396659347,0.004485738
/home/runner/work/_temp/scanner-verification-il7_c53e/final/hybrid_backend.py,186,response_headers,3000,3000,0.004479887,0.0022532894660305734,0.004479887
/opt/hostedtoolcache/Python/3.11.16/x64/lib/python3.11/re/_parser.py,240,__next,3775,3775,0.004447908,0.0022372046978580296,0.004447908
~,0,<built-in method io.text_encoding>,4116,4116,0.0043836050000000005,0.002204861633728474,0.0043836050000000005
/opt/hostedtoolcache/Python/3.11.16/x64/lib/python3.11/site-packages/httpx/_client.py,584,_set_timeout,3000,3000,0.004383439,0.0022047781392002946,0.004383439
~,0,<built-in method posix._path_normpath>,3016,3016,0.004350634,0.0021882779103031967,0.004350634
~,0,<built-in method builtins.__build_class__>,316,321,0.004335981,0.0021809077577645843,0.021817678
/opt/hostedtoolcache/Python/3.11.16/x64/lib/python3.11/logging/__init__.py,1734,isEnabledFor,3001,3001,0.004315163,0.0021704367391643777,0.004327316
/home/runner/work/_temp/scanner-verification-il7_c53e/final/tiktok_worker_scanner.py,2859,<dictcomp>,1000,1000,0.004291073,0.0021583199729966872,0.004291073
~,0,<built-in method builtins.exec>,4,122,0.004267609,0.002146518071736468,146.752091899
~,0,<built-in method builtins.round>,2630,2630,0.004249897,0.0021376093061755653,0.004249897
/opt/hostedtoolcache/Python/3.11.16/x64/lib/python3.11/urllib/request.py,360,data,3000,3000,0.0042230290000000005,0.0021240952641085873,0.0042230290000000005
/home/runner/work/_temp/scanner-verification-il7_c53e/final/tiktok_worker_scanner.py,694,<listcomp>,3000,3000,0.004210332000000001,0.00211770893866105,0.004210332000000001
<frozen os>,806,fsencode,1025,1025,0.004132712,0.0020786677020509987,0.011530812000000001
~,0,<method 'split' of 'bytes' objects>,3446,3446,0.004082159,0.0020532406003459236,0.004082159
/opt/hostedtoolcache/Python/3.11.16/x64/lib/python3.11/pathlib.py,266,make_uri,1006,1006,0.0040376330000000005,0.002030844953588656,0.030048987000000003
/home/runner/work/_temp/scanner-verification-il7_c53e/final/tiktok_worker_scanner.py,2833,<genexpr>,3000,3000,0.004034928,0.002029484395162603,0.004034928
/home/runner/work/_temp/scanner-verification-il7_c53e/final/vendor/tiktok_sign.py,212,encode_query,1166,1166,0.004018281,0.0020211113023276698,1.4345842770000001
<frozen importlib._bootstrap_external>,126,_path_join,1271,1271,0.004008383,0.002016132815340214,0.011401974
<frozen importlib._bootstrap_external>,128,<listcomp>,1271,1271,0.003977808,0.0020007542298035963,0.0062580430000000005
~,0,<built-in method math.isfinite>,3024,3024,0.003968983,0.001996315439374793,0.003968983
/home/runner/work/_temp/scanner-verification-il7_c53e/final/scan_statistics.py,100,rate,1790,1790,0.003965248,0.001994436812490761,0.0070891700000000005
/home/runner/work/_temp/scanner-verification-il7_c53e/final/tests/benchmark_hybrid.py,52,<genexpr>,1001,1001,0.003939023,0.0019812461859757056,0.006056936000000001
/opt/hostedtoolcache/Python/3.11.16/x64/lib/python3.11/site-packages/httpx/_client.py,253,timeout,3000,3000,0.003934713,0.0019790783461175595,0.003934713
/opt/hostedtoolcache/Python/3.11.16/x64/lib/python3.11/site-packages/httpx/_client.py,298,headers,3000,3000,0.00391587,0.0019696007112110507,0.00391587
/home/runner/work/_temp/scanner-verification-il7_c53e/final/report_generator.py,86,iter_avatar_profiles,1001,1001,0.0038814120000000003,0.001952269057885759,0.10584623300000001
/opt/hostedtoolcache/Python/3.11.16/x64/lib/python3.11/collections/__init__.py,587,__init__,702,702,0.003825334,0.0019240629967337563,0.006999376000000001
~,0,<method 'release' of '_thread.lock' objects>,4025,4025,0.003755448,0.0018889118003703183,0.003755448
/opt/hostedtoolcache/Python/3.11.16/x64/lib/python3.11/http/cookiejar.py,44,_debug,3000,3000,0.003630878,0.0018262556956999485,0.003630878
/opt/hostedtoolcache/Python/3.11.16/x64/lib/python3.11/collections/__init__.py,694,subtract,233,233,0.00360757,0.001814532259177054,0.006951667000000001
/opt/hostedtoolcache/Python/3.11.16/x64/lib/python3.11/site-packages/httpx/_client.py,329,params,3000,3000,0.003572158,0.0017967207638042747,0.003572158
/opt/hostedtoolcache/Python/3.11.16/x64/lib/python3.11/site-packages/httpx/_urls.py,509,<listcomp>,3074,3074,0.0035616640000000004,0.001791442501281911,0.0035616640000000004
/home/runner/work/_temp/scanner-verification-il7_c53e/final/hybrid_backend.py,242,<dictcomp>,1166,1166,0.0034570160000000003,0.0017388067459512147,0.008771195
/opt/hostedtoolcache/Python/3.11.16/x64/lib/python3.11/pathlib.py,563,as_uri,1006,1006,0.00345247,0.0017365202030289097,0.034733969999999996
/home/runner/work/_temp/scanner-verification-il7_c53e/final/tiktok_worker_scanner.py,2830,<genexpr>,3000,3000,0.003445099,0.0017328127441903027,0.003445099
/opt/hostedtoolcache/Python/3.11.16/x64/lib/python3.11/site-packages/httpx/_models.py,1267,__init__,3000,3000,0.003438388,0.0017294372515480705,0.003438388
/home/runner/work/_temp/scanner-verification-il7_c53e/final/tiktok_worker_scanner.py,3763,rows,11,11,0.003424218,0.0017223100379077144,0.005305344
~,0,<method 'asend' of 'async_generator' objects>,3000,3000,0.003423694,0.001722046476866956,0.003423694
/opt/hostedtoolcache/Python/3.11.16/x64/lib/python3.11/site-packages/httpx/_models.py,606,request,3000,3000,0.0033874620000000004,0.0017038225386441352,0.0033874620000000004
/opt/hostedtoolcache/Python/3.11.16/x64/lib/python3.11/site-packages/httpx/_models.py,595,request,3000,3000,0.0033270620000000004,0.001673442601884961,0.0033270620000000004
/opt/hostedtoolcache/Python/3.11.16/x64/lib/python3.11/site-packages/httpx/_multipart.py,56,get_multipart_boundary_from_content_type,3000,3000,0.003316798,0.001668280024552243,0.003316798
/home/runner/work/_temp/scanner-verification-il7_c53e/final/tiktok_worker_scanner.py,952,retry_after_seconds,3000,3000,0.0032595970000000004,0.001639509117887317,0.0032595970000000004
/home/runner/work/_temp/scanner-verification-il7_c53e/final/tiktok_worker_scanner.py,1229,good_response,3000,3000,0.0032200120000000004,0.0016195986907910933,0.0032200120000000004
/home/runner/work/_temp/scanner-verification-il7_c53e/final/report_generator.py,248,<listcomp>,1000,1000,0.0032130300000000004,0.0016160868908167134,0.0048776670000000005
/opt/hostedtoolcache/Python/3.11.16/x64/lib/python3.11/urllib/request.py,337,full_url,3000,3000,0.0032100490000000004,0.0016145875101630858,0.0032100490000000004
~,0,<method 'aclose' of 'async_generator' objects>,3000,3000,0.0032004470000000004,0.0016097579049849137,0.0032004470000000004
/home/runner/work/_temp/scanner-verification-il7_c53e/final/tiktok_worker_scanner.py,1207,<listcomp>,3001,3001,0.0031862500000000003,0.0016026171109092516,0.0031862500000000003
/opt/hostedtoolcache/Python/3.11.16/x64/lib/python3.11/site-packages/httpx/_types.py,99,close,3000,3000,0.0031031160000000004,0.001560802447622212,0.0031031160000000004
/home/runner/work/_temp/scanner-verification-il7_c53e/final/report_generator.py,230,<listcomp>,1000,1000,0.003080783,0.0015495694157075988,0.004793531
/home/runner/work/_temp/scanner-verification-il7_c53e/final/tests/benchmark_hybrid.py,167,<genexpr>,1002,1002,0.0030514640000000003,0.001534822571902264,0.15345999700000001
/opt/hostedtoolcache/Python/3.11.16/x64/lib/python3.11/pathlib.py,987,check_eloop,1003,1003,0.003035084,0.0015265837744831369,0.0045325090000000005
~,0,<method 'clear' of 'set' objects>,2,2,0.0030340600000000003,0.00152606872389967,0.0030340600000000003
~,0,<method 'isalpha' of 'str' objects>,3011,3011,0.003008722,0.0015133242398333794,0.003008722
/opt/hostedtoolcache/Python/3.11.16/x64/lib/python3.11/site-packages/httpx/_decoders.py,52,flush,3000,3000,0.002992821,0.0015053263693961668,0.002992821
/home/runner/work/_temp/scanner-verification-il7_c53e/final/report_generator.py,227,<genexpr>,3000,3000,0.002990747,0.0015042831907730125,0.002990747
~,0,<method 'cancelling' of '_asyncio.Task' objects>,3000,3000,0.002972707,0.0014952094480720935,0.002972707
/opt/hostedtoolcache/Python/3.11.16/x64/lib/python3.11/re/_compiler.py,243,_optimize_charset,217,217,0.0029418150000000004,0.0014796714181653983,0.005151409000000001
/opt/hostedtoolcache/Python/3.11.16/x64/lib/python3.11/asyncio/locks.py,100,<genexpr>,2933,2933,0.002936849,0.0014771736240272184,0.002937751
/home/runner/work/_temp/scanner-verification-il7_c53e/final/report_generator.py,245,<genexpr>,1000,1000,0.0029147640000000002,0.0014660653309257886,0.004522947
~,0,<method 'rfind' of 'str' objects>,2216,2216,0.002901088,0.0014591865889536284,0.002901088
/opt/hostedtoolcache/Python/3.11.16/x64/lib/python3.11/pathlib.py,38,_ignore_error,1007,1007,0.0027943810000000003,0.001405515199686059,0.004014014000000001
/home/runner/work/_temp/scanner-verification-il7_c53e/final/tests/benchmark_hybrid.py,31,main,1,1,0.0027831490000000004,0.0013998657385986576,146.516716601
/home/runner/work/_temp/scanner-verification-il7_c53e/final/tiktok_worker_scanner.py,3453,add_jobs,1,1,0.002758412,0.0013874235449627024,0.275903705
/opt/hostedtoolcache/Python/3.11.16/x64/lib/python3.11/site-packages/httpx/_decoders.py,49,decode,3000,3000,0.0027354420000000003,0.0013758701153706787,0.0027354420000000003
~,0,<built-in method posix.fstat>,1003,1003,0.002729239,0.001372750136103838,0.002729239
~,0,<method 'as_integer_ratio' of 'float' objects>,3000,3000,0.00269904,0.0013575606707033367,0.00269904
/home/runner/work/_temp/scanner-verification-il7_c53e/final/tiktok_worker_scanner.py,2538,inspect_reusable_export,1000,1000,0.0026667390000000004,0.0013413139432652888,0.046859382000000005
/opt/hostedtoolcache/Python/3.11.16/x64/lib/python3.11/asyncio/tasks.py,431,_release_waiter,750,750,0.0026497350000000003,0.0013327612868968618,0.015526822000000001
/opt/hostedtoolcache/Python/3.11.16/x64/lib/python3.11/re/_parser.py,178,getwidth,178,559,0.0026032200000000003,0.0013093652147386997,0.0036984130000000002
/home/runner/work/_temp/scanner-verification-il7_c53e/final/scan_statistics.py,212,<listcomp>,177,177,0.002554092,0.0012846548582303434,0.0030150230000000004
/home/runner/work/_temp/scanner-verification-il7_c53e/final/connection_metrics.py,20,pool_snapshot,358,358,0.002498053,0.0012564684132626719,0.003910205
/opt/hostedtoolcache/Python/3.11.16/x64/lib/python3.11/json/encoder.py,224,floatstr,1463,1463,0.0024122950000000005,0.0012133339328554988,0.0024122950000000005
/opt/hostedtoolcache/Python/3.11.16/x64/lib/python3.11/re/_parser.py,456,_parse_sub,76,218,0.002365821,0.0011899584828398387,0.048177125
/opt/hostedtoolcache/Python/3.11.16/x64/lib/python3.11/pathlib.py,555,__bytes__,1006,1006,0.0022940770000000003,0.0011538727513356966,0.013707708
<frozen importlib._bootstrap>,1054,_find_spec,113,113,0.002263831,0.0011386596459181803,0.032318153
/home/runner/work/_temp/scanner-verification-il7_c53e/final/tiktok_worker_scanner.py,291,<genexpr>,1200,1200,0.002176841,0.0010949054952777736,0.003159094
/home/runner/work/_temp/scanner-verification-il7_c53e/final/tiktok_worker_scanner.py,2490,<genexpr>,1576,1576,0.002166426,0.0010896669681031575,0.002166426
/home/runner/work/_temp/scanner-verification-il7_c53e/final/hybrid_backend.py,113,<dictcomp>,146,146,0.002157457,0.0010851557486860545,0.003501965
/home/runner/work/_temp/scanner-verification-il7_c53e/final/report_generator.py,57,local_avatar,1000,1000,0.002108886,0.0010607255515282753,0.011394971
~,0,<built-in method _imp.create_dynamic>,13,13,0.00199917,0.001005540698192687,0.002226584
/home/runner/work/_temp/scanner-verification-il7_c53e/final/rate_limit_control.py,60,<dictcomp>,180,180,0.00196971,0.000990722934336308,0.003067053
/opt/hostedtoolcache/Python/3.11.16/x64/lib/python3.11/re/_parser.py,164,__len__,1064,1064,0.001943808,0.0009776947700658423,0.0028155930000000003
/opt/hostedtoolcache/Python/3.11.16/x64/lib/python3.11/site-packages/httpx/_urls.py,512,get,760,760,0.0019191960000000002,0.0009653154488155644,0.0019191960000000002
/opt/hostedtoolcache/Python/3.11.16/x64/lib/python3.11/asyncio/locks.py,200,wait,358,358,0.0018882800000000002,0.0009497653474108188,0.0036707780000000004
/home/runner/work/_temp/scanner-verification-il7_c53e/final/tiktok_worker_scanner.py,2917,<lambda>,1000,1000,0.001880317,0.0009457601249536448,0.001880317
/opt/hostedtoolcache/Python/3.11.16/x64/lib/python3.11/re/_parser.py,256,match,1437,1437,0.0018500720000000001,0.000930547522515214,0.0023810680000000005
/home/runner/work/_temp/scanner-verification-il7_c53e/final/tiktok_worker_scanner.py,3513,<setcomp>,1,1,0.0018491570000000001,0.0009300872966520578,0.0027632750000000004
/opt/hostedtoolcache/Python/3.11.16/x64/lib/python3.11/asyncio/tasks.py,551,_cancel_and_wait,354,354,0.0017959050000000002,0.0009033026543954427,0.0062294590000000006
~,0,<method 'cancelled' of '_asyncio.Task' objects>,2008,2008,0.001795619,0.0009031588023770134,0.001795619
/home/runner/work/_temp/scanner-verification-il7_c53e/final/tests/benchmark_hybrid.py,161,<genexpr>,1001,1001,0.001788564,0.000899610284929398,0.002717623
/home/runner/work/_temp/scanner-verification-il7_c53e/final/tests/benchmark_hybrid.py,176,<genexpr>,1001,1001,0.0017878290000000001,0.0008992405953016167,0.002737049
/home/runner/work/_temp/scanner-verification-il7_c53e/final/tests/benchmark_hybrid.py,179,<genexpr>,1001,1001,0.0017827960000000001,0.000896709101564714,0.0027201900000000004
/home/runner/work/_temp/scanner-verification-il7_c53e/final/tests/benchmark_hybrid.py,162,<genexpr>,1001,1001,0.001782565,0.0008965929133959827,0.00271906
/home/runner/work/_temp/scanner-verification-il7_c53e/final/tiktok_worker_scanner.py,2832,<listcomp>,1000,1000,0.001766231,0.0008883772530147848,0.001766231
~,0,<built-in method io.open_code>,108,108,0.001745844,0.0008781230184003927,0.001745844
~,0,<method 'exception' of '_asyncio.Task' objects>,2007,2007,0.0017434240000000001,0.000876905809013684,0.0017434240000000001
~,0,<method 'group' of 're.Match' objects>,1640,1640,0.0017115140000000001,0.0008608557463980343,0.0017115140000000001
/opt/hostedtoolcache/Python/3.11.16/x64/lib/python3.11/dataclasses.py,664,_is_type,234,234,0.0016547270000000002,0.0008322930730744711,0.003013426
<frozen importlib._bootstrap_external>,437,cache_from_source,188,188,0.0016406950000000002,0.0008252352705479026,0.006212891
/opt/hostedtoolcache/Python/3.11.16/x64/lib/python3.11/re/_parser.py,176,append,867,867,0.001640198,0.0008249852899424503,0.002358434
/home/runner/work/_temp/scanner-verification-il7_c53e/final/tiktok_worker_scanner.py,3174,run_scan,18,18,0.001610096,0.0008098446135132341,0.020080544000000002
/opt/hostedtoolcache/Python/3.11.16/x64/lib/python3.11/typing.py,168,_type_check,162,162,0.001586144,0.0007977972584593311,0.004882399000000001
<frozen importlib._bootstrap>,244,_verbose_message,1349,1349,0.0015401510000000002,0.0007746637413837567,0.0015401510000000002
/home/runner/work/_temp/scanner-verification-il7_c53e/final/tiktok_worker_scanner.py,2835,<listcomp>,1000,1000,0.0015165760000000002,0.0007628060094450557,0.0015165760000000002
/home/runner/work/_temp/scanner-verification-il7_c53e/final/scan_statistics.py,31,iso,297,297,0.001499457,0.0007541955104818057,0.004043387
<frozen importlib._bootstrap>,493,_init_module_attrs,107,107,0.001482154,0.000745492463366839,0.0073397
~,0,<method 'read' of '_io.BufferedReader' objects>,101,101,0.001478981,0.0007438965107288115,0.001478981
<frozen importlib._bootstrap_external>,1007,get_code,94,94,0.0014742020000000002,0.0007414927736796048,0.045748806
/home/runner/work/_temp/scanner-verification-il7_c53e/final/hybrid_backend.py,409,<dictcomp>,179,179,0.0014710250000000002,0.0007398948091252356,0.005707764000000001
<frozen importlib._bootstrap_external>,1467,_get_spec,113,113,0.0014672460000000002,0.0007379940511614455,0.025154608000000002
<frozen importlib._bootstrap>,1165,_find_and_load,13,115,0.001405367,0.0007068702083349399,0.23897809400000003
/home/runner/work/_temp/scanner-verification-il7_c53e/final/rate_limit_control.py,57,snapshot,180,180,0.001384449,0.0006963488918261914,0.004615663
/opt/hostedtoolcache/Python/3.11.16/x64/lib/python3.11/enum.py,242,__set_name__,65,65,0.0013752010000000002,0.0006916973412442569,0.0029250530000000004
/opt/hostedtoolcache/Python/3.11.16/x64/lib/python3.11/enum.py,1668,convert_class,3,3,0.001373056,0.0006906184511060379,0.004226365
/opt/hostedtoolcache/Python/3.11.16/x64/lib/python3.11/re/_parser.py,293,tell,677,677,0.001343844,0.0006759254260628426,0.001915847
/opt/hostedtoolcache/Python/3.11.16/x64/lib/python3.11/typing.py,1266,_is_dunder,570,570,0.001326059,0.0006669799430287049,0.002171268
<frozen genericpath>,87,samestat,1003,1003,0.001295844,0.0006517824299628365,0.001295844
/opt/hostedtoolcache/Python/3.11.16/x64/lib/python3.11/enum.py,1507,_get_value,471,471,0.00129359,0.0006506487151043071,0.002007623
/home/runner/work/_temp/scanner-verification-il7_c53e/final/tiktok_worker_scanner.py,3830,validate_scan_config,21,21,0.001273461,0.0006405242490939527,0.010625836000000001
/opt/hostedtoolcache/Python/3.11.16/x64/lib/python3.11/asyncio/locks.py,78,__init__,1008,1008,0.0012693720000000002,0.0006384675676136834,0.0012693720000000002
/opt/hostedtoolcache/Python/3.11.16/x64/lib/python3.11/asyncio/base_events.py,522,_check_default_executor,1166,1166,0.001265604,0.0006365723424198329,0.001265604
~,0,<method 'isdigit' of 'str' objects>,1000,1000,0.001247318,0.0006273748668639014,0.001247318
/opt/hostedtoolcache/Python/3.11.16/x64/lib/python3.11/pathlib.py,792,is_absolute,1006,1006,0.0012325130000000002,0.0006199282615043059,0.0012325130000000002
~,0,<method 'start' of 're.Match' objects>,1166,1166,0.001230776,0.0006190545868329368,0.001230776
/home/runner/work/_temp/scanner-verification-il7_c53e/final/report_generator.py,187,<genexpr>,1001,1001,0.0012257490000000002,0.0006165261109705466,0.0012257490000000002
/opt/hostedtoolcache/Python/3.11.16/x64/lib/python3.11/dataclasses.py,884,_process_class,7,7,0.001186318,0.0005966931426534771,0.019098456
~,0,<built-in method builtins.iter>,1058,1058,0.001173495,0.0005902434418411776,0.001173495
/opt/hostedtoolcache/Python/3.11.16/x64/lib/python3.11/typing.py,1320,__setattr__,503,503,0.0011637980000000002,0.000585366053649891,0.0030277150000000003
/opt/hostedtoolcache/Python/3.11.16/x64/lib/python3.11/contextlib.py,763,__init__,1000,1000,0.001158381,0.0005826414159441882,0.001158381
/home/runner/work/_temp/scanner-verification-il7_c53e/final/tiktok_worker_scanner.py,3736,snapshot,21,21,0.0011364650000000001,0.0005716181263081938,0.18876922100000001
~,0,<built-in method fromtimestamp>,297,297,0.001128937,0.0005678316997531762,0.001128937
/opt/hostedtoolcache/Python/3.11.16/x64/lib/python3.11/dataclasses.py,723,_get_field,78,78,0.001105249,0.0005559171311778232,0.003988604000000001
/home/runner/work/_temp/scanner-verification-il7_c53e/final/report_generator.py,208,<genexpr>,1001,1001,0.0011035460000000002,0.0005550605577953585,0.0011035460000000002
<frozen importlib._bootstrap_external>,140,_path_stat,494,494,0.0010965760000000001,0.0005515547935700035,0.004013949
/opt/hostedtoolcache/Python/3.11.16/x64/lib/python3.11/re/_compiler.py,216,_compile_charset,217,217,0.0010942900000000001,0.0005504049833807407,0.0017705760000000003
/opt/hostedtoolcache/Python/3.11.16/x64/lib/python3.11/enum.py,1525,__and__,152,152,0.001091811,0.0005491580982279924,0.0036748490000000004
~,0,<method 'result' of '_asyncio.Task' objects>,1184,1184,0.0010902610000000001,0.0005483784806455964,0.0010902610000000001
/opt/hostedtoolcache/Python/3.11.16/x64/lib/python3.11/contextlib.py,766,__enter__,1000,1000,0.001085039,0.0005457519238615499,0.001085039
/opt/hostedtoolcache/Python/3.11.16/x64/lib/python3.11/contextlib.py,769,__exit__,1000,1000,0.001070007,0.0005381911422495647,0.001070007
/home/runner/work/_temp/scanner-verification-il7_c53e/final/tiktok_worker_scanner.py,1540,<genexpr>,1,1,0.0010497,0.0005279771459620058,0.10689593300000001
/home/runner/work/_temp/scanner-verification-il7_c53e/final/tiktok_worker_scanner.py,3720,<genexpr>,204,204,0.001030728,0.0005184346267534786,0.001469395
/opt/hostedtoolcache/Python/3.11.16/x64/lib/python3.11/urllib/parse.py,662,<dictcomp>,1,1,0.001017398,0.0005117299155448727,0.001820114
/opt/hostedtoolcache/Python/3.11.16/x64/lib/python3.11/re/_compiler.py,511,_compile_info,76,76,0.001013417,0.0005097275558058284,0.005653745000000001
/home/runner/work/_temp/scanner-verification-il7_c53e/final/report_generator.py,202,<genexpr>,1001,1001,0.001011956,0.0005089927033620345,0.001011956
/home/runner/work/_temp/scanner-verification-il7_c53e/final/tiktok_worker_scanner.py,2972,_run_scan,11,11,0.000995417,0.0005006739322683262,0.007471424000000001
<frozen importlib._bootstrap>,1120,_find_and_load_unlocked,12,114,0.0009896940000000002,0.0004977953829624859,0.238227415
~,0,<method 'isspace' of 'str' objects>,1175,1175,0.000982253,0.0004940527155878995,0.000982253
<frozen importlib._bootstrap>,666,_load_unlocked,12,107,0.0009767810000000001,0.000491300414032499,0.23388466600000002
~,0,<built-in method _imp.exec_dynamic>,13,13,0.000960791,0.0004832577784566844,0.000960791
~,0,<built-in method _collections._count_elements>,1,1,0.0009446700000000001,0.0004751492526206803,0.0021704190000000003
/opt/hostedtoolcache/Python/3.11.16/x64/lib/python3.11/re/_compiler.py,740,compile,76,76,0.000911266,0.0004583477392514178,0.07950248600000001
/opt/hostedtoolcache/Python/3.11.16/x64/lib/python3.11/enum.py,367,__setitem__,81,81,0.000897764,0.0004515565156401203,0.0032481890000000003
/opt/hostedtoolcache/Python/3.11.16/x64/lib/python3.11/typing.py,1376,__init__,69,69,0.000893166,0.0004492438178053739,0.006208763
/home/runner/work/_temp/scanner-verification-il7_c53e/final/report_generator.py,191,<genexpr>,1002,1002,0.0008893680000000001,0.00044733350323896093,0.0008893680000000001
/home/runner/work/_temp/scanner-verification-il7_c53e/final/hybrid_backend.py,132,<dictcomp>,146,146,0.000889304,0.00044730131257749426,0.0012854910000000002
/home/runner/work/_temp/scanner-verification-il7_c53e/final/report_generator.py,192,<genexpr>,1002,1002,0.0008840160000000001,0.0004446415591738103,0.0008840160000000001
/home/runner/work/_temp/scanner-verification-il7_c53e/final/report_generator.py,197,<genexpr>,1001,1001,0.0008689360000000001,0.000437056634565725,0.0008689360000000001
/home/runner/work/_temp/scanner-verification-il7_c53e/final/report_generator.py,193,<genexpr>,1002,1002,0.000868871,0.0004370239409251729,0.000868871
<frozen importlib._bootstrap>,1030,__exit__,452,452,0.00086649,0.00043582634772279554,0.001247488
/home/runner/work/_temp/scanner-verification-il7_c53e/final/report_generator.py,194,<genexpr>,1002,1002,0.000860052,0.00043258816837088226,0.000860052
/home/runner/work/_temp/scanner-verification-il7_c53e/final/hybrid_backend.py,409,<lambda>,179,179,0.0008522680000000001,0.00042867297916999796,0.0067213690000000005
<frozen importlib._bootstrap>,1026,__enter__,452,452,0.000847908,0.00042647999035758073,0.001252968
<frozen importlib._bootstrap>,179,_get_module_lock,119,119,0.0008352240000000001,0.0004201002036381542,0.0016859540000000001
<frozen importlib._bootstrap_external>,1127,get_data,105,105,0.000791984,0.0003983513879847321,0.00453965
/home/runner/work/_temp/scanner-verification-il7_c53e/final/hybrid_backend.py,410,<dictcomp>,179,179,0.000778806,0.00039172312959710964,0.00108329
<frozen importlib._bootstrap_external>,84,_unpack_uint32,253,253,0.0007663420000000002,0.0003854539982764748,0.0012232050000000002
/home/runner/work/_temp/scanner-verification-il7_c53e/final/hybrid_backend.py,410,<lambda>,179,179,0.0007575160000000001,0.00038101470486858613,0.001998319
/home/runner/work/_temp/scanner-verification-il7_c53e/final/hybrid_backend.py,26,validate,21,21,0.0007111460000000001,0.0003576915646778095,0.0011062580000000002
/home/runner/work/_temp/scanner-verification-il7_c53e/final/report_generator.py,157,<setcomp>,1,1,0.000677113,0.00034057367746381984,0.000677113
<frozen importlib._bootstrap_external>,778,spec_from_file_location,107,107,0.000668375,0.000336178646215448,0.001245255
/home/runner/work/_temp/scanner-verification-il7_c53e/final/tiktok_worker_scanner.py,287,validate_worker_origin,25,25,0.000662032,0.0003329882498766492,0.008414792
~,0,<method 'find' of 'bytearray' objects>,637,637,0.0006579840000000001,0.00033095219053888206,0.0006579840000000001
/opt/hostedtoolcache/Python/3.11.16/x64/lib/python3.11/re/_parser.py,979,parse,76,76,0.000648424,0.0003261437104822975,0.049663473
<frozen importlib._bootstrap_external>,132,_path_split,188,188,0.0006468310000000001,0.0003253424647992286,0.002044921
/opt/hostedtoolcache/Python/3.11.16/x64/lib/python3.11/re/_parser.py,83,groups,359,359,0.000639467,0.00032163852681421927,0.0009291150000000001
/opt/hostedtoolcache/Python/3.11.16/x64/lib/python3.11/site-packages/_distutils_hack/__init__.py,101,find_spec,113,113,0.000635255,0.0003195199789064438,0.001035223
<frozen importlib._bootstrap>,566,module_from_spec,107,107,0.0006305750000000001,0.00031716603678669323,0.010690573000000002
/opt/hostedtoolcache/Python/3.11.16/x64/lib/python3.11/re/_parser.py,113,__init__,530,530,0.000629497,0.00031662382533261386,0.000629497
/opt/hostedtoolcache/Python/3.11.16/x64/lib/python3.11/re/_parser.py,376,_escape,180,180,0.0006286400000000001,0.00031619277225641173,0.000976505
~,0,<built-in method _imp.acquire_lock>,684,684,0.000625059,0.0003143916041515342,0.000625059
/opt/hostedtoolcache/Python/3.11.16/x64/lib/python3.11/re/_compiler.py,398,_simple,202,202,0.0006165760000000001,0.0003101248325699436,0.002030534
/home/runner/work/_temp/scanner-verification-il7_c53e/final/backend_metrics.py,117,<genexpr>,537,537,0.0006155500000000001,0.00030960877602830597,0.0006155500000000001
~,0,<built-in method _imp.release_lock>,684,684,0.0005913520000000001,0.0002974376881193904,0.0005913520000000001
<frozen importlib._bootstrap_external>,727,_compile_bytecode,83,83,0.0005909250000000001,0.00029722291604991743,0.010493473000000001
~,0,<method 'cancel' of '_asyncio.Task' objects>,178,178,0.000584682,0.0002940828176196604,0.0033457720000000003
/opt/hostedtoolcache/Python/3.11.16/x64/lib/python3.11/typing.py,251,_collect_parameters,72,72,0.000583421,0.0002934485609929498,0.0016574600000000001
/opt/hostedtoolcache/Python/3.11.16/x64/lib/python3.11/enum.py,828,__setattr__,214,214,0.0005827930000000001,0.0002931326901273081,0.000769776
<frozen importlib._bootstrap>,233,_call_with_frames_removed,28,251,0.000578468,0.00029095730558288045,0.22809208400000003
<frozen importlib._bootstrap>,125,release,119,119,0.0005783110000000001,0.00029087833786647005,0.000836843
/home/runner/work/_temp/scanner-verification-il7_c53e/final/backend_metrics.py,118,<genexpr>,537,537,0.0005677410000000001,0.0002855618489336146,0.0005677410000000001
/home/runner/work/_temp/scanner-verification-il7_c53e/final/tiktok_worker_scanner.py,1397,set_limit,99,99,0.0005676160000000001,0.0002854989765479375,0.001393134
<frozen importlib._bootstrap_external>,134,<genexpr>,376,376,0.000566664,0.0002850201404586207,0.0007646460000000001
/opt/hostedtoolcache/Python/3.11.16/x64/lib/python3.11/typing.py,1388,__eq__,329,329,0.000554566,0.0002789350994832483,0.0008404490000000001
<frozen importlib._bootstrap>,100,acquire,119,119,0.0005519580000000001,0.0002776233300284814,0.000795291
~,0,<built-in method builtins.chr>,702,702,0.000538705,0.0002709573482094526,0.000538705
~,0,<built-in method _thread.start_new_thread>,8,8,0.0005274640000000001,0.00026530336031028247,0.0005274640000000001
/opt/hostedtoolcache/Python/3.11.16/x64/lib/python3.11/enum.py,79,_is_private,155,155,0.000515502,0.00025928672449052677,0.000869339
/opt/hostedtoolcache/Python/3.11.16/x64/lib/python3.11/asyncio/tasks.py,654,ensure_future,181,181,0.000505282,0.00025414627823756717,0.008523983
~,0,<method 'get' of 'mappingproxy' objects>,555,555,0.000502004,0.00025249751279557094,0.000502004
/home/runner/work/_temp/scanner-verification-il7_c53e/final/hybrid_backend.py,450,<lambda>,300,300,0.000499438,0.00025120686846239143,0.000508877
/opt/hostedtoolcache/Python/3.11.16/x64/lib/python3.11/urllib/parse.py,205,_hostinfo,100,100,0.0004971120000000001,0.000250036939109712,0.0007746060000000001
/opt/hostedtoolcache/Python/3.11.16/x64/lib/python3.11/enum.py,38,_is_descriptor,146,146,0.000489133,0.0002460236689871714,0.0008567980000000001
/opt/hostedtoolcache/Python/3.11.16/x64/lib/python3.11/re/_parser.py,86,opengroup,102,102,0.000482503,0.0002426889176508581,0.001116501
<frozen importlib._bootstrap_external>,934,exec_module,11,94,0.00048146600000000006,0.0002421673283392809,0.23252492200000002
<frozen importlib._bootstrap>,198,cb,113,113,0.000479515,0.0002411860161436327,0.00078423
/opt/hostedtoolcache/Python/3.11.16/x64/lib/python3.11/inspect.py,2669,__init__,85,85,0.00047910700000000005,0.0002409808006767827,0.0009752680000000001
/opt/hostedtoolcache/Python/3.11.16/x64/lib/python3.11/hmac.py,1,<module>,1,1,0.00047770900000000004,0.00024027763591537,0.0009304360000000001
<frozen importlib._bootstrap_external>,1602,_get_spec,107,107,0.00046636100000000004,0.00023456982925406026,0.001846303
/opt/hostedtoolcache/Python/3.11.16/x64/lib/python3.11/urllib/parse.py,164,hostname,75,75,0.000455227,0.00022896966011702968,0.0012487210000000002
<frozen importlib._bootstrap_external>,567,_get_cached,107,107,0.00044207500000000005,0.00022235447918562805,0.0038799690000000005
/opt/hostedtoolcache/Python/3.11.16/x64/lib/python3.11/inspect.py,2955,__init__,14,14,0.000432336,0.00021745596587275393,0.000904796
/opt/hostedtoolcache/Python/3.11.16/x64/lib/python3.11/re/_compiler.py,573,_code,76,76,0.00042806,0.00021530522730351173,0.028090523000000003
/opt/hostedtoolcache/Python/3.11.16/x64/lib/python3.11/inspect.py,2331,_signature_from_function,7,7,0.00042476600000000003,0.0002136484141961488,0.0020731200000000003
<frozen importlib._bootstrap>,405,parent,202,202,0.000423435,0.00021297894903345903,0.0005859280000000001
/opt/hostedtoolcache/Python/3.11.16/x64/lib/python3.11/inspect.py,2756,__str__,78,78,0.000419349,0.00021092377649044607,0.001308631
<frozen importlib._bootstrap>,169,__enter__,114,114,0.000415519,0.0002089973665932997,0.002839378
<frozen importlib._bootstrap_external>,1424,_path_importer_cache,288,288,0.00041044300000000003,0.00020644424475572412,0.001274425
/opt/hostedtoolcache/Python/3.11.16/x64/lib/python3.11/inspect.py,1437,formatannotation,85,85,0.000406362,0.00020439158710813818,0.000691429
<frozen importlib._bootstrap_external>,642,_classify_pyc,85,85,0.000404323,0.0002033660127529733,0.000956234
/opt/hostedtoolcache/Python/3.11.16/x64/lib/python3.11/typing.py,1279,__init__,69,69,0.000403109,0.00020275539614327735,0.0020384390000000004
~,0,<built-in method fromhex>,484,484,0.00039688,0.00019962233942021616,0.00039688
<frozen importlib._bootstrap>,71,__init__,113,113,0.000391926,0.00019713058103106138,0.0006237410000000001
/opt/hostedtoolcache/Python/3.11.16/x64/lib/python3.11/typing.py,916,__eq__,225,225,0.000387953,0.00019513224512470047,0.000577474
/opt/hostedtoolcache/Python/3.11.16/x64/lib/python3.11/datetime.py,592,__new__,12,12,0.000382013,0.0001921445493573247,0.000668457
<frozen importlib._bootstrap>,392,cached,201,201,0.000377,0.00018962311520213032,0.004256969
/opt/hostedtoolcache/Python/3.11.16/x64/lib/python3.11/typing.py,159,_type_convert,170,170,0.00037429600000000004,0.00018826305975516334,0.001084652
<frozen importlib._bootstrap_external>,150,_path_is_mode_type,145,145,0.000370894,0.00018655192490657537,0.001506348
/opt/hostedtoolcache/Python/3.11.16/x64/lib/python3.11/re/_compiler.py,436,_get_literal_prefix,63,80,0.000365581,0.000183879597025756,0.0005346
/opt/hostedtoolcache/Python/3.11.16/x64/lib/python3.11/typing.py,1687,__eq__,200,200,0.00036428700000000003,0.00018322874208922667,0.000559427
/opt/hostedtoolcache/Python/3.11.16/x64/lib/python3.11/collections/__init__.py,350,namedtuple,5,5,0.000363284,0.00018272425406655365,0.0009070220000000001
<frozen importlib._bootstrap_external>,675,_validate_timestamp_pyc,85,85,0.00035544000000000005,0.00017877888612054436,0.001122673
/home/runner/work/_temp/scanner-verification-il7_c53e/final/tiktok_worker_scanner.py,3358,__init__,1,1,0.00035423800000000005,0.00017817430525987336,0.003435047
/opt/hostedtoolcache/Python/3.11.16/x64/lib/python3.11/inspect.py,3215,__str__,7,7,0.000352214,0.00017715627559098974,0.001901017
/opt/hostedtoolcache/Python/3.11.16/x64/lib/python3.11/typing.py,373,inner,100,102,0.000347335,0.00017470224063324122,0.013638006000000001
/opt/hostedtoolcache/Python/3.11.16/x64/lib/python3.11/dataclasses.py,413,_create_fn,27,27,0.000345102,0.00017357908833550556,0.004481514000000001
/opt/hostedtoolcache/Python/3.11.16/x64/lib/python3.11/typing.py,1695,__hash__,71,130,0.00034023200000000005,0.00017112958018952577,0.000717746
/opt/hostedtoolcache/Python/3.11.16/x64/lib/python3.11/enum.py,48,_is_dunder,165,165,0.00033785,0.00016993148400806297,0.00046546
/opt/hostedtoolcache/Python/3.11.16/x64/lib/python3.11/re/_parser.py,453,_uniq,115,115,0.000332303,0.000167141459021256,0.000499224
/opt/hostedtoolcache/Python/3.11.16/x64/lib/python3.11/inspect.py,2435,_signature_from_callable,7,21,0.00033073200000000003,0.00016635127887806625,0.0038644480000000004
/home/runner/work/_temp/scanner-verification-il7_c53e/final/report_generator.py,138,build_data,1,1,0.000329394,0.00016567829286177858,2.125573416
~,0,<method 'format' of 'str' objects>,234,234,0.00032918800000000006,0.00016557467917018272,0.00032918800000000006
~,0,<built-in method posix.listdir>,10,10,0.00032807400000000003,0.0001650143604690284,0.00032807400000000003
<frozen importlib._bootstrap_external>,1499,find_spec,113,113,0.00032749700000000005,0.00016472414153674296,0.025482105
~,0,<built-in method builtins.eval>,5,5,0.00032595700000000004,0.00016394955374520107,0.000334724
/home/runner/work/_temp/scanner-verification-il7_c53e/final/tiktok_worker_scanner.py,3876,save_scan_config,21,21,0.00032082,0.000161365750183415,0.064655763
/opt/hostedtoolcache/Python/3.11.16/x64/lib/python3.11/typing.py,1394,__hash__,87,162,0.00031729600000000006,0.00015959325188640624,0.0009648790000000001
~,0,<method 'clear' of 'list' objects>,280,280,0.00031527000000000004,0.00015857421625935185,0.00031527000000000004
<frozen importlib._bootstrap_external>,159,_path_isfile,134,134,0.000310823,0.00015633746826650334,0.0017007040000000001
/opt/hostedtoolcache/Python/3.11.16/x64/lib/python3.11/re/_compiler.py,570,isstring,152,152,0.00030409200000000006,0.00015295191604256292,0.00043130900000000005
/home/runner/work/_temp/scanner-verification-il7_c53e/final/tests/benchmark_hybrid.py,1,<module>,1,1,0.00030109900000000004,0.00015144649963991049,146.741999071
/opt/hostedtoolcache/Python/3.11.16/x64/lib/python3.11/enum.py,59,_is_sunder,155,155,0.000294201,0.00014797694990870543,0.000412752
/opt/hostedtoolcache/Python/3.11.16/x64/lib/python3.11/re/_parser.py,172,__setitem__,214,214,0.00029401000000000004,0.00014788088090339084,0.000412792
/opt/hostedtoolcache/Python/3.11.16/x64/lib/python3.11/re/_parser.py,231,__init__,76,76,0.00028967900000000004,0.00014570247848445073,0.000475982
<frozen importlib._bootstrap_external>,599,_check_name_wrapper,91,95,0.000279151,0.0001404071146731827,0.0049270730000000006
/opt/hostedtoolcache/Python/3.11.16/x64/lib/python3.11/re/_parser.py,316,_class_escape,67,67,0.000276196,0.0001389208114757761,0.00047941000000000005
~,0,<built-in method _thread.allocate_lock>,261,261,0.000275522,0.00013858180357220518,0.000275522
/opt/hostedtoolcache/Python/3.11.16/x64/lib/python3.11/enum.py,444,<genexpr>,186,186,0.00027438,0.00013800740145665923,0.000374198
<frozen importlib._bootstrap>,920,find_spec,113,113,0.000272989,0.00013730775754884446,0.0006440080000000001
<frozen importlib._bootstrap>,173,__exit__,114,114,0.000262352,0.00013195756901726604,0.0010728060000000002
/opt/hostedtoolcache/Python/3.11.16/x64/lib/python3.11/typing.py,679,Union,20,20,0.00026011800000000005,0.00013083391374044495,0.005210672
/opt/hostedtoolcache/Python/3.11.16/x64/lib/python3.11/dataclasses.py,528,_init_fn,7,7,0.000256343,0.00012893516769299656,0.002753957
/opt/hostedtoolcache/Python/3.11.16/x64/lib/python3.11/re/_compiler.py,386,_mk_bitmap,41,41,0.000256138,0.0001288320569804861,0.000537055
/opt/hostedtoolcache/Python/3.11.16/x64/lib/python3.11/re/_compiler.py,467,_get_charset_prefix,49,49,0.00025153,0.00012651432935488553,0.00048224300000000004
<frozen importlib._bootstrap>,748,find_spec,113,113,0.000248374,0.00012492692736131014,0.00039253
/opt/hostedtoolcache/Python/3.11.16/x64/lib/python3.11/inspect.py,2734,kind,276,276,0.00024584,0.000123652378358864,0.00024584
/home/runner/work/_temp/scanner-verification-il7_c53e/final/hybrid_backend.py,70,limit,184,184,0.00024051900000000002,0.00012097602664536124,0.00024051900000000002
~,0,<built-in method fromkeys>,136,136,0.000239896,0.00012066267067514658,0.00060092
<frozen importlib._bootstrap_external>,1146,path_stats,94,94,0.00023794900000000002,0.00011968337039584008,0.000984311
/opt/hostedtoolcache/Python/3.11.16/x64/lib/python3.11/typing.py,1586,__getitem__,27,27,0.000234159,0.00011777707966211044,0.0031932080000000003
/opt/hostedtoolcache/Python/3.11.16/x64/lib/python3.11/typing.py,1381,<genexpr>,257,257,0.00023188900000000002,0.00011663531713821434,0.00023188900000000002
<frozen importlib._bootstrap_external>,71,_relax_case,244,244,0.00023187200000000002,0.00011662676649376225,0.00023187200000000002
/opt/hostedtoolcache/Python/3.11.16/x64/lib/python3.11/inspect.py,2075,_signature_is_functionlike,32,32,0.00023085600000000001,0.0001161157397429788,0.000453403
/opt/hostedtoolcache/Python/3.11.16/x64/lib/python3.11/re/_parser.py,98,closegroup,102,102,0.000228754,0.00011505847770543269,0.0019007100000000001
~,0,<method 'read' of '_io.TextIOWrapper' objects>,12,12,0.00022827800000000003,0.00011481905966077431,0.000359331
<frozen importlib._bootstrap_external>,180,_path_isabs,117,117,0.00022559400000000002,0.00011346906379551564,0.00035226
/opt/hostedtoolcache/Python/3.11.16/x64/lib/python3.11/re/__init__.py,225,compile,97,97,0.00021903000000000002,0.00011016750907883982,0.07797693900000001
/opt/hostedtoolcache/Python/3.11.16/x64/lib/python3.11/hmac.py,19,<genexpr>,257,257,0.000217335,0.00010931495952905834,0.000217335
~,0,<built-in method _heapq.heapify>,30,30,0.00021554600000000003,0.00010841512994524773,0.00061688
/opt/hostedtoolcache/Python/3.11.16/x64/lib/python3.11/hmac.py,20,<genexpr>,257,257,0.00021294,0.00010710436644865156,0.00021294
/opt/hostedtoolcache/Python/3.11.16/x64/lib/python3.11/enum.py,499,__new__,5,5,0.000210146,0.00010569904288399705,0.003615505
/opt/hostedtoolcache/Python/3.11.16/x64/lib/python3.11/site-packages/httpx/_status_codes.py,1,<module>,1,1,0.00020927400000000002,0.0001052604451215136,0.00719509
/opt/hostedtoolcache/Python/3.11.16/x64/lib/python3.11/re/_parser.py,274,getuntil,22,22,0.00020832600000000002,0.0001047836209485385,0.000363457
/opt/hostedtoolcache/Python/3.11.16/x64/lib/python3.11/threading.py,295,wait,15,15,0.00020359000000000002,0.00010240151200000457,0.0006384790000000001
/opt/hostedtoolcache/Python/3.11.16/x64/lib/python3.11/argparse.py,1424,add_argument,11,11,0.00019917600000000002,0.00010018136231697484,0.0015491
/opt/hostedtoolcache/Python/3.11.16/x64/lib/python3.11/dataclasses.py,368,field,78,78,0.00019571100000000002,9.843853978600566e-05,0.00031111500000000005
/home/runner/work/_temp/scanner-verification-il7_c53e/final/tiktok_worker_scanner.py,1,<module>,1,1,0.000195536,9.835051844605772e-05,0.030329643000000003
/opt/hostedtoolcache/Python/3.11.16/x64/lib/python3.11/re/_compiler.py,388,<listcomp>,41,41,0.000195195,9.81790025779306e-05,0.000195195
~,0,<built-in method _abc._abc_init>,26,26,0.00019441300000000002,9.778567293313467e-05,0.00019441300000000002
/opt/hostedtoolcache/Python/3.11.16/x64/lib/python3.11/unittest/mock.py,2113,_mock_set_magics,2,2,0.000191565,9.635318849786763e-05,0.00038703100000000003
/opt/hostedtoolcache/Python/3.11.16/x64/lib/python3.11/dataclasses.py,449,_field_init,78,78,0.00019135500000000001,9.62475628899301e-05,0.00027308700000000004
/home/runner/work/_temp/scanner-verification-il7_c53e/final/scan_statistics.py,165,write,14,14,0.00019037400000000002,9.575414040713625e-05,0.146900212
/opt/hostedtoolcache/Python/3.11.16/x64/lib/python3.11/site-packages/httpx/__init__.py,1,<module>,1,1,0.000189829,9.548001680558409e-05,0.124797715
/opt/hostedtoolcache/Python/3.11.16/x64/lib/python3.11/typing.py,334,_remove_dups_flatten,20,20,0.00018524400000000002,9.317385769894812e-05,0.0007694450000000001
/home/runner/work/_temp/scanner-verification-il7_c53e/final/backend_metrics.py,128,<dictcomp>,179,179,0.00018424,9.266886669718966e-05,0.00018424
/opt/hostedtoolcache/Python/3.11.16/x64/lib/python3.11/typing.py,1310,__getattr__,67,67,0.00017927900000000002,9.017358745443693e-05,0.00048663000000000005
/home/runner/work/_temp/scanner-verification-il7_c53e/final/report_generator.py,190,<listcomp>,2,2,0.000179215,9.014139679297026e-05,0.000179215
/opt/hostedtoolcache/Python/3.11.16/x64/lib/python3.11/re/_parser.py,963,fix_flags,76,76,0.00017771600000000002,8.93874311439305e-05,0.000241041
/opt/hostedtoolcache/Python/3.11.16/x64/lib/python3.11/inspect.py,3002,<genexpr>,92,92,0.00017623900000000002,8.86445310347699e-05,0.000267029
<frozen os>,674,__getitem__,44,44,0.000174307,8.767277544174465e-05,0.000404337
/opt/hostedtoolcache/Python/3.11.16/x64/lib/python3.11/email/quoprimime.py,1,<module>,1,1,0.00017339500000000002,8.721405851584454e-05,0.00035545300000000004
/opt/hostedtoolcache/Python/3.11.16/x64/lib/python3.11/inspect.py,2722,name,178,178,0.000171406,8.621363311495053e-05,0.000171406
/opt/hostedtoolcache/Python/3.11.16/x64/lib/python3.11/json/__init__.py,120,dump,1,1,0.000170514,8.576497577075876e-05,0.000778452
~,0,<built-in method _sre.compile>,76,76,0.000169456,8.52328238983878e-05,0.000169456
/opt/hostedtoolcache/Python/3.11.16/x64/lib/python3.11/logging/__init__.py,1327,getLogger,28,28,0.000169349,8.517900513624819e-05,0.000477952
<frozen importlib._bootstrap>,357,__init__,113,113,0.00016903,8.501855480800025e-05,0.00016903
/opt/hostedtoolcache/Python/3.11.16/x64/lib/python3.11/dataclasses.py,646,_is_classvar,156,156,0.000167985,8.44929416637397e-05,0.000167985
/opt/hostedtoolcache/Python/3.11.16/x64/lib/python3.11/types.py,164,__init__,74,74,0.00016558,8.32832769633123e-05,0.000231405
/opt/hostedtoolcache/Python/3.11.16/x64/lib/python3.11/dataclasses.py,654,_is_initvar,156,156,0.000165365,8.31751364599477e-05,0.000165365
<frozen importlib._bootstrap>,48,_new_module,94,94,0.00016516200000000003,8.30730317056081e-05,0.00016516200000000003
~,0,<built-in method builtins.delattr>,78,78,0.00015573300000000002,7.833044190921318e-05,0.00027041900000000004
/opt/hostedtoolcache/Python/3.11.16/x64/lib/python3.11/typing.py,1595,copy_with,41,41,0.00014999900000000003,7.54463598334333e-05,0.0033439080000000005
<frozen importlib._bootstrap>,1207,_handle_fromlist,24,28,0.00014841,7.4647126066706e-05,0.009688619
/opt/hostedtoolcache/Python/3.11.16/x64/lib/python3.11/http/__init__.py,26,__new__,62,62,0.000147703,7.429151985331633e-05,0.00021680400000000002
/opt/hostedtoolcache/Python/3.11.16/x64/lib/python3.11/typing.py,715,<genexpr>,81,81,0.000147658,7.426888579447258e-05,0.002042636
~,0,<built-in method _imp.find_frozen>,113,113,0.00014666500000000003,7.376942756265372e-05,0.00014666500000000003
/opt/hostedtoolcache/Python/3.11.16/x64/lib/python3.11/dataclasses.py,660,_is_kw_only,156,156,0.00014598,7.342488688914321e-05,0.00014598
~,0,<built-in method _imp.is_builtin>,113,113,0.000144156,7.250745303734297e-05,0.000144156
/opt/hostedtoolcache/Python/3.11.16/x64/lib/python3.11/site-packages/httpx/_status_codes.py,28,__new__,62,62,0.000143912,7.238472614050127e-05,0.000200902
/opt/hostedtoolcache/Python/3.11.16/x64/lib/python3.11/dataclasses.py,425,<genexpr>,147,147,0.00014296100000000002,7.190639303026991e-05,0.00014296100000000002
/opt/hostedtoolcache/Python/3.11.16/x64/lib/python3.11/typing.py,866,__init__,29,29,0.000141802,7.132344027027185e-05,0.0005668410000000001
/opt/hostedtoolcache/Python/3.11.16/x64/lib/python3.11/enum.py,70,_is_internal_class,81,81,0.00014115900000000002,7.100002471834886e-05,0.00020802100000000002
/opt/hostedtoolcache/Python/3.11.16/x64/lib/python3.11/re/_compiler.py,31,_combine_flags,131,131,0.000141008,7.092407487645092e-05,0.000141008
<frozen importlib._bootstrap_external>,1411,_path_hooks,10,10,0.000140803,7.082096416394048e-05,0.000863982
/opt/hostedtoolcache/Python/3.11.16/x64/lib/python3.11/inspect.py,391,_has_code_flag,26,26,0.000139562,7.019676711893824e-05,0.000749987
/home/runner/work/_temp/scanner-verification-il7_c53e/final/tiktok_worker_scanner.py,3102,session_runtime,9,9,0.000138154,6.94885725666714e-05,0.008205919
/opt/hostedtoolcache/Python/3.11.16/x64/lib/python3.11/fractions.py,452,_add,14,14,0.000137314,6.906607013492129e-05,0.000262612
/opt/hostedtoolcache/Python/3.11.16/x64/lib/python3.11/shutil.py,1408,get_terminal_size,11,11,0.000136312,6.856208509133366e-05,0.000337248
<frozen os>,756,encode,44,44,0.00013560500000000001,6.8206478877944e-05,0.00021446100000000002
/opt/hostedtoolcache/Python/3.11.16/x64/lib/python3.11/re/_compiler.py,428,_get_iscased,129,129,0.000135116,6.79605221051752e-05,0.000135116
/opt/hostedtoolcache/Python/3.11.16/x64/lib/python3.11/shutil.py,710,rmtree,1,1,0.00013477200000000002,6.778749729979181e-05,0.49978754500000006
~,0,<built-in method builtins.repr>,136,136,0.000132752,6.677147954724989e-05,0.00013461700000000002
/home/runner/work/_temp/scanner-verification-il7_c53e/final/tiktok_worker_scanner.py,1454,__init__,3,3,0.00013252700000000001,6.665830925303111e-05,0.0028885070000000002
/opt/hostedtoolcache/Python/3.11.16/x64/lib/python3.11/typing.py,1591,<genexpr>,64,64,0.000131254,6.601801687729553e-05,0.000815912
/home/runner/work/_temp/scanner-verification-il7_c53e/final/tiktok_worker_scanner.py,3858,<genexpr>,63,63,0.00013115700000000002,6.596922790601011e-05,0.000168485
<frozen importlib._bootstrap>,165,__init__,114,114,0.00012971,6.5241417169412e-05,0.00012971
/home/runner/work/_temp/scanner-verification-il7_c53e/final/tests/benchmark_hybrid.py,115,run,19,19,0.000128638,6.470222358984521e-05,0.022096684000000002
/opt/hostedtoolcache/Python/3.11.16/x64/lib/python3.11/typing.py,1670,__getitem__,14,14,0.000127956,6.435919185359095e-05,0.0024347540000000003
/opt/hostedtoolcache/Python/3.11.16/x64/lib/python3.11/enum.py,1151,__init__,139,139,0.000125826,6.328784640165318e-05,0.000125826
/opt/hostedtoolcache/Python/3.11.16/x64/lib/python3.11/threading.py,856,__init__,8,8,0.000123322,6.202838677176956e-05,0.000319076
/opt/hostedtoolcache/Python/3.11.16/x64/lib/python3.11/site-packages/httpx/_urlparse.py,44,<listcomp>,1,1,0.000121298,6.101035710288595e-05,0.00019534400000000002
/opt/hostedtoolcache/Python/3.11.16/x64/lib/python3.11/re/_parser.py,77,__init__,76,76,0.00012090100000000001,6.08106744059755e-05,0.00012090100000000001
~,0,<method 'isidentifier' of 'str' objects>,134,134,0.00012089500000000001,6.0807656531463e-05,0.00012089500000000001
/opt/hostedtoolcache/Python/3.11.16/x64/lib/python3.11/dataclasses.py,827,_set_new_attribute,32,32,0.00012040600000000001,6.056169975869419e-05,0.000279396
/opt/hostedtoolcache/Python/3.11.16/x64/lib/python3.11/datetime.py,1,<module>,1,1,0.000119605,6.0158813511275334e-05,0.0020199370000000003
/opt/hostedtoolcache/Python/3.11.16/x64/lib/python3.11/argparse.py,164,__init__,11,11,0.00011846500000000001,5.958541735390019e-05,0.0006567140000000001
<frozen importlib._bootstrap_external>,1097,__init__,94,94,0.000117152,5.8925005814747944e-05,0.000117152
<frozen importlib._bootstrap>,413,has_location,107,107,0.00011648600000000001,5.859002174386036e-05,0.00011648600000000001
/opt/hostedtoolcache/Python/3.11.16/x64/lib/python3.11/dataclasses.py,287,__init__,78,78,0.00011540400000000001,5.804579837343939e-05,0.00011540400000000001
/opt/hostedtoolcache/Python/3.11.16/x64/lib/python3.11/urllib/parse.py,193,_userinfo,50,50,0.00011487700000000002,5.7780728395424745e-05,0.000161275
/opt/hostedtoolcache/Python/3.11.16/x64/lib/python3.11/enum.py,747,__delattr__,75,75,0.000114686,5.768465939011013e-05,0.000114686
/opt/hostedtoolcache/Python/3.11.16/x64/lib/python3.11/re/__init__.py,253,escape,41,41,0.00011242700000000001,5.654842963615361e-05,0.00018656600000000002
/opt/hostedtoolcache/Python/3.11.16/x64/lib/python3.11/site-packages/httpx/_types.py,1,<module>,1,1,0.000110236,5.544640246000542e-05,0.009615055
<frozen abc>,105,__new__,26,26,0.000110036,5.5345806642922054e-05,0.000961804
/opt/hostedtoolcache/Python/3.11.16/x64/lib/python3.11/dataclasses.py,392,_fields_in_init_order,7,7,0.000108169,5.440674469044891e-05,0.00023058800000000002
/opt/hostedtoolcache/Python/3.11.16/x64/lib/python3.11/dataclasses.py,396,<genexpr>,85,85,0.00010773,5.418593687195093e-05,0.00010773
~,0,<built-in method builtins.locals>,56,56,0.00010592,5.3275544727346543e-05,0.00010592
/opt/hostedtoolcache/Python/3.11.16/x64/lib/python3.11/typing.py,2910,__new__,2,2,0.00010146000000000001,5.103225800638765e-05,0.0013137110000000002
/opt/hostedtoolcache/Python/3.11.16/x64/lib/python3.11/site-packages/httpx/_status_codes.py,8,codes,1,1,0.000101098,5.085017957746677e-05,0.0031505170000000002
/opt/hostedtoolcache/Python/3.11.16/x64/lib/python3.11/urllib/request.py,1,<module>,1,1,9.8751e-05,4.966968766399357e-05,0.033355378000000005
/opt/hostedtoolcache/Python/3.11.16/x64/lib/python3.11/logging/__init__.py,2074,getLogger,28,28,9.763000000000001e-05,4.910584810924134e-05,0.000597945
/opt/hostedtoolcache/Python/3.11.16/x64/lib/python3.11/dataclasses.py,509,_init_param,78,78,9.7081e-05,4.8829712591347525e-05,9.7081e-05
/opt/hostedtoolcache/Python/3.11.16/x64/lib/python3.11/gettext.py,479,find,3,3,9.7069e-05,4.882367684232252e-05,0.000742164
/opt/hostedtoolcache/Python/3.11.16/x64/lib/python3.11/fractions.py,62,__new__,29,29,9.700600000000001e-05,4.8791989159941274e-05,0.000139097
/opt/hostedtoolcache/Python/3.11.16/x64/lib/python3.11/site-packages/httpx/_client.py,1,<module>,1,1,9.685000000000001e-05,4.8713524422616246e-05,0.12055957900000001
~,0,<method '__contains__' of 'frozenset' objects>,112,112,9.553900000000001e-05,4.8054118841634834e-05,9.553900000000001e-05
<frozen zipimport>,64,__init__,11,11,9.521900000000001e-05,4.7893165534301466e-05,0.00031442800000000006
/opt/hostedtoolcache/Python/3.11.16/x64/lib/python3.11/pathlib.py,1053,read_text,10,10,9.509700000000001e-05,4.7831802085880613e-05,0.003277795
/opt/hostedtoolcache/Python/3.11.16/x64/lib/python3.11/argparse.py,1565,_get_optional_kwargs,11,11,9.4956e-05,4.776088203483684e-05,0.000154269
<frozen importlib._bootstrap_external>,1122,get_filename,94,94,9.339600000000001e-05,4.6976234661586656e-05,9.339600000000001e-05
/opt/hostedtoolcache/Python/3.11.16/x64/lib/python3.11/inspect.py,3059,_bind,1,1,9.310500000000001e-05,4.682986774773036e-05,0.00015568
/opt/hostedtoolcache/Python/3.11.16/x64/lib/python3.11/dataclasses.py,573,<listcomp>,7,7,9.2781e-05,4.6666902524055325e-05,0.000189862
<frozen importlib._bootstrap_external>,1562,__init__,10,10,9.1628e-05,4.608696763856976e-05,0.000318623
<frozen importlib._bootstrap_external>,1658,_fill_cache,10,10,9.0684e-05,4.561215538193631e-05,0.00044371700000000005
/opt/hostedtoolcache/Python/3.11.16/x64/lib/python3.11/typing.py,1655,__getitem_inner__,7,7,8.8679e-05,4.460368231567564e-05,0.00102932
/opt/hostedtoolcache/Python/3.11.16/x64/lib/python3.11/argparse.py,1918,_parse_known_args,1,1,8.812e-05,4.432251700692765e-05,0.000647848
/opt/hostedtoolcache/Python/3.11.16/x64/lib/python3.11/dataclasses.py,1106,<genexpr>,85,85,8.7478e-05,4.3999604434090076e-05,8.7478e-05
/opt/hostedtoolcache/Python/3.11.16/x64/lib/python3.11/queue.py,28,Queue,1,1,8.7083e-05,4.3800927695350444e-05,8.7083e-05
~,0,<built-in method _imp._fix_co_filename>,83,83,8.5868e-05,4.318980810656904e-05,8.5868e-05
/opt/hostedtoolcache/Python/3.11.16/x64/lib/python3.11/inspect.py,378,isfunction,47,47,8.552600000000001e-05,4.30177892593565e-05,0.000124337
/opt/hostedtoolcache/Python/3.11.16/x64/lib/python3.11/inspect.py,1943,_signature_get_user_defined_method,21,21,8.5099e-05,4.280301718988353e-05,0.000476792
/opt/hostedtoolcache/Python/3.11.16/x64/lib/python3.11/enum.py,229,__set_name__,74,74,8.492000000000001e-05,4.271298393359393e-05,8.492000000000001e-05
/opt/hostedtoolcache/Python/3.11.16/x64/lib/python3.11/typing.py,1679,<genexpr>,49,49,8.4901e-05,4.2703427330971005e-05,0.000936609
/home/runner/work/_temp/scanner-verification-il7_c53e/final/tiktok_worker_scanner.py,3774,export_rows,5,5,8.471800000000001e-05,4.261138215833974e-05,1.343208933
/opt/hostedtoolcache/Python/3.11.16/x64/lib/python3.11/dataclasses.py,820,_set_qualname,34,34,8.4394e-05,4.244841693466469e-05,0.000115928
<frozen importlib._bootstrap_external>,931,create_module,94,94,8.416400000000002e-05,4.2332731745018834e-05,8.416400000000002e-05
/opt/hostedtoolcache/Python/3.11.16/x64/lib/python3.11/site-packages/httpx/_urlparse.py,50,<listcomp>,1,1,8.202800000000001e-05,4.1258368418568565e-05,0.00015031000000000002
/opt/hostedtoolcache/Python/3.11.16/x64/lib/python3.11/dataclasses.py,437,_field_assign,78,78,8.173200000000001e-05,4.110948660928519e-05,8.173200000000001e-05
/home/runner/work/_temp/scanner-verification-il7_c53e/final/tiktok_worker_scanner.py,1594,get_client,2,2,8.1698e-05,4.1092385320381016e-05,0.0016619100000000002
/opt/hostedtoolcache/Python/3.11.16/x64/lib/python3.11/inspect.py,1774,_check_class,14,14,8.136100000000001e-05,4.0922881368595564e-05,0.000174856
/opt/hostedtoolcache/Python/3.11.16/x64/lib/python3.11/threading.py,945,start,8,8,8.1155e-05,4.081926767699971e-05,0.00119975
/opt/hostedtoolcache/Python/3.11.16/x64/lib/python3.11/site-packages/httpx/_urlparse.py,56,<listcomp>,1,1,8.0994e-05,4.0738288044247595e-05,0.00014626300000000002
/opt/hostedtoolcache/Python/3.11.16/x64/lib/python3.11/asyncio/coroutines.py,21,iscoroutinefunction,26,26,7.989000000000001e-05,4.018299913394747e-05,0.0009074220000000001
~,0,<built-in method builtins.abs>,96,96,7.930200000000001e-05,3.988724743172239e-05,7.930200000000001e-05
/opt/hostedtoolcache/Python/3.11.16/x64/lib/python3.11/site-packages/httpx/_urlparse.py,67,<listcomp>,1,1,7.879700000000001e-05,3.963324299358691e-05,0.00013612500000000002
/opt/hostedtoolcache/Python/3.11.16/x64/lib/python3.11/urllib/parse.py,156,username,25,25,7.8539e-05,3.9503474389549376e-05,0.00016772300000000002
/opt/hostedtoolcache/Python/3.11.16/x64/lib/python3.11/site-packages/httpx/_urlparse.py,90,<listcomp>,1,1,7.846800000000001e-05,3.946776287448479e-05,0.00013690500000000002
/opt/hostedtoolcache/Python/3.11.16/x64/lib/python3.11/site-packages/httpx/_urlparse.py,77,<listcomp>,1,1,7.845700000000001e-05,3.94622301045452e-05,0.00013572400000000002
~,0,<built-in method posix.cpu_count>,3,3,7.8056e-05,3.9260535491293065e-05,7.8056e-05
/opt/hostedtoolcache/Python/3.11.16/x64/lib/python3.11/site-packages/httpx/_models.py,1,<module>,1,1,7.803500000000001e-05,3.924997293049932e-05,0.071953584
<frozen importlib._bootstrap_external>,1568,<genexpr>,80,80,7.7779e-05,3.9121210284632616e-05,7.7779e-05
/opt/hostedtoolcache/Python/3.11.16/x64/lib/python3.11/inspect.py,292,isclass,45,45,7.7e-05,3.872938957709294e-05,0.00011340800000000001
/opt/hostedtoolcache/Python/3.11.16/x64/lib/python3.11/gettext.py,224,_expand_lang,6,6,7.588e-05,3.816605300142613e-05,0.00016887300000000002
/opt/hostedtoolcache/Python/3.11.16/x64/lib/python3.11/inspect.py,1762,_static_getmro,42,42,7.464200000000001e-05,3.754336489368014e-05,7.464200000000001e-05
~,0,<built-in method _sre.unicode_iscased>,84,84,7.4502e-05,3.747294782172179e-05,7.4502e-05
~,0,<built-in method builtins.callable>,88,88,7.4245e-05,3.7343682196769674e-05,7.4245e-05
/opt/hostedtoolcache/Python/3.11.16/x64/lib/python3.11/http/client.py,1,<module>,1,1,7.4046e-05,3.724358935877173e-05,0.022884717000000002
/opt/hostedtoolcache/Python/3.11.16/x64/lib/python3.11/email/message.py,979,MIMEPart,1,1,7.2796e-05,3.661486550200074e-05,7.2796e-05
/opt/hostedtoolcache/Python/3.11.16/x64/lib/python3.11/argparse.py,1395,register,37,37,7.255300000000001e-05,3.649264158424447e-05,0.000102292
/opt/hostedtoolcache/Python/3.11.16/x64/lib/python3.11/functools.py,660,_c3_merge,7,7,7.236200000000001e-05,3.639657257892986e-05,0.00011300100000000001
/opt/hostedtoolcache/Python/3.11.16/x64/lib/python3.11/calendar.py,52,_localized_month,1,1,7.1823e-05,3.612546685189021e-05,8.092e-05
/opt/hostedtoolcache/Python/3.11.16/x64/lib/python3.11/threading.py,1051,_stop,8,8,7.1773e-05,3.6100317897619365e-05,0.00021386900000000002
<frozen importlib._bootstrap_external>,1231,create_module,13,13,7.172e-05,3.607366000609227e-05,0.00236411
/opt/hostedtoolcache/Python/3.11.16/x64/lib/python3.11/typing.py,1040,__init__,9,9,7.1185e-05,3.58045661953943e-05,0.000534409
/opt/hostedtoolcache/Python/3.11.16/x64/lib/python3.11/functools.py,687,_c3_mro,1,7,7.1154e-05,3.578897384374637e-05,0.00022208400000000002
/opt/hostedtoolcache/Python/3.11.16/x64/lib/python3.11/unittest/mock.py,2178,__init__,77,77,7.081600000000001e-05,3.56189669128755e-05,7.081600000000001e-05
/opt/hostedtoolcache/Python/3.11.16/x64/lib/python3.11/site-packages/httpx/_client.py,189,__init__,2,2,7.0511e-05,3.5465558291823375e-05,0.001328869
/opt/hostedtoolcache/Python/3.11.16/x64/lib/python3.11/datetime.py,1665,datetime,1,1,7.039100000000001e-05,3.5405200801573364e-05,7.039100000000001e-05
/opt/hostedtoolcache/Python/3.11.16/x64/lib/python3.11/inspect.py,2726,default,79,79,7.013600000000001e-05,3.527694113479208e-05,7.013600000000001e-05
/opt/hostedtoolcache/Python/3.11.16/x64/lib/python3.11/asyncio/base_events.py,618,run_until_complete,3,3,6.9991e-05,3.5204009167406645e-05,142.171032724
/opt/hostedtoolcache/Python/3.11.16/x64/lib/python3.11/subprocess.py,1791,_execute_child,1,1,6.967300000000001e-05,3.5044061818244105e-05,0.000764095
/opt/hostedtoolcache/Python/3.11.16/x64/lib/python3.11/inspect.py,735,unwrap,14,14,6.961800000000001e-05,3.5016397968546184e-05,0.00011373600000000001
/opt/hostedtoolcache/Python/3.11.16/x64/lib/python3.11/uuid.py,139,__init__,5,5,6.895700000000001e-05,3.468392879308569e-05,9.5988e-05
/opt/hostedtoolcache/Python/3.11.16/x64/lib/python3.11/inspect.py,2037,_signature_bound_method,7,7,6.8538e-05,3.447318055629604e-05,0.000628244
/opt/hostedtoolcache/Python/3.11.16/x64/lib/python3.11/enum.py,798,<genexpr>,63,63,6.8237e-05,3.4321783851585594e-05,6.8237e-05
~,0,<built-in method _posixsubprocess.fork_exec>,1,1,6.788600000000001e-05,3.41452381926043e-05,6.788600000000001e-05
<frozen importlib._bootstrap_external>,1699,path_hook_for_FileFinder,11,11,6.6275e-05,3.333493888599785e-05,0.000530939
/opt/hostedtoolcache/Python/3.11.16/x64/lib/python3.11/dataclasses.py,401,_tuple_str,16,16,6.6152e-05,3.3273072458491584e-05,0.00012525400000000002
<frozen _collections_abc>,771,get,21,21,6.6116e-05,3.325496521141658e-05,0.000301636
/opt/hostedtoolcache/Python/3.11.16/x64/lib/python3.11/threading.py,611,wait,8,8,6.5067e-05,3.272734015081437e-05,0.0005739990000000001
/opt/hostedtoolcache/Python/3.11.16/x64/lib/python3.11/argparse.py,1342,__init__,3,3,6.503200000000001e-05,3.270973588282478e-05,0.000195655
/opt/hostedtoolcache/Python/3.11.16/x64/lib/python3.11/email/utils.py,1,<module>,1,1,6.4961e-05,3.267402436776018e-05,0.0037475700000000004
/opt/hostedtoolcache/Python/3.11.16/x64/lib/python3.11/typing.py,729,Literal,1,1,6.4841e-05,3.2613666877510165e-05,0.000534507
/opt/hostedtoolcache/Python/3.11.16/x64/lib/python3.11/http/cookiejar.py,1,<module>,1,1,6.432100000000001e-05,3.235211775309344e-05,0.024520688000000002
/opt/hostedtoolcache/Python/3.11.16/x64/lib/python3.11/threading.py,971,run,8,8,6.4238e-05,3.231037048900384e-05,52.128648231000014
/opt/hostedtoolcache/Python/3.11.16/x64/lib/python3.11/urllib/parse.py,175,port,25,25,6.3446e-05,3.1912011053353744e-05,0.00024388300000000002
/opt/hostedtoolcache/Python/3.11.16/x64/lib/python3.11/inspect.py,1804,getattr_static,14,14,6.2326e-05,3.134867447768694e-05,0.00031050900000000005
/opt/hostedtoolcache/Python/3.11.16/x64/lib/python3.11/site-packages/httpx/_multipart.py,26,<dictcomp>,1,1,6.2326e-05,3.134867447768694e-05,0.000123079
/opt/hostedtoolcache/Python/3.11.16/x64/lib/python3.11/site-packages/httpx/_urlparse.py,1,<module>,1,1,6.217500000000001e-05,3.1272724635789004e-05,0.011250506
/opt/hostedtoolcache/Python/3.11.16/x64/lib/python3.11/subprocess.py,1880,<genexpr>,19,19,6.185400000000001e-05,3.111126834937021e-05,0.000380691
/opt/hostedtoolcache/Python/3.11.16/x64/lib/python3.11/inspect.py,1790,_shadowed_dict,14,14,6.119300000000001e-05,3.0778799173909716e-05,7.6796e-05
/opt/hostedtoolcache/Python/3.11.16/x64/lib/python3.11/unittest/mock.py,505,_mock_add_spec,1,1,6.0502000000000005e-05,3.0431240625886713e-05,0.000974056
/opt/hostedtoolcache/Python/3.11.16/x64/lib/python3.11/argparse.py,1485,_add_action,11,11,6.0491e-05,3.0425707855947124e-05,0.000104115
/opt/hostedtoolcache/Python/3.11.16/x64/lib/python3.11/zipfile.py,1,<module>,1,1,6.0231000000000007e-05,3.0294933293738765e-05,0.00039035800000000005
/opt/hostedtoolcache/Python/3.11.16/x64/lib/python3.11/logging/__init__.py,228,_acquireLock,29,29,5.9321000000000003e-05,2.983722232600948e-05,8.781300000000001e-05
<frozen abc>,7,abstractmethod,57,57,5.8712e-05,2.9530908062990653e-05,5.8712e-05
/opt/hostedtoolcache/Python/3.11.16/x64/lib/python3.11/urllib/request.py,2404,ftpwrapper,1,1,5.8539e-05,2.9443892681213552e-05,5.8539e-05
/opt/hostedtoolcache/Python/3.11.16/x64/lib/python3.11/enum.py,239,__init__,65,65,5.851900000000001e-05,2.943383309950522e-05,5.851900000000001e-05
/opt/hostedtoolcache/Python/3.11.16/x64/lib/python3.11/hashlib.py,126,__get_openssl_constructor,14,14,5.8361000000000006e-05,2.935436240400936e-05,0.0006848490000000001
/opt/hostedtoolcache/Python/3.11.16/x64/lib/python3.11/re/_compiler.py,407,_generate_overlap_table,14,14,5.763e-05,2.8986684692569684e-05,8.0079e-05
/opt/hostedtoolcache/Python/3.11.16/x64/lib/python3.11/dataclasses.py,588,_repr_fn,7,7,5.7344000000000005e-05,2.8842832674140487e-05,0.001285717
/opt/hostedtoolcache/Python/3.11.16/x64/lib/python3.11/argparse.py,604,_format_args,11,11,5.7156000000000006e-05,2.8748272606082127e-05,0.00011779800000000001
/opt/hostedtoolcache/Python/3.11.16/x64/lib/python3.11/asyncio/tasks.py,728,gather,6,6,5.6958000000000006e-05,2.8648682747169606e-05,0.00015592200000000002
/opt/hostedtoolcache/Python/3.11.16/x64/lib/python3.11/random.py,1,<module>,1,1,5.6838e-05,2.8588325256919588e-05,0.002328653
/opt/hostedtoolcache/Python/3.11.16/x64/lib/python3.11/typing.py,284,_check_generic,27,27,5.6765e-05,2.855160778368416e-05,8.0341e-05
/opt/hostedtoolcache/Python/3.11.16/x64/lib/python3.11/threading.py,1125,_wait_for_tstate_lock,8,8,5.6535e-05,2.8435922594038297e-05,0.00039111
/opt/hostedtoolcache/Python/3.11.16/x64/lib/python3.11/hashlib.py,1,<module>,1,1,5.6434e-05,2.83851217064112e-05,0.001890146
<frozen codecs>,319,decode,12,12,5.6425e-05,2.838059489464245e-05,0.000131053
/opt/hostedtoolcache/Python/3.11.16/x64/lib/python3.11/threading.py,1087,join,8,8,5.6271000000000004e-05,2.830313611548827e-05,0.000489837
/opt/hostedtoolcache/Python/3.11.16/x64/lib/python3.11/argparse.py,1986,consume_optional,6,6,5.6144e-05,2.8239257771640335e-05,0.000493071
/opt/hostedtoolcache/Python/3.11.16/x64/lib/python3.11/email/quoprimime.py,55,<listcomp>,1,1,5.5795000000000004e-05,2.8063718070829874e-05,5.5795000000000004e-05
/opt/hostedtoolcache/Python/3.11.16/x64/lib/python3.11/email/_policybase.py,99,_extend_docstrings,1,1,5.5715000000000004e-05,2.8023479743996532e-05,0.00013770700000000001
/home/runner/work/_temp/scanner-verification-il7_c53e/final/report_generator.py,22,read_json,6,6,5.5694000000000006e-05,2.8012917183202778e-05,0.00329792
<frozen importlib._bootstrap_external>,1239,exec_module,13,13,5.5644000000000005e-05,2.798776822893194e-05,0.001065348
/opt/hostedtoolcache/Python/3.11.16/x64/lib/python3.11/inspect.py,167,get_annotations,7,7,5.5469e-05,2.7899746888984e-05,9.712e-05
/opt/hostedtoolcache/Python/3.11.16/x64/lib/python3.11/argparse.py,1399,_registry_get,28,28,5.5379000000000006e-05,2.7854478771296495e-05,8.0021e-05
/opt/hostedtoolcache/Python/3.11.16/x64/lib/python3.11/logging/__init__.py,237,_releaseLock,29,29,5.5355e-05,2.784240727324649e-05,7.9348e-05
/opt/hostedtoolcache/Python/3.11.16/x64/lib/python3.11/typing.py,500,__getitem__,20,22,5.5153000000000005e-05,2.7740805497992297e-05,0.005382052000000001
/home/runner/work/_temp/scanner-verification-il7_c53e/final/tiktok_worker_scanner.py,1271,__init__,3,3,5.4873e-05,2.7599971354075595e-05,0.000104685
/opt/hostedtoolcache/Python/3.11.16/x64/lib/python3.11/subprocess.py,807,__init__,1,1,5.4803000000000004e-05,2.7564762818096418e-05,0.000989695
/opt/hostedtoolcache/Python/3.11.16/x64/lib/python3.11/urllib/parse.py,160,password,25,25,5.459200000000001e-05,2.7458634231073476e-05,0.000126683
/opt/hostedtoolcache/Python/3.11.16/x64/lib/python3.11/importlib/resources/_common.py,1,<module>,1,1,5.4423000000000004e-05,2.7373630765638038e-05,0.0026490420000000003
/opt/hostedtoolcache/Python/3.11.16/x64/lib/python3.11/inspect.py,409,iscoroutinefunction,26,26,5.4210000000000004e-05,2.726649622044426e-05,0.0008041970000000001
/opt/hostedtoolcache/Python/3.11.16/x64/lib/python3.11/ssl.py,745,create_default_context,2,2,5.3611000000000006e-05,2.6965211748279603e-05,0.042255966000000006
/opt/hostedtoolcache/Python/3.11.16/x64/lib/python3.11/site-packages/httpx/_transports/default.py,1,<module>,1,1,5.3249000000000005e-05,2.6783133319358724e-05,0.001111894
/opt/hostedtoolcache/Python/3.11.16/x64/lib/python3.11/typing.py,1877,__init_subclass__,8,8,5.293600000000001e-05,2.662570086562327e-05,0.000132982
/opt/hostedtoolcache/Python/3.11.16/x64/lib/python3.11/sqlite3/dbapi2.py,1,<module>,1,1,5.2230000000000006e-05,2.6270597631319013e-05,0.00128651
/opt/hostedtoolcache/Python/3.11.16/x64/lib/python3.11/importlib/resources/readers.py,1,<module>,1,1,5.2097000000000006e-05,2.620370141295858e-05,0.0034413190000000004
~,0,<built-in method builtins.divmod>,60,60,5.1977e-05,2.6143343922708567e-05,5.1977e-05
/opt/hostedtoolcache/Python/3.11.16/x64/lib/python3.11/platform.py,1,<module>,1,1,5.1917000000000005e-05,2.6113165177583558e-05,0.015719151
/opt/hostedtoolcache/Python/3.11.16/x64/lib/python3.11/statistics.py,1,<module>,1,1,5.1596000000000005e-05,2.595170889116477e-05,0.014120398000000001
/opt/hostedtoolcache/Python/3.11.16/x64/lib/python3.11/encodings/__init__.py,43,normalize_encoding,2,2,5.1304e-05,2.5804838998223064e-05,8.771400000000001e-05
/opt/hostedtoolcache/Python/3.11.16/x64/lib/python3.11/typing.py,1641,__getitem__,8,8,5.040400000000001e-05,2.5352157821347954e-05,0.001177246
~,0,<method 'translate' of 'bytearray' objects>,41,41,5.033e-05,2.531493736902711e-05,5.033e-05
/opt/hostedtoolcache/Python/3.11.16/x64/lib/python3.11/fnmatch.py,74,translate,2,2,4.9867e-05,2.5082058052479136e-05,0.000115636
/opt/hostedtoolcache/Python/3.11.16/x64/lib/python3.11/site-packages/_distutils_hack/__init__.py,108,<lambda>,55,55,4.9734e-05,2.50151618341187e-05,4.9734e-05
/opt/hostedtoolcache/Python/3.11.16/x64/lib/python3.11/typing.py,2071,__init_subclass__,5,5,4.9201000000000005e-05,2.4747073981591553e-05,0.00011180800000000001
/opt/hostedtoolcache/Python/3.11.16/x64/lib/python3.11/typing.py,350,_flatten_literal_params,1,1,4.8937e-05,2.4614287503041517e-05,9.1711e-05
/opt/hostedtoolcache/Python/3.11.16/x64/lib/python3.11/site-packages/idna/core.py,1,<module>,1,1,4.8872e-05,2.4581593862489428e-05,0.0037460880000000003
/opt/hostedtoolcache/Python/3.11.16/x64/lib/python3.11/statistics.py,203,<genexpr>,15,15,4.8009e-05,2.4147522911774737e-05,0.000133386
/home/runner/work/_temp/scanner-verification-il7_c53e/final/tiktok_worker_scanner.py,1532,cache_saved_avatars,3,3,4.7858e-05,2.40715730698768e-05,0.00027342
/home/runner/work/_temp/scanner-verification-il7_c53e/final/tiktok_worker_scanner.py,3749,finalize,1,1,4.7822000000000004e-05,2.4053465822801798e-05,1.3909620950000001
/opt/hostedtoolcache/Python/3.11.16/x64/lib/python3.11/asyncio/runners.py,86,run,1,1,4.7549e-05,2.3916152532483012e-05,142.170415945
/opt/hostedtoolcache/Python/3.11.16/x64/lib/python3.11/argparse.py,1965,take_action,6,6,4.7407e-05,2.384472950235383e-05,0.00030833600000000004
/opt/hostedtoolcache/Python/3.11.16/x64/lib/python3.11/functools.py,65,wraps,28,28,4.7198000000000004e-05,2.373960687350172e-05,4.7198000000000004e-05
~,0,<built-in method _sre.unicode_tolower>,57,57,4.702e-05,2.365007659629753e-05,4.702e-05
/opt/hostedtoolcache/Python/3.11.16/x64/lib/python3.11/typing.py,306,_deduplicate,21,21,4.6954000000000005e-05,2.3616879976660024e-05,0.000480953
/opt/hostedtoolcache/Python/3.11.16/x64/lib/python3.11/uuid.py,1,<module>,1,1,4.6868000000000006e-05,2.357362377531418e-05,0.001279186
/opt/hostedtoolcache/Python/3.11.16/x64/lib/python3.11/re/_parser.py,304,checkgroupname,22,22,4.6779e-05,2.3528858636712084e-05,6.909800000000001e-05
/opt/hostedtoolcache/Python/3.11.16/x64/lib/python3.11/threading.py,839,<listcomp>,7,7,4.6658000000000006e-05,2.3467998167376652e-05,7.1845e-05
/opt/hostedtoolcache/Python/3.11.16/x64/lib/python3.11/inspect.py,300,ismethod,26,26,4.6630000000000006e-05,2.3453914752984983e-05,6.981000000000001e-05
~,0,<built-in method builtins.__import__>,8,9,4.6244000000000007e-05,2.32597648260141e-05,0.022427401000000003
/opt/hostedtoolcache/Python/3.11.16/x64/lib/python3.11/fractions.py,357,forward,14,14,4.5887e-05,2.3080201292520307e-05,0.000316501
/opt/hostedtoolcache/Python/3.11.16/x64/lib/python3.11/functools.py,421,_unwrap_partial,26,26,4.5633e-05,2.295244460482444e-05,6.6785e-05
/opt/hostedtoolcache/Python/3.11.16/x64/lib/python3.11/contextlib.py,272,contextmanager,8,8,4.548400000000001e-05,2.287750072109734e-05,0.000269901
/opt/hostedtoolcache/Python/3.11.16/x64/lib/python3.11/site-packages/httpx/_multipart.py,1,<module>,1,1,4.5285000000000004e-05,2.27774078830994e-05,0.0150057
/opt/hostedtoolcache/Python/3.11.16/x64/lib/python3.11/site-packages/httpx/_exceptions.py,1,<module>,1,1,4.4888e-05,2.2577725186188932e-05,0.0004949630000000001
/opt/hostedtoolcache/Python/3.11.16/x64/lib/python3.11/encodings/__init__.py,71,search_function,2,2,4.4694e-05,2.2480147243618074e-05,0.002313014
/opt/hostedtoolcache/Python/3.11.16/x64/lib/python3.11/argparse.py,1880,parse_known_args,1,1,4.4446e-05,2.2355408430434708e-05,0.0007165670000000001
/opt/hostedtoolcache/Python/3.11.16/x64/lib/python3.11/site-packages/httpx/_content.py,1,<module>,1,1,4.4215e-05,2.223922026170343e-05,0.016376578000000003
/opt/hostedtoolcache/Python/3.11.16/x64/lib/python3.11/site-packages/httpx/_auth.py,1,<module>,1,1,4.3923e-05,2.2092350368761725e-05,0.108822286
<frozen codecs>,309,__init__,12,12,4.384e-05,2.205060310467213e-05,6.067300000000001e-05
/opt/hostedtoolcache/Python/3.11.16/x64/lib/python3.11/subprocess.py,506,run,1,1,4.3212000000000006e-05,2.1734732239030392e-05,0.001144864
<frozen _collections_abc>,409,__subclasshook__,45,45,4.3157e-05,2.1707068389332467e-05,4.3157e-05
/opt/hostedtoolcache/Python/3.11.16/x64/lib/python3.11/dataclasses.py,228,_recursive_repr,7,7,4.3140000000000004e-05,2.169851774488038e-05,0.00024382600000000002
/home/runner/work/_temp/scanner-verification-il7_c53e/final/tiktok_worker_scanner.py,775,finalize,1,1,4.2909000000000005e-05,2.15823295761491e-05,0.002529387
/opt/hostedtoolcache/Python/3.11.16/x64/lib/python3.11/calendar.py,1,<module>,1,1,4.267e-05,2.1462117574734486e-05,0.000308365
/home/runner/work/_temp/scanner-verification-il7_c53e/final/tiktok_worker_scanner.py,3810,default_scan_config,1,1,4.2449e-05,2.1350959196857376e-05,0.0009560240000000001
~,0,<built-in method math.gcd>,43,43,4.1893e-05,2.107130282536564e-05,4.1893e-05
/home/runner/work/_temp/scanner-verification-il7_c53e/final/tiktok_worker_scanner.py,3340,__exit__,1,1,4.0685e-05,2.0463704090182157e-05,0.00029196500000000004
/opt/hostedtoolcache/Python/3.11.16/x64/lib/python3.11/concurrent/futures/thread.py,216,shutdown,4,4,4.0355e-05,2.0297720991994615e-05,0.00046976700000000006
/home/runner/work/_temp/scanner-verification-il7_c53e/final/hybrid_backend.py,165,factory,2,2,4.0339e-05,2.0289673326627945e-05,0.001506521
/home/runner/work/_temp/scanner-verification-il7_c53e/final/tiktok_worker_scanner.py,712,_build_document_locked,2,2,3.9995e-05,2.0116648521244568e-05,0.000124693
/opt/hostedtoolcache/Python/3.11.16/x64/lib/python3.11/site-packages/httpx/_multipart.py,29,<listcomp>,1,1,3.9935e-05,2.0086469776119566e-05,0.000184925
/opt/hostedtoolcache/Python/3.11.16/x64/lib/python3.11/argparse.py,1674,_add_action,11,11,3.9673000000000005e-05,1.995468925574037e-05,0.00015314700000000002
/opt/hostedtoolcache/Python/3.11.16/x64/lib/python3.11/enum.py,1377,_missing_,2,2,3.9544e-05,1.9889804953721597e-05,0.000125324
/home/runner/work/_temp/scanner-verification-il7_c53e/final/hybrid_backend.py,1,<module>,1,1,3.9463000000000005e-05,1.984906364780284e-05,0.014410159
/opt/hostedtoolcache/Python/3.11.16/x64/lib/python3.11/threading.py,562,__init__,8,8,3.9076e-05,1.9654410741746542e-05,9.571800000000001e-05
/opt/hostedtoolcache/Python/3.11.16/x64/lib/python3.11/site-packages/httpx/_client.py,1353,__init__,2,2,3.8962000000000004e-05,1.9597071126009026e-05,0.001381096
<frozen importlib._bootstrap_external>,999,source_to_code,11,11,3.8682e-05,1.9456236982092324e-05,0.02276754
~,0,<built-in method _codecs.utf_8_decode>,12,12,3.8148e-05,1.918764615047976e-05,3.8148e-05
/opt/hostedtoolcache/Python/3.11.16/x64/lib/python3.11/email/charset.py,1,<module>,1,1,3.8061e-05,1.9143886970048497e-05,0.001330723
/opt/hostedtoolcache/Python/3.11.16/x64/lib/python3.11/site-packages/httpx/_decoders.py,1,<module>,1,1,3.8022e-05,1.9124270785717242e-05,0.002008016
/opt/hostedtoolcache/Python/3.11.16/x64/lib/python3.11/site-packages/httpx/_api.py,1,<module>,1,1,3.796e-05,1.9093086082421402e-05,0.12210958100000001
~,0,<method 'endswith' of 'bytes' objects>,20,20,3.7680000000000005e-05,1.89522519385047e-05,3.7680000000000005e-05
/opt/hostedtoolcache/Python/3.11.16/x64/lib/python3.11/dataclasses.py,410,<listcomp>,16,16,3.7640000000000006e-05,1.8932132775088027e-05,3.7640000000000006e-05
/home/runner/work/_temp/scanner-verification-il7_c53e/final/tests/benchmark_hybrid.py,109,transport,2,2,3.6968e-05,1.8594130829687943e-05,0.0014307080000000002
/opt/hostedtoolcache/Python/3.11.16/x64/lib/python3.11/unittest/mock.py,420,__new__,1,1,3.6818000000000006e-05,1.8518683966875427e-05,0.00020834800000000002
/opt/hostedtoolcache/Python/3.11.16/x64/lib/python3.11/locale.py,396,normalize,6,6,3.6705e-05,1.8461847330223328e-05,5.7877e-05
/opt/hostedtoolcache/Python/3.11.16/x64/lib/python3.11/dataclasses.py,1221,wrap,7,7,3.6678000000000004e-05,1.8448266894917076e-05,0.019135134
/opt/hostedtoolcache/Python/3.11.16/x64/lib/python3.11/re/_parser.py,265,getwhile,9,9,3.6397000000000004e-05,1.8306929771914957e-05,5.8147000000000004e-05
/opt/hostedtoolcache/Python/3.11.16/x64/lib/python3.11/site-packages/httpx/_config.py,86,__init__,5,5,3.6392e-05,1.830441487648787e-05,6.0351000000000005e-05
/opt/hostedtoolcache/Python/3.11.16/x64/lib/python3.11/asyncio/selector_events.py,105,_make_self_pipe,1,1,3.6167e-05,1.8191244582269093e-05,0.000194052
/home/runner/work/_temp/scanner-verification-il7_c53e/final/tiktok_worker_scanner.py,1504,__aexit__,5,5,3.6058e-05,1.8136419861958664e-05,0.00022372800000000002
/opt/hostedtoolcache/Python/3.11.16/x64/lib/python3.11/site-packages/httpx/_transports/asgi.py,1,<module>,1,1,3.6028e-05,1.812133048939616e-05,0.001683571
/opt/hostedtoolcache/Python/3.11.16/x64/lib/python3.11/email/header.py,1,<module>,1,1,3.5669e-05,1.794076099773153e-05,0.0067649500000000005
/opt/hostedtoolcache/Python/3.11.16/x64/lib/python3.11/argparse.py,1742,__init__,1,1,3.5496e-05,1.7853745615954426e-05,0.0013002460000000001
/opt/hostedtoolcache/Python/3.11.16/x64/lib/python3.11/argparse.py,2205,_match_argument,6,6,3.5287e-05,1.7748622987102315e-05,0.00012318
/opt/hostedtoolcache/Python/3.11.16/x64/lib/python3.11/argparse.py,1599,_pop_action_class,11,11,3.5273e-05,1.774158127990648e-05,7.6752e-05
/opt/hostedtoolcache/Python/3.11.16/x64/lib/python3.11/inspect.py,2063,_signature_is_builtin,7,7,3.5265e-05,1.7737557447223147e-05,9.2525e-05
/opt/hostedtoolcache/Python/3.11.16/x64/lib/python3.11/enum.py,1514,__or__,5,5,3.508e-05,1.7644506316421043e-05,0.000255888
/opt/hostedtoolcache/Python/3.11.16/x64/lib/python3.11/threading.py,829,_maintain_shutdown_locks,7,7,3.5058e-05,1.763344077654187e-05,0.000117622
/opt/hostedtoolcache/Python/3.11.16/x64/lib/python3.11/argparse.py,2475,_get_values,6,6,3.4769000000000005e-05,1.7488079820856423e-05,0.00022757500000000002
/home/runner/work/_temp/scanner-verification-il7_c53e/final/tests/benchmark_hybrid.py,156,<lambda>,3,3,3.4735000000000005e-05,1.7470978531952248e-05,0.0011075170000000001
/opt/hostedtoolcache/Python/3.11.16/x64/lib/python3.11/site-packages/httpx/_client.py,594,Client,1,1,3.4695e-05,1.7450859368535576e-05,6.981000000000001e-05
/opt/hostedtoolcache/Python/3.11.16/x64/lib/python3.11/unittest/mock.py,1425,__enter__,1,1,3.4606e-05,1.740609422993348e-05,0.0017844990000000002
/opt/hostedtoolcache/Python/3.11.16/x64/lib/python3.11/enum.py,933,_check_for_existing_members_,6,6,3.4559e-05,1.738245421291889e-05,5.2730000000000005e-05
/opt/hostedtoolcache/Python/3.11.16/x64/lib/python3.11/pathlib.py,703,relative_to,3,3,3.4547000000000007e-05,1.7376418463893895e-05,0.00023886500000000002
/opt/hostedtoolcache/Python/3.11.16/x64/lib/python3.11/argparse.py,2597,_get_formatter,11,11,3.4443e-05,1.7324108639010547e-05,0.0006911570000000001
/opt/hostedtoolcache/Python/3.11.16/x64/lib/python3.11/email/errors.py,1,<module>,1,1,3.4205e-05,1.720439961668135e-05,0.00038283400000000003
/home/runner/work/_temp/scanner-verification-il7_c53e/final/scan_runtime.py,52,__init__,1,1,3.4125e-05,1.7164161289848004e-05,0.000138448
/home/runner/work/_temp/scanner-verification-il7_c53e/final/hybrid_backend.py,430,__aexit__,3,3,3.3813e-05,1.7007231815197966e-05,0.000275264
/opt/hostedtoolcache/Python/3.11.16/x64/lib/python3.11/threading.py,283,_acquire_restore,15,15,3.3662000000000004e-05,1.6931281973300033e-05,5.1364000000000005e-05
/opt/hostedtoolcache/Python/3.11.16/x64/lib/python3.11/enum.py,484,__prepare__,2,2,3.3621e-05,1.6910659830797943e-05,0.00017938400000000002
/home/runner/work/_temp/scanner-verification-il7_c53e/final/tiktok_worker_scanner.py,3306,__enter__,1,1,3.3603e-05,1.6901606207260442e-05,0.000430352
/opt/hostedtoolcache/Python/3.11.16/x64/lib/python3.11/typing.py,1981,_caller,9,9,3.3493e-05,1.6846278507864592e-05,5.0524000000000006e-05
/home/runner/work/_temp/scanner-verification-il7_c53e/final/direct_protocol.py,1,<module>,1,1,3.3413e-05,1.680604018103125e-05,0.007330804000000001
/opt/hostedtoolcache/Python/3.11.16/x64/lib/python3.11/email/feedparser.py,1,<module>,1,1,3.2712e-05,1.645345184215408e-05,0.016275239
~,0,<method 'locked' of '_thread.lock' objects>,36,36,3.2618000000000005e-05,1.6406171808124902e-05,3.2618000000000005e-05
/opt/hostedtoolcache/Python/3.11.16/x64/lib/python3.11/tempfile.py,1,<module>,1,1,3.2399e-05,1.6296019388418623e-05,0.000211735
/opt/hostedtoolcache/Python/3.11.16/x64/lib/python3.11/importlib/resources/_legacy.py,1,<module>,1,1,3.2201e-05,1.6196429529506098e-05,0.000390618
/home/runner/work/_temp/scanner-verification-il7_c53e/final/hybrid_backend.py,391,__init__,1,1,3.219e-05,1.6190896759566513e-05,0.003153482
/opt/hostedtoolcache/Python/3.11.16/x64/lib/python3.11/logging/__init__.py,1447,__init__,7,7,3.2051e-05,1.612098266669358e-05,5.9441e-05
/opt/hostedtoolcache/Python/3.11.16/x64/lib/python3.11/site-packages/httpx/_models.py,328,__delitem__,4,4,3.1998e-05,1.609432477516649e-05,7.6331e-05
/opt/hostedtoolcache/Python/3.11.16/x64/lib/python3.11/site-packages/httpx/_urls.py,1,<module>,1,1,3.197e-05,1.608024136077482e-05,0.017992962
/opt/hostedtoolcache/Python/3.11.16/x64/lib/python3.11/http/__init__.py,1,<module>,1,1,3.1677e-05,1.59328684887477e-05,0.004037621
/opt/hostedtoolcache/Python/3.11.16/x64/lib/python3.11/logging/__init__.py,1378,_fixupParents,7,7,3.1329000000000004e-05,1.5757831767022657e-05,4.8391000000000005e-05
/opt/hostedtoolcache/Python/3.11.16/x64/lib/python3.11/enum.py,979,_find_data_type_,4,4,3.113e-05,1.5657738929024715e-05,4.6989e-05
~,0,<method 'close' of '_io.TextIOWrapper' objects>,4,4,3.1078e-05,1.5631584016583042e-05,3.1078e-05
/opt/hostedtoolcache/Python/3.11.16/x64/lib/python3.11/inspect.py,1783,_is_type,14,14,3.0987e-05,1.558581291981011e-05,7.332700000000001e-05
/opt/hostedtoolcache/Python/3.11.16/x64/lib/python3.11/inspect.py,3007,from_callable,7,7,3.0918000000000005e-05,1.555110736291636e-05,0.0038953660000000004
<frozen genericpath>,16,exists,12,12,3.0814e-05,1.549879753803301e-05,7.699100000000001e-05
/opt/hostedtoolcache/Python/3.11.16/x64/lib/python3.11/site-packages/httpx/_transports/__init__.py,1,<module>,1,1,3.0728e-05,1.5455541336687164e-05,0.00560756
/opt/hostedtoolcache/Python/3.11.16/x64/lib/python3.11/encodings/utf_8_sig.py,54,_buffer_decode,5,5,3.0609e-05,1.5395686825522563e-05,4.6567e-05
/opt/hostedtoolcache/Python/3.11.16/x64/lib/python3.11/threading.py,280,_release_save,15,15,3.0417e-05,1.5299114841122543e-05,4.3721000000000004e-05
/home/runner/work/_temp/scanner-verification-il7_c53e/final/avatar_cache.py,125,__init__,2,2,3.0337e-05,1.52588765142892e-05,0.0017914410000000002
/opt/hostedtoolcache/Python/3.11.16/x64/lib/python3.11/concurrent/futures/thread.py,123,__init__,3,3,3.0286e-05,1.5233224580932943e-05,0.00010264200000000001
<frozen zipimport>,401,_read_directory,1,1,3.0269e-05,1.5224673936480858e-05,7.3658e-05
/opt/hostedtoolcache/Python/3.11.16/x64/lib/python3.11/asyncio/selector_events.py,86,close,1,1,3.0266e-05,1.5223164999224607e-05,0.000178624
/opt/hostedtoolcache/Python/3.11.16/x64/lib/python3.11/site-packages/httpx/_config.py,1,<module>,1,1,3.0228000000000003e-05,1.5204051793978771e-05,0.000111027
/opt/hostedtoolcache/Python/3.11.16/x64/lib/python3.11/urllib/parse.py,857,__missing__,13,13,2.9873000000000004e-05,1.502549421865581e-05,4.3151e-05
/home/runner/work/_temp/scanner-verification-il7_c53e/final/report_generator.py,1,<module>,1,1,2.9846000000000002e-05,1.5011913783349554e-05,0.004589631
/opt/hostedtoolcache/Python/3.11.16/x64/lib/python3.11/contextlib.py,305,asynccontextmanager,6,6,2.9699e-05,1.4937975857793286e-05,0.00025349300000000003
/home/runner/work/_temp/scanner-verification-il7_c53e/final/tests/benchmark_hybrid.py,135,<genexpr>,16,16,2.9654e-05,1.4915341798949531e-05,4.3422000000000005e-05
<frozen os>,619,get_exec_path,1,1,2.9592e-05,1.4884157095653689e-05,9.4886e-05
<frozen importlib._bootstrap_external>,164,_path_isdir,11,11,2.9574000000000002e-05,1.487510347211619e-05,0.00014604100000000002
<frozen runpy>,91,_run_module_code,1,1,2.9556000000000003e-05,1.4866049848578688e-05,146.74206944300002
/opt/hostedtoolcache/Python/3.11.16/x64/lib/python3.11/datetime.py,515,_check_date_fields,5,5,2.9424e-05,1.4799656609303668e-05,4.796e-05
/home/runner/work/_temp/scanner-verification-il7_c53e/final/tests/benchmark_hybrid.py,135,<dictcomp>,2,2,2.9123000000000002e-05,1.4648259904593215e-05,7.2545e-05
/opt/hostedtoolcache/Python/3.11.16/x64/lib/python3.11/unittest/mock.py,1130,_increment_mock_call,1,1,2.8995000000000003e-05,1.4583878581659865e-05,7.972900000000001e-05
/opt/hostedtoolcache/Python/3.11.16/x64/lib/python3.11/importlib/resources/abc.py,1,<module>,1,1,2.8884000000000003e-05,1.4528047903178601e-05,0.000822915
/opt/hostedtoolcache/Python/3.11.16/x64/lib/python3.11/asyncio/selector_events.py,49,__init__,1,1,2.8864e-05,1.4517988321470265e-05,0.000359741
/home/runner/work/_temp/scanner-verification-il7_c53e/final/vendor/tiktok_sign.py,1,<module>,1,1,2.8554e-05,1.436206480499106e-05,3.7039e-05
~,0,<built-in method _socket.socketpair>,1,1,2.8513000000000003e-05,1.4341442662488972e-05,2.8513000000000003e-05
/home/runner/work/_temp/scanner-verification-il7_c53e/final/hybrid_backend.py,140,__init__,2,2,2.8473000000000003e-05,1.4321323499072303e-05,0.001197974
/opt/hostedtoolcache/Python/3.11.16/x64/lib/python3.11/asyncio/tasks.py,764,_done_callback,3,3,2.8323000000000003e-05,1.4245876636259782e-05,8.303500000000001e-05
/opt/hostedtoolcache/Python/3.11.16/x64/lib/python3.11/site-packages/httpx/_models.py,515,Response,1,1,2.8253000000000002e-05,1.4210668100280607e-05,3.1859e-05
/opt/hostedtoolcache/Python/3.11.16/x64/lib/python3.11/concurrent/futures/thread.py,1,<module>,1,1,2.8164000000000003e-05,1.4165902961678513e-05,0.00011036600000000001
/opt/hostedtoolcache/Python/3.11.16/x64/lib/python3.11/pathlib.py,1230,exists,7,7,2.8121e-05,1.414427486100559e-05,0.000264072
/opt/hostedtoolcache/Python/3.11.16/x64/lib/python3.11/importlib/resources/_legacy.py,15,deprecated,7,7,2.7991e-05,1.4078887579901406e-05,0.00022416700000000002
/opt/hostedtoolcache/Python/3.11.16/x64/lib/python3.11/asyncio/locks.py,167,__init__,15,15,2.7813000000000003e-05,1.398935730269722e-05,2.7813000000000003e-05
/opt/hostedtoolcache/Python/3.11.16/x64/lib/python3.11/argparse.py,2531,_get_value,6,6,2.7791000000000002e-05,1.3978291762818048e-05,0.000180845
~,0,<built-in method _operator.index>,35,35,2.7487000000000003e-05,1.3825386120851345e-05,2.7487000000000003e-05
/opt/hostedtoolcache/Python/3.11.16/x64/lib/python3.11/typing.py,1636,copy_with,7,7,2.7331000000000003e-05,1.3746921383526327e-05,0.0006458330000000001
/opt/hostedtoolcache/Python/3.11.16/x64/lib/python3.11/site-packages/idna/__init__.py,1,<module>,1,1,2.7169e-05,1.3665438771688804e-05,0.005052003
~,0,<built-in method posix.get_terminal_size>,11,11,2.714e-05,1.3650852378211719e-05,2.714e-05
/opt/hostedtoolcache/Python/3.11.16/x64/lib/python3.11/fractions.py,261,denominator,29,29,2.7119000000000002e-05,1.3640289817417965e-05,2.7119000000000002e-05
/opt/hostedtoolcache/Python/3.11.16/x64/lib/python3.11/dataclasses.py,548,<dictcomp>,7,7,2.7109e-05,1.3635260026563797e-05,2.7109e-05
/home/runner/work/_temp/scanner-verification-il7_c53e/final/tests/benchmark_hybrid.py,133,process_io,2,2,2.7049e-05,1.360508128143879e-05,0.000407661
/opt/hostedtoolcache/Python/3.11.16/x64/lib/python3.11/site-packages/httpx/_client.py,188,BaseClient,1,1,2.6982e-05,1.3571381682715864e-05,3.4535e-05
/home/runner/work/_temp/scanner-verification-il7_c53e/final/tiktok_worker_scanner.py,1574,trust_store,2,2,2.6911e-05,1.3535670167651272e-05,0.054651879
/opt/hostedtoolcache/Python/3.11.16/x64/lib/python3.11/platform.py,1187,platform,1,1,2.6890000000000002e-05,1.3525107606857519e-05,0.001320081
/opt/hostedtoolcache/Python/3.11.16/x64/lib/python3.11/fractions.py,257,numerator,29,29,2.686e-05,1.3510018234295016e-05,2.686e-05
/opt/hostedtoolcache/Python/3.11.16/x64/lib/python3.11/platform.py,1119,python_version,1,1,2.669e-05,1.342451178977416e-05,5.7247e-05
/opt/hostedtoolcache/Python/3.11.16/x64/lib/python3.11/email/message.py,1,<module>,1,1,2.6553e-05,1.3355603655072062e-05,0.002336618
/opt/hostedtoolcache/Python/3.11.16/x64/lib/python3.11/collections/__init__.py,424,<genexpr>,27,27,2.6492000000000003e-05,1.3324921930861639e-05,2.6492000000000003e-05
/opt/hostedtoolcache/Python/3.11.16/x64/lib/python3.11/email/_policybase.py,1,<module>,1,1,2.6340000000000002e-05,1.3248469109878285e-05,0.012016445
/opt/hostedtoolcache/Python/3.11.16/x64/lib/python3.11/typing.py,966,__init__,9,9,2.6257000000000003e-05,1.3206721845788692e-05,0.00040350200000000003
/opt/hostedtoolcache/Python/3.11.16/x64/lib/python3.11/typing.py,757,<genexpr>,28,28,2.6168e-05,1.3161956707186598e-05,2.6168e-05
/opt/hostedtoolcache/Python/3.11.16/x64/lib/python3.11/mimetypes.py,1,<module>,1,1,2.6110000000000002e-05,1.3132783920232422e-05,0.0013030910000000001
/opt/hostedtoolcache/Python/3.11.16/x64/lib/python3.11/asyncio/base_events.py,390,__init__,1,1,2.6078e-05,1.3116688589499085e-05,6.6003e-05
/opt/hostedtoolcache/Python/3.11.16/x64/lib/python3.11/typing.py,1721,<genexpr>,28,28,2.6029e-05,1.3092042614313661e-05,2.6029e-05
<frozen _collections_abc>,78,_check_methods,9,9,2.5898000000000002e-05,1.3026152354124063e-05,2.5898000000000002e-05
/opt/hostedtoolcache/Python/3.11.16/x64/lib/python3.11/inspect.py,2426,_descriptor_get,7,7,2.5684e-05,1.291851482984487e-05,5.1340000000000007e-05
~,0,<method 'insert' of 'list' objects>,23,23,2.5658000000000004e-05,1.2905437373624036e-05,2.5658000000000004e-05
/opt/hostedtoolcache/Python/3.11.16/x64/lib/python3.11/argparse.py,1853,_add_action,11,11,2.5627e-05,1.2889845021976114e-05,0.000178774
/opt/hostedtoolcache/Python/3.11.16/x64/lib/python3.11/functools.py,668,<listcomp>,24,24,2.5579e-05,1.2865702025876106e-05,2.5579e-05
/opt/hostedtoolcache/Python/3.11.16/x64/lib/python3.11/queue.py,1,<module>,1,1,2.5458000000000003e-05,1.2804841556540676e-05,0.0009499220000000001
/opt/hostedtoolcache/Python/3.11.16/x64/lib/python3.11/pathlib.py,281,_make_selector,2,4,2.5338e-05,1.274448406629066e-05,0.001293263
/opt/hostedtoolcache/Python/3.11.16/x64/lib/python3.11/typing.py,1298,__mro_entries__,3,3,2.5104000000000002e-05,1.2626786960303132e-05,4.1848e-05
/home/runner/work/_temp/scanner-verification-il7_c53e/final/avatar_cache.py,1,<module>,1,1,2.5007000000000003e-05,1.2577997989017703e-05,0.0016405200000000001
/home/runner/work/_temp/scanner-verification-il7_c53e/final/hybrid_backend.py,52,__init__,2,2,2.4938e-05,1.2543292432123943e-05,0.00010419400000000001
/opt/hostedtoolcache/Python/3.11.16/x64/lib/python3.11/datetime.py,1673,__new__,3,3,2.4936000000000003e-05,1.254228647395311e-05,8.5049e-05
/opt/hostedtoolcache/Python/3.11.16/x64/lib/python3.11/asyncio/runners.py,65,close,1,1,2.4876e-05,1.2512107728828101e-05,0.001076567
/opt/hostedtoolcache/Python/3.11.16/x64/lib/python3.11/pathlib.py,260,compile_pattern,2,2,2.4706e-05,1.2426601284307246e-05,0.0012330000000000002
/opt/hostedtoolcache/Python/3.11.16/x64/lib/python3.11/typing.py,2893,<dictcomp>,2,2,2.4638e-05,1.2392398706498905e-05,0.0007467940000000001
/opt/hostedtoolcache/Python/3.11.16/x64/lib/python3.11/fractions.py,38,Fraction,1,1,2.4566e-05,1.2356184212348897e-05,4.27e-05
/opt/hostedtoolcache/Python/3.11.16/x64/lib/python3.11/enum.py,943,_get_mixins_,4,4,2.4412000000000003e-05,1.2278725433194711e-05,0.00010715900000000001
/opt/hostedtoolcache/Python/3.11.16/x64/lib/python3.11/asyncio/runners.py,160,run,1,1,2.4085e-05,1.211425127226342e-05,142.171985732
/home/runner/work/_temp/scanner-verification-il7_c53e/final/scan_statistics.py,14,__init__,1,1,2.3912e-05,1.2027235890486315e-05,8.8825e-05
/opt/hostedtoolcache/Python/3.11.16/x64/lib/python3.11/datetime.py,528,_check_time_fields,5,5,2.3842000000000003e-05,1.1992027354507141e-05,3.9304e-05
/opt/hostedtoolcache/Python/3.11.16/x64/lib/python3.11/site-packages/httpx/_transports/wsgi.py,1,<module>,1,1,2.3842000000000003e-05,1.1992027354507141e-05,7.8646e-05
/opt/hostedtoolcache/Python/3.11.16/x64/lib/python3.11/typing.py,1664,<genexpr>,15,15,2.3751000000000004e-05,1.1946256257734212e-05,5.8997000000000005e-05
/home/runner/work/_temp/scanner-verification-il7_c53e/final/tiktok_worker_scanner.py,3095,statistics_summary,3,3,2.3595e-05,1.1867791520409191e-05,0.0008579010000000001
/opt/hostedtoolcache/Python/3.11.16/x64/lib/python3.11/email/charset.py,206,__init__,2,2,2.3569e-05,1.1854714064188355e-05,3.8281e-05
/opt/hostedtoolcache/Python/3.11.16/x64/lib/python3.11/inspect.py,3261,signature,7,7,2.3372000000000003e-05,1.1755627184361248e-05,0.003918738000000001
/home/runner/work/_temp/scanner-verification-il7_c53e/final/tiktok_worker_scanner.py,3394,<setcomp>,2,2,2.3314e-05,1.1726454397407074e-05,2.3314e-05
/home/runner/work/_temp/scanner-verification-il7_c53e/final/tiktok_worker_scanner.py,3356,DurableScanState,1,1,2.3314e-05,1.1726454397407074e-05,2.3314e-05
/opt/hostedtoolcache/Python/3.11.16/x64/lib/python3.11/argparse.py,929,__init__,8,8,2.3195e-05,1.1666599886242475e-05,3.6027e-05
/opt/hostedtoolcache/Python/3.11.16/x64/lib/python3.11/inspect.py,3023,replace,7,7,2.2975000000000003e-05,1.1555944487450782e-05,0.000531723
/opt/hostedtoolcache/Python/3.11.16/x64/lib/python3.11/asyncio/base_events.py,181,_run_until_complete_cb,3,3,2.2974e-05,1.1555441508365365e-05,4.3280000000000006e-05
/opt/hostedtoolcache/Python/3.11.16/x64/lib/python3.11/typing.py,925,__hash__,12,12,2.2961000000000003e-05,1.1548902780254948e-05,3.3621e-05
/opt/hostedtoolcache/Python/3.11.16/x64/lib/python3.11/argparse.py,597,format,11,11,2.2924000000000003e-05,1.1530292554094527e-05,3.2439e-05
/opt/hostedtoolcache/Python/3.11.16/x64/lib/python3.11/sqlite3/__init__.py,1,<module>,1,1,2.2784e-05,1.1459875482136173e-05,0.0019225470000000001
/opt/hostedtoolcache/Python/3.11.16/x64/lib/python3.11/threading.py,1324,_make_invoke_excepthook,8,8,2.2742e-05,1.1438750360548669e-05,2.2742e-05
/opt/hostedtoolcache/Python/3.11.16/x64/lib/python3.11/email/_policybase.py,94,_append_doc,6,6,2.2692000000000002e-05,1.1413601406277832e-05,3.9884e-05
/opt/hostedtoolcache/Python/3.11.16/x64/lib/python3.11/decimal.py,1,<module>,1,1,2.2673e-05,1.1404044803654911e-05,0.001119288
<frozen runpy>,250,_get_code_from_file,1,1,2.2633e-05,1.138392564023824e-05,0.0033438670000000004
/opt/hostedtoolcache/Python/3.11.16/x64/lib/python3.11/email/_encoded_words.py,1,<module>,1,1,2.2532e-05,1.1333124752611143e-05,0.000631217
/opt/hostedtoolcache/Python/3.11.16/x64/lib/python3.11/dataclasses.py,624,_cmp_fn,7,7,2.25e-05,1.1317029421877807e-05,0.0009745350000000001
<frozen importlib._bootstrap>,216,_lock_unlock_module,5,5,2.2204e-05,1.1168147612594435e-05,0.000105979
/opt/hostedtoolcache/Python/3.11.16/x64/lib/python3.11/importlib/resources/_itertools.py,1,<module>,1,1,2.2192e-05,1.1162111863569434e-05,0.000640996
/home/runner/work/_temp/scanner-verification-il7_c53e/final/avatar_cache.py,166,__init__,1,1,2.214e-05,1.1135956951127761e-05,0.001345098
/opt/hostedtoolcache/Python/3.11.16/x64/lib/python3.11/http/__init__.py,163,__new__,9,9,2.2121e-05,1.112640034850484e-05,3.1178e-05
/opt/hostedtoolcache/Python/3.11.16/x64/lib/python3.11/site-packages/httpx/_models.py,334,<listcomp>,4,4,2.2002e-05,1.1066545837340244e-05,3.3743000000000005e-05
/opt/hostedtoolcache/Python/3.11.16/x64/lib/python3.11/numbers.py,32,Complex,1,1,2.1809e-05,1.0969470873854801e-05,3.6688000000000005e-05
/opt/hostedtoolcache/Python/3.11.16/x64/lib/python3.11/email/parser.py,1,<module>,1,1,2.1691000000000003e-05,1.0910119341775622e-05,0.016880417
<frozen _collections_abc>,907,pop,4,4,2.1644e-05,1.0886479324761034e-05,0.000163517
/opt/hostedtoolcache/Python/3.11.16/x64/lib/python3.11/gettext.py,519,translation,3,3,2.1601000000000002e-05,1.0864851224088112e-05,0.000763765
<frozen runpy>,262,run_path,1,1,2.1591e-05,1.0859821433233944e-05,146.74558189500002
~,0,<built-in method posix.pipe>,2,2,2.1509e-05,1.0818577148229765e-05,2.1509e-05
/opt/hostedtoolcache/Python/3.11.16/x64/lib/python3.11/unittest/mock.py,762,__setattr__,4,5,2.1379e-05,1.0753189867125582e-05,5.1766000000000005e-05
/opt/hostedtoolcache/Python/3.11.16/x64/lib/python3.11/platform.py,825,uname,2,2,2.133e-05,1.0728543891940159e-05,3.782e-05
/opt/hostedtoolcache/Python/3.11.16/x64/lib/python3.11/urllib/parse.py,833,__getattr__,7,7,2.129e-05,1.070842472852349e-05,2.129e-05
/opt/hostedtoolcache/Python/3.11.16/x64/lib/python3.11/importlib/resources/__init__.py,1,<module>,1,1,2.12e-05,1.0663156610835976e-05,0.004403625
/opt/hostedtoolcache/Python/3.11.16/x64/lib/python3.11/threading.py,1206,daemon,15,15,2.1121000000000003e-05,1.0623421263088052e-05,2.1121000000000003e-05
/opt/hostedtoolcache/Python/3.11.16/x64/lib/python3.11/argparse.py,844,__init__,11,11,2.0959e-05,1.054193865125053e-05,2.0959e-05
/opt/hostedtoolcache/Python/3.11.16/x64/lib/python3.11/site-packages/httpx/_transports/base.py,1,<module>,1,1,2.0638e-05,1.0380482364831741e-05,0.000222355
/opt/hostedtoolcache/Python/3.11.16/x64/lib/python3.11/dataclasses.py,603,<genexpr>,12,12,2.0497e-05,1.0309562313787973e-05,3.351e-05
/home/runner/work/_temp/scanner-verification-il7_c53e/final/report_generator.py,205,<dictcomp>,1,1,2.0346e-05,1.0233612471890037e-05,3.7029e-05
/home/runner/work/_temp/scanner-verification-il7_c53e/final/tiktok_worker_scanner.py,761,_persist_locked,2,2,2.0256e-05,1.0188344354202527e-05,0.002373475
/opt/hostedtoolcache/Python/3.11.16/x64/lib/python3.11/weakref.py,427,__setitem__,7,7,2.0158000000000002e-05,1.0139052403831682e-05,2.0158000000000002e-05
/opt/hostedtoolcache/Python/3.11.16/x64/lib/python3.11/random.py,493,<listcomp>,1,1,2.0107000000000002e-05,1.0113400470475425e-05,3.4153e-05
/opt/hostedtoolcache/Python/3.11.16/x64/lib/python3.11/asyncio/selector_events.py,265,_add_reader,1,1,2.0036000000000003e-05,1.0077688955410834e-05,9.513700000000001e-05
/opt/hostedtoolcache/Python/3.11.16/x64/lib/python3.11/dataclasses.py,592,<listcomp>,7,7,2.0036000000000003e-05,1.0077688955410834e-05,2.0036000000000003e-05
/opt/hostedtoolcache/Python/3.11.16/x64/lib/python3.11/mimetypes.py,405,_default_mime_types,1,1,1.9997000000000002e-05,1.0058072771079577e-05,1.9997000000000002e-05
/opt/hostedtoolcache/Python/3.11.16/x64/lib/python3.11/importlib/resources/_adapters.py,1,<module>,1,1,1.9988000000000002e-05,1.0053545959310826e-05,0.000255768
/home/runner/work/_temp/scanner-verification-il7_c53e/final/scan_runtime.py,1,<module>,1,1,1.9959e-05,1.003895956583374e-05,0.000720334
/opt/hostedtoolcache/Python/3.11.16/x64/lib/python3.11/typing.py,2891,_make_nmtuple,2,2,1.9877e-05,9.99771528082956e-06,0.0011919530000000002
~,0,<method 'setter' of 'property' objects>,16,16,1.9866e-05,9.992182510889977e-06,1.9866e-05
/opt/hostedtoolcache/Python/3.11.16/x64/lib/python3.11/encodings/utf_8_sig.py,50,__init__,5,5,1.9827e-05,9.972566326558722e-06,4.171800000000001e-05
/opt/hostedtoolcache/Python/3.11.16/x64/lib/python3.11/site-packages/httpx/_models.py,1084,__init__,3,3,1.9825e-05,9.971560368387888e-06,6.5894e-05
/opt/hostedtoolcache/Python/3.11.16/x64/lib/python3.11/threading.py,575,is_set,16,16,1.9806000000000003e-05,9.962003765764971e-06,1.9806000000000003e-05
/home/runner/work/_temp/scanner-verification-il7_c53e/final/hybrid_backend.py,149,__aenter__,3,3,1.9758e-05,9.937860769664962e-06,0.000152635
/opt/hostedtoolcache/Python/3.11.16/x64/lib/python3.11/contextlib.py,558,__exit__,2,2,1.9677e-05,9.897119463746204e-06,3.3672e-05
/home/runner/work/_temp/scanner-verification-il7_c53e/final/scan_runtime.py,30,runtime_ceiling,1,1,1.9607e-05,9.861910927767029e-06,0.000851629
/opt/hostedtoolcache/Python/3.11.16/x64/lib/python3.11/dataclasses.py,1017,<listcomp>,7,7,1.9395e-05,9.755279361658668e-06,1.9395e-05
/opt/hostedtoolcache/Python/3.11.16/x64/lib/python3.11/enum.py,1357,_iter_member_by_value_,6,6,1.9297000000000002e-05,9.705987411287823e-06,3.4425e-05
/opt/hostedtoolcache/Python/3.11.16/x64/lib/python3.11/__future__.py,1,<module>,1,1,1.9236e-05,9.675305687077398e-06,4.6015000000000006e-05
/opt/hostedtoolcache/Python/3.11.16/x64/lib/python3.11/http/cookiejar.py,1261,__init__,3,3,1.9174e-05,9.644120983781557e-06,3.5947e-05
~,0,<built-in method _sre.ascii_iscased>,22,22,1.9166000000000003e-05,9.640097151098224e-06,1.9166000000000003e-05
/opt/hostedtoolcache/Python/3.11.16/x64/lib/python3.11/re/__init__.py,163,match,6,6,1.9147e-05,9.630540548475304e-06,4.7449000000000006e-05
/opt/hostedtoolcache/Python/3.11.16/x64/lib/python3.11/argparse.py,588,_metavar_formatter,11,11,1.9075000000000003e-05,9.594326054325297e-06,2.2192e-05
/opt/hostedtoolcache/Python/3.11.16/x64/lib/python3.11/asyncio/base_events.py,587,_check_running,6,6,1.9017e-05,9.565153267371121e-06,3.0527e-05
/opt/hostedtoolcache/Python/3.11.16/x64/lib/python3.11/http/cookiejar.py,1246,CookieJar,1,1,1.8703e-05,9.407217834550248e-06,0.001984261
/opt/hostedtoolcache/Python/3.11.16/x64/lib/python3.11/subprocess.py,1282,_close_pipe_fds,1,1,1.8614e-05,9.362452695948156e-06,6.830700000000001e-05
/opt/hostedtoolcache/Python/3.11.16/x64/lib/python3.11/argparse.py,2342,_get_nargs_pattern,6,6,1.8612e-05,9.36144673777732e-06,2.9633000000000002e-05
/opt/hostedtoolcache/Python/3.11.16/x64/lib/python3.11/urllib/request.py,317,Request,1,1,1.8525e-05,9.31768755734606e-06,2.3344000000000002e-05
/opt/hostedtoolcache/Python/3.11.16/x64/lib/python3.11/re/_compiler.py,391,_bytes_to_codes,2,2,1.8435000000000002e-05,9.27241943965855e-06,3.0889e-05
/opt/hostedtoolcache/Python/3.11.16/x64/lib/python3.11/socket.py,651,socketpair,1,1,1.8427e-05,9.268395606975215e-06,5.8239e-05
/opt/hostedtoolcache/Python/3.11.16/x64/lib/python3.11/asyncio/queues.py,33,__init__,2,2,1.8425e-05,9.26738964880438e-06,2.7541000000000003e-05
/home/runner/work/_temp/scanner-verification-il7_c53e/final/backend_metrics.py,10,__init__,1,1,1.8323e-05,9.216085782091868e-06,6.3108e-05
/opt/hostedtoolcache/Python/3.11.16/x64/lib/python3.11/fractions.py,277,_operator_fallbacks,7,7,1.8134e-05,9.121022734948094e-06,1.8134e-05
/home/runner/work/_temp/scanner-verification-il7_c53e/final/tiktok_worker_scanner.py,1526,fill,3,3,1.7943e-05,9.024953729633487e-06,0.000292355
/opt/hostedtoolcache/Python/3.11.16/x64/lib/python3.11/numbers.py,1,<module>,1,1,1.7873e-05,8.989745193654311e-06,0.00030252400000000003
~,0,<method 'values' of 'mappingproxy' objects>,16,16,1.7825e-05,8.965602197554306e-06,1.7825e-05
/opt/hostedtoolcache/Python/3.11.16/x64/lib/python3.11/subprocess.py,1688,_get_handles,1,1,1.7785e-05,8.945483034137633e-06,7.7194e-05
/opt/hostedtoolcache/Python/3.11.16/x64/lib/python3.11/dataclasses.py,1204,dataclass,7,7,1.7752000000000002e-05,8.928884724318881e-06,0.015203508000000001
/opt/hostedtoolcache/Python/3.11.16/x64/lib/python3.11/pkgutil.py,407,get_importer,1,1,1.7713e-05,8.909268539987626e-06,0.00014501
/opt/hostedtoolcache/Python/3.11.16/x64/lib/python3.11/site-packages/httpx/_transports/mock.py,1,<module>,1,1,1.7572e-05,8.838348488943858e-06,0.00044575100000000004
<frozen importlib._bootstrap_external>,1220,__init__,13,13,1.7535e-05,8.819738262783437e-06,1.7535e-05
/opt/hostedtoolcache/Python/3.11.16/x64/lib/python3.11/subprocess.py,417,check_output,1,1,1.7533e-05,8.818732304612602e-06,0.0011666250000000001
/home/runner/work/_temp/scanner-verification-il7_c53e/final/tiktok_worker_scanner.py,1982,__init__,6,6,1.7353e-05,8.72819606923758e-06,3.5978e-05
/opt/hostedtoolcache/Python/3.11.16/x64/lib/python3.11/argparse.py,1652,__init__,2,2,1.7335000000000003e-05,8.71914244570008e-06,0.000145191
/opt/hostedtoolcache/Python/3.11.16/x64/lib/python3.11/email/message.py,141,Message,1,1,1.7251e-05,8.676892202525069e-06,0.000511674
/opt/hostedtoolcache/Python/3.11.16/x64/lib/python3.11/platform.py,1002,_sys_version,1,1,1.7103000000000002e-05,8.602451297883383e-06,3.0557e-05
/opt/hostedtoolcache/Python/3.11.16/x64/lib/python3.11/http/client.py,840,HTTPConnection,1,1,1.7092000000000002e-05,8.596918527943798e-06,1.7092000000000002e-05
/home/runner/work/_temp/scanner-verification-il7_c53e/final/tiktok_worker_scanner.py,3437,_set_control,3,3,1.7033e-05,8.567242761904208e-06,9.592e-05
/opt/hostedtoolcache/Python/3.11.16/x64/lib/python3.11/dataclasses.py,1043,<listcomp>,7,7,1.7e-05,8.550644452085453e-06,1.7e-05
/opt/hostedtoolcache/Python/3.11.16/x64/lib/python3.11/tempfile.py,361,mkdtemp,1,1,1.6981000000000002e-05,8.541087849462534e-06,0.000286584
/opt/hostedtoolcache/Python/3.11.16/x64/lib/python3.11/email/_policybase.py,104,<genexpr>,10,10,1.6872e-05,8.486263129152103e-06,2.1700000000000002e-05
/opt/hostedtoolcache/Python/3.11.16/x64/lib/python3.11/numbers.py,294,Integral,1,1,1.6842000000000002e-05,8.4711737565896e-06,3.1408e-05
<frozen codecs>,260,__init__,12,12,1.6833e-05,8.466646944820848e-06,1.6833e-05
/opt/hostedtoolcache/Python/3.11.16/x64/lib/python3.11/gettext.py,578,dgettext,3,3,1.6821e-05,8.460611195795847e-06,0.000783361
/opt/hostedtoolcache/Python/3.11.16/x64/lib/python3.11/site-packages/httpx/_client.py,305,headers,2,2,1.6754000000000003e-05,8.426911597072924e-06,0.000614547
/opt/hostedtoolcache/Python/3.11.16/x64/lib/python3.11/pathlib.py,736,is_relative_to,3,3,1.6753e-05,8.426408617987506e-06,0.000255618
/opt/hostedtoolcache/Python/3.11.16/x64/lib/python3.11/site-packages/httpx/_urls.py,15,URL,1,1,1.6741e-05,8.420372868962505e-06,1.6741e-05
/home/runner/work/_temp/scanner-verification-il7_c53e/final/tiktok_worker_scanner.py,582,__init__,1,1,1.6722e-05,8.410816266339584e-06,0.001192735
/opt/hostedtoolcache/Python/3.11.16/x64/lib/python3.11/functools.py,800,singledispatch,1,1,1.6631e-05,8.365045169566657e-06,4.7168e-05
/opt/hostedtoolcache/Python/3.11.16/x64/lib/python3.11/secrets.py,1,<module>,1,1,1.6531e-05,8.314747261024979e-06,0.0017223030000000001
~,0,<built-in method _sre.ascii_tolower>,21,21,1.649e-05,8.294125118522888e-06,1.649e-05
/opt/hostedtoolcache/Python/3.11.16/x64/lib/python3.11/functools.py,725,<listcomp>,1,7,1.6402e-05,8.249862959006212e-06,0.00017105900000000002
/home/runner/work/_temp/scanner-verification-il7_c53e/final/tiktok_worker_scanner.py,1092,__init__,4,4,1.6373e-05,8.235276565529125e-06,2.7331000000000003e-05
/opt/hostedtoolcache/Python/3.11.16/x64/lib/python3.11/http/client.py,258,HTTPResponse,1,1,1.631e-05,8.203588883147867e-06,1.631e-05
/opt/hostedtoolcache/Python/3.11.16/x64/lib/python3.11/fractions.py,1,<module>,1,1,1.6161e-05,8.128644999420765e-06,0.008753328000000001
/opt/hostedtoolcache/Python/3.11.16/x64/lib/python3.11/argparse.py,1612,_check_conflict,11,11,1.6111000000000002e-05,8.103496045149926e-06,1.6111000000000002e-05
/home/runner/work/_temp/scanner-verification-il7_c53e/final/tiktok_worker_scanner.py,3762,export_discoveries,1,1,1.6000000000000003e-05,8.047665366668662e-06,0.038500144
/opt/hostedtoolcache/Python/3.11.16/x64/lib/python3.11/importlib/resources/abc.py,56,Traversable,1,1,1.5989000000000002e-05,8.042132596729078e-06,0.000198631
/opt/hostedtoolcache/Python/3.11.16/x64/lib/python3.11/functools.py,732,_compose_mro,1,1,1.5909e-05,8.001894269895733e-06,0.000245748
/opt/hostedtoolcache/Python/3.11.16/x64/lib/python3.11/datetime.py,1336,__new__,2,2,1.5847000000000003e-05,7.970709566599894e-06,3.7970000000000004e-05
/opt/hostedtoolcache/Python/3.11.16/x64/lib/python3.11/dataclasses.py,599,_frozen_get_del_attr,2,2,1.5723000000000002e-05,7.908340160008211e-06,0.0005481440000000001
/opt/hostedtoolcache/Python/3.11.16/x64/lib/python3.11/statistics.py,414,mean,1,1,1.5479000000000002e-05,7.785613263166514e-06,0.017288348000000002
/opt/hostedtoolcache/Python/3.11.16/x64/lib/python3.11/typing.py,1552,__mro_entries__,3,3,1.545e-05,7.771026869689425e-06,6.1225e-05
/opt/hostedtoolcache/Python/3.11.16/x64/lib/python3.11/site-packages/certifi/core.py,21,where,2,2,1.5439000000000002e-05,7.765494099749843e-06,0.005026055000000001
/opt/hostedtoolcache/Python/3.11.16/x64/lib/python3.11/asyncio/events.py,754,_init_event_loop_policy,1,1,1.5429e-05,7.760464308895673e-06,3.9764e-05
/opt/hostedtoolcache/Python/3.11.16/x64/lib/python3.11/functools.py,981,__get__,1,1,1.5369e-05,7.730285563770668e-06,0.0012201450000000002
/home/runner/work/_temp/scanner-verification-il7_c53e/final/scan_runtime.py,147,__aexit__,2,2,1.5298e-05,7.694574048706075e-06,0.000388755
/home/runner/work/_temp/scanner-verification-il7_c53e/final/tiktok_worker_scanner.py,3433,_control,3,3,1.5282e-05,7.686526383339405e-06,5.0345e-05
/opt/hostedtoolcache/Python/3.11.16/x64/lib/python3.11/site-packages/httpx/_client.py,1307,AsyncClient,1,1,1.5268e-05,7.67948467614357e-06,4.9442000000000005e-05
/opt/hostedtoolcache/Python/3.11.16/x64/lib/python3.11/selectors.py,347,__init__,1,1,1.5219000000000001e-05,7.654838700958149e-06,2.2201e-05
/opt/hostedtoolcache/Python/3.11.16/x64/lib/python3.11/typing.py,723,Optional,2,2,1.5111000000000002e-05,7.6005169597331355e-06,0.00046947600000000003
/opt/hostedtoolcache/Python/3.11.16/x64/lib/python3.11/numbers.py,147,Real,1,1,1.5067000000000002e-05,7.578385879974796e-06,2.5147e-05
<frozen abc>,146,update_abstractmethods,7,7,1.5004e-05,7.546698197593537e-06,2.3276000000000002e-05
/opt/hostedtoolcache/Python/3.11.16/x64/lib/python3.11/email/_parseaddr.py,1,<module>,1,1,1.4988000000000001e-05,7.53865053222687e-06,0.001280118
~,0,<function socket.close at 0x7ffa22a47ba0>,2,2,1.4988000000000001e-05,7.53865053222687e-06,1.4988000000000001e-05
/opt/hostedtoolcache/Python/3.11.16/x64/lib/python3.11/asyncio/tasks.py,707,__init__,3,3,1.4938000000000002e-05,7.51350157795603e-06,1.7793e-05
/opt/hostedtoolcache/Python/3.11.16/x64/lib/python3.11/unittest/mock.py,1102,__init__,1,1,1.4708e-05,7.397816388310167e-06,0.0010344
/opt/hostedtoolcache/Python/3.11.16/x64/lib/python3.11/dataclasses.py,397,<genexpr>,7,7,1.4689000000000001e-05,7.388259785687249e-06,1.4689000000000001e-05
/opt/hostedtoolcache/Python/3.11.16/x64/lib/python3.11/enum.py,1008,_find_new_,2,2,1.4416e-05,7.2509464953684645e-06,2.9666e-05
/opt/hostedtoolcache/Python/3.11.16/x64/lib/python3.11/logging/__init__.py,202,_checkLevel,7,7,1.4396e-05,7.240886913660129e-06,1.9946000000000002e-05
/opt/hostedtoolcache/Python/3.11.16/x64/lib/python3.11/unittest/mock.py,2107,__init__,1,1,1.4337e-05,7.211211147620538e-06,0.001435768
/opt/hostedtoolcache/Python/3.11.16/x64/lib/python3.11/argparse.py,2243,_parse_optional,12,12,1.4336000000000001e-05,7.210708168535122e-06,1.4336000000000001e-05
/opt/hostedtoolcache/Python/3.11.16/x64/lib/python3.11/inspect.py,3015,parameters,15,15,1.4316000000000002e-05,7.2006485868267855e-06,1.4316000000000002e-05
/opt/hostedtoolcache/Python/3.11.16/x64/lib/python3.11/inspect.py,310,ismethoddescriptor,7,7,1.4301e-05,7.193103900545534e-06,3.1499000000000005e-05
<frozen io>,61,__getattr__,5,5,1.4296000000000002e-05,7.190589005118451e-06,1.4296000000000002e-05
/opt/hostedtoolcache/Python/3.11.16/x64/lib/python3.11/unittest/mock.py,1119,__call__,1,1,1.4276e-05,7.180529423410114e-06,0.0033069680000000004
~,0,<built-in method posix.waitpid>,1,1,1.4166000000000001e-05,7.1252017240142665e-06,1.4166000000000001e-05
~,0,<built-in method _abc._abc_register>,5,5,1.4136000000000002e-05,7.110112351451763e-06,0.00011083700000000001
/opt/hostedtoolcache/Python/3.11.16/x64/lib/python3.11/asyncio/selector_events.py,97,_close_self_pipe,1,1,1.4128000000000001e-05,7.106088518768429e-06,9.720200000000001e-05
/opt/hostedtoolcache/Python/3.11.16/x64/lib/python3.11/site-packages/httpx/_utils.py,1,<module>,1,1,1.4106e-05,7.095022978889258e-06,3.6959e-05
/opt/hostedtoolcache/Python/3.11.16/x64/lib/python3.11/dataclasses.py,1052,<listcomp>,7,7,1.4096e-05,7.089993188035091e-06,1.4096e-05
/opt/hostedtoolcache/Python/3.11.16/x64/lib/python3.11/tempfile.py,682,SpooledTemporaryFile,1,1,1.4017000000000001e-05,7.050257840287165e-06,1.4017000000000001e-05
/opt/hostedtoolcache/Python/3.11.16/x64/lib/python3.11/site-packages/httpx/_client.py,1978,aclose,2,2,1.3996000000000001e-05,7.039695279493413e-06,1.7873e-05
/opt/hostedtoolcache/Python/3.11.16/x64/lib/python3.11/logging/__init__.py,801,addFilter,6,6,1.3944e-05,7.013540367051739e-06,1.9165e-05
/opt/hostedtoolcache/Python/3.11.16/x64/lib/python3.11/encodings/utf_8_sig.py,1,<module>,1,1,1.3937e-05,7.010019513453821e-06,8.7173e-05
/home/runner/work/_temp/scanner-verification-il7_c53e/final/tiktok_worker_scanner.py,696,_profiles_locked,2,2,1.3875e-05,6.97883481015798e-06,1.9005000000000002e-05
/opt/hostedtoolcache/Python/3.11.16/x64/lib/python3.11/signal.py,56,signal,2,2,1.3858e-05,6.9702841657058944e-06,3.72e-05
/home/runner/work/_temp/scanner-verification-il7_c53e/final/tiktok_worker_scanner.py,1252,summary,1,1,1.3804e-05,6.943123295093388e-06,3.2089000000000004e-05
/opt/hostedtoolcache/Python/3.11.16/x64/lib/python3.11/zipfile.py,1246,ZipFile,1,1,1.3756e-05,6.918980298993382e-06,1.5219000000000001e-05
/opt/hostedtoolcache/Python/3.11.16/x64/lib/python3.11/site-packages/certifi/core.py,1,<module>,1,1,1.3755000000000001e-05,6.918477319907966e-06,0.005101897
/opt/hostedtoolcache/Python/3.11.16/x64/lib/python3.11/enum.py,1367,_iter_member_by_def_,6,6,1.3744000000000001e-05,6.912944549968381e-06,6.8867e-05
/opt/hostedtoolcache/Python/3.11.16/x64/lib/python3.11/platform.py,543,_platform,1,1,1.3668e-05,6.8747181394767045e-06,4.6627000000000006e-05
/opt/hostedtoolcache/Python/3.11.16/x64/lib/python3.11/http/client.py,108,<dictcomp>,1,1,1.3576e-05,6.8284440636183594e-06,1.3576e-05
<frozen os>,773,getenv,5,5,1.3574e-05,6.827438105447526e-06,7.498e-05
/opt/hostedtoolcache/Python/3.11.16/x64/lib/python3.11/argparse.py,1475,add_argument_group,2,2,1.3567e-05,6.823917251849609e-06,0.00016053
~,0,<built-in method posix.urandom>,2,2,1.3556e-05,6.818384481910023e-06,1.3556e-05
/opt/hostedtoolcache/Python/3.11.16/x64/lib/python3.11/selectors.py,180,get_key,2,2,1.3485e-05,6.782672966845432e-06,4.5876000000000006e-05
~,0,<built-in method sys.getrecursionlimit>,14,14,1.3477000000000002e-05,6.778649134162097e-06,1.3477000000000002e-05
/opt/hostedtoolcache/Python/3.11.16/x64/lib/python3.11/logging/__init__.py,764,__init__,6,6,1.3378000000000001e-05,6.7288542047058355e-06,1.8625000000000002e-05
/opt/hostedtoolcache/Python/3.11.16/x64/lib/python3.11/argparse.py,206,__init__,11,11,1.3343e-05,6.711249936716247e-06,1.3343e-05
/opt/hostedtoolcache/Python/3.11.16/x64/lib/python3.11/threading.py,429,__init__,3,3,1.3306000000000001e-05,6.692639710555827e-06,3.8563e-05
/home/runner/work/_temp/scanner-verification-il7_c53e/final/tiktok_worker_scanner.py,202,ListExportResult,1,1,1.3245000000000001e-05,6.661957986345402e-06,1.9376000000000002e-05
/opt/hostedtoolcache/Python/3.11.16/x64/lib/python3.11/unittest/mock.py,1176,_execute_mock_call,1,1,1.3165e-05,6.621719659512058e-06,0.00320643
/opt/hostedtoolcache/Python/3.11.16/x64/lib/python3.11/platform.py,753,from_subprocess,1,1,1.3046e-05,6.56186514834746e-06,0.001181023
/opt/hostedtoolcache/Python/3.11.16/x64/lib/python3.11/platform.py,796,__iter__,1,1,1.3044e-05,6.560859190176626e-06,0.001233189
/opt/hostedtoolcache/Python/3.11.16/x64/lib/python3.11/inspect.py,3019,return_annotation,14,14,1.2964000000000002e-05,6.520620863343284e-06,1.2964000000000002e-05
/opt/hostedtoolcache/Python/3.11.16/x64/lib/python3.11/contextlib.py,521,callback,2,2,1.2934e-05,6.50553149078078e-06,2.2262e-05
/opt/hostedtoolcache/Python/3.11.16/x64/lib/python3.11/http/cookiejar.py,92,<listcomp>,1,1,1.2933000000000001e-05,6.5050285116953625e-06,2.2963e-05
/opt/hostedtoolcache/Python/3.11.16/x64/lib/python3.11/signal.py,36,_enum_to_int,4,4,1.2923000000000001e-05,6.499998720841195e-06,1.2923000000000001e-05
/opt/hostedtoolcache/Python/3.11.16/x64/lib/python3.11/unittest/mock.py,1571,__exit__,1,1,1.2915000000000001e-05,6.495974888157861e-06,2.4887e-05
/opt/hostedtoolcache/Python/3.11.16/x64/lib/python3.11/dataclasses.py,1046,<listcomp>,7,7,1.2904e-05,6.490442118218276e-06,1.2904e-05
~,0,<built-in method builtins.globals>,15,15,1.2864e-05,6.470322954801604e-06,1.2864e-05
/opt/hostedtoolcache/Python/3.11.16/x64/lib/python3.11/inspect.py,505,isbuiltin,7,7,1.2796e-05,6.4361203769932625e-06,1.8537000000000002e-05
/opt/hostedtoolcache/Python/3.11.16/x64/lib/python3.11/subprocess.py,1165,communicate,1,1,1.2792e-05,6.434108460651595e-06,9.402500000000001e-05
/opt/hostedtoolcache/Python/3.11.16/x64/lib/python3.11/site-packages/httpx/_client.py,234,_enforce_trailing_slash,2,2,1.2672e-05,6.37375097040158e-06,2.4144e-05
<frozen posixpath>,150,dirname,2,2,1.2664000000000001e-05,6.3697271377182465e-06,2.4075000000000002e-05
/opt/hostedtoolcache/Python/3.11.16/x64/lib/python3.11/enum.py,772,__getattr__,3,3,1.2654000000000001e-05,6.364697346864078e-06,2.6199e-05
~,0,<method 'isalnum' of 'str' objects>,13,13,1.2625e-05,6.3501109533869905e-06,1.2625e-05
/opt/hostedtoolcache/Python/3.11.16/x64/lib/python3.11/pathlib.py,304,__init__,2,4,1.2622e-05,6.348602016130741e-06,0.001273265
/home/runner/work/_temp/scanner-verification-il7_c53e/final/backend_metrics.py,1,<module>,1,1,1.2453000000000001e-05,6.263598550695304e-06,7.8526e-05
/opt/hostedtoolcache/Python/3.11.16/x64/lib/python3.11/datetime.py,893,date,1,1,1.2363e-05,6.218330433007792e-06,1.2363e-05
/opt/hostedtoolcache/Python/3.11.16/x64/lib/python3.11/asyncio/base_events.py,565,shutdown_default_executor,2,2,1.2230000000000001e-05,6.151434214647359e-06,0.00020877000000000002
/opt/hostedtoolcache/Python/3.11.16/x64/lib/python3.11/unittest/mock.py,436,__init__,1,1,1.2184e-05,6.128297176718187e-06,0.000987222
/opt/hostedtoolcache/Python/3.11.16/x64/lib/python3.11/uuid.py,85,UUID,1,1,1.2153e-05,6.112704825070266e-06,1.3906e-05
/opt/hostedtoolcache/Python/3.11.16/x64/lib/python3.11/tempfile.py,154,__next__,1,1,1.2142e-05,6.10717205513068e-06,9.629900000000001e-05
~,0,<built-in method sys._getframe>,12,12,1.2123e-05,6.097615452507762e-06,1.2123e-05
/opt/hostedtoolcache/Python/3.11.16/x64/lib/python3.11/subprocess.py,2021,_wait,2,2,1.2094000000000001e-05,6.083029059030676e-06,3.9474e-05
/home/runner/work/_temp/scanner-verification-il7_c53e/final/direct_protocol.py,52,__init__,1,1,1.2080000000000001e-05,6.07598735183484e-06,4.7989000000000004e-05
/opt/hostedtoolcache/Python/3.11.16/x64/lib/python3.11/importlib/resources/abc.py,14,ResourceReader,1,1,1.2053000000000001e-05,6.0624069165285865e-06,0.000122509
/home/runner/work/_temp/scanner-verification-il7_c53e/final/scan_runtime.py,160,__init__,3,3,1.2041e-05,6.056371167503585e-06,1.8775000000000002e-05
/opt/hostedtoolcache/Python/3.11.16/x64/lib/python3.11/functools.py,852,register,2,2,1.1982000000000001e-05,6.0266954014639945e-06,4.4543000000000004e-05
/home/runner/work/_temp/scanner-verification-il7_c53e/final/hybrid_backend.py,549,create_client,1,1,1.1912e-05,5.991486865484819e-06,0.003167247
/opt/hostedtoolcache/Python/3.11.16/x64/lib/python3.11/signal.py,62,getsignal,2,2,1.1893000000000001e-05,5.9819302628619e-06,2.2272000000000003e-05
/opt/hostedtoolcache/Python/3.11.16/x64/lib/python3.11/pathlib.py,313,select_from,2,2,1.1882e-05,5.976397492922315e-06,7.4299e-05
~,0,<method 'items' of 'mappingproxy' objects>,11,11,1.1874e-05,5.97237366023898e-06,1.1874e-05
/opt/hostedtoolcache/Python/3.11.16/x64/lib/python3.11/inspect.py,3197,bind_partial,1,1,1.1873000000000001e-05,5.971870681153564e-06,0.000167553
/opt/hostedtoolcache/Python/3.11.16/x64/lib/python3.11/asyncio/locks.py,346,__init__,8,8,1.1871e-05,5.97086472298273e-06,1.1871e-05
/opt/hostedtoolcache/Python/3.11.16/x64/lib/python3.11/functools.py,774,_find_impl,1,1,1.1853000000000002e-05,5.961811099445229e-06,0.000259575
/opt/hostedtoolcache/Python/3.11.16/x64/lib/python3.11/dataclasses.py,327,__set_name__,5,5,1.1851e-05,5.960805141274395e-06,1.9685000000000002e-05
/opt/hostedtoolcache/Python/3.11.16/x64/lib/python3.11/functools.py,818,dispatch,1,1,1.1802000000000002e-05,5.936159166088973e-06,0.000275854
/opt/hostedtoolcache/Python/3.11.16/x64/lib/python3.11/site-packages/httpx/_models.py,139,Headers,1,1,1.1721e-05,5.895417860170211e-06,1.3274e-05
/opt/hostedtoolcache/Python/3.11.16/x64/lib/python3.11/http/cookiejar.py,884,__init__,3,3,1.1663e-05,5.866245073216037e-06,1.1663e-05
/home/runner/work/_temp/scanner-verification-il7_c53e/final/scan_statistics.py,1,<module>,1,1,1.1632000000000001e-05,5.850652721568117e-06,4.7499e-05
/opt/hostedtoolcache/Python/3.11.16/x64/lib/python3.11/argparse.py,958,__call__,6,6,1.1631000000000001e-05,5.850149742482701e-06,1.7543e-05
<frozen abc>,110,register,5,5,1.1621000000000001e-05,5.8451199516285325e-06,0.000122458
/opt/hostedtoolcache/Python/3.11.16/x64/lib/python3.11/email/_policybase.py,112,Policy,1,1,1.1612e-05,5.840593139859781e-06,1.7332e-05
/opt/hostedtoolcache/Python/3.11.16/x64/lib/python3.11/dataclasses.py,845,_hash_add,2,2,1.1565e-05,5.816953122845192e-06,0.00020070500000000002
/opt/hostedtoolcache/Python/3.11.16/x64/lib/python3.11/selectors.py,69,__getitem__,2,2,1.1550000000000001e-05,5.809408436563941e-06,2.8242e-05
/opt/hostedtoolcache/Python/3.11.16/x64/lib/python3.11/asyncio/runners.py,131,_lazy_init,2,2,1.1452000000000001e-05,5.760116486193095e-06,0.000447064
/opt/hostedtoolcache/Python/3.11.16/x64/lib/python3.11/subprocess.py,1259,wait,2,2,1.1441000000000001e-05,5.754583716253511e-06,5.0915e-05
/opt/hostedtoolcache/Python/3.11.16/x64/lib/python3.11/selectors.py,215,_fileobj_lookup,4,4,1.1311e-05,5.689196435149327e-06,2.3554000000000002e-05
~,0,<built-in method builtins.dir>,1,1,1.1231000000000001e-05,5.6489581083159845e-06,1.1231000000000001e-05
/opt/hostedtoolcache/Python/3.11.16/x64/lib/python3.11/pathlib.py,349,__init__,2,2,1.1221000000000001e-05,5.643928317461817e-06,0.0012487490000000002
~,0,<method 'disable' of '_lsprof.Profiler' objects>,9,9,1.1152000000000003e-05,5.609222760568058e-06,1.1152000000000003e-05
~,0,<method 'rsplit' of 'str' objects>,6,6,1.1151e-05,5.60871978148264e-06,1.1151e-05
/opt/hostedtoolcache/Python/3.11.16/x64/lib/python3.11/importlib/resources/_adapters.py,146,_reader,1,1,1.1071000000000001e-05,5.568481454649298e-06,0.004587858
/opt/hostedtoolcache/Python/3.11.16/x64/lib/python3.11/platform.py,549,<genexpr>,6,6,1.1022e-05,5.543835479463874e-06,1.515e-05
~,0,<built-in method sys.set_asyncgen_hooks>,6,6,1.1021e-05,5.543332500378457e-06,1.1021e-05
/home/runner/work/_temp/scanner-verification-il7_c53e/final/hybrid_backend.py,422,__aenter__,2,2,1.1001e-05,5.533272918670122e-06,0.000164527
/opt/hostedtoolcache/Python/3.11.16/x64/lib/python3.11/site-packages/httpx/_models.py,1079,Cookies,1,1,1.094e-05,5.502591194459697e-06,4.6296000000000005e-05
/opt/hostedtoolcache/Python/3.11.16/x64/lib/python3.11/dataclasses.py,346,__init__,7,7,1.0868e-05,5.4663767003096884e-06,1.0868e-05
<frozen os>,760,decode,4,4,1.0849e-05,5.456820097686769e-06,1.5569e-05
/opt/hostedtoolcache/Python/3.11.16/x64/lib/python3.11/statistics.py,1170,NormalDist,1,1,1.079e-05,5.427144331647179e-06,1.079e-05
/opt/hostedtoolcache/Python/3.11.16/x64/lib/python3.11/__future__.py,83,__init__,10,10,1.0779000000000001e-05,5.421611561707594e-06,1.0779000000000001e-05
/opt/hostedtoolcache/Python/3.11.16/x64/lib/python3.11/pathlib.py,1141,unlink,2,2,1.0761e-05,5.412557938170091e-06,5.6717000000000006e-05
~,0,<method 'difference_update' of 'set' objects>,7,7,1.0719e-05,5.391432816582586e-06,1.0719e-05
<frozen _collections_abc>,156,__subclasshook__,4,4,1.0679e-05,5.371313653165915e-06,2.22e-05
/opt/hostedtoolcache/Python/3.11.16/x64/lib/python3.11/asyncio/selector_events.py,281,_remove_reader,1,1,1.0678e-05,5.3708106740804985e-06,5.3870000000000004e-05
/opt/hostedtoolcache/Python/3.11.16/x64/lib/python3.11/datetime.py,2293,timezone,1,1,1.0551000000000001e-05,5.306932330232567e-06,0.000118652
/opt/hostedtoolcache/Python/3.11.16/x64/lib/python3.11/typing.py,2076,<genexpr>,10,10,1.0539e-05,5.300896581207564e-06,1.0539e-05
/home/runner/work/_temp/scanner-verification-il7_c53e/final/rate_limit_control.py,1,<module>,1,1,1.0520000000000001e-05,5.291339978584645e-06,5.0424000000000004e-05
/opt/hostedtoolcache/Python/3.11.16/x64/lib/python3.11/http/cookiejar.py,874,DefaultCookiePolicy,1,1,1.0499e-05,5.2807774177908925e-06,1.0499e-05
/home/runner/work/_temp/scanner-verification-il7_c53e/final/scan_statistics.py,13,ScanStatistics,1,1,1.0470000000000001e-05,5.266191024313806e-06,1.0470000000000001e-05
/home/runner/work/_temp/scanner-verification-il7_c53e/final/hybrid_backend.py,396,<dictcomp>,1,1,1.028e-05,5.1706249980846156e-06,0.001208254
/opt/hostedtoolcache/Python/3.11.16/x64/lib/python3.11/datetime.py,1311,time,1,1,1.021e-05,5.135416462105439e-06,1.021e-05
~,0,<built-in method _struct.calcsize>,5,5,1.0177000000000001e-05,5.118818152286686e-06,1.0177000000000001e-05
/opt/hostedtoolcache/Python/3.11.16/x64/lib/python3.11/pathlib.py,1070,write_text,1,1,1.0170000000000001e-05,5.115297298688768e-06,0.00014732500000000002
/opt/hostedtoolcache/Python/3.11.16/x64/lib/python3.11/ssl.py,740,verify_mode,2,2,1.0148e-05,5.104231758809599e-06,1.0148e-05
~,0,<built-in method _asyncio._set_running_loop>,6,6,1.0138e-05,5.0992019679554306e-06,1.0138e-05
<frozen os>,1081,__subclasshook__,3,3,1.0108e-05,5.084112595392927e-06,1.8674e-05
/opt/hostedtoolcache/Python/3.11.16/x64/lib/python3.11/datetime.py,923,__new__,2,2,1.0038000000000001e-05,5.0489040594137515e-06,3.3312e-05
/opt/hostedtoolcache/Python/3.11.16/x64/lib/python3.11/urllib/request.py,1699,URLopener,1,1,9.979e-06,5.019228293374162e-06,9.979e-06
<frozen codecs>,94,__new__,2,2,9.898e-06,4.9784869874554015e-06,1.2755e-05
/opt/hostedtoolcache/Python/3.11.16/x64/lib/python3.11/unittest/mock.py,2486,__new__,2,2,9.879e-06,4.968930384832481e-06,1.5579e-05
/opt/hostedtoolcache/Python/3.11.16/x64/lib/python3.11/site-packages/certifi/__init__.py,1,<module>,1,1,9.877e-06,4.967924426661648e-06,0.005987218000000001
/home/runner/work/_temp/scanner-verification-il7_c53e/final/tests/benchmark_hybrid.py,183,<dictcomp>,1,1,9.798e-06,4.928189078913722e-06,1.618e-05
/opt/hostedtoolcache/Python/3.11.16/x64/lib/python3.11/unittest/mock.py,150,_callable,2,2,9.777000000000001e-06,4.91762651811997e-06,1.611e-05
/opt/hostedtoolcache/Python/3.11.16/x64/lib/python3.11/importlib/readers.py,1,<module>,1,1,9.748e-06,4.9030401246428825e-06,0.003994562
/opt/hostedtoolcache/Python/3.11.16/x64/lib/python3.11/zipfile.py,2358,Path,1,1,9.738e-06,4.898010333788714e-06,9.738e-06
/opt/hostedtoolcache/Python/3.11.16/x64/lib/python3.11/urllib/error.py,1,<module>,1,1,9.7e-06,4.878897128542877e-06,0.0006368280000000001
/home/runner/work/_temp/scanner-verification-il7_c53e/final/tiktok_worker_scanner.py,1447,WorkerApiClient,1,1,9.699e-06,4.878394149457459e-06,9.699e-06
/home/runner/work/_temp/scanner-verification-il7_c53e/final/tests/benchmark_hybrid.py,108,factory,1,1,9.697e-06,4.877388191286626e-06,0.003178798
/home/runner/work/_temp/scanner-verification-il7_c53e/final/scan_runtime.py,211,close,3,3,9.688000000000001e-06,4.872861379517875e-06,1.4236e-05
/opt/hostedtoolcache/Python/3.11.16/x64/lib/python3.11/asyncio/events.py,803,set_event_loop,2,2,9.688000000000001e-06,4.872861379517875e-06,2.8092e-05
/opt/hostedtoolcache/Python/3.11.16/x64/lib/python3.11/pathlib.py,1046,read_bytes,1,1,9.677e-06,4.8673286095782904e-06,8.696200000000001e-05
/opt/hostedtoolcache/Python/3.11.16/x64/lib/python3.11/hashlib.py,82,__get_builtin_constructor,2,2,9.666e-06,4.861795839638706e-06,0.000564893
/opt/hostedtoolcache/Python/3.11.16/x64/lib/python3.11/site-packages/httpx/_main.py,1,<module>,1,1,9.638e-06,4.847712425247035e-06,0.000655032
/opt/hostedtoolcache/Python/3.11.16/x64/lib/python3.11/selectors.py,234,register,1,1,9.608e-06,4.832623052684532e-06,1.8163000000000002e-05
/opt/hostedtoolcache/Python/3.11.16/x64/lib/python3.11/asyncio/base_events.py,697,is_running,9,9,9.348000000000001e-06,4.7018484904761655e-06,9.348000000000001e-06
/opt/hostedtoolcache/Python/3.11.16/x64/lib/python3.11/asyncio/base_events.py,664,close,1,1,9.307e-06,4.681226347974078e-06,1.8494000000000003e-05
/opt/hostedtoolcache/Python/3.11.16/x64/lib/python3.11/uuid.py,721,uuid4,1,1,9.298e-06,4.6766995362053255e-06,3.0217000000000002e-05
/opt/hostedtoolcache/Python/3.11.16/x64/lib/python3.11/enum.py,117,_iter_bits_lsb,6,6,9.266e-06,4.6606042054719894e-06,1.1421000000000001e-05
/opt/hostedtoolcache/Python/3.11.16/x64/lib/python3.11/unittest/mock.py,1620,_patch_object,1,1,9.257000000000001e-06,4.656077393703238e-06,2.691e-05
/opt/hostedtoolcache/Python/3.11.16/x64/lib/python3.11/asyncio/base_events.py,1939,_set_coroutine_origin_tracking,6,6,9.237e-06,4.646017811994902e-06,9.237e-06
/opt/hostedtoolcache/Python/3.11.16/x64/lib/python3.11/typing.py,1049,<genexpr>,9,9,9.198e-06,4.626401627663647e-06,9.198e-06
/opt/hostedtoolcache/Python/3.11.16/x64/lib/python3.11/ssl.py,492,__new__,2,2,9.167e-06,4.610809276015726e-06,0.0013463420000000002
/opt/hostedtoolcache/Python/3.11.16/x64/lib/python3.11/socket.py,220,__init__,2,2,9.156e-06,4.605276506076141e-06,9.156e-06
/opt/hostedtoolcache/Python/3.11.16/x64/lib/python3.11/unittest/mock.py,53,_is_async_obj,1,1,9.147e-06,4.600749694307391e-06,9.383500000000001e-05
/opt/hostedtoolcache/Python/3.11.16/x64/lib/python3.11/zipfile.py,363,ZipInfo,1,1,9.117000000000001e-06,4.585660321744887e-06,9.117000000000001e-06
/opt/hostedtoolcache/Python/3.11.16/x64/lib/python3.11/random.py,103,Random,1,1,9.067e-06,4.560511367474047e-06,9.067e-06
/opt/hostedtoolcache/Python/3.11.16/x64/lib/python3.11/asyncio/unix_events.py,67,close,1,1,9.066000000000001e-06,4.560008388388631e-06,0.00019008500000000002
/home/runner/work/_temp/scanner-verification-il7_c53e/final/tiktok_worker_scanner.py,1540,take,1,1,9.047e-06,4.550451785765712e-06,0.10690498000000001
/opt/hostedtoolcache/Python/3.11.16/x64/lib/python3.11/argparse.py,2105,<listcomp>,6,6,8.998000000000001e-06,4.525805810580289e-06,8.998000000000001e-06
/opt/hostedtoolcache/Python/3.11.16/x64/lib/python3.11/unittest/mock.py,1280,__init__,1,1,8.967e-06,4.510213458932368e-06,1.7653000000000002e-05
/home/runner/work/_temp/scanner-verification-il7_c53e/final/tests/benchmark_hybrid.py,147,<genexpr>,3,3,8.957e-06,4.5051836680782e-06,1.2924e-05
/opt/hostedtoolcache/Python/3.11.16/x64/lib/python3.11/platform.py,792,processor,1,1,8.956e-06,4.504680688992784e-06,0.001201741
/opt/hostedtoolcache/Python/3.11.16/x64/lib/python3.11/re/_parser.py,903,_parse_flags,2,2,8.917000000000001e-06,4.485064504661529e-06,1.5448000000000002e-05
/opt/hostedtoolcache/Python/3.11.16/x64/lib/python3.11/selectors.py,351,register,1,1,8.899e-06,4.476010881124027e-06,3.2381e-05
/opt/hostedtoolcache/Python/3.11.16/x64/lib/python3.11/weakref.py,104,__init__,1,1,8.867e-06,4.459915550390689e-06,1.8104e-05
/opt/hostedtoolcache/Python/3.11.16/x64/lib/python3.11/urllib/error.py,35,HTTPError,1,1,8.827e-06,4.439796386974017e-06,1.057e-05
/opt/hostedtoolcache/Python/3.11.16/x64/lib/python3.11/email/encoders.py,1,<module>,1,1,8.817e-06,4.434766596119849e-06,0.0007941920000000001
/opt/hostedtoolcache/Python/3.11.16/x64/lib/python3.11/weakref.py,367,__init__,2,2,8.816000000000002e-06,4.434263617034433e-06,8.816000000000002e-06
/opt/hostedtoolcache/Python/3.11.16/x64/lib/python3.11/selectors.py,21,_fileobj_to_fd,4,4,8.775e-06,4.413641474532344e-06,1.2243000000000001e-05
/opt/hostedtoolcache/Python/3.11.16/x64/lib/python3.11/email/_encoded_words.py,73,_QByteMap,1,1,8.757000000000001e-06,4.404587850994843e-06,2.3434000000000003e-05
/opt/hostedtoolcache/Python/3.11.16/x64/lib/python3.11/gettext.py,616,gettext,3,3,8.716000000000001e-06,4.383965708492753e-06,0.0007920770000000001
/opt/hostedtoolcache/Python/3.11.16/x64/lib/python3.11/unittest/mock.py,68,_is_instance_mock,4,4,8.646e-06,4.348757172513578e-06,1.2093000000000001e-05
/opt/hostedtoolcache/Python/3.11.16/x64/lib/python3.11/pathlib.py,380,__init__,2,2,8.616e-06,4.333667799951074e-06,0.0012818810000000001
/opt/hostedtoolcache/Python/3.11.16/x64/lib/python3.11/bisect.py,1,<module>,1,1,8.536000000000001e-06,4.2934294731177316e-06,0.000555967
~,0,<built-in method maketrans>,2,2,8.485000000000001e-06,4.267777539761475e-06,8.485000000000001e-06
/opt/hostedtoolcache/Python/3.11.16/x64/lib/python3.11/tempfile.py,143,rng,1,1,8.457e-06,4.253694125369805e-06,4.0847000000000004e-05
/opt/hostedtoolcache/Python/3.11.16/x64/lib/python3.11/asyncio/unix_events.py,1440,set_event_loop,2,2,8.456e-06,4.253191146284387e-06,1.622e-05
/opt/hostedtoolcache/Python/3.11.16/x64/lib/python3.11/dataclasses.py,638,_hash_fn,2,2,8.395e-06,4.222509422073963e-06,0.00017798100000000002
/opt/hostedtoolcache/Python/3.11.16/x64/lib/python3.11/concurrent/futures/__init__.py,40,__getattr__,1,1,8.375e-06,4.212449840365628e-06,0.0006415860000000001
/opt/hostedtoolcache/Python/3.11.16/x64/lib/python3.11/platform.py,914,system,1,1,8.366000000000001e-06,4.207923028596877e-06,4.4704000000000004e-05
/home/runner/work/_temp/scanner-verification-il7_c53e/final/rate_limit_control.py,39,attach,1,1,8.325e-06,4.187300886094789e-06,1.2013e-05
/home/runner/work/_temp/scanner-verification-il7_c53e/final/report_generator.py,206,<dictcomp>,1,1,8.256e-06,4.152595329201029e-06,8.256e-06
/opt/hostedtoolcache/Python/3.11.16/x64/lib/python3.11/platform.py,736,get,1,1,8.255e-06,4.152092350115612e-06,0.001191592
/opt/hostedtoolcache/Python/3.11.16/x64/lib/python3.11/site-packages/httpx/_client.py,125,ClientState,1,1,8.246e-06,4.147565538346862e-06,0.00014980900000000002
~,0,<method 'seek' of '_io.BufferedReader' objects>,4,4,8.246e-06,4.147565538346862e-06,8.246e-06
/opt/hostedtoolcache/Python/3.11.16/x64/lib/python3.11/signal.py,24,_int_to_enum,4,4,8.145e-06,4.096764650719766e-06,1.3284e-05
/home/runner/work/_temp/scanner-verification-il7_c53e/final/tiktok_worker_scanner.py,3446,close,1,1,8.116e-06,4.082178257242678e-06,0.0026224100000000004
/opt/hostedtoolcache/Python/3.11.16/x64/lib/python3.11/urllib/response.py,1,<module>,1,1,8.067000000000001e-06,4.057532282057256e-06,7.3137e-05
/opt/hostedtoolcache/Python/3.11.16/x64/lib/python3.11/enum.py,360,__init__,2,2,8.055e-06,4.051496533032254e-06,8.055e-06
/home/runner/work/_temp/scanner-verification-il7_c53e/final/rate_limit_control.py,22,__init__,1,1,8.035e-06,4.041436951323918e-06,1.1461000000000001e-05
/opt/hostedtoolcache/Python/3.11.16/x64/lib/python3.11/calendar.py,54,<listcomp>,1,1,8.005e-06,4.026347578761414e-06,8.005e-06
/opt/hostedtoolcache/Python/3.11.16/x64/lib/python3.11/argparse.py,1603,_get_handler,3,3,7.994e-06,4.02081480882183e-06,1.2583000000000001e-05
/opt/hostedtoolcache/Python/3.11.16/x64/lib/python3.11/numbers.py,283,__float__,1,1,7.986000000000001e-06,4.016790976138496e-06,9.979e-06
/opt/hostedtoolcache/Python/3.11.16/x64/lib/python3.11/fractions.py,500,_div,1,1,7.986000000000001e-06,4.016790976138496e-06,1.5369e-05
/opt/hostedtoolcache/Python/3.11.16/x64/lib/python3.11/random.py,235,_randbelow_with_getrandbits,1,1,7.975e-06,4.0112582061989115e-06,2.5628000000000003e-05
/opt/hostedtoolcache/Python/3.11.16/x64/lib/python3.11/sqlite3/dbapi2.py,54,register_adapters_and_converters,1,1,7.945000000000001e-06,3.996168833636408e-06,1.3725000000000002e-05
<frozen importlib._bootstrap_external>,1136,get_resource_reader,1,1,7.884000000000001e-06,3.965487109425983e-06,0.004570045
/opt/hostedtoolcache/Python/3.11.16/x64/lib/python3.11/selectors.py,365,unregister,1,1,7.855e-06,3.950900715948896e-06,2.1671e-05
/opt/hostedtoolcache/Python/3.11.16/x64/lib/python3.11/tempfile.py,86,_infer_return_type,1,1,7.833000000000001e-06,3.939835176069727e-06,6.383900000000001e-05
/opt/hostedtoolcache/Python/3.11.16/x64/lib/python3.11/site-packages/httpx/_urls.py,420,QueryParams,1,1,7.725e-06,3.885513434844713e-06,7.725e-06
/opt/hostedtoolcache/Python/3.11.16/x64/lib/python3.11/importlib/resources/_common.py,59,from_package,1,1,7.716e-06,3.880986623075962e-06,0.004618325
/opt/hostedtoolcache/Python/3.11.16/x64/lib/python3.11/importlib/resources/readers.py,53,MultiplexedPath,1,1,7.714000000000001e-06,3.879980664905129e-06,7.714000000000001e-06
/opt/hostedtoolcache/Python/3.11.16/x64/lib/python3.11/warnings.py,182,_add_filter,1,1,7.613000000000001e-06,3.829179777278033e-06,1.1531e-05
/opt/hostedtoolcache/Python/3.11.16/x64/lib/python3.11/contextlib.py,403,__exit__,1,1,7.604e-06,3.8246529655092815e-06,1.1481e-05
/opt/hostedtoolcache/Python/3.11.16/x64/lib/python3.11/email/base64mime.py,1,<module>,1,1,7.524e-06,3.7844146386759383e-06,7.524e-06
/opt/hostedtoolcache/Python/3.11.16/x64/lib/python3.11/site-packages/httpx/_auth.py,175,DigestAuth,1,1,7.523000000000001e-06,3.7839116595905212e-06,7.523000000000001e-06
/opt/hostedtoolcache/Python/3.11.16/x64/lib/python3.11/site-packages/httpx/_config.py,173,__init__,5,5,7.463e-06,3.7537329144655144e-06,7.463e-06
/opt/hostedtoolcache/Python/3.11.16/x64/lib/python3.11/logging/__init__.py,795,__init__,7,7,7.444e-06,3.7441763118425947e-06,7.444e-06
/opt/hostedtoolcache/Python/3.11.16/x64/lib/python3.11/email/iterators.py,1,<module>,1,1,7.424e-06,3.7341167301342593e-06,9.909000000000001e-06
/opt/hostedtoolcache/Python/3.11.16/x64/lib/python3.11/datetime.py,573,timedelta,1,1,7.374e-06,3.7089677758634197e-06,7.374e-06
/opt/hostedtoolcache/Python/3.11.16/x64/lib/python3.11/datetime.py,1280,IsoCalendarDate,1,1,7.373e-06,3.708464796778003e-06,7.373e-06
/opt/hostedtoolcache/Python/3.11.16/x64/lib/python3.11/pathlib.py,440,__getitem__,1,1,7.354e-06,3.6989081941550834e-06,2.2842000000000003e-05
/opt/hostedtoolcache/Python/3.11.16/x64/lib/python3.11/calendar.py,74,<listcomp>,1,1,7.313e-06,3.6782860516529954e-06,7.313e-06
/opt/hostedtoolcache/Python/3.11.16/x64/lib/python3.11/datetime.py,2313,_create,3,3,7.293e-06,3.6682264699446595e-06,1.0019e-05
/opt/hostedtoolcache/Python/3.11.16/x64/lib/python3.11/importlib/resources/_common.py,47,get_package,1,1,7.243000000000001e-06,3.6430775156738204e-06,4.6597e-05
/opt/hostedtoolcache/Python/3.11.16/x64/lib/python3.11/functools.py,723,<listcomp>,7,7,7.201e-06,3.6219523940863145e-06,7.201e-06
/opt/hostedtoolcache/Python/3.11.16/x64/lib/python3.11/functools.py,841,_is_union_type,1,1,7.1830000000000005e-06,3.6128987705488127e-06,1.4797e-05
/opt/hostedtoolcache/Python/3.11.16/x64/lib/python3.11/fractions.py,369,reverse,1,1,7.172e-06,3.6073660006092275e-06,5.4221e-05
/opt/hostedtoolcache/Python/3.11.16/x64/lib/python3.11/statistics.py,333,_convert,1,1,7.163000000000001e-06,3.602839188840477e-06,1.8214000000000002e-05
~,0,<built-in method _hashlib.openssl_sha3_224>,1,1,7.1540000000000005e-06,3.5983123770717253e-06,7.1540000000000005e-06
~,0,<built-in method _hashlib.openssl_sha1>,1,1,7.143e-06,3.5927796071321405e-06,7.143e-06
/opt/hostedtoolcache/Python/3.11.16/x64/lib/python3.11/asyncio/locks.py,229,__init__,1,1,7.133e-06,3.5877498162779728e-06,8.816e-06
/opt/hostedtoolcache/Python/3.11.16/x64/lib/python3.11/importlib/resources/abc.py,131,TraversableResources,1,1,7.113e-06,3.577690234569637e-06,0.00014023100000000002
/opt/hostedtoolcache/Python/3.11.16/x64/lib/python3.11/pathlib.py,578,__eq__,1,1,7.1030000000000004e-06,3.5726604437154695e-06,1.9467000000000002e-05
~,0,<method '__init_subclass__' of 'object' objects>,8,8,7.102000000000001e-06,3.5721574646300525e-06,7.102000000000001e-06
/opt/hostedtoolcache/Python/3.11.16/x64/lib/python3.11/email/_policybase.py,279,Compat32,1,1,7.084e-06,3.56310384109255e-06,7.084e-06
~,0,<built-in method posix.uname>,1,1,7.073000000000001e-06,3.557571071152966e-06,7.073000000000001e-06
/opt/hostedtoolcache/Python/3.11.16/x64/lib/python3.11/quopri.py,1,<module>,1,1,7.023e-06,3.5324221168821255e-06,7.023e-06
/opt/hostedtoolcache/Python/3.11.16/x64/lib/python3.11/argparse.py,1873,parse_args,1,1,7.023e-06,3.5324221168821255e-06,0.0007235900000000001
/opt/hostedtoolcache/Python/3.11.16/x64/lib/python3.11/argparse.py,2076,consume_positionals,1,1,7.022000000000001e-06,3.531919137796709e-06,1.1902e-05
/opt/hostedtoolcache/Python/3.11.16/x64/lib/python3.11/email/header.py,175,Header,1,1,6.983000000000001e-06,3.5123029534654546e-06,6.983000000000001e-06
/opt/hostedtoolcache/Python/3.11.16/x64/lib/python3.11/importlib/resources/_adapters.py,42,CompatibilityFiles,1,1,6.9740000000000005e-06,3.507776141696703e-06,0.00016118100000000001
/opt/hostedtoolcache/Python/3.11.16/x64/lib/python3.11/socket.py,495,_real_close,2,2,6.963e-06,3.502243371757118e-06,2.1951e-05
/opt/hostedtoolcache/Python/3.11.16/x64/lib/python3.11/encodings/utf_8.py,33,getregentry,1,1,6.9620000000000004e-06,3.501740392671701e-06,1.3074e-05
~,0,<built-in method math.floor>,8,8,6.933e-06,3.4871539991946142e-06,6.933e-06
/opt/hostedtoolcache/Python/3.11.16/x64/lib/python3.11/warnings.py,467,__enter__,1,1,6.893000000000001e-06,3.4670348357779433e-06,8.226e-06
<frozen runpy>,65,_run_code,1,1,6.843e-06,3.4418858815071033e-06,146.742017355
/opt/hostedtoolcache/Python/3.11.16/x64/lib/python3.11/weakref.py,369,remove,3,3,6.804e-06,3.4222696971758486e-06,6.804e-06
/opt/hostedtoolcache/Python/3.11.16/x64/lib/python3.11/tempfile.py,230,_get_candidate_names,1,1,6.802e-06,3.421263739005015e-06,9.417e-06
/opt/hostedtoolcache/Python/3.11.16/x64/lib/python3.11/functools.py,904,wrapper,1,1,6.773e-06,3.406677345527928e-06,0.000290642
<frozen _collections_abc>,315,__subclasshook__,6,6,6.773e-06,3.406677345527928e-06,6.773e-06
/home/runner/work/_temp/scanner-verification-il7_c53e/final/tiktok_worker_scanner.py,1089,CredentialRedactor,1,1,6.7720000000000006e-06,3.4061743664425113e-06,0.001170072
/opt/hostedtoolcache/Python/3.11.16/x64/lib/python3.11/asyncio/events.py,686,set_event_loop,2,2,6.762000000000001e-06,3.4011445755883435e-06,7.764e-06
/home/runner/work/_temp/scanner-verification-il7_c53e/final/tiktok_worker_scanner.py,3686,advance_phase,1,1,6.753e-06,3.396617763819592e-06,2.0237000000000003e-05
/opt/hostedtoolcache/Python/3.11.16/x64/lib/python3.11/platform.py,778,uname_result,1,1,6.7430000000000005e-06,3.3915879729654243e-06,9.338000000000001e-06
/opt/hostedtoolcache/Python/3.11.16/x64/lib/python3.11/argparse.py,2557,_check_value,6,6,6.742000000000001e-06,3.391084993880008e-06,6.742000000000001e-06
/opt/hostedtoolcache/Python/3.11.16/x64/lib/python3.11/unittest/mock.py,332,_get,3,3,6.683e-06,3.3614092278404166e-06,1.1181e-05
~,0,<method 'rfind' of 'bytes' objects>,2,2,6.672000000000001e-06,3.355876457900832e-06,6.672000000000001e-06
/opt/hostedtoolcache/Python/3.11.16/x64/lib/python3.11/encodings/utf_8_sig.py,121,getregentry,1,1,6.671e-06,3.355373478815415e-06,1.3314000000000002e-05
/home/runner/work/_temp/scanner-verification-il7_c53e/final/tiktok_worker_scanner.py,3732,all_complete,1,1,6.652e-06,3.3458168761924963e-06,0.00020340900000000002
/opt/hostedtoolcache/Python/3.11.16/x64/lib/python3.11/selectors.py,483,close,1,1,6.642e-06,3.340787085338328e-06,1.4968000000000001e-05
/opt/hostedtoolcache/Python/3.11.16/x64/lib/python3.11/asyncio/coroutines.py,11,_is_debug_mode,1,1,6.603e-06,3.3211709010070734e-06,2.5618e-05
/opt/hostedtoolcache/Python/3.11.16/x64/lib/python3.11/warnings.py,166,simplefilter,1,1,6.603e-06,3.3211709010070734e-06,1.9096e-05
/opt/hostedtoolcache/Python/3.11.16/x64/lib/python3.11/asyncio/base_events.py,578,_do_shutdown,1,1,6.593e-06,3.3161411101529057e-06,0.000205252
/opt/hostedtoolcache/Python/3.11.16/x64/lib/python3.11/urllib/request.py,2144,FancyURLopener,1,1,6.593e-06,3.3161411101529057e-06,6.593e-06
/opt/hostedtoolcache/Python/3.11.16/x64/lib/python3.11/json/__init__.py,274,load,1,1,6.542e-06,3.2904891767966495e-06,5.7948e-05
/home/runner/work/_temp/scanner-verification-il7_c53e/final/tiktok_worker_scanner.py,1263,AsyncRequestGate,1,1,6.5120000000000005e-06,3.275399804234145e-06,3.8412000000000004e-05
/opt/hostedtoolcache/Python/3.11.16/x64/lib/python3.11/datetime.py,51,_days_in_month,5,5,6.511e-06,3.274896825148729e-06,6.511e-06
/opt/hostedtoolcache/Python/3.11.16/x64/lib/python3.11/functools.py,724,<listcomp>,7,7,6.482000000000001e-06,3.260310431671642e-06,6.482000000000001e-06
<frozen os>,818,fsdecode,2,2,6.4490000000000004e-06,3.2437121218528874e-06,1.0028000000000001e-05
/opt/hostedtoolcache/Python/3.11.16/x64/lib/python3.11/argparse.py,987,__init__,2,2,6.442e-06,3.24019126825497e-06,1.6831000000000002e-05
/opt/hostedtoolcache/Python/3.11.16/x64/lib/python3.11/urllib/parse.py,935,_byte_quoter_factory,1,1,6.441000000000001e-06,3.2396882891695534e-06,1.5117000000000001e-05
/home/runner/work/_temp/scanner-verification-il7_c53e/final/tiktok_worker_scanner.py,1200,__init__,1,1,6.4220000000000005e-06,3.2301316865466346e-06,7.654e-06
~,0,<method 'count' of 'list' objects>,6,6,6.413e-06,3.225604874777883e-06,6.413e-06
~,0,<built-in method _functools.reduce>,1,1,6.402000000000001e-06,3.2200721048382987e-06,8.185e-06
/opt/hostedtoolcache/Python/3.11.16/x64/lib/python3.11/unittest/mock.py,74,_is_exception,2,2,6.3710000000000005e-06,3.204479753190378e-06,9.889000000000001e-06
/opt/hostedtoolcache/Python/3.11.16/x64/lib/python3.11/calendar.py,150,Calendar,1,1,6.272e-06,3.1546848237341156e-06,6.272e-06
/home/runner/work/_temp/scanner-verification-il7_c53e/final/tests/benchmark_hybrid.py,110,<dictcomp>,2,2,6.262e-06,3.149655032879948e-06,6.262e-06
/opt/hostedtoolcache/Python/3.11.16/x64/lib/python3.11/importlib/resources/readers.py,16,__init__,1,1,6.231e-06,3.134062681232027e-06,9.516800000000001e-05
~,0,<built-in method math.exp>,1,1,6.231e-06,3.134062681232027e-06,6.231e-06
~,0,<method 'tolist' of 'memoryview' objects>,2,2,6.212e-06,3.124506078609108e-06,6.212e-06
/home/runner/work/_temp/scanner-verification-il7_c53e/final/tiktok_worker_scanner.py,1010,ProxyConfig,1,1,6.202e-06,3.11947628775494e-06,1.4798000000000001e-05
/opt/hostedtoolcache/Python/3.11.16/x64/lib/python3.11/enum.py,965,_find_data_repr_,2,2,6.19e-06,3.1134405387299383e-06,7.974e-06
/opt/hostedtoolcache/Python/3.11.16/x64/lib/python3.11/asyncio/events.py,762,get_event_loop_policy,3,3,6.182e-06,3.1094167060466043e-06,4.5946000000000004e-05
/opt/hostedtoolcache/Python/3.11.16/x64/lib/python3.11/platform.py,161,libc_ver,1,1,6.1520000000000006e-06,3.094327333484101e-06,1.0941e-05
/opt/hostedtoolcache/Python/3.11.16/x64/lib/python3.11/uuid.py,334,hex,1,1,6.142000000000001e-06,3.089297542629933e-06,6.142000000000001e-06
/opt/hostedtoolcache/Python/3.11.16/x64/lib/python3.11/concurrent/futures/thread.py,118,ThreadPoolExecutor,1,1,6.131e-06,3.0837647726903477e-06,6.131e-06
/opt/hostedtoolcache/Python/3.11.16/x64/lib/python3.11/email/_parseaddr.py,211,AddrlistClass,1,1,6.131e-06,3.0837647726903477e-06,6.131e-06
/home/runner/work/_temp/scanner-verification-il7_c53e/final/tiktok_worker_scanner.py,3286,__init__,1,1,6.1010000000000005e-06,3.068675400127844e-06,6.1010000000000005e-06
/opt/hostedtoolcache/Python/3.11.16/x64/lib/python3.11/unittest/mock.py,585,__set_side_effect,1,1,6.1010000000000005e-06,3.068675400127844e-06,2.7071000000000002e-05
/opt/hostedtoolcache/Python/3.11.16/x64/lib/python3.11/weakref.py,289,update,1,1,6.091000000000001e-06,3.0636456092736767e-06,9.237e-06
/home/runner/work/_temp/scanner-verification-il7_c53e/final/avatar_cache.py,200,close,1,1,6.071e-06,3.05358602756534e-06,7.674e-06
/opt/hostedtoolcache/Python/3.11.16/x64/lib/python3.11/tempfile.py,857,TemporaryDirectory,1,1,6.052000000000001e-06,3.0440294249424216e-06,6.052000000000001e-06
/opt/hostedtoolcache/Python/3.11.16/x64/lib/python3.11/random.py,800,getrandbits,1,1,6.051e-06,3.0435264458570045e-06,1.6601000000000003e-05
/opt/hostedtoolcache/Python/3.11.16/x64/lib/python3.11/socket.py,499,close,2,2,6.0110000000000006e-06,3.023407282440333e-06,2.7962e-05
/opt/hostedtoolcache/Python/3.11.16/x64/lib/python3.11/site-packages/httpx/_urls.py,282,raw_path,2,2,6.001000000000001e-06,3.0183774915861654e-06,8.416e-06
/opt/hostedtoolcache/Python/3.11.16/x64/lib/python3.11/unittest/mock.py,1085,_try_iter,1,1,5.992e-06,3.013850679817414e-06,1.8886000000000002e-05
/opt/hostedtoolcache/Python/3.11.16/x64/lib/python3.11/statistics.py,549,median,1,1,5.99e-06,3.01284472164658e-06,0.00032890400000000003
/home/runner/work/_temp/scanner-verification-il7_c53e/final/hybrid_backend.py,50,BackendGate,1,1,5.952000000000001e-06,2.9937315164007425e-06,4.0346e-05
/opt/hostedtoolcache/Python/3.11.16/x64/lib/python3.11/inspect.py,449,isawaitable,1,1,5.950000000000001e-06,2.992725558229909e-06,4.7919e-05
/opt/hostedtoolcache/Python/3.11.16/x64/lib/python3.11/mimetypes.py,64,MimeTypes,1,1,5.9310000000000005e-06,2.9831689556069895e-06,5.9310000000000005e-06
/opt/hostedtoolcache/Python/3.11.16/x64/lib/python3.11/email/parser.py,70,HeaderParser,1,1,5.911000000000001e-06,2.973109373898654e-06,5.911000000000001e-06
<frozen posixpath>,140,basename,1,1,5.899000000000001e-06,2.9670736248736526e-06,1.1611000000000001e-05
/opt/hostedtoolcache/Python/3.11.16/x64/lib/python3.11/logging/__init__.py,1467,debug,1,1,5.872000000000001e-06,2.9534931895673994e-06,3.0517000000000003e-05
/opt/hostedtoolcache/Python/3.11.16/x64/lib/python3.11/site-packages/idna/intranges.py,1,<module>,1,1,5.860000000000001e-06,2.9474574405423975e-06,5.860000000000001e-06
/opt/hostedtoolcache/Python/3.11.16/x64/lib/python3.11/asyncio/runners.py,62,__exit__,1,1,5.851e-06,2.9429306287736464e-06,0.0010824180000000001
/opt/hostedtoolcache/Python/3.11.16/x64/lib/python3.11/site-packages/httpx/_transports/default.py,135,HTTPTransport,1,1,5.8410000000000005e-06,2.9379008379194787e-06,5.8410000000000005e-06
/opt/hostedtoolcache/Python/3.11.16/x64/lib/python3.11/secrets.py,26,randbelow,1,1,5.8410000000000005e-06,2.9379008379194787e-06,3.1469e-05
/opt/hostedtoolcache/Python/3.11.16/x64/lib/python3.11/platform.py,772,_unknown_as_blank,6,6,5.821000000000001e-06,2.927841256211143e-06,5.821000000000001e-06
/opt/hostedtoolcache/Python/3.11.16/x64/lib/python3.11/importlib/resources/_adapters.py,12,__init__,2,2,5.781e-06,2.907722092794471e-06,7.875e-06
/opt/hostedtoolcache/Python/3.11.16/x64/lib/python3.11/importlib/resources/_adapters.py,165,wrap_spec,2,2,5.7800000000000006e-06,2.9072191137090543e-06,1.3655e-05
/opt/hostedtoolcache/Python/3.11.16/x64/lib/python3.11/urllib/request.py,939,AbstractBasicAuthHandler,1,1,5.771e-06,2.902692301940303e-06,0.001844511
~,0,<built-in method time.get_clock_info>,1,1,5.771e-06,2.902692301940303e-06,5.771e-06
/home/runner/work/_temp/scanner-verification-il7_c53e/final/scan_statistics.py,85,stop,1,1,5.760000000000001e-06,2.897159532000719e-06,2.2732000000000002e-05
/home/runner/work/_temp/scanner-verification-il7_c53e/final/hybrid_backend.py,390,HybridClient,1,1,5.731000000000001e-06,2.882573138523632e-06,5.731000000000001e-06
/opt/hostedtoolcache/Python/3.11.16/x64/lib/python3.11/importlib/resources/_common.py,42,resolve,1,1,5.681e-06,2.8574241842527915e-06,2.8373e-05
/opt/hostedtoolcache/Python/3.11.16/x64/lib/python3.11/datetime.py,545,_check_tzinfo_arg,5,5,5.671e-06,2.852394393398624e-06,6.523e-06
/opt/hostedtoolcache/Python/3.11.16/x64/lib/python3.11/asyncio/runners.py,49,__init__,1,1,5.621e-06,2.8272454391277846e-06,5.621e-06
/opt/hostedtoolcache/Python/3.11.16/x64/lib/python3.11/contextlib.py,398,__enter__,1,1,5.590000000000001e-06,2.811653087479864e-06,9.197e-06
/home/runner/work/_temp/scanner-verification-il7_c53e/final/tiktok_worker_scanner.py,830,ScanStateRecorder,1,1,5.55e-06,2.791533924063192e-06,5.55e-06
~,0,<built-in method sys.audit>,5,5,5.54e-06,2.786504133209024e-06,5.54e-06
/opt/hostedtoolcache/Python/3.11.16/x64/lib/python3.11/importlib/resources/_adapters.py,28,get_resource_reader,1,1,5.529000000000001e-06,2.7809713632694396e-06,0.004601132
/home/runner/work/_temp/scanner-verification-il7_c53e/final/tiktok_worker_scanner.py,1519,start_avatar_backfill,1,1,5.513e-06,2.7729236979027707e-06,4.25e-05
/opt/hostedtoolcache/Python/3.11.16/x64/lib/python3.11/importlib/resources/readers.py,15,FileReader,1,1,5.49e-06,2.7613551789381845e-06,5.49e-06
/opt/hostedtoolcache/Python/3.11.16/x64/lib/python3.11/argparse.py,964,__init__,2,2,5.479e-06,2.7558224089986e-06,1.0389e-05
/opt/hostedtoolcache/Python/3.11.16/x64/lib/python3.11/unittest/mock.py,1127,_mock_call,1,1,5.451e-06,2.7417389946069293e-06,0.003211881
/opt/hostedtoolcache/Python/3.11.16/x64/lib/python3.11/subprocess.py,1135,_get_devnull,1,1,5.419e-06,2.7256436638735924e-06,1.5448000000000002e-05
/opt/hostedtoolcache/Python/3.11.16/x64/lib/python3.11/datetime.py,765,__neg__,2,2,5.409e-06,2.7206138730194242e-06,0.00010906300000000001
/opt/hostedtoolcache/Python/3.11.16/x64/lib/python3.11/unittest/mock.py,337,_set,3,3,5.4e-06,2.716087061250673e-06,5.4e-06
/opt/hostedtoolcache/Python/3.11.16/x64/lib/python3.11/subprocess.py,1961,_handle_exitstatus,1,1,5.371000000000001e-06,2.701500667773587e-06,7.243000000000001e-06
/opt/hostedtoolcache/Python/3.11.16/x64/lib/python3.11/asyncio/events.py,808,new_event_loop,1,1,5.359000000000001e-06,2.695464918748585e-06,0.000419291
/opt/hostedtoolcache/Python/3.11.16/x64/lib/python3.11/site-packages/httpx/_models.py,382,Request,1,1,5.3500000000000004e-06,2.6909381069798336e-06,5.3500000000000004e-06
/opt/hostedtoolcache/Python/3.11.16/x64/lib/python3.11/typing.py,506,__getitem__,1,1,5.331e-06,2.681381504356915e-06,0.00054697
~,0,<method 'register' of 'select.epoll' objects>,1,1,5.319e-06,2.675345755331913e-06,5.319e-06
/opt/hostedtoolcache/Python/3.11.16/x64/lib/python3.11/importlib/resources/_common.py,17,files,1,1,5.31e-06,2.6708189435631623e-06,0.004670232000000001
/opt/hostedtoolcache/Python/3.11.16/x64/lib/python3.11/importlib/resources/_adapters.py,83,ChildPath,1,1,5.29e-06,2.6607593618548264e-06,5.29e-06
/home/runner/work/_temp/scanner-verification-il7_c53e/final/backend_metrics.py,9,BackendMetrics,1,1,5.29e-06,2.6607593618548264e-06,3.8792000000000004e-05
/opt/hostedtoolcache/Python/3.11.16/x64/lib/python3.11/calendar.py,295,TextCalendar,1,1,5.29e-06,2.6607593618548264e-06,5.29e-06
/opt/hostedtoolcache/Python/3.11.16/x64/lib/python3.11/tempfile.py,115,_sanitize_params,1,1,5.29e-06,2.6607593618548264e-06,6.912900000000001e-05
~,0,<method 'union' of 'set' objects>,3,3,5.281e-06,2.656232550086075e-06,5.281e-06
/opt/hostedtoolcache/Python/3.11.16/x64/lib/python3.11/selectors.py,209,__init__,1,1,5.279000000000001e-06,2.655226591915242e-06,6.982e-06
<frozen _collections_abc>,933,clear,1,1,5.27e-06,2.6506997801464905e-06,1.075e-05
/opt/hostedtoolcache/Python/3.11.16/x64/lib/python3.11/asyncio/events.py,667,__init__,1,1,5.27e-06,2.6506997801464905e-06,5.27e-06
/home/runner/work/_temp/scanner-verification-il7_c53e/final/backend_metrics.py,12,<dictcomp>,1,1,5.231e-06,2.631083595815236e-06,1.4678e-05
<frozen importlib._bootstrap>,1192,_gcd_import,1,1,5.22e-06,2.625550825875651e-06,1.5709e-05
/opt/hostedtoolcache/Python/3.11.16/x64/lib/python3.11/asyncio/unix_events.py,63,__init__,1,1,5.219e-06,2.6250478467902343e-06,0.00036496
/opt/hostedtoolcache/Python/3.11.16/x64/lib/python3.11/asyncio/events.py,693,new_event_loop,1,1,5.21e-06,2.6205210350214828e-06,0.00037017
/opt/hostedtoolcache/Python/3.11.16/x64/lib/python3.11/importlib/resources/_adapters.py,151,_native,1,1,5.19e-06,2.6104614533131473e-06,0.00459427
/opt/hostedtoolcache/Python/3.11.16/x64/lib/python3.11/asyncio/unix_events.py,1431,__init__,1,1,5.1090000000000006e-06,2.569720147394387e-06,1.0379e-05
<frozen runpy>,60,__exit__,1,1,5.069e-06,2.5496009839777153e-06,5.069e-06
~,0,<built-in method sys.exc_info>,2,2,5.049e-06,2.53954140226938e-06,5.049e-06
/opt/hostedtoolcache/Python/3.11.16/x64/lib/python3.11/email/feedparser.py,44,BufferedSubFile,1,1,5.03e-06,2.52998479964646e-06,5.03e-06
/opt/hostedtoolcache/Python/3.11.16/x64/lib/python3.11/site-packages/httpx/_config.py,72,Timeout,1,1,5.0290000000000005e-06,2.529481820561044e-06,5.0290000000000005e-06
/opt/hostedtoolcache/Python/3.11.16/x64/lib/python3.11/urllib/request.py,834,HTTPPasswordMgr,1,1,5.0190000000000006e-06,2.5244520297068758e-06,5.0190000000000006e-06
/home/runner/work/_temp/scanner-verification-il7_c53e/final/hybrid_backend.py,420,start_avatar_backfill,1,1,4.979e-06,2.5043328662902044e-06,4.7479000000000004e-05
/opt/hostedtoolcache/Python/3.11.16/x64/lib/python3.11/queue.py,258,_PySimpleQueue,1,1,4.979e-06,2.5043328662902044e-06,4.979e-06
/opt/hostedtoolcache/Python/3.11.16/x64/lib/python3.11/zipfile.py,833,ZipExtFile,1,1,4.969e-06,2.4993030754360362e-06,4.969e-06
/home/runner/work/_temp/scanner-verification-il7_c53e/final/tiktok_worker_scanner.py,1183,ProxyState,1,1,4.948e-06,2.4887405146422837e-06,1.0239000000000001e-05
/opt/hostedtoolcache/Python/3.11.16/x64/lib/python3.11/subprocess.py,1233,poll,1,1,4.9390000000000005e-06,2.4842137028735326e-06,6.091000000000001e-06
/opt/hostedtoolcache/Python/3.11.16/x64/lib/python3.11/concurrent/futures/thread.py,46,_WorkItem,1,1,4.93e-06,2.4796868911047815e-06,4.93e-06
/home/runner/work/_temp/scanner-verification-il7_c53e/final/tiktok_worker_scanner.py,271,ProfileProcessResult,1,1,4.9100000000000004e-06,2.4696273093964456e-06,9.538e-06
/opt/hostedtoolcache/Python/3.11.16/x64/lib/python3.11/urllib/request.py,1588,CacheFTPHandler,1,1,4.899e-06,2.464094539456861e-06,4.899e-06
/opt/hostedtoolcache/Python/3.11.16/x64/lib/python3.11/asyncio/runners.py,58,__enter__,1,1,4.899e-06,2.464094539456861e-06,0.00045042000000000004
/home/runner/work/_temp/scanner-verification-il7_c53e/final/tiktok_worker_scanner.py,1139,configured_proxy_path,1,1,4.889e-06,2.459064748602693e-06,1.8575e-05
/opt/hostedtoolcache/Python/3.11.16/x64/lib/python3.11/subprocess.py,2008,_try_wait,1,1,4.889e-06,2.459064748602693e-06,1.9055e-05
/opt/hostedtoolcache/Python/3.11.16/x64/lib/python3.11/argparse.py,1109,__init__,1,1,4.889e-06,2.459064748602693e-06,8.106e-06
/opt/hostedtoolcache/Python/3.11.16/x64/lib/python3.11/importlib/__init__.py,108,import_module,1,1,4.879e-06,2.4540349577485253e-06,2.1640000000000003e-05
/home/runner/work/_temp/scanner-verification-il7_c53e/final/avatar_cache.py,165,AvatarCache,1,1,4.85e-06,2.4394485642714384e-06,3.8582000000000004e-05
/opt/hostedtoolcache/Python/3.11.16/x64/lib/python3.11/site-packages/httpx/_client.py,162,BoundAsyncStream,1,1,4.829000000000001e-06,2.428886003477686e-06,4.829000000000001e-06
~,0,<method 'mro' of 'type' objects>,5,5,4.828e-06,2.4283830243922687e-06,4.828e-06
/opt/hostedtoolcache/Python/3.11.16/x64/lib/python3.11/dataclasses.py,842,_hash_set_none,5,5,4.8200000000000004e-06,2.4243591917089347e-06,4.8200000000000004e-06
/opt/hostedtoolcache/Python/3.11.16/x64/lib/python3.11/enum.py,1652,_simple_enum,3,3,4.789e-06,2.408766840061014e-06,4.789e-06
/opt/hostedtoolcache/Python/3.11.16/x64/lib/python3.11/typing.py,2443,get_origin,1,1,4.7810000000000005e-06,2.40474300737768e-06,7.614e-06
~,0,<built-in method _signal.signal>,2,2,4.779e-06,2.403737049206846e-06,4.779e-06
/home/runner/work/_temp/scanner-verification-il7_c53e/final/tiktok_worker_scanner.py,2265,UserStore,1,1,4.778000000000001e-06,2.4032340701214292e-06,4.778000000000001e-06
/opt/hostedtoolcache/Python/3.11.16/x64/lib/python3.11/contextlib.py,539,_push_exit_callback,2,2,4.729e-06,2.3785880949360063e-06,6.622e-06
/opt/hostedtoolcache/Python/3.11.16/x64/lib/python3.11/numbers.py,267,Rational,1,1,4.709e-06,2.3685285132276704e-06,6.683e-06
/opt/hostedtoolcache/Python/3.11.16/x64/lib/python3.11/email/feedparser.py,134,FeedParser,1,1,4.6690000000000005e-06,2.348409349810999e-06,4.6690000000000005e-06
/opt/hostedtoolcache/Python/3.11.16/x64/lib/python3.11/functools.py,745,<listcomp>,1,1,4.6300000000000006e-06,2.328793165479744e-06,6.6530000000000005e-06
/opt/hostedtoolcache/Python/3.11.16/x64/lib/python3.11/site-packages/httpx/_transports/base.py,14,BaseTransport,1,1,4.619e-06,2.323260395540159e-06,4.619e-06
<frozen runpy>,42,__exit__,1,1,4.6180000000000005e-06,2.322757416454743e-06,4.6180000000000005e-06
~,0,<built-in method resource.getrusage>,1,1,4.609e-06,2.3182306046859914e-06,4.609e-06
/opt/hostedtoolcache/Python/3.11.16/x64/lib/python3.11/re/_parser.py,100,checkgroup,2,2,4.598000000000001e-06,2.312697834746407e-06,9.628e-06
/opt/hostedtoolcache/Python/3.11.16/x64/lib/python3.11/http/__init__.py,6,HTTPStatus,1,1,4.539e-06,2.283022068706816e-06,4.539e-06
~,0,<method 'tell' of '_io.BufferedReader' objects>,3,3,4.527e-06,2.2769863196818145e-06,4.527e-06
/opt/hostedtoolcache/Python/3.11.16/x64/lib/python3.11/zipfile.py,2274,CompleteDirs,1,1,4.498e-06,2.2623999262047275e-06,4.498e-06
/opt/hostedtoolcache/Python/3.11.16/x64/lib/python3.11/subprocess.py,1092,__exit__,1,1,4.458e-06,2.242280762788056e-06,8.946e-06
/opt/hostedtoolcache/Python/3.11.16/x64/lib/python3.11/site-packages/httpx/__version__.py,1,<module>,1,1,4.458e-06,2.242280762788056e-06,4.458e-06
~,0,<built-in method _asyncio._get_event_loop>,3,3,4.42e-06,2.2231675575422177e-06,4.42e-06
/opt/hostedtoolcache/Python/3.11.16/x64/lib/python3.11/urllib/parse.py,850,__init__,1,1,4.408e-06,2.217131808517216e-06,8.676000000000001e-06
/home/runner/work/_temp/scanner-verification-il7_c53e/final/connection_metrics.py,1,<module>,1,1,4.388e-06,2.2070722268088807e-06,1.9807000000000002e-05
/opt/hostedtoolcache/Python/3.11.16/x64/lib/python3.11/site-packages/httpx/_urlparse.py,158,ParseResult,1,1,4.388e-06,2.2070722268088807e-06,4.388e-06
/home/runner/work/_temp/scanner-verification-il7_c53e/final/tiktok_worker_scanner.py,414,configured_input_path,1,1,4.388e-06,2.2070722268088807e-06,1.9135000000000002e-05
/opt/hostedtoolcache/Python/3.11.16/x64/lib/python3.11/enum.py,1374,<lambda>,4,4,4.367e-06,2.1965096660151278e-06,4.367e-06
/opt/hostedtoolcache/Python/3.11.16/x64/lib/python3.11/contextlib.py,468,_exit_wrapper,2,2,4.338000000000001e-06,2.181923272538041e-06,7.023e-06
/opt/hostedtoolcache/Python/3.11.16/x64/lib/python3.11/pathlib.py,787,parents,1,1,4.3070000000000004e-06,2.1663309208901205e-06,6.4220000000000005e-06
~,0,<method 'sort' of 'list' objects>,3,3,4.298e-06,2.1618041091213694e-06,4.298e-06
~,0,<method 'unregister' of 'select.epoll' objects>,1,1,4.288e-06,2.1567743182672013e-06,4.288e-06
/home/runner/work/_temp/scanner-verification-il7_c53e/final/tiktok_worker_scanner.py,2883,SharedScanControl,1,1,4.269e-06,2.1472177156442824e-06,4.269e-06
~,0,<method 'union' of 'frozenset' objects>,1,1,4.2680000000000005e-06,2.1467147365588658e-06,4.2680000000000005e-06
/opt/hostedtoolcache/Python/3.11.16/x64/lib/python3.11/calendar.py,71,_localized_day,1,1,4.2680000000000005e-06,2.1467147365588658e-06,1.1581000000000001e-05
/opt/hostedtoolcache/Python/3.11.16/x64/lib/python3.11/site-packages/httpx/_exceptions.py,74,HTTPError,1,1,4.257e-06,2.1411819666192806e-06,5.71e-06
/opt/hostedtoolcache/Python/3.11.16/x64/lib/python3.11/pathlib.py,434,__len__,2,2,4.248000000000001e-06,2.13665515485053e-06,5.971e-06
/opt/hostedtoolcache/Python/3.11.16/x64/lib/python3.11/typing.py,2916,<genexpr>,4,4,4.227e-06,2.1260925940567773e-06,4.227e-06
/home/runner/work/_temp/scanner-verification-il7_c53e/final/hybrid_backend.py,418,avatar_backfill_task,2,2,4.198e-06,2.11150620057969e-06,4.198e-06
/opt/hostedtoolcache/Python/3.11.16/x64/lib/python3.11/dataclasses.py,846,<listcomp>,2,2,4.1270000000000005e-06,2.0757946855150983e-06,4.1270000000000005e-06
/home/runner/work/_temp/scanner-verification-il7_c53e/final/scan_runtime.py,67,__aenter__,1,1,4.058e-06,2.041089128621339e-06,4.6176e-05
/opt/hostedtoolcache/Python/3.11.16/x64/lib/python3.11/typing.py,2892,<listcomp>,2,2,4.057e-06,2.040586149535923e-06,4.057e-06
/opt/hostedtoolcache/Python/3.11.16/x64/lib/python3.11/importlib/resources/_adapters.py,16,__getattr__,2,2,4.027000000000001e-06,2.0254967769734192e-06,5.781e-06
/opt/hostedtoolcache/Python/3.11.16/x64/lib/python3.11/contextlib.py,472,__init__,2,2,4.018e-06,2.0209699652046677e-06,4.018e-06
/opt/hostedtoolcache/Python/3.11.16/x64/lib/python3.11/selectors.py,247,unregister,1,1,4.008e-06,2.0159401743505e-06,9.528000000000001e-06
~,0,<built-in method sys.get_asyncgen_hooks>,3,3,4.008e-06,2.0159401743505e-06,4.008e-06
/opt/hostedtoolcache/Python/3.11.16/x64/lib/python3.11/site-packages/httpx/_client.py,223,is_closed,2,2,3.967e-06,1.9953180318484116e-06,3.967e-06
~,0,<method 'splitlines' of 'str' objects>,2,2,3.948e-06,1.9857614292254923e-06,3.948e-06
~,0,<built-in method fromisoformat>,2,2,3.938e-06,1.9807316383713246e-06,3.938e-06
/opt/hostedtoolcache/Python/3.11.16/x64/lib/python3.11/weakref.py,495,popitem,1,1,3.937000000000001e-06,1.980228659285908e-06,5.48e-06
/home/runner/work/_temp/scanner-verification-il7_c53e/final/backend_metrics.py,15,<dictcomp>,1,1,3.937000000000001e-06,1.980228659285908e-06,1.1521e-05
/opt/hostedtoolcache/Python/3.11.16/x64/lib/python3.11/functools.py,845,_is_valid_dispatch_type,2,2,3.899e-06,1.96111545404007e-06,5.541e-06
/opt/hostedtoolcache/Python/3.11.16/x64/lib/python3.11/datetime.py,46,_days_before_year,3,3,3.887e-06,1.955079705015068e-06,3.887e-06
/opt/hostedtoolcache/Python/3.11.16/x64/lib/python3.11/unittest/mock.py,1401,get_original,1,1,3.877e-06,1.9500499141609002e-06,4.738e-06
/opt/hostedtoolcache/Python/3.11.16/x64/lib/python3.11/hmac.py,27,HMAC,1,1,3.868e-06,1.945523102392149e-06,3.868e-06
/opt/hostedtoolcache/Python/3.11.16/x64/lib/python3.11/threading.py,1516,_register_atexit,1,1,3.868e-06,1.945523102392149e-06,4.809e-06
/opt/hostedtoolcache/Python/3.11.16/x64/lib/python3.11/calendar.py,548,different_locale,1,1,3.867e-06,1.945020123306732e-06,3.867e-06
/home/runner/work/_temp/scanner-verification-il7_c53e/final/tiktok_worker_scanner.py,3130,reporter_done,1,1,3.827e-06,1.9249009598900603e-06,5.54e-06
<frozen runpy>,33,__enter__,1,1,3.7370000000000004e-06,1.8796328422025494e-06,4.769e-06
/opt/hostedtoolcache/Python/3.11.16/x64/lib/python3.11/zipfile.py,813,_Tellable,1,1,3.6970000000000003e-06,1.8595136787858778e-06,3.6970000000000003e-06
/opt/hostedtoolcache/Python/3.11.16/x64/lib/python3.11/enum.py,806,__members__,2,2,3.6860000000000004e-06,1.853980908846293e-06,3.6860000000000004e-06
/opt/hostedtoolcache/Python/3.11.16/x64/lib/python3.11/threading.py,811,_newname,1,1,3.677e-06,1.8494540970775417e-06,3.677e-06
/opt/hostedtoolcache/Python/3.11.16/x64/lib/python3.11/random.py,215,__init_subclass__,1,1,3.6570000000000003e-06,1.8393945153692062e-06,3.6570000000000003e-06
/opt/hostedtoolcache/Python/3.11.16/x64/lib/python3.11/asyncio/base_events.py,1957,set_debug,1,1,3.6460000000000003e-06,1.8338617454296214e-06,4.909e-06
/opt/hostedtoolcache/Python/3.11.16/x64/lib/python3.11/site-packages/httpx/_decoders.py,306,TextDecoder,1,1,3.627e-06,1.8243051428067024e-06,3.627e-06
/opt/hostedtoolcache/Python/3.11.16/x64/lib/python3.11/_weakrefset.py,37,__init__,1,1,3.627e-06,1.8243051428067024e-06,3.627e-06
/opt/hostedtoolcache/Python/3.11.16/x64/lib/python3.11/selectors.py,268,close,1,1,3.597e-06,1.8092157702441985e-06,4.7590000000000005e-06
/opt/hostedtoolcache/Python/3.11.16/x64/lib/python3.11/typing.py,479,__repr__,2,2,3.596e-06,1.8087127911587817e-06,3.596e-06
/home/runner/work/_temp/scanner-verification-il7_c53e/final/backend_metrics.py,14,<dictcomp>,1,1,3.586e-06,1.8036830003046137e-06,3.586e-06
~,0,<method 'close' of 'select.epoll' objects>,1,1,3.5670000000000003e-06,1.794126397681695e-06,3.5670000000000003e-06
~,0,<method 'setblocking' of '_socket.socket' objects>,2,2,3.5670000000000003e-06,1.794126397681695e-06,3.5670000000000003e-06
/opt/hostedtoolcache/Python/3.11.16/x64/lib/python3.11/site-packages/httpx/_models.py,1261,_CookieCompatResponse,1,1,3.5660000000000002e-06,1.7936234185962783e-06,3.5660000000000002e-06
/home/runner/work/_temp/scanner-verification-il7_c53e/final/tiktok_worker_scanner.py,2884,__init__,1,1,3.547e-06,1.784066815973359e-06,4.8490000000000005e-06
/opt/hostedtoolcache/Python/3.11.16/x64/lib/python3.11/urllib/request.py,426,OpenerDirector,1,1,3.546e-06,1.7835638368879422e-06,3.546e-06
/home/runner/work/_temp/scanner-verification-il7_c53e/final/avatar_cache.py,138,close,2,2,3.537e-06,1.779037025119191e-06,3.537e-06
/home/runner/work/_temp/scanner-verification-il7_c53e/final/tiktok_worker_scanner.py,579,SuccessRecorder,1,1,3.537e-06,1.779037025119191e-06,3.537e-06
/opt/hostedtoolcache/Python/3.11.16/x64/lib/python3.11/email/_policybase.py,18,_PolicyBase,1,1,3.5170000000000004e-06,1.7689774434108554e-06,3.5170000000000004e-06
/opt/hostedtoolcache/Python/3.11.16/x64/lib/python3.11/email/header.py,536,_Accumulator,1,1,3.496e-06,1.7584148826171024e-06,3.496e-06
~,0,<built-in method posix.read>,1,1,3.496e-06,1.7584148826171024e-06,3.496e-06
/opt/hostedtoolcache/Python/3.11.16/x64/lib/python3.11/enum.py,1453,<listcomp>,2,2,3.4770000000000003e-06,1.7488582799941838e-06,3.4770000000000003e-06
/opt/hostedtoolcache/Python/3.11.16/x64/lib/python3.11/platform.py,735,_Processor,1,1,3.4660000000000004e-06,1.743325510054599e-06,3.4660000000000004e-06
/opt/hostedtoolcache/Python/3.11.16/x64/lib/python3.11/typing.py,2261,runtime_checkable,1,1,3.327e-06,1.6734114171816648e-06,4.188e-06
/opt/hostedtoolcache/Python/3.11.16/x64/lib/python3.11/site-packages/httpx/_types.py,92,SyncByteStream,1,1,3.317e-06,1.668381626327497e-06,9.2724e-05
~,0,<built-in method posix.register_at_fork>,2,2,3.306e-06,1.6628488563879123e-06,3.306e-06
/opt/hostedtoolcache/Python/3.11.16/x64/lib/python3.11/argparse.py,626,<listcomp>,3,3,3.276e-06,1.6477594838254084e-06,3.276e-06
/opt/hostedtoolcache/Python/3.11.16/x64/lib/python3.11/argparse.py,1865,_get_positional_actions,1,1,3.266e-06,1.6427296929712407e-06,5.19e-06
/opt/hostedtoolcache/Python/3.11.16/x64/lib/python3.11/site-packages/httpx/_exceptions.py,340,ResponseNotRead,1,1,3.2460000000000003e-06,1.6326701112629048e-06,3.2460000000000003e-06
~,0,<method 'reset' of '_contextvars.ContextVar' objects>,2,2,3.2450000000000003e-06,1.6321671321774881e-06,3.2450000000000003e-06
~,0,<built-in method _hashlib.openssl_sha3_256>,1,1,3.236e-06,1.6276403204087368e-06,3.236e-06
/opt/hostedtoolcache/Python/3.11.16/x64/lib/python3.11/site-packages/httpx/_auth.py,22,Auth,1,1,3.226e-06,1.622610529554569e-06,3.226e-06
/opt/hostedtoolcache/Python/3.11.16/x64/lib/python3.11/urllib/request.py,1080,AbstractDigestAuthHandler,1,1,3.2060000000000003e-06,1.6125509478462332e-06,3.2060000000000003e-06
/opt/hostedtoolcache/Python/3.11.16/x64/lib/python3.11/pkgutil.py,40,read_code,1,1,3.2060000000000003e-06,1.6125509478462332e-06,6.773e-06
/opt/hostedtoolcache/Python/3.11.16/x64/lib/python3.11/subprocess.py,1120,__del__,1,1,3.186e-06,1.602491366137897e-06,4.228e-06
/opt/hostedtoolcache/Python/3.11.16/x64/lib/python3.11/urllib/request.py,645,HTTPRedirectHandler,1,1,3.185e-06,1.6019883870524805e-06,3.185e-06
/home/runner/work/_temp/scanner-verification-il7_c53e/final/tiktok_worker_scanner.py,1197,ProxyPool,1,1,3.176e-06,1.5974615752837294e-06,3.176e-06
/home/runner/work/_temp/scanner-verification-il7_c53e/final/hybrid_backend.py,138,ApiBackend,1,1,3.176e-06,1.5974615752837294e-06,3.176e-06
/opt/hostedtoolcache/Python/3.11.16/x64/lib/python3.11/typing.py,1676,<genexpr>,2,2,3.146e-06,1.5823722027212255e-06,4.0976e-05
~,0,<built-in method _hashlib.openssl_sha224>,1,1,3.1450000000000004e-06,1.581869223635809e-06,3.1450000000000004e-06
/opt/hostedtoolcache/Python/3.11.16/x64/lib/python3.11/logging/__init__.py,1720,getEffectiveLevel,1,1,3.136e-06,1.5773424118670578e-06,3.136e-06
/opt/hostedtoolcache/Python/3.11.16/x64/lib/python3.11/argparse.py,2227,_match_arguments_partial,1,1,3.1270000000000003e-06,1.5728156000983067e-06,3.9980000000000005e-06
/opt/hostedtoolcache/Python/3.11.16/x64/lib/python3.11/asyncio/base_events.py,656,stop,3,3,3.1170000000000004e-06,1.5677858092441387e-06,3.1170000000000004e-06
/home/runner/work/_temp/scanner-verification-il7_c53e/final/tiktok_worker_scanner.py,1482,<genexpr>,3,3,3.1150000000000002e-06,1.5667798510733052e-06,3.1150000000000002e-06
/opt/hostedtoolcache/Python/3.11.16/x64/lib/python3.11/email/header.py,408,_ValueFormatter,1,1,3.114e-06,1.5662768719878884e-06,3.114e-06
~,0,<built-in method _warnings._filters_mutated>,3,3,3.106e-06,1.562253039304554e-06,3.106e-06
/opt/hostedtoolcache/Python/3.11.16/x64/lib/python3.11/http/cookiejar.py,743,Cookie,1,1,3.096e-06,1.557223248450386e-06,3.096e-06
/opt/hostedtoolcache/Python/3.11.16/x64/lib/python3.11/site-packages/httpx/_types.py,106,AsyncByteStream,1,1,3.086e-06,1.5521934575962183e-06,9.5468e-05
/opt/hostedtoolcache/Python/3.11.16/x64/lib/python3.11/warnings.py,488,__exit__,1,1,3.0470000000000002e-06,1.5325772732649633e-06,3.958e-06
/opt/hostedtoolcache/Python/3.11.16/x64/lib/python3.11/asyncio/runners.py,193,_cancel_all_tasks,1,1,3.035e-06,1.5265415242399617e-06,6.1324e-05
/opt/hostedtoolcache/Python/3.11.16/x64/lib/python3.11/urllib/request.py,1256,AbstractHTTPHandler,1,1,3.0150000000000004e-06,1.516481942531626e-06,3.0150000000000004e-06
/opt/hostedtoolcache/Python/3.11.16/x64/lib/python3.11/warnings.py,441,__init__,1,1,3.005e-06,1.511452151677458e-06,3.005e-06
~,0,<built-in method _sqlite3.register_adapter>,2,2,2.996e-06,1.506925339908707e-06,2.996e-06
/home/runner/work/_temp/scanner-verification-il7_c53e/final/tests/benchmark_hybrid.py,57,MeasuredLock,1,1,2.9860000000000003e-06,1.5018955490545392e-06,2.9860000000000003e-06
/opt/hostedtoolcache/Python/3.11.16/x64/lib/python3.11/unittest/mock.py,2518,__init__,2,2,2.9850000000000002e-06,1.5013925699691223e-06,2.9850000000000002e-06
/opt/hostedtoolcache/Python/3.11.16/x64/lib/python3.11/sqlite3/dbapi2.py,48,<listcomp>,1,1,2.956e-06,1.4868061764920354e-06,2.956e-06
/opt/hostedtoolcache/Python/3.11.16/x64/lib/python3.11/asyncio/queues.py,47,_init,2,2,2.9250000000000004e-06,1.471213824844115e-06,2.9250000000000004e-06
/home/runner/work/_temp/scanner-verification-il7_c53e/final/rate_limit_control.py,195,detach,1,1,2.916e-06,1.4666870130753636e-06,2.916e-06
/opt/hostedtoolcache/Python/3.11.16/x64/lib/python3.11/zipfile.py,1162,_ZipWriteFile,1,1,2.905e-06,1.461154243135779e-06,2.905e-06
/opt/hostedtoolcache/Python/3.11.16/x64/lib/python3.11/site-packages/httpx/_transports/mock.py,16,__init__,2,2,2.8960000000000003e-06,1.4566274313670279e-06,2.8960000000000003e-06
<frozen _collections_abc>,113,__subclasshook__,1,1,2.8950000000000002e-06,1.4561244522816112e-06,5.9310000000000005e-06
~,0,<built-in method _hashlib.openssl_sha3_384>,1,1,2.8850000000000003e-06,1.451094661427443e-06,2.8850000000000003e-06
~,0,<built-in method _hashlib.openssl_sha512>,1,1,2.876e-06,1.446567849658692e-06,2.876e-06
~,0,<built-in method _hashlib.openssl_sha384>,1,1,2.875e-06,1.4460648705732751e-06,2.875e-06
/opt/hostedtoolcache/Python/3.11.16/x64/lib/python3.11/http/client.py,1467,HTTPSConnection,1,1,2.875e-06,1.4460648705732751e-06,2.875e-06
/opt/hostedtoolcache/Python/3.11.16/x64/lib/python3.11/email/charset.py,162,Charset,1,1,2.854e-06,1.4355023097795226e-06,2.854e-06
/opt/hostedtoolcache/Python/3.11.16/x64/lib/python3.11/urllib/request.py,1474,FileHandler,1,1,2.8450000000000003e-06,1.4309754980107715e-06,2.8450000000000003e-06
/home/runner/work/_temp/scanner-verification-il7_c53e/final/tests/benchmark_hybrid.py,58,__init__,2,2,2.837e-06,1.426951665327437e-06,2.837e-06
~,0,<built-in method _hashlib.openssl_shake_128>,1,1,2.8160000000000002e-06,1.4163891045336845e-06,2.8160000000000002e-06
/opt/hostedtoolcache/Python/3.11.16/x64/lib/python3.11/http/cookiejar.py,1776,FileCookieJar,1,1,2.815e-06,1.4158861254482677e-06,2.815e-06
~,0,<method 'cast' of 'memoryview' objects>,2,2,2.8060000000000003e-06,1.4113593136795168e-06,2.8060000000000003e-06
~,0,<method 'total_seconds' of 'datetime.timedelta' objects>,1,1,2.785e-06,1.4007967528857638e-06,2.785e-06
~,0,<built-in method _sqlite3.register_converter>,2,2,2.7840000000000004e-06,1.4002937738003474e-06,2.7840000000000004e-06
/opt/hostedtoolcache/Python/3.11.16/x64/lib/python3.11/calendar.py,76,__init__,2,2,2.7560000000000004e-06,1.386210359408677e-06,2.7560000000000004e-06
/opt/hostedtoolcache/Python/3.11.16/x64/lib/python3.11/typing.py,2974,_namedtuple_mro_entries,2,2,2.7560000000000004e-06,1.386210359408677e-06,2.7560000000000004e-06
/opt/hostedtoolcache/Python/3.11.16/x64/lib/python3.11/importlib/resources/_adapters.py,48,SpecPath,1,1,2.7550000000000003e-06,1.3857073803232604e-06,2.7550000000000003e-06
<frozen _collections_abc>,262,__subclasshook__,1,1,2.746e-06,1.381180568554509e-06,5.521e-06
/home/runner/work/_temp/scanner-verification-il7_c53e/final/tiktok_worker_scanner.py,182,ProfileSnapshot,1,1,2.745e-06,1.3806775894690922e-06,2.745e-06
~,0,<built-in method math.sqrt>,2,2,2.745e-06,1.3806775894690922e-06,2.745e-06
/opt/hostedtoolcache/Python/3.11.16/x64/lib/python3.11/site-packages/idna/core.py,70,IDNAError,1,1,2.735e-06,1.3756477986149243e-06,2.735e-06
~,0,<built-in method _hashlib.openssl_shake_256>,1,1,2.735e-06,1.3756477986149243e-06,2.735e-06
~,0,<built-in method _signal.getsignal>,2,2,2.735e-06,1.3756477986149243e-06,2.735e-06
~,0,<method 'index' of 'tuple' objects>,3,3,2.7260000000000002e-06,1.3711209868461732e-06,2.7260000000000002e-06
/home/runner/work/_temp/scanner-verification-il7_c53e/final/rate_limit_control.py,21,RateLimitController,1,1,2.725e-06,1.3706180077607566e-06,2.725e-06
/opt/hostedtoolcache/Python/3.11.16/x64/lib/python3.11/contextlib.py,466,_create_cb_wrapper,2,2,2.706e-06,1.3610614051378375e-06,2.706e-06
/opt/hostedtoolcache/Python/3.11.16/x64/lib/python3.11/calendar.py,156,__init__,1,1,2.7050000000000004e-06,1.3605584260524207e-06,4.018e-06
/opt/hostedtoolcache/Python/3.11.16/x64/lib/python3.11/site-packages/httpx/_utils.py,120,URLPattern,1,1,2.7050000000000004e-06,1.3605584260524207e-06,2.7050000000000004e-06
~,0,<built-in method _hashlib.openssl_sha3_512>,1,1,2.7050000000000004e-06,1.3605584260524207e-06,2.7050000000000004e-06
/opt/hostedtoolcache/Python/3.11.16/x64/lib/python3.11/email/parser.py,16,Parser,1,1,2.7050000000000004e-06,1.3605584260524207e-06,2.7050000000000004e-06
~,0,<built-in method math.log>,2,2,2.695e-06,1.3555286351982527e-06,2.695e-06
/opt/hostedtoolcache/Python/3.11.16/x64/lib/python3.11/site-packages/httpx/_client.py,139,BoundSyncStream,1,1,2.685e-06,1.350498844344085e-06,2.685e-06
/home/runner/work/_temp/scanner-verification-il7_c53e/final/tiktok_worker_scanner.py,3284,RunLog,1,1,2.6540000000000003e-06,1.3349064926961645e-06,2.6540000000000003e-06
~,0,<built-in method resource.getrlimit>,1,1,2.635e-06,1.3253498900732452e-06,2.635e-06
/opt/hostedtoolcache/Python/3.11.16/x64/lib/python3.11/functools.py,966,__init__,1,1,2.595e-06,1.3052307266565737e-06,2.595e-06
/opt/hostedtoolcache/Python/3.11.16/x64/lib/python3.11/urllib/request.py,908,HTTPPasswordMgrWithPriorAuth,1,1,2.5750000000000003e-06,1.2951711449482378e-06,2.5750000000000003e-06
<frozen runpy>,28,__init__,1,1,2.5750000000000003e-06,1.2951711449482378e-06,2.5750000000000003e-06
/opt/hostedtoolcache/Python/3.11.16/x64/lib/python3.11/calendar.py,412,HTMLCalendar,1,1,2.565e-06,1.2901413540940698e-06,2.565e-06
/opt/hostedtoolcache/Python/3.11.16/x64/lib/python3.11/selectors.py,272,get_map,2,2,2.556e-06,1.285614542325319e-06,2.556e-06
/opt/hostedtoolcache/Python/3.11.16/x64/lib/python3.11/site-packages/httpx/_models.py,1243,_CookieCompatRequest,1,1,2.545e-06,1.280081772385734e-06,2.545e-06
/opt/hostedtoolcache/Python/3.11.16/x64/lib/python3.11/site-packages/httpx/_auth.py,145,NetRCAuth,1,1,2.5350000000000003e-06,1.2750519815315662e-06,2.5350000000000003e-06
/opt/hostedtoolcache/Python/3.11.16/x64/lib/python3.11/re/_parser.py,103,checklookbehindgroup,2,2,2.515e-06,1.26499239982323e-06,2.515e-06
/opt/hostedtoolcache/Python/3.11.16/x64/lib/python3.11/asyncio/base_events.py,540,shutdown_asyncgens,1,1,2.505e-06,1.2599626089690623e-06,9.588e-06
/opt/hostedtoolcache/Python/3.11.16/x64/lib/python3.11/pathlib.py,43,_is_wildcard_pattern,2,2,2.466e-06,1.2403464246378076e-06,2.466e-06
/opt/hostedtoolcache/Python/3.11.16/x64/lib/python3.11/http/__init__.py,154,HTTPMethod,1,1,2.465e-06,1.2398434455523908e-06,2.465e-06
/opt/hostedtoolcache/Python/3.11.16/x64/lib/python3.11/tempfile.py,433,_TemporaryFileCloser,1,1,2.4550000000000002e-06,1.2348136546982228e-06,2.4550000000000002e-06
/opt/hostedtoolcache/Python/3.11.16/x64/lib/python3.11/site-packages/httpx/_config.py,201,Proxy,1,1,2.425e-06,1.2197242821357192e-06,2.425e-06
/opt/hostedtoolcache/Python/3.11.16/x64/lib/python3.11/weakref.py,414,__getitem__,1,1,2.414e-06,1.2141915121961344e-06,2.414e-06
<frozen importlib._bootstrap>,1101,_sanity_check,1,1,2.404e-06,1.2091617213419664e-06,3.226e-06
/opt/hostedtoolcache/Python/3.11.16/x64/lib/python3.11/importlib/resources/_adapters.py,114,OrphanPath,1,1,2.395e-06,1.2046349095732153e-06,2.395e-06
~,0,<built-in method sys.is_finalizing>,1,1,2.395e-06,1.2046349095732153e-06,2.395e-06
/opt/hostedtoolcache/Python/3.11.16/x64/lib/python3.11/subprocess.py,268,_cleanup,1,1,2.384e-06,1.1991021396336305e-06,2.384e-06
/opt/hostedtoolcache/Python/3.11.16/x64/lib/python3.11/site-packages/httpx/_auth.py,126,BasicAuth,1,1,2.374e-06,1.1940723487794626e-06,2.374e-06
/opt/hostedtoolcache/Python/3.11.16/x64/lib/python3.11/tempfile.py,133,_RandomNameSequence,1,1,2.364e-06,1.1890425579252948e-06,2.364e-06
/opt/hostedtoolcache/Python/3.11.16/x64/lib/python3.11/urllib/response.py,68,addinfourl,1,1,2.364e-06,1.1890425579252948e-06,2.364e-06
/opt/hostedtoolcache/Python/3.11.16/x64/lib/python3.11/pathlib.py,757,joinpath,1,1,2.3540000000000002e-06,1.184012767071127e-06,3.3392e-05
/opt/hostedtoolcache/Python/3.11.16/x64/lib/python3.11/urllib/request.py,1374,HTTPHandler,1,1,2.3440000000000003e-06,1.1789829762169592e-06,2.3440000000000003e-06
/opt/hostedtoolcache/Python/3.11.16/x64/lib/python3.11/functools.py,861,<lambda>,1,1,2.324e-06,1.168923394508623e-06,4.0185e-05
~,0,<method 'deleter' of 'property' objects>,2,2,2.324e-06,1.168923394508623e-06,2.324e-06
/home/runner/work/_temp/scanner-verification-il7_c53e/final/tiktok_worker_scanner.py,749,<genexpr>,2,2,2.314e-06,1.1638936036544553e-06,2.314e-06
/opt/hostedtoolcache/Python/3.11.16/x64/lib/python3.11/site-packages/httpx/_multipart.py,70,DataField,1,1,2.285e-06,1.1493072101773683e-06,2.285e-06
/opt/hostedtoolcache/Python/3.11.16/x64/lib/python3.11/site-packages/idna/idnadata.py,1,<module>,1,1,2.274e-06,1.1437744402377837e-06,2.274e-06
/opt/hostedtoolcache/Python/3.11.16/x64/lib/python3.11/email/_policybase.py,41,__init__,1,1,2.254e-06,1.1337148585294476e-06,3.236e-06
/opt/hostedtoolcache/Python/3.11.16/x64/lib/python3.11/unittest/mock.py,648,__getattr__,1,1,2.234e-06,1.123655276821112e-06,2.234e-06
/opt/hostedtoolcache/Python/3.11.16/x64/lib/python3.11/datetime.py,1219,tzinfo,1,1,2.234e-06,1.123655276821112e-06,2.234e-06
/opt/hostedtoolcache/Python/3.11.16/x64/lib/python3.11/encodings/utf_8_sig.py,26,IncrementalEncoder,1,1,2.2240000000000002e-06,1.118625485966944e-06,2.2240000000000002e-06
/opt/hostedtoolcache/Python/3.11.16/x64/lib/python3.11/site-packages/httpx/_transports/base.py,85,aclose,2,2,2.2240000000000002e-06,1.118625485966944e-06,2.2240000000000002e-06
/opt/hostedtoolcache/Python/3.11.16/x64/lib/python3.11/site-packages/httpx/_client.py,445,_build_auth,2,2,2.2240000000000002e-06,1.118625485966944e-06,2.2240000000000002e-06
/opt/hostedtoolcache/Python/3.11.16/x64/lib/python3.11/subprocess.py,1311,_on_error_fd_closer,2,2,2.2240000000000002e-06,1.118625485966944e-06,2.2240000000000002e-06
/opt/hostedtoolcache/Python/3.11.16/x64/lib/python3.11/subprocess.py,1973,_internal_poll,2,2,2.194e-06,1.1035361134044404e-06,2.194e-06
/opt/hostedtoolcache/Python/3.11.16/x64/lib/python3.11/site-packages/httpx/_multipart.py,224,MultipartStream,1,1,2.194e-06,1.1035361134044404e-06,2.194e-06
~,0,<method 'fileno' of '_socket.socket' objects>,2,2,2.184e-06,1.0985063225502724e-06,2.184e-06
/home/runner/work/_temp/scanner-verification-il7_c53e/final/backend_metrics.py,13,<dictcomp>,1,1,2.175e-06,1.0939795107815211e-06,2.175e-06
/opt/hostedtoolcache/Python/3.11.16/x64/lib/python3.11/email/parser.py,78,BytesParser,1,1,2.175e-06,1.0939795107815211e-06,2.175e-06
/opt/hostedtoolcache/Python/3.11.16/x64/lib/python3.11/site-packages/httpx/_transports/default.py,279,AsyncHTTPTransport,1,1,2.164e-06,1.0884467408419365e-06,2.164e-06
/home/runner/work/_temp/scanner-verification-il7_c53e/final/scan_runtime.py,46,DiskLane,1,1,2.164e-06,1.0884467408419365e-06,2.164e-06
/opt/hostedtoolcache/Python/3.11.16/x64/lib/python3.11/urllib/response.py,14,addbase,1,1,2.164e-06,1.0884467408419365e-06,2.164e-06
~,0,<built-in method posix.confstr>,1,1,2.164e-06,1.0884467408419365e-06,2.164e-06
~,0,<method 'detach' of '_socket.socket' objects>,2,2,2.143e-06,1.077884180048184e-06,2.143e-06
/opt/hostedtoolcache/Python/3.11.16/x64/lib/python3.11/http/cookiejar.py,841,CookiePolicy,1,1,2.1340000000000002e-06,1.0733573682794329e-06,2.1340000000000002e-06
/opt/hostedtoolcache/Python/3.11.16/x64/lib/python3.11/site-packages/httpx/_client.py,239,_get_proxy_map,2,2,2.1340000000000002e-06,1.0733573682794329e-06,2.1340000000000002e-06
/opt/hostedtoolcache/Python/3.11.16/x64/lib/python3.11/enum.py,794,__iter__,1,1,2.1240000000000003e-06,1.068327577425265e-06,2.1240000000000003e-06
/opt/hostedtoolcache/Python/3.11.16/x64/lib/python3.11/calendar.py,57,__init__,2,2,2.1230000000000003e-06,1.0678245983398483e-06,2.1230000000000003e-06
/opt/hostedtoolcache/Python/3.11.16/x64/lib/python3.11/pathlib.py,427,__init__,1,1,2.115e-06,1.0638007656565139e-06,2.115e-06
/opt/hostedtoolcache/Python/3.11.16/x64/lib/python3.11/site-packages/httpx/_multipart.py,115,FileField,1,1,2.114e-06,1.0632977865710968e-06,2.114e-06
/home/runner/work/_temp/scanner-verification-il7_c53e/final/tiktok_worker_scanner.py,254,BatchResponse,1,1,2.114e-06,1.0632977865710968e-06,2.114e-06
/opt/hostedtoolcache/Python/3.11.16/x64/lib/python3.11/unittest/mock.py,1266,_check_spec_arg_typos,1,1,2.114e-06,1.0632977865710968e-06,2.114e-06
/opt/hostedtoolcache/Python/3.11.16/x64/lib/python3.11/zipfile.py,2042,PyZipFile,1,1,2.094e-06,1.053238204862761e-06,2.094e-06
/opt/hostedtoolcache/Python/3.11.16/x64/lib/python3.11/importlib/resources/_adapters.py,25,__init__,2,2,2.094e-06,1.053238204862761e-06,2.094e-06
/home/runner/work/_temp/scanner-verification-il7_c53e/final/tiktok_worker_scanner.py,719,<listcomp>,2,2,2.0840000000000003e-06,1.0482084140085934e-06,2.0840000000000003e-06
/opt/hostedtoolcache/Python/3.11.16/x64/lib/python3.11/importlib/resources/readers.py,31,ZipReader,1,1,2.064e-06,1.0381488323002573e-06,2.064e-06
/home/runner/work/_temp/scanner-verification-il7_c53e/final/tiktok_worker_scanner.py,3223,ScanLock,1,1,2.0550000000000002e-06,1.0336220205315064e-06,2.0550000000000002e-06
/opt/hostedtoolcache/Python/3.11.16/x64/lib/python3.11/site-packages/httpx/_client.py,1412,<dictcomp>,2,2,2.0440000000000003e-06,1.0280892505919218e-06,2.0440000000000003e-06
/opt/hostedtoolcache/Python/3.11.16/x64/lib/python3.11/functools.py,741,is_related,2,2,2.023e-06,1.0175266897981688e-06,2.023e-06
/opt/hostedtoolcache/Python/3.11.16/x64/lib/python3.11/urllib/request.py,791,ProxyHandler,1,1,2.014e-06,1.012999878029418e-06,2.014e-06
/opt/hostedtoolcache/Python/3.11.16/x64/lib/python3.11/site-packages/httpx/_exceptions.py,271,InvalidURL,1,1,2.014e-06,1.012999878029418e-06,2.014e-06
/opt/hostedtoolcache/Python/3.11.16/x64/lib/python3.11/typing.py,2928,<listcomp>,2,2,2.014e-06,1.012999878029418e-06,2.014e-06
/opt/hostedtoolcache/Python/3.11.16/x64/lib/python3.11/argparse.py,592,<listcomp>,1,1,2.014e-06,1.012999878029418e-06,2.014e-06
/opt/hostedtoolcache/Python/3.11.16/x64/lib/python3.11/random.py,787,SystemRandom,1,1,2.013e-06,1.012496898944001e-06,2.013e-06
~,0,<method 'pop' of 'set' objects>,2,2,1.984e-06,9.97910505466914e-07,1.984e-06
/home/runner/work/_temp/scanner-verification-il7_c53e/final/avatar_cache.py,123,AvatarReader,1,1,1.974e-06,9.928807146127462e-07,1.974e-06
/opt/hostedtoolcache/Python/3.11.16/x64/lib/python3.11/urllib/request.py,605,BaseHandler,1,1,1.974e-06,9.928807146127462e-07,1.974e-06
/opt/hostedtoolcache/Python/3.11.16/x64/lib/python3.11/contextlib.py,393,__init__,1,1,1.974e-06,9.928807146127462e-07,1.974e-06
/opt/hostedtoolcache/Python/3.11.16/x64/lib/python3.11/tempfile.py,476,_TemporaryFileWrapper,1,1,1.973e-06,9.923777355273293e-07,1.973e-06
/home/runner/work/_temp/scanner-verification-il7_c53e/final/rate_limit_control.py,41,<dictcomp>,1,1,1.964e-06,9.878509237585782e-07,1.964e-06
/opt/hostedtoolcache/Python/3.11.16/x64/lib/python3.11/site-packages/httpx/_client.py,1432,_init_transport,2,2,1.964e-06,9.878509237585782e-07,1.964e-06
<frozen runpy>,50,__init__,1,1,1.964e-06,9.878509237585782e-07,1.964e-06
/opt/hostedtoolcache/Python/3.11.16/x64/lib/python3.11/email/__init__.py,1,<module>,1,1,1.963e-06,9.873479446731613e-07,1.963e-06
/home/runner/work/_temp/scanner-verification-il7_c53e/final/tiktok_worker_scanner.py,262,ProfileJob,1,1,1.953e-06,9.823181538189936e-07,1.953e-06
/opt/hostedtoolcache/Python/3.11.16/x64/lib/python3.11/subprocess.py,481,__init__,1,1,1.9430000000000003e-06,9.772883629648257e-07,1.9430000000000003e-06
/opt/hostedtoolcache/Python/3.11.16/x64/lib/python3.11/argparse.py,1866,<listcomp>,1,1,1.924e-06,9.677317603419066e-07,1.924e-06
~,0,<method 'pop' of 'collections.deque' objects>,2,2,1.923e-06,9.672287812564898e-07,1.923e-06
/opt/hostedtoolcache/Python/3.11.16/x64/lib/python3.11/zipfile.py,773,_SharedFile,1,1,1.9140000000000002e-06,9.627019694877387e-07,1.9140000000000002e-06
/opt/hostedtoolcache/Python/3.11.16/x64/lib/python3.11/http/client.py,1550,IncompleteRead,1,1,1.9140000000000002e-06,9.627019694877387e-07,1.9140000000000002e-06
/opt/hostedtoolcache/Python/3.11.16/x64/lib/python3.11/site-packages/httpx/_auth.py,343,_DigestAuthChallenge,1,1,1.9140000000000002e-06,9.627019694877387e-07,1.9140000000000002e-06
/opt/hostedtoolcache/Python/3.11.16/x64/lib/python3.11/sqlite3/dbapi2.py,49,<listcomp>,1,1,1.913e-06,9.621989904023218e-07,1.913e-06
/opt/hostedtoolcache/Python/3.11.16/x64/lib/python3.11/urllib/request.py,1383,HTTPSHandler,1,1,1.9040000000000001e-06,9.576721786335707e-07,1.9040000000000001e-06
/opt/hostedtoolcache/Python/3.11.16/x64/lib/python3.11/urllib/request.py,1398,HTTPCookieProcessor,1,1,1.903e-06,9.571691995481539e-07,1.903e-06
/opt/hostedtoolcache/Python/3.11.16/x64/lib/python3.11/encodings/utf_8_sig.py,49,IncrementalDecoder,1,1,1.8940000000000002e-06,9.526423877794029e-07,1.8940000000000002e-06
/opt/hostedtoolcache/Python/3.11.16/x64/lib/python3.11/http/cookiejar.py,1859,LWPCookieJar,1,1,1.8940000000000002e-06,9.526423877794029e-07,1.8940000000000002e-06
~,0,<method 'remove' of 'list' objects>,1,1,1.884e-06,9.476125969252349e-07,1.884e-06
/opt/hostedtoolcache/Python/3.11.16/x64/lib/python3.11/email/_parseaddr.py,512,AddressList,1,1,1.8740000000000002e-06,9.425828060710671e-07,1.8740000000000002e-06
/home/runner/work/_temp/scanner-verification-il7_c53e/final/rate_limit_control.py,15,BackendPaused,1,1,1.8730000000000001e-06,9.420798269856502e-07,1.8730000000000001e-06
/opt/hostedtoolcache/Python/3.11.16/x64/lib/python3.11/dataclasses.py,179,__repr__,2,2,1.8650000000000001e-06,9.380559943023159e-07,1.8650000000000001e-06
/opt/hostedtoolcache/Python/3.11.16/x64/lib/python3.11/queue.py,223,PriorityQueue,1,1,1.853e-06,9.320202452773143e-07,1.853e-06
/opt/hostedtoolcache/Python/3.11.16/x64/lib/python3.11/calendar.py,573,LocaleTextCalendar,1,1,1.853e-06,9.320202452773143e-07,1.853e-06
/opt/hostedtoolcache/Python/3.11.16/x64/lib/python3.11/typing.py,1720,_value_and_type_iter,1,1,1.844e-06,9.274934335085633e-07,1.844e-06
/opt/hostedtoolcache/Python/3.11.16/x64/lib/python3.11/http/client.py,195,HTTPMessage,1,1,1.8430000000000002e-06,9.269904544231465e-07,1.8430000000000002e-06
/home/runner/work/_temp/scanner-verification-il7_c53e/final/tiktok_worker_scanner.py,752,<genexpr>,2,2,1.8340000000000001e-06,9.224636426543954e-07,1.8340000000000001e-06
/home/runner/work/_temp/scanner-verification-il7_c53e/final/direct_protocol.py,22,ProtocolError,1,1,1.833e-06,9.219606635689786e-07,1.833e-06
/opt/hostedtoolcache/Python/3.11.16/x64/lib/python3.11/__future__.py,81,_Feature,1,1,1.833e-06,9.219606635689786e-07,1.833e-06
/opt/hostedtoolcache/Python/3.11.16/x64/lib/python3.11/site-packages/httpx/_config.py,159,Limits,1,1,1.824e-06,9.174338518002275e-07,1.824e-06
/home/runner/work/_temp/scanner-verification-il7_c53e/final/tiktok_worker_scanner.py,1981,SecretLogFilter,1,1,1.824e-06,9.174338518002275e-07,1.824e-06
/opt/hostedtoolcache/Python/3.11.16/x64/lib/python3.11/urllib/request.py,1226,HTTPDigestAuthHandler,1,1,1.824e-06,9.174338518002275e-07,1.824e-06
/opt/hostedtoolcache/Python/3.11.16/x64/lib/python3.11/zipfile.py,2334,FastLookup,1,1,1.8230000000000002e-06,9.169308727148107e-07,1.8230000000000002e-06
/opt/hostedtoolcache/Python/3.11.16/x64/lib/python3.11/importlib/resources/_adapters.py,7,SpecLoaderAdapter,1,1,1.8140000000000001e-06,9.124040609460596e-07,1.8140000000000001e-06
/opt/hostedtoolcache/Python/3.11.16/x64/lib/python3.11/unittest/mock.py,1642,<lambda>,2,2,1.813e-06,9.119010818606428e-07,1.813e-06
/opt/hostedtoolcache/Python/3.11.16/x64/lib/python3.11/urllib/request.py,624,HTTPErrorProcessor,1,1,1.793e-06,9.018415001523069e-07,1.793e-06
<frozen runpy>,54,__enter__,1,1,1.793e-06,9.018415001523069e-07,1.793e-06
/home/runner/work/_temp/scanner-verification-il7_c53e/final/tiktok_worker_scanner.py,931,WorkerApiError,1,1,1.7840000000000002e-06,8.973146883835559e-07,1.7840000000000002e-06
/opt/hostedtoolcache/Python/3.11.16/x64/lib/python3.11/statistics.py,256,_coerce,1,1,1.7830000000000001e-06,8.968117092981391e-07,1.7830000000000001e-06
/opt/hostedtoolcache/Python/3.11.16/x64/lib/python3.11/zipfile.py,649,LZMACompressor,1,1,1.773e-06,8.917819184439711e-07,1.773e-06
/opt/hostedtoolcache/Python/3.11.16/x64/lib/python3.11/site-packages/httpx/_decoders.py,56,DeflateDecoder,1,1,1.773e-06,8.917819184439711e-07,1.773e-06
/opt/hostedtoolcache/Python/3.11.16/x64/lib/python3.11/site-packages/httpx/_client.py,121,<listcomp>,1,1,1.754e-06,8.82225315821052e-07,1.754e-06
/opt/hostedtoolcache/Python/3.11.16/x64/lib/python3.11/site-packages/httpx/_auth.py,113,FunctionAuth,1,1,1.7440000000000002e-06,8.771955249668842e-07,1.7440000000000002e-06
~,0,<method 'copy' of 'dict' objects>,1,1,1.7440000000000002e-06,8.771955249668842e-07,1.7440000000000002e-06
/opt/hostedtoolcache/Python/3.11.16/x64/lib/python3.11/site-packages/httpx/_transports/default.py,121,ResponseStream,1,1,1.7330000000000002e-06,8.716627550272995e-07,1.7330000000000002e-06
/opt/hostedtoolcache/Python/3.11.16/x64/lib/python3.11/site-packages/httpx/_decoders.py,85,GZipDecoder,1,1,1.7330000000000002e-06,8.716627550272995e-07,1.7330000000000002e-06
/opt/hostedtoolcache/Python/3.11.16/x64/lib/python3.11/site-packages/httpx/_transports/base.py,65,AsyncBaseTransport,1,1,1.7130000000000002e-06,8.616031733189637e-07,1.7130000000000002e-06
/opt/hostedtoolcache/Python/3.11.16/x64/lib/python3.11/selectors.py,63,__init__,1,1,1.703e-06,8.565733824647957e-07,1.703e-06
/home/runner/work/_temp/scanner-verification-il7_c53e/final/tiktok_worker_scanner.py,942,InvalidWorkerResponse,1,1,1.6930000000000001e-06,8.515435916106278e-07,1.6930000000000001e-06
/home/runner/work/_temp/scanner-verification-il7_c53e/final/scan_runtime.py,154,RetryQueue,1,1,1.6930000000000001e-06,8.515435916106278e-07,1.6930000000000001e-06
/opt/hostedtoolcache/Python/3.11.16/x64/lib/python3.11/urllib/request.py,1050,HTTPBasicAuthHandler,1,1,1.6930000000000001e-06,8.515435916106278e-07,1.6930000000000001e-06
/opt/hostedtoolcache/Python/3.11.16/x64/lib/python3.11/inspect.py,2814,__init__,1,1,1.6930000000000001e-06,8.515435916106278e-07,1.6930000000000001e-06
/opt/hostedtoolcache/Python/3.11.16/x64/lib/python3.11/urllib/request.py,1244,ProxyDigestAuthHandler,1,1,1.684e-06,8.470167798418766e-07,1.684e-06
/opt/hostedtoolcache/Python/3.11.16/x64/lib/python3.11/site-packages/httpx/_transports/mock.py,15,MockTransport,1,1,1.6730000000000001e-06,8.414840099022919e-07,1.6730000000000001e-06
/home/runner/work/_temp/scanner-verification-il7_c53e/final/scan_runtime.py,218,ShutdownGuard,1,1,1.664e-06,8.369571981335408e-07,1.664e-06
/opt/hostedtoolcache/Python/3.11.16/x64/lib/python3.11/email/feedparser.py,530,BytesFeedParser,1,1,1.663e-06,8.364542190481241e-07,1.663e-06
/opt/hostedtoolcache/Python/3.11.16/x64/lib/python3.11/importlib/resources/readers.py,107,NamespaceReader,1,1,1.653e-06,8.314244281939561e-07,1.653e-06
/opt/hostedtoolcache/Python/3.11.16/x64/lib/python3.11/queue.py,242,LifoQueue,1,1,1.653e-06,8.314244281939561e-07,1.653e-06
/opt/hostedtoolcache/Python/3.11.16/x64/lib/python3.11/http/cookiejar.py,1982,MozillaCookieJar,1,1,1.653e-06,8.314244281939561e-07,1.653e-06
/opt/hostedtoolcache/Python/3.11.16/x64/lib/python3.11/urllib/request.py,1531,FTPHandler,1,1,1.653e-06,8.314244281939561e-07,1.653e-06
/opt/hostedtoolcache/Python/3.11.16/x64/lib/python3.11/urllib/response.py,37,addclosehook,1,1,1.653e-06,8.314244281939561e-07,1.653e-06
/opt/hostedtoolcache/Python/3.11.16/x64/lib/python3.11/site-packages/httpx/_transports/wsgi.py,30,WSGIByteStream,1,1,1.6430000000000002e-06,8.263946373397882e-07,1.6430000000000002e-06
/opt/hostedtoolcache/Python/3.11.16/x64/lib/python3.11/urllib/request.py,1416,UnknownHandler,1,1,1.6430000000000002e-06,8.263946373397882e-07,1.6430000000000002e-06
/opt/hostedtoolcache/Python/3.11.16/x64/lib/python3.11/urllib/request.py,1061,ProxyBasicAuthHandler,1,1,1.633e-06,8.213648464856203e-07,1.633e-06
/opt/hostedtoolcache/Python/3.11.16/x64/lib/python3.11/site-packages/httpx/_content.py,31,ByteStream,1,1,1.6230000000000002e-06,8.163350556314524e-07,1.6230000000000002e-06
/opt/hostedtoolcache/Python/3.11.16/x64/lib/python3.11/email/parser.py,125,BytesHeaderParser,1,1,1.6230000000000002e-06,8.163350556314524e-07,1.6230000000000002e-06
/opt/hostedtoolcache/Python/3.11.16/x64/lib/python3.11/site-packages/httpx/_decoders.py,228,ByteChunker,1,1,1.613e-06,8.113052647772846e-07,1.613e-06
/opt/hostedtoolcache/Python/3.11.16/x64/lib/python3.11/site-packages/httpx/_content.py,67,AsyncIteratorByteStream,1,1,1.613e-06,8.113052647772846e-07,1.613e-06
/opt/hostedtoolcache/Python/3.11.16/x64/lib/python3.11/site-packages/httpx/_decoders.py,44,IdentityDecoder,1,1,1.6030000000000002e-06,8.062754739231166e-07,1.6030000000000002e-06
<string>,1,<module>,1,1,1.5940000000000001e-06,8.017486621543654e-07,1.5940000000000001e-06
/opt/hostedtoolcache/Python/3.11.16/x64/lib/python3.11/urllib/request.py,898,HTTPPasswordMgrWithDefaultRealm,1,1,1.5940000000000001e-06,8.017486621543654e-07,1.5940000000000001e-06
/opt/hostedtoolcache/Python/3.11.16/x64/lib/python3.11/numbers.py,12,Number,1,1,1.593e-06,8.012456830689485e-07,1.593e-06
/opt/hostedtoolcache/Python/3.11.16/x64/lib/python3.11/site-packages/httpx/_transports/asgi.py,63,ASGITransport,1,1,1.5830000000000001e-06,7.962158922147808e-07,1.5830000000000001e-06
/opt/hostedtoolcache/Python/3.11.16/x64/lib/python3.11/site-packages/httpx/_decoders.py,36,ContentDecoder,1,1,1.5830000000000001e-06,7.962158922147808e-07,1.5830000000000001e-06
/opt/hostedtoolcache/Python/3.11.16/x64/lib/python3.11/site-packages/httpx/_exceptions.py,258,HTTPStatusError,1,1,1.5830000000000001e-06,7.962158922147808e-07,1.5830000000000001e-06
/opt/hostedtoolcache/Python/3.11.16/x64/lib/python3.11/site-packages/httpx/_content.py,42,IteratorByteStream,1,1,1.5720000000000002e-06,7.906831222751961e-07,1.5720000000000002e-06
~,0,<method 'popitem' of 'dict' objects>,1,1,1.543e-06,7.760967287981091e-07,1.543e-06
/home/runner/work/_temp/scanner-verification-il7_c53e/final/connection_metrics.py,3,RequestTrace,1,1,1.543e-06,7.760967287981091e-07,1.543e-06
/opt/hostedtoolcache/Python/3.11.16/x64/lib/python3.11/email/message.py,1202,EmailMessage,1,1,1.543e-06,7.760967287981091e-07,1.543e-06
/opt/hostedtoolcache/Python/3.11.16/x64/lib/python3.11/site-packages/httpx/_exceptions.py,107,RequestError,1,1,1.542e-06,7.755937497126923e-07,1.542e-06
/opt/hostedtoolcache/Python/3.11.16/x64/lib/python3.11/urllib/request.py,641,HTTPDefaultErrorHandler,1,1,1.523e-06,7.660371470897733e-07,1.523e-06
/opt/hostedtoolcache/Python/3.11.16/x64/lib/python3.11/site-packages/httpx/_transports/wsgi.py,44,WSGITransport,1,1,1.5130000000000002e-06,7.610073562356054e-07,1.5130000000000002e-06
/opt/hostedtoolcache/Python/3.11.16/x64/lib/python3.11/email/errors.py,97,NonPrintableDefect,1,1,1.5130000000000002e-06,7.610073562356054e-07,1.5130000000000002e-06
/opt/hostedtoolcache/Python/3.11.16/x64/lib/python3.11/site-packages/httpx/_decoders.py,267,TextChunker,1,1,1.503e-06,7.559775653814373e-07,1.503e-06
/home/runner/work/_temp/scanner-verification-il7_c53e/final/direct_protocol.py,50,Session,1,1,1.4930000000000001e-06,7.509477745272696e-07,1.4930000000000001e-06
/opt/hostedtoolcache/Python/3.11.16/x64/lib/python3.11/urllib/request.py,1641,DataHandler,1,1,1.4930000000000001e-06,7.509477745272696e-07,1.4930000000000001e-06
/opt/hostedtoolcache/Python/3.11.16/x64/lib/python3.11/site-packages/httpx/_transports/default.py,265,AsyncResponseStream,1,1,1.492e-06,7.504447954418526e-07,1.492e-06
/opt/hostedtoolcache/Python/3.11.16/x64/lib/python3.11/site-packages/httpx/_decoders.py,203,MultiDecoder,1,1,1.483e-06,7.459179836731015e-07,1.483e-06
/opt/hostedtoolcache/Python/3.11.16/x64/lib/python3.11/email/errors.py,37,MessageDefect,1,1,1.483e-06,7.459179836731015e-07,1.483e-06
/opt/hostedtoolcache/Python/3.11.16/x64/lib/python3.11/urllib/error.py,19,URLError,1,1,1.483e-06,7.459179836731015e-07,1.483e-06
/opt/hostedtoolcache/Python/3.11.16/x64/lib/python3.11/site-packages/httpx/_transports/asgi.py,55,ASGIResponseStream,1,1,1.4730000000000001e-06,7.408881928189337e-07,1.4730000000000001e-06
/opt/hostedtoolcache/Python/3.11.16/x64/lib/python3.11/calendar.py,594,LocaleHTMLCalendar,1,1,1.472e-06,7.403852137335168e-07,1.472e-06
/opt/hostedtoolcache/Python/3.11.16/x64/lib/python3.11/site-packages/httpx/_decoders.py,108,BrotliDecoder,1,1,1.463e-06,7.358584019647658e-07,1.463e-06
/opt/hostedtoolcache/Python/3.11.16/x64/lib/python3.11/urllib/response.py,57,addinfo,1,1,1.463e-06,7.358584019647658e-07,1.463e-06
/opt/hostedtoolcache/Python/3.11.16/x64/lib/python3.11/calendar.py,26,IllegalMonthError,1,1,1.452e-06,7.303256320251811e-07,1.452e-06
/opt/hostedtoolcache/Python/3.11.16/x64/lib/python3.11/site-packages/httpx/_client.py,94,UseClientDefault,1,1,1.433e-06,7.20769029402262e-07,1.433e-06
/opt/hostedtoolcache/Python/3.11.16/x64/lib/python3.11/logging/__init__.py,1319,disable,1,1,1.433e-06,7.20769029402262e-07,1.433e-06
/opt/hostedtoolcache/Python/3.11.16/x64/lib/python3.11/site-packages/httpx/_decoders.py,321,LineDecoder,1,1,1.432e-06,7.202660503168453e-07,1.432e-06
/opt/hostedtoolcache/Python/3.11.16/x64/lib/python3.11/uuid.py,78,SafeUUID,1,1,1.4230000000000002e-06,7.157392385480942e-07,1.4230000000000002e-06
~,0,<built-in method atexit.register>,1,1,1.3830000000000001e-06,6.956200751314224e-07,1.3830000000000001e-06
/opt/hostedtoolcache/Python/3.11.16/x64/lib/python3.11/site-packages/httpx/_decoders.py,161,ZStandardDecoder,1,1,1.3830000000000001e-06,6.956200751314224e-07,1.3830000000000001e-06
/opt/hostedtoolcache/Python/3.11.16/x64/lib/python3.11/site-packages/httpx/_content.py,92,UnattachedStream,1,1,1.373e-06,6.905902842772545e-07,1.373e-06
/opt/hostedtoolcache/Python/3.11.16/x64/lib/python3.11/calendar.py,33,IllegalWeekdayError,1,1,1.3720000000000002e-06,6.900873051918379e-07,1.3720000000000002e-06
/opt/hostedtoolcache/Python/3.11.16/x64/lib/python3.11/unittest/mock.py,574,__get_side_effect,1,1,1.362e-06,6.850575143376698e-07,1.362e-06
/opt/hostedtoolcache/Python/3.11.16/x64/lib/python3.11/encodings/utf_8_sig.py,97,StreamReader,1,1,1.353e-06,6.805307025689188e-07,1.353e-06
/opt/hostedtoolcache/Python/3.11.16/x64/lib/python3.11/importlib/resources/_adapters.py,143,__init__,1,1,1.333e-06,6.704711208605828e-07,1.333e-06
/opt/hostedtoolcache/Python/3.11.16/x64/lib/python3.11/importlib/resources/_adapters.py,20,TraversableResourcesLoader,1,1,1.3320000000000001e-06,6.699681417751661e-07,1.3320000000000001e-06
/home/runner/work/_temp/scanner-verification-il7_c53e/final/tiktok_worker_scanner.py,947,ScanCancelled,1,1,1.3320000000000001e-06,6.699681417751661e-07,1.3320000000000001e-06
/opt/hostedtoolcache/Python/3.11.16/x64/lib/python3.11/http/client.py,1576,BadStatusLine,1,1,1.323e-06,6.65441330006415e-07,1.323e-06
/opt/hostedtoolcache/Python/3.11.16/x64/lib/python3.11/email/errors.py,85,HeaderDefect,1,1,1.322e-06,6.649383509209981e-07,1.322e-06
/opt/hostedtoolcache/Python/3.11.16/x64/lib/python3.11/calendar.py,162,setfirstweekday,1,1,1.3130000000000002e-06,6.604115391522472e-07,1.3130000000000002e-06
/opt/hostedtoolcache/Python/3.11.16/x64/lib/python3.11/contextlib.py,440,__init__,1,1,1.312e-06,6.599085600668303e-07,1.312e-06
/opt/hostedtoolcache/Python/3.11.16/x64/lib/python3.11/urllib/error.py,70,ContentTooShortError,1,1,1.303e-06,6.553817482980791e-07,1.303e-06
/opt/hostedtoolcache/Python/3.11.16/x64/lib/python3.11/site-packages/httpx/_exceptions.py,309,StreamConsumed,1,1,1.302e-06,6.548787692126623e-07,1.302e-06
/opt/hostedtoolcache/Python/3.11.16/x64/lib/python3.11/zipfile.py,44,BadZipFile,1,1,1.2930000000000002e-06,6.503519574439114e-07,1.2930000000000002e-06
/opt/hostedtoolcache/Python/3.11.16/x64/lib/python3.11/encodings/utf_8_sig.py,85,StreamWriter,1,1,1.292e-06,6.498489783584944e-07,1.292e-06
/opt/hostedtoolcache/Python/3.11.16/x64/lib/python3.11/site-packages/httpx/_config.py,16,UnsetType,1,1,1.2820000000000002e-06,6.448191875043267e-07,1.2820000000000002e-06
/opt/hostedtoolcache/Python/3.11.16/x64/lib/python3.11/queue.py,23,Full,1,1,1.2530000000000001e-06,6.302327940272396e-07,1.2530000000000001e-06
/opt/hostedtoolcache/Python/3.11.16/x64/lib/python3.11/site-packages/httpx/_exceptions.py,167,NetworkError,1,1,1.252e-06,6.297298149418228e-07,1.252e-06
/opt/hostedtoolcache/Python/3.11.16/x64/lib/python3.11/site-packages/httpx/_exceptions.py,327,StreamClosed,1,1,1.252e-06,6.297298149418228e-07,1.252e-06
/opt/hostedtoolcache/Python/3.11.16/x64/lib/python3.11/threading.py,1597,main_thread,1,1,1.252e-06,6.297298149418228e-07,1.252e-06
/opt/hostedtoolcache/Python/3.11.16/x64/lib/python3.11/zipfile.py,672,LZMADecompressor,1,1,1.243e-06,6.252030031730718e-07,1.243e-06
/opt/hostedtoolcache/Python/3.11.16/x64/lib/python3.11/email/errors.py,8,MessageError,1,1,1.2420000000000001e-06,6.247000240876549e-07,1.2420000000000001e-06
/opt/hostedtoolcache/Python/3.11.16/x64/lib/python3.11/zipfile.py,48,LargeZipFile,1,1,1.233e-06,6.201732123189038e-07,1.233e-06
/home/runner/work/_temp/scanner-verification-il7_c53e/final/tiktok_worker_scanner.py,1201,<listcomp>,1,1,1.232e-06,6.196702332334871e-07,1.232e-06
/opt/hostedtoolcache/Python/3.11.16/x64/lib/python3.11/site-packages/httpx/_exceptions.py,280,CookieConflict,1,1,1.232e-06,6.196702332334871e-07,1.232e-06
/opt/hostedtoolcache/Python/3.11.16/x64/lib/python3.11/functools.py,972,__set_name__,1,1,1.232e-06,6.196702332334871e-07,1.232e-06
/opt/hostedtoolcache/Python/3.11.16/x64/lib/python3.11/argparse.py,1327,__init__,1,1,1.2220000000000001e-06,6.146404423793191e-07,1.2220000000000001e-06
/opt/hostedtoolcache/Python/3.11.16/x64/lib/python3.11/site-packages/httpx/_exceptions.py,297,StreamError,1,1,1.213e-06,6.101136306105679e-07,1.213e-06
/opt/hostedtoolcache/Python/3.11.16/x64/lib/python3.11/http/cookiejar.py,1774,LoadError,1,1,1.212e-06,6.096106515251512e-07,1.212e-06
/opt/hostedtoolcache/Python/3.11.16/x64/lib/python3.11/http/client.py,1528,HTTPException,1,1,1.212e-06,6.096106515251512e-07,1.212e-06
/opt/hostedtoolcache/Python/3.11.16/x64/lib/python3.11/statistics.py,148,StatisticsError,1,1,1.212e-06,6.096106515251512e-07,1.212e-06
/home/runner/work/_temp/scanner-verification-il7_c53e/final/tiktok_worker_scanner.py,170,ExporterError,1,1,1.212e-06,6.096106515251512e-07,1.212e-06
/opt/hostedtoolcache/Python/3.11.16/x64/lib/python3.11/http/client.py,1583,LineTooLong,1,1,1.202e-06,6.045808606709832e-07,1.202e-06
/opt/hostedtoolcache/Python/3.11.16/x64/lib/python3.11/site-packages/httpx/_exceptions.py,353,RequestNotRead,1,1,1.192e-06,5.995510698168153e-07,1.192e-06
/home/runner/work/_temp/scanner-verification-il7_c53e/final/direct_protocol.py,28,load_session,1,1,1.182e-06,5.945212789626474e-07,1.182e-06
/opt/hostedtoolcache/Python/3.11.16/x64/lib/python3.11/http/client.py,1539,UnknownProtocol,1,1,1.182e-06,5.945212789626474e-07,1.182e-06
/opt/hostedtoolcache/Python/3.11.16/x64/lib/python3.11/http/client.py,1570,CannotSendHeader,1,1,1.182e-06,5.945212789626474e-07,1.182e-06
/opt/hostedtoolcache/Python/3.11.16/x64/lib/python3.11/email/errors.py,48,StartBoundaryNotFoundDefect,1,1,1.182e-06,5.945212789626474e-07,1.182e-06
/opt/hostedtoolcache/Python/3.11.16/x64/lib/python3.11/random.py,814,seed,1,1,1.173e-06,5.899944671938962e-07,1.173e-06
/opt/hostedtoolcache/Python/3.11.16/x64/lib/python3.11/site-packages/httpx/_exceptions.py,249,TooManyRedirects,1,1,1.162e-06,5.844616972543115e-07,1.162e-06
~,0,<method 'toordinal' of 'datetime.date' objects>,1,1,1.162e-06,5.844616972543115e-07,1.162e-06
~,0,<method 'clear' of 'dict' objects>,1,1,1.162e-06,5.844616972543115e-07,1.162e-06
/opt/hostedtoolcache/Python/3.11.16/x64/lib/python3.11/concurrent/futures/thread.py,112,BrokenThreadPool,1,1,1.1520000000000002e-06,5.794319064001437e-07,1.1520000000000002e-06
/opt/hostedtoolcache/Python/3.11.16/x64/lib/python3.11/site-packages/idna/core.py,110,IDNABidiError,1,1,1.1520000000000002e-06,5.794319064001437e-07,1.1520000000000002e-06
/opt/hostedtoolcache/Python/3.11.16/x64/lib/python3.11/http/cookiejar.py,1244,Absent,1,1,1.142e-06,5.744021155459757e-07,1.142e-06
/opt/hostedtoolcache/Python/3.11.16/x64/lib/python3.11/http/client.py,1588,RemoteDisconnected,1,1,1.142e-06,5.744021155459757e-07,1.142e-06
/opt/hostedtoolcache/Python/3.11.16/x64/lib/python3.11/email/errors.py,12,MessageParseError,1,1,1.142e-06,5.744021155459757e-07,1.142e-06
/opt/hostedtoolcache/Python/3.11.16/x64/lib/python3.11/site-packages/httpx/_exceptions.py,175,ReadError,1,1,1.1320000000000001e-06,5.693723246918079e-07,1.1320000000000001e-06
/opt/hostedtoolcache/Python/3.11.16/x64/lib/python3.11/site-packages/idna/core.py,118,InvalidCodepointContext,1,1,1.1320000000000001e-06,5.693723246918079e-07,1.1320000000000001e-06
/home/runner/work/_temp/scanner-verification-il7_c53e/final/tiktok_worker_scanner.py,1255,<genexpr>,1,1,1.123e-06,5.648455129230567e-07,1.123e-06
/home/runner/work/_temp/scanner-verification-il7_c53e/final/report_generator.py,150,<dictcomp>,1,1,1.1120000000000001e-06,5.59312742983472e-07,1.1120000000000001e-06
/opt/hostedtoolcache/Python/3.11.16/x64/lib/python3.11/site-packages/httpx/_exceptions.py,123,TransportError,1,1,1.1120000000000001e-06,5.59312742983472e-07,1.1120000000000001e-06
/opt/hostedtoolcache/Python/3.11.16/x64/lib/python3.11/site-packages/httpx/_exceptions.py,193,CloseError,1,1,1.1120000000000001e-06,5.59312742983472e-07,1.1120000000000001e-06
/opt/hostedtoolcache/Python/3.11.16/x64/lib/python3.11/http/client.py,1533,NotConnected,1,1,1.1120000000000001e-06,5.59312742983472e-07,1.1120000000000001e-06
/opt/hostedtoolcache/Python/3.11.16/x64/lib/python3.11/functools.py,753,<listcomp>,1,1,1.102e-06,5.54282952129304e-07,1.102e-06
/opt/hostedtoolcache/Python/3.11.16/x64/lib/python3.11/site-packages/httpx/_exceptions.py,202,ProxyError,1,1,1.102e-06,5.54282952129304e-07,1.102e-06
/home/runner/work/_temp/scanner-verification-il7_c53e/final/tiktok_worker_scanner.py,1553,<listcomp>,1,1,1.092e-06,5.492531612751362e-07,1.092e-06
/home/runner/work/_temp/scanner-verification-il7_c53e/final/tiktok_worker_scanner.py,174,MissingDependency,1,1,1.092e-06,5.492531612751362e-07,1.092e-06
/home/runner/work/_temp/scanner-verification-il7_c53e/final/tiktok_worker_scanner.py,178,PublicProfileRequired,1,1,1.092e-06,5.492531612751362e-07,1.092e-06
/opt/hostedtoolcache/Python/3.11.16/x64/lib/python3.11/site-packages/httpx/_exceptions.py,132,TimeoutException,1,1,1.082e-06,5.442233704209683e-07,1.082e-06
/opt/hostedtoolcache/Python/3.11.16/x64/lib/python3.11/unittest/mock.py,1114,_mock_check_sig,1,1,1.082e-06,5.442233704209683e-07,1.082e-06
~,0,<method 'clear' of 'collections.deque' objects>,1,1,1.082e-06,5.442233704209683e-07,1.082e-06
<string>,1,__create_fn__,1,1,1.072e-06,5.391935795668003e-07,1.072e-06
/opt/hostedtoolcache/Python/3.11.16/x64/lib/python3.11/site-packages/httpx/_exceptions.py,222,LocalProtocolError,1,1,1.072e-06,5.391935795668003e-07,1.072e-06
/opt/hostedtoolcache/Python/3.11.16/x64/lib/python3.11/email/errors.py,24,MultipartConversionError,1,1,1.072e-06,5.391935795668003e-07,1.072e-06
/opt/hostedtoolcache/Python/3.11.16/x64/lib/python3.11/email/errors.py,91,InvalidHeaderDefect,1,1,1.072e-06,5.391935795668003e-07,1.072e-06
/opt/hostedtoolcache/Python/3.11.16/x64/lib/python3.11/email/errors.py,108,ObsoleteHeaderDefect,1,1,1.072e-06,5.391935795668003e-07,1.072e-06
/opt/hostedtoolcache/Python/3.11.16/x64/lib/python3.11/site-packages/httpx/_exceptions.py,140,ConnectTimeout,1,1,1.071e-06,5.386906004813836e-07,1.071e-06
/opt/hostedtoolcache/Python/3.11.16/x64/lib/python3.11/email/errors.py,65,MultipartInvariantViolationDefect,1,1,1.071e-06,5.386906004813836e-07,1.071e-06
/opt/hostedtoolcache/Python/3.11.16/x64/lib/python3.11/email/errors.py,111,NonASCIILocalPartDefect,1,1,1.0620000000000002e-06,5.341637887126325e-07,1.0620000000000002e-06
/home/runner/work/_temp/scanner-verification-il7_c53e/final/tiktok_worker_scanner.py,1254,<genexpr>,1,1,1.052e-06,5.291339978584645e-07,1.052e-06
/opt/hostedtoolcache/Python/3.11.16/x64/lib/python3.11/site-packages/httpx/_exceptions.py,146,ReadTimeout,1,1,1.052e-06,5.291339978584645e-07,1.052e-06
/opt/hostedtoolcache/Python/3.11.16/x64/lib/python3.11/site-packages/idna/core.py,114,InvalidCodepoint,1,1,1.052e-06,5.291339978584645e-07,1.052e-06
/opt/hostedtoolcache/Python/3.11.16/x64/lib/python3.11/http/client.py,1544,UnknownTransferEncoding,1,1,1.052e-06,5.291339978584645e-07,1.052e-06
/opt/hostedtoolcache/Python/3.11.16/x64/lib/python3.11/email/errors.py,16,HeaderParseError,1,1,1.052e-06,5.291339978584645e-07,1.052e-06
/opt/hostedtoolcache/Python/3.11.16/x64/lib/python3.11/email/errors.py,116,InvalidDateDefect,1,1,1.052e-06,5.291339978584645e-07,1.052e-06
~,0,<method 'index' of 'list' objects>,1,1,1.052e-06,5.291339978584645e-07,1.052e-06
~,0,<method 'bit_length' of 'int' objects>,1,1,1.052e-06,5.291339978584645e-07,1.052e-06
/opt/hostedtoolcache/Python/3.11.16/x64/lib/python3.11/contextlib.py,446,__exit__,1,1,1.0420000000000001e-06,5.241042070042967e-07,1.0420000000000001e-06
/opt/hostedtoolcache/Python/3.11.16/x64/lib/python3.11/site-packages/httpx/_exceptions.py,181,WriteError,1,1,1.0420000000000001e-06,5.241042070042967e-07,1.0420000000000001e-06
/opt/hostedtoolcache/Python/3.11.16/x64/lib/python3.11/http/client.py,1564,ImproperConnectionState,1,1,1.0420000000000001e-06,5.241042070042967e-07,1.0420000000000001e-06
/opt/hostedtoolcache/Python/3.11.16/x64/lib/python3.11/email/errors.py,77,InvalidBase64CharactersDefect,1,1,1.0420000000000001e-06,5.241042070042967e-07,1.0420000000000001e-06
/home/runner/work/_temp/scanner-verification-il7_c53e/final/tiktok_worker_scanner.py,815,<genexpr>,1,1,1.032e-06,5.190744161501286e-07,1.032e-06
/opt/hostedtoolcache/Python/3.11.16/x64/lib/python3.11/site-packages/httpx/_exceptions.py,152,WriteTimeout,1,1,1.032e-06,5.190744161501286e-07,1.032e-06
/opt/hostedtoolcache/Python/3.11.16/x64/lib/python3.11/site-packages/httpx/_exceptions.py,216,ProtocolError,1,1,1.032e-06,5.190744161501286e-07,1.032e-06
/home/runner/work/_temp/scanner-verification-il7_c53e/final/tiktok_worker_scanner.py,1257,<listcomp>,1,1,1.032e-06,5.190744161501286e-07,1.032e-06
/opt/hostedtoolcache/Python/3.11.16/x64/lib/python3.11/http/client.py,1547,UnimplementedFileMode,1,1,1.032e-06,5.190744161501286e-07,1.032e-06
/opt/hostedtoolcache/Python/3.11.16/x64/lib/python3.11/email/errors.py,71,UndecodableBytesDefect,1,1,1.032e-06,5.190744161501286e-07,1.032e-06
/opt/hostedtoolcache/Python/3.11.16/x64/lib/python3.11/importlib/resources/readers.py,27,files,1,1,1.0220000000000001e-06,5.140446252959609e-07,1.0220000000000001e-06
/opt/hostedtoolcache/Python/3.11.16/x64/lib/python3.11/http/client.py,1536,InvalidURL,1,1,1.0220000000000001e-06,5.140446252959609e-07,1.0220000000000001e-06
/opt/hostedtoolcache/Python/3.11.16/x64/lib/python3.11/email/errors.py,20,BoundaryError,1,1,1.0220000000000001e-06,5.140446252959609e-07,1.0220000000000001e-06
/opt/hostedtoolcache/Python/3.11.16/x64/lib/python3.11/email/errors.py,45,NoBoundaryInMultipartDefect,1,1,1.0220000000000001e-06,5.140446252959609e-07,1.0220000000000001e-06
/opt/hostedtoolcache/Python/3.11.16/x64/lib/python3.11/email/errors.py,60,MissingHeaderBodySeparatorDefect,1,1,1.0220000000000001e-06,5.140446252959609e-07,1.0220000000000001e-06
/opt/hostedtoolcache/Python/3.11.16/x64/lib/python3.11/email/errors.py,74,InvalidBase64PaddingDefect,1,1,1.0220000000000001e-06,5.140446252959609e-07,1.0220000000000001e-06
/opt/hostedtoolcache/Python/3.11.16/x64/lib/python3.11/email/errors.py,80,InvalidBase64LengthDefect,1,1,1.0220000000000001e-06,5.140446252959609e-07,1.0220000000000001e-06
/home/runner/work/_temp/scanner-verification-il7_c53e/final/tiktok_worker_scanner.py,802,<listcomp>,1,1,1.012e-06,5.090148344417928e-07,1.012e-06
/opt/hostedtoolcache/Python/3.11.16/x64/lib/python3.11/site-packages/httpx/_exceptions.py,232,RemoteProtocolError,1,1,1.012e-06,5.090148344417928e-07,1.012e-06
/opt/hostedtoolcache/Python/3.11.16/x64/lib/python3.11/email/errors.py,32,HeaderWriteError,1,1,1.012e-06,5.090148344417928e-07,1.012e-06
/opt/hostedtoolcache/Python/3.11.16/x64/lib/python3.11/email/errors.py,57,MisplacedEnvelopeHeaderDefect,1,1,1.012e-06,5.090148344417928e-07,1.012e-06
/opt/hostedtoolcache/Python/3.11.16/x64/lib/python3.11/email/errors.py,68,InvalidMultipartContentTransferEncodingDefect,1,1,1.012e-06,5.090148344417928e-07,1.012e-06
/opt/hostedtoolcache/Python/3.11.16/x64/lib/python3.11/email/errors.py,94,HeaderMissingRequiredValue,1,1,1.012e-06,5.090148344417928e-07,1.012e-06
/opt/hostedtoolcache/Python/3.11.16/x64/lib/python3.11/site-packages/httpx/_exceptions.py,243,DecodingError,1,1,1.0110000000000001e-06,5.085118553563762e-07,1.0110000000000001e-06
/home/runner/work/_temp/scanner-verification-il7_c53e/final/tiktok_worker_scanner.py,1555,<genexpr>,1,1,1.002e-06,5.03985043587625e-07,1.002e-06
/opt/hostedtoolcache/Python/3.11.16/x64/lib/python3.11/http/client.py,1567,CannotSendRequest,1,1,1.002e-06,5.03985043587625e-07,1.002e-06
/opt/hostedtoolcache/Python/3.11.16/x64/lib/python3.11/email/errors.py,28,CharsetError,1,1,1.002e-06,5.03985043587625e-07,1.002e-06
/opt/hostedtoolcache/Python/3.11.16/x64/lib/python3.11/email/errors.py,54,FirstHeaderLineIsContinuationDefect,1,1,1.002e-06,5.03985043587625e-07,1.002e-06
/opt/hostedtoolcache/Python/3.11.16/x64/lib/python3.11/site-packages/httpx/_exceptions.py,158,PoolTimeout,1,1,1.001e-06,5.034820645022081e-07,1.001e-06
/opt/hostedtoolcache/Python/3.11.16/x64/lib/python3.11/site-packages/httpx/_exceptions.py,208,UnsupportedProtocol,1,1,1.001e-06,5.034820645022081e-07,1.001e-06
/opt/hostedtoolcache/Python/3.11.16/x64/lib/python3.11/site-packages/httpx/_exceptions.py,187,ConnectError,1,1,9.92e-07,4.98955252733457e-07,9.92e-07
/opt/hostedtoolcache/Python/3.11.16/x64/lib/python3.11/email/errors.py,51,CloseBoundaryNotFoundDefect,1,1,9.92e-07,4.98955252733457e-07,9.92e-07
/opt/hostedtoolcache/Python/3.11.16/x64/lib/python3.11/site-packages/idna/package_data.py,1,<module>,1,1,9.82e-07,4.939254618792891e-07,9.82e-07
/opt/hostedtoolcache/Python/3.11.16/x64/lib/python3.11/http/client.py,1573,ResponseNotReady,1,1,9.82e-07,4.939254618792891e-07,9.82e-07
/opt/hostedtoolcache/Python/3.11.16/x64/lib/python3.11/unittest/mock.py,404,__init__,1,1,9.82e-07,4.939254618792891e-07,9.82e-07
/opt/hostedtoolcache/Python/3.11.16/x64/lib/python3.11/importlib/resources/_common.py,101,_,1,1,9.62e-07,4.838658801709533e-07,9.62e-07
/home/runner/work/_temp/scanner-verification-il7_c53e/final/vendor/__init__.py,1,<module>,1,1,9.62e-07,4.838658801709533e-07,9.62e-07
/opt/hostedtoolcache/Python/3.11.16/x64/lib/python3.11/subprocess.py,1089,__enter__,1,1,9.520000000000001e-07,4.788360893167854e-07,9.520000000000001e-07
/opt/hostedtoolcache/Python/3.11.16/x64/lib/python3.11/contextlib.py,555,__enter__,1,1,9.520000000000001e-07,4.788360893167854e-07,9.520000000000001e-07
~,0,<built-in method posix.WIFSTOPPED>,1,1,9.510000000000001e-07,4.783331102313686e-07,9.510000000000001e-07
/opt/hostedtoolcache/Python/3.11.16/x64/lib/python3.11/contextlib.py,443,__enter__,1,1,9.22e-07,4.6374671675428163e-07,9.22e-07
~,0,<built-in method posix.waitstatus_to_exitcode>,1,1,9.210000000000001e-07,4.632437376688648e-07,9.210000000000001e-07
/opt/hostedtoolcache/Python/3.11.16/x64/lib/python3.11/argparse.py,1782,identity,1,1,9.12e-07,4.5871692590011373e-07,9.12e-07
/home/runner/work/_temp/scanner-verification-il7_c53e/final/tiktok_worker_scanner.py,818,<genexpr>,1,1,8.920000000000001e-07,4.4865734419177794e-07,8.920000000000001e-07
