file,line,function,primitive_calls,calls,exclusive_cpu_seconds,percent_of_profiled_cpu,cumulative_cpu_seconds
/home/runner/work/_temp/scanner-verification-il7_c53e/final/tests/benchmark_hybrid.py,123,<genexpr>,5776910,5776910,19.428262378,7.772625042395897,32.845205012
/opt/hostedtoolcache/Python/3.11.16/x64/lib/python3.11/asyncio/tasks.py,61,<setcomp>,6207,6207,13.769079907,5.508567529800651,36.152091377000005
/opt/hostedtoolcache/Python/3.11.16/x64/lib/python3.11/asyncio/futures.py,299,_get_loop,6958956,6958956,11.815527698,4.727013908284019,17.148001832000002
/opt/hostedtoolcache/Python/3.11.16/x64/lib/python3.11/site-packages/httpx/_urlparse.py,273,<genexpr>,4123670,4123670,10.459248188,4.184409949226326,16.830959887000002
~,0,<method 'done' of '_asyncio.Task' objects>,13040285,13040285,10.232192567,4.093572273089124,10.232192567
~,0,<built-in method builtins.isinstance>,9273530,9279530,9.197982263,3.6798178800520565,12.235276152
/home/runner/work/_temp/scanner-verification-il7_c53e/final/tiktok_worker_scanner.py,1115,clean,27614,1127311,8.338555721,3.3359888678387386,13.382849691
/opt/hostedtoolcache/Python/3.11.16/x64/lib/python3.11/_weakrefset.py,63,__iter__,6904617,6904617,6.290304281,2.5165491193980785,6.409312863
/opt/hostedtoolcache/Python/3.11.16/x64/lib/python3.11/dataclasses.py,1289,_asdict_inner,15000,806000,6.0467686579999995,2.4191183226949846,18.640423521000002
/opt/hostedtoolcache/Python/3.11.16/x64/lib/python3.11/asyncio/tasks.py,42,all_tasks,6207,6207,6.008210977,2.403692630418115,48.613176592
~,0,<method 'get_loop' of '_asyncio.Future' objects>,6958956,6958956,5.332474134,2.133351978959813,5.332474134
~,0,<built-in method builtins.sum>,29933,29933,5.214964454,2.0863401225353195,39.120880657
~,0,<method 'startswith' of 'str' objects>,5837632,5837632,5.0440606290000005,2.0179669801414604,5.0440606290000005
~,0,<built-in method builtins.any>,38200,38200,4.719880235,1.8882727954720457,30.832204024
~,0,<method 'get_name' of '_asyncio.Task' objects>,5770704,5770704,4.453489832000001,1.7816985338563305,4.453489832000001
/opt/hostedtoolcache/Python/3.11.16/x64/lib/python3.11/asyncio/tasks.py,507,_wait,3138,3138,3.761519385,1.504863337774129,7.803851724
/opt/hostedtoolcache/Python/3.11.16/x64/lib/python3.11/copy.py,128,deepcopy,747000,747000,3.5546217570000005,1.422090228511094,6.057654425000001
~,0,<method 'isprintable' of 'str' objects>,4224670,4224670,3.3368843480000003,1.334980470317988,3.3368843480000003
/home/runner/work/_temp/scanner-verification-il7_c53e/final/vendor/tiktok_sign.py,340,_quarter_round,1192304,1192304,3.311620619,1.324873262124626,3.311620619
~,0,<method 'isascii' of 'str' objects>,4237707,4237707,3.235690464,1.2944960409020887,3.235690464
~,0,<method 'execute' of 'sqlite3.Connection' objects>,67305,67305,3.0719640760000004,1.2289943609931917,3.0719640760000004
~,0,<method 'get' of '_queue.SimpleQueue' objects>,36786,36786,2.614794519,1.0460954749156073,2.614794519
/opt/hostedtoolcache/Python/3.11.16/x64/lib/python3.11/asyncio/base_events.py,1859,_run_once,122083,122083,2.2847917900000003,0.9140719606362808,180.76343068300002
~,0,<method 'append' of 'list' objects>,2503636,2503636,2.0891334440000002,0.8357953278481912,2.0891334440000002
~,0,<method 'get' of 'dict' objects>,2428987,2428987,2.06965047,0.8280008144395073,2.06965047
/opt/hostedtoolcache/Python/3.11.16/x64/lib/python3.11/json/encoder.py,334,_iterencode_dict,529547,1149319,1.988789548,0.7956509513863854,2.439422544
/opt/hostedtoolcache/Python/3.11.16/x64/lib/python3.11/asyncio/tasks.py,424,<genexpr>,1058484,1058484,1.9597361030000002,0.7840275992933755,8.665463449
<frozen abc>,117,__instancecheck__,1142568,1142568,1.9311059540000002,0.7725735943620383,2.984641331
/home/runner/work/_temp/scanner-verification-il7_c53e/final/vendor/tiktok_sign.py,240,_escape,186000,186000,1.924474088,0.7699203973469627,3.3330485270000003
/opt/hostedtoolcache/Python/3.11.16/x64/lib/python3.11/asyncio/coroutines.py,34,iscoroutine,1058712,1058712,1.8781778130000002,0.7513987416562241,6.724164994000001
/opt/hostedtoolcache/Python/3.11.16/x64/lib/python3.11/urllib/parse.py,818,unquote_plus,642000,642000,1.779431594,0.7118935445516995,4.341802465000001
~,0,<method 'poll' of 'select.epoll' objects>,122083,122083,1.523284896,0.6094174609645079,1.523284896
/opt/hostedtoolcache/Python/3.11.16/x64/lib/python3.11/dataclasses.py,1253,_is_dataclass_instance,821000,821000,1.4987678840000003,0.5996089903082897,2.4111463200000003
~,0,<method 'replace' of 'str' objects>,1751385,1751385,1.497449172,0.5990814159058296,1.497449172
/home/runner/work/_temp/scanner-verification-il7_c53e/final/vendor/tiktok_sign.py,355,_keystream,24000,24000,1.438350535,0.5754379455336249,4.84037203
/opt/hostedtoolcache/Python/3.11.16/x64/lib/python3.11/urllib/parse.py,745,parse_qsl,9001,9001,1.3772169060000001,0.5509803400899179,7.535885660000001
~,0,<method 'add_done_callback' of '_asyncio.Task' objects>,1058372,1058372,1.333941422,0.533667206052718,1.3339670700000001
/opt/hostedtoolcache/Python/3.11.16/x64/lib/python3.11/urllib/parse.py,675,unquote,654000,654000,1.315707546,0.5263724167164351,2.0783901300000003
~,0,<built-in method builtins.hasattr>,1096868,1096873,1.244038775,0.4977000386419485,1.245192883
/opt/hostedtoolcache/Python/3.11.16/x64/lib/python3.11/urllib/parse.py,781,_unquote,642000,642000,1.192782292,0.4771939627201989,5.534584757
~,0,<built-in method _abc._abc_instancecheck>,1142568,1142568,1.053036496,0.4212861490194163,1.053535377
~,0,<method 'casefold' of 'str' objects>,1129775,1129775,1.0318527750000002,0.4128112212501591,1.0318527750000002
/opt/hostedtoolcache/Python/3.11.16/x64/lib/python3.11/json/encoder.py,414,_iterencode,546547,546547,0.9349179010000002,0.3740306852210049,3.4415252790000004
~,0,<method 'remove_done_callback' of '_asyncio.Task' objects>,1057366,1057366,0.9305078560000001,0.3722663675718924,0.9305078560000001
~,0,<method 'add' of 'set' objects>,1101436,1101436,0.9193380070000001,0.36779766901470734,0.9275074930000001
~,0,<method 'commit' of 'sqlite3.Connection' objects>,5002,5002,0.9081276869999999,0.3633127793076412,0.9081276869999999
/opt/hostedtoolcache/Python/3.11.16/x64/lib/python3.11/selectors.py,451,select,122083,122083,0.887943337,0.35523766784259664,2.79492311
~,0,<built-in method builtins.len>,947857,948424,0.8707656960000001,0.3483654442742617,0.8717611810000001
~,0,<method 'executescript' of 'sqlite3.Connection' objects>,1002,1002,0.8458962010000001,0.3384159564678983,0.8458962010000001
/opt/hostedtoolcache/Python/3.11.16/x64/lib/python3.11/asyncio/base_events.py,781,_call_soon,208106,208106,0.845862804,0.33840259539867396,1.922893407
/opt/hostedtoolcache/Python/3.11.16/x64/lib/python3.11/dataclasses.py,1323,<genexpr>,119000,259000,0.758238945,0.3033470980246016,9.66048867
/home/runner/work/_temp/scanner-verification-il7_c53e/final/vendor/tiktok_sign.py,268,encode_field,66000,66000,0.7484846190000001,0.2994447048478888,1.1815966050000002
~,0,<method 'run' of '_contextvars.Context' objects>,245951,245951,0.7426033280000001,0.2970917888320962,173.327432528
/opt/hostedtoolcache/Python/3.11.16/x64/lib/python3.11/json/encoder.py,183,encode,42620,42620,0.7137440070000001,0.2855460995292203,4.994439261
/opt/hostedtoolcache/Python/3.11.16/x64/lib/python3.11/asyncio/events.py,35,__init__,222106,222106,0.710121059,0.2840966741609492,0.9902720740000001
/home/runner/work/_temp/scanner-verification-il7_c53e/final/vendor/tiktok_sign.py,393,<listcomp>,6000,6000,0.7058173820000001,0.2823749109392181,1.268813373
/opt/hostedtoolcache/Python/3.11.16/x64/lib/python3.11/asyncio/events.py,82,_run,245951,245951,0.7016047480000001,0.2806895711035812,174.029037276
/opt/hostedtoolcache/Python/3.11.16/x64/lib/python3.11/json/encoder.py,205,iterencode,28621,28621,0.6806398760000001,0.2723021978044463,0.7217968570000001
/home/runner/work/_temp/scanner-verification-il7_c53e/final/scan_runtime.py,77,independent,50004,50004,0.6705313460000001,0.2682580989606516,4.650982484
/opt/hostedtoolcache/Python/3.11.16/x64/lib/python3.11/threading.py,271,__enter__,281429,281429,0.6598391530000001,0.2639804952587355,1.027073278
/opt/hostedtoolcache/Python/3.11.16/x64/lib/python3.11/copy.py,182,_deepcopy_atomic,747000,747000,0.6380072370000001,0.25524624544660424,0.6380072370000001
~,0,<built-in method builtins.id>,760563,760563,0.637257791,0.2549464161240334,0.637257791
/opt/hostedtoolcache/Python/3.11.16/x64/lib/python3.11/threading.py,274,__exit__,281429,281429,0.627209075,0.2509262469444177,0.902242034
/opt/hostedtoolcache/Python/3.11.16/x64/lib/python3.11/asyncio/base_events.py,752,call_soon,176836,176836,0.62400268,0.24964347107965304,2.326427799
/home/runner/work/_temp/scanner-verification-il7_c53e/final/vendor/tiktok_sign.py,259,hash_state,9000,9000,0.6086528930000001,0.2435025133084247,0.6179970920000001
/home/runner/work/_temp/scanner-verification-il7_c53e/final/vendor/tiktok_sign.py,407,<genexpr>,342000,342000,0.585363793,0.23418529088508316,0.866215908
~,0,<method '__exit__' of 'sqlite3.Connection' objects>,6003,6003,0.5847141790000001,0.2339254011457925,0.5847141790000001
~,0,<method 'join' of 'bytes' objects>,33000,33000,0.5805509630000001,0.23225983186795804,2.522720882
/opt/hostedtoolcache/Python/3.11.16/x64/lib/python3.11/collections/__init__.py,660,update,66590,66590,0.56244046,0.2250144001144943,1.194215352
~,0,<method 'recv' of '_socket.socket' objects>,55767,55767,0.550048066,0.22005660048910378,0.550048066
/opt/hostedtoolcache/Python/3.11.16/x64/lib/python3.11/urllib/parse.py,939,quote_from_bytes,90006,90006,0.542501514,0.21703746692390324,1.014844276
~,0,<method 'send' of '_socket.socket' objects>,31270,31270,0.5176352590000001,0.20708927533768798,0.5176352590000001
~,0,<method 'close' of 'sqlite3.Connection' objects>,2007,2007,0.506397988,0.2025936033993836,0.506397988
~,0,<built-in method io.open>,4119,4119,0.484622269,0.19388183620566712,0.5491000030000001
~,0,<built-in method builtins.getattr>,464876,464876,0.474424866,0.18980218212322303,0.47445121600000006
~,0,<built-in method posix.fsync>,8203,8203,0.46917719700000005,0.18770275796011354,0.46917719700000005
/opt/hostedtoolcache/Python/3.11.16/x64/lib/python3.11/asyncio/base_futures.py,14,isfuture,218688,218688,0.46210472700000005,0.1848732894073395,0.7343265440000001
~,0,<method 'join' of 'str' objects>,141482,327482,0.423453311,0.16941009676146235,3.8906030210000004
/opt/hostedtoolcache/Python/3.11.16/x64/lib/python3.11/concurrent/futures/thread.py,161,submit,31269,31269,0.413119789,0.16527598583014716,1.551777664
~,0,<method 'set_result' of '_asyncio.Future' objects>,105605,105605,0.40928634500000005,0.16374234775931476,2.590634058
/opt/hostedtoolcache/Python/3.11.16/x64/lib/python3.11/dataclasses.py,1235,fields,15000,15000,0.39182631300000004,0.1567571486033723,0.7499556740000001
/opt/hostedtoolcache/Python/3.11.16/x64/lib/python3.11/pathlib.py,56,parse_parts,26261,26261,0.38482060100000004,0.15395438778660087,0.7146381530000001
~,0,<method 'to_bytes' of 'int' objects>,453000,453000,0.384590418,0.15386229894636777,0.384590418
~,0,<built-in method builtins.max>,312568,312568,0.38347982700000005,0.1534179870850953,0.38424885200000003
/opt/hostedtoolcache/Python/3.11.16/x64/lib/python3.11/urllib/parse.py,863,quote,93000,93000,0.367110973,0.14686933327137117,1.5274250570000003
/opt/hostedtoolcache/Python/3.11.16/x64/lib/python3.11/asyncio/base_events.py,701,time,167138,167138,0.366034899,0.1464388305554236,0.530638359
/home/runner/work/_temp/scanner-verification-il7_c53e/final/tiktok_worker_scanner.py,1432,disk_call,68983,68983,0.36292826,0.14519596386877504,6.123350304000001
/opt/hostedtoolcache/Python/3.11.16/x64/lib/python3.11/asyncio/base_events.py,1954,get_debug,347171,347171,0.35166339,0.14068925045520275,0.35166339
/opt/hostedtoolcache/Python/3.11.16/x64/lib/python3.11/asyncio/futures.py,365,_chain_future,31269,31269,0.35136314700000004,0.14056913285460632,1.275519324
~,0,<method 'partition' of 'str' objects>,352413,352413,0.33302787600000006,0.13323377862884223,0.33302787600000006
/opt/hostedtoolcache/Python/3.11.16/x64/lib/python3.11/asyncio/base_events.py,426,create_future,105828,105828,0.33239074900000004,0.13297888453800505,0.44066884100000003
/opt/hostedtoolcache/Python/3.11.16/x64/lib/python3.11/asyncio/futures.py,345,_copy_future_state,31269,31269,0.33118183500000004,0.13249523679598446,2.787476949
/opt/hostedtoolcache/Python/3.11.16/x64/lib/python3.11/dataclasses.py,1250,<genexpr>,340000,340000,0.328053288,0.13124360542075408,0.328053288
/home/runner/work/_temp/scanner-verification-il7_c53e/final/tiktok_worker_scanner.py,2266,__init__,1000,1000,0.32648916400000005,0.130617849543297,1.8692151090000002
/opt/hostedtoolcache/Python/3.11.16/x64/lib/python3.11/site-packages/httpx/_urlparse.py,223,<genexpr>,119001,119001,0.32076851300000003,0.1283292004425026,0.510166427
/opt/hostedtoolcache/Python/3.11.16/x64/lib/python3.11/concurrent/futures/_base.py,537,set_result,31269,31269,0.314058117,0.125644586091553,2.4045505229999997
/home/runner/work/_temp/scanner-verification-il7_c53e/final/hybrid_backend.py,199,request_json,6109,6109,0.310875518,0.124371330243654,3.4967388930000003
~,0,<built-in method _sqlite3.connect>,2007,2007,0.30589797100000005,0.12237997323451087,0.407090363
/home/runner/work/_temp/scanner-verification-il7_c53e/final/vendor/tiktok_sign.py,237,<genexpr>,96000,96000,0.303077238,0.12125148837430333,3.636125765
~,0,<built-in method from_bytes>,351255,351255,0.296947321,0.118799105065132,0.296947321
~,0,<built-in method time.monotonic>,301629,301629,0.28696310500000005,0.11480474026809459,0.28696310500000005
/opt/hostedtoolcache/Python/3.11.16/x64/lib/python3.11/site-packages/httpx/_urlparse.py,213,urlparse,6001,6001,0.285746865,0.11431816162829464,22.224936246000002
~,0,<method 'encode' of 'str' objects>,304585,304585,0.28194889300000003,0.11279871476767646,0.28194889300000003
~,0,<method '__enter__' of '_thread.RLock' objects>,218883,218883,0.281898413,0.11277851933771435,0.281898413
/opt/hostedtoolcache/Python/3.11.16/x64/lib/python3.11/concurrent/futures/thread.py,69,_worker,6,6,0.2807849800000001,0.11233307048333666,63.483122038000005
~,0,<method 'ljust' of 'bytes' objects>,336000,336000,0.280134722,0.11207292310028802,0.280134722
/opt/hostedtoolcache/Python/3.11.16/x64/lib/python3.11/asyncio/base_events.py,518,_check_closed,258615,258615,0.272926129,0.10918899609837117,0.272926129
~,0,<method 'items' of 'dict' objects>,265830,265830,0.269488628,0.10781376213065844,0.269488628
/opt/hostedtoolcache/Python/3.11.16/x64/lib/python3.11/concurrent/futures/thread.py,53,run,31269,31269,0.26838204200000004,0.1073710525415135,60.104618682
/home/runner/work/_temp/scanner-verification-il7_c53e/final/tiktok_worker_scanner.py,2679,process_profile,43479,43479,0.26509836200000003,0.10605735742546873,19.514381753000002
/home/runner/work/_temp/scanner-verification-il7_c53e/final/vendor/tiktok_sign.py,309,<genexpr>,129000,129000,0.26506157399999997,0.10604263972583626,0.36253644700000004
/opt/hostedtoolcache/Python/3.11.16/x64/lib/python3.11/threading.py,487,release,31269,31269,0.262929374,0.10518961484934691,0.7178743780000001
~,0,<method 'append' of 'collections.deque' objects>,283488,283488,0.262312423,0.10494279252940743,0.262312423
/opt/hostedtoolcache/Python/3.11.16/x64/lib/python3.11/asyncio/tasks.py,851,shield,29271,29271,0.261285509,0.10453195715373198,0.690108547
~,0,<built-in method posix.unlink>,7019,7019,0.258946322,0.103596123413107,0.258954988
~,0,<method 'decode' of 'bytes' objects>,270035,270035,0.254750907,0.1019176723474487,0.254750907
/home/runner/work/_temp/scanner-verification-il7_c53e/final/tiktok_worker_scanner.py,3477,discover,2000,2000,0.25334593,0.10135558608354502,1.5149897520000002
/opt/hostedtoolcache/Python/3.11.16/x64/lib/python3.11/pathlib.py,536,__str__,59788,59788,0.247442983,0.09899400619629321,0.40924346300000003
~,0,<method 'popleft' of 'collections.deque' objects>,265626,265626,0.24704894300000002,0.09883636342247656,0.24704894300000002
/opt/hostedtoolcache/Python/3.11.16/x64/lib/python3.11/asyncio/selector_events.py,737,_process_events,122083,122083,0.24644563800000002,0.09859500042974118,0.342308306
/opt/hostedtoolcache/Python/3.11.16/x64/lib/python3.11/site-packages/httpx/_models.py,284,__getitem__,36002,36002,0.24634507100000003,0.09855476679652013,0.651604304
/opt/hostedtoolcache/Python/3.11.16/x64/lib/python3.11/re/__init__.py,272,_compile,61143,61143,0.24480063300000005,0.09793688665666671,0.45575098300000005
~,0,<method 'put' of '_queue.SimpleQueue' objects>,36790,36790,0.24287989100000001,0.09716845934810373,0.24287989100000001
~,0,<built-in method posix.replace>,4101,4101,0.23936357800000002,0.09576169522535588,0.315720398
/opt/hostedtoolcache/Python/3.11.16/x64/lib/python3.11/asyncio/events.py,123,__lt__,111365,111365,0.23027071500000001,0.09212393219303726,0.323671115
/opt/hostedtoolcache/Python/3.11.16/x64/lib/python3.11/asyncio/futures.py,409,wrap_future,31269,31269,0.230173428,0.09208501078268222,1.815022911
/opt/hostedtoolcache/Python/3.11.16/x64/lib/python3.11/site-packages/httpx/_models.py,166,encoding,120016,120016,0.229525936,0.09182596998757488,0.359658972
/home/runner/work/_temp/scanner-verification-il7_c53e/final/vendor/tiktok_sign.py,383,_crypt,6000,6000,0.228362401,0.091360476928919,7.604394246
~,0,<built-in method posix.stat>,26675,26675,0.228172987,0.09128469845881518,0.41178426500000004
/opt/hostedtoolcache/Python/3.11.16/x64/lib/python3.11/asyncio/selector_events.py,116,_read_from_self,27846,27846,0.223737616,0.08951024868887825,0.82115271
/opt/hostedtoolcache/Python/3.11.16/x64/lib/python3.11/json/__init__.py,183,dumps,42620,42620,0.21762271500000002,0.08706387279999835,5.272438823000001
~,0,<method '__exit__' of '_thread.RLock' objects>,218893,218893,0.210577515,0.08424531410013766,0.210577515
/opt/hostedtoolcache/Python/3.11.16/x64/lib/python3.11/asyncio/locks.py,248,wait,32008,32008,0.20996356900000002,0.08399969398437877,0.46603796000000003
/opt/hostedtoolcache/Python/3.11.16/x64/lib/python3.11/concurrent/futures/_base.py,497,set_running_or_notify_cancel,31269,31269,0.20760781300000003,0.08305723151794078,0.47306961700000005
/home/runner/work/_temp/scanner-verification-il7_c53e/final/hybrid_backend.py,236,send,9000,9000,0.20329236,0.08133075709606634,37.090062016000005
~,0,<built-in method builtins.ord>,243256,243256,0.202005642,0.08081598246750117,0.202005642
/home/runner/work/_temp/scanner-verification-il7_c53e/final/direct_protocol.py,137,normalize_page,2000,2000,0.19974275400000002,0.07991067351116064,0.382210186
/opt/hostedtoolcache/Python/3.11.16/x64/lib/python3.11/asyncio/base_events.py,816,run_in_executor,31269,31269,0.1992055,0.07969573540638931,3.600163051
<frozen posixpath>,71,join,33166,33166,0.19816517000000003,0.07927953271913757,0.395244979
/home/runner/work/_temp/scanner-verification-il7_c53e/final/scan_runtime.py,121,_run,16803,16803,0.19645451800000002,0.07859515568554959,1.9765198350000002
/opt/hostedtoolcache/Python/3.11.16/x64/lib/python3.11/asyncio/base_events.py,594,run_forever,3,3,0.19577577100000002,0.0783236107667603,180.959268388
~,0,<method 'flush' of '_io.TextIOWrapper' objects>,4554,4554,0.191380028,0.07656501488942513,0.191380028
/opt/hostedtoolcache/Python/3.11.16/x64/lib/python3.11/asyncio/tasks.py,891,_inner_done_callback,29270,29270,0.19049759600000002,0.07621198213086108,1.151854187
/opt/hostedtoolcache/Python/3.11.16/x64/lib/python3.11/asyncio/futures.py,394,_call_set_state,31269,31269,0.18809834200000003,0.07525211750886662,1.4905140590000001
/opt/hostedtoolcache/Python/3.11.16/x64/lib/python3.11/site-packages/httpx/_urlparse.py,497,quote,21002,21002,0.18720693200000002,0.07489549294027484,0.6261455650000001
~,0,<built-in method builtins.sorted>,10465,10465,0.18581443500000003,0.0743383995243491,0.366839722
~,0,<built-in method posix.mkdir>,5103,5103,0.184476001,0.0738029349818394,0.263444341
/home/runner/work/_temp/scanner-verification-il7_c53e/final/backend_metrics.py,111,<genexpr>,165515,165515,0.180987382,0.07240725034081442,0.180987382
/opt/hostedtoolcache/Python/3.11.16/x64/lib/python3.11/concurrent/futures/_base.py,408,add_done_callback,31269,31269,0.17751560800000002,0.07101830484435584,0.398720934
/home/runner/work/_temp/scanner-verification-il7_c53e/final/scan_runtime.py,71,call,22538,22538,0.176927217,0.07078290846498125,1.0386043440000001
/opt/hostedtoolcache/Python/3.11.16/x64/lib/python3.11/asyncio/base_events.py,805,call_soon_threadsafe,31270,31270,0.176201286,0.07049248674018302,1.2383878979999998
/opt/hostedtoolcache/Python/3.11.16/x64/lib/python3.11/concurrent/futures/_base.py,428,result,31269,31269,0.173941636,0.06958847320385472,0.394605659
/home/runner/work/_temp/scanner-verification-il7_c53e/final/tiktok_worker_scanner.py,2085,member_identity,15000,15000,0.173863985,0.069557407527706,0.41333833600000003
~,0,<built-in method time.perf_counter>,170890,170890,0.173375105,0.06936182230980051,0.173375105
/opt/hostedtoolcache/Python/3.11.16/x64/lib/python3.11/threading.py,440,acquire,31269,31269,0.17270647,0.06909432287809078,0.406958458
/opt/hostedtoolcache/Python/3.11.16/x64/lib/python3.11/pathlib.py,546,__fspath__,57752,57752,0.16796314,0.0671966685832787,0.574281875
/home/runner/work/_temp/scanner-verification-il7_c53e/final/scan_runtime.py,95,measured,17000,17000,0.16682713700000001,0.06674219019533828,28.680553698000004
/opt/hostedtoolcache/Python/3.11.16/x64/lib/python3.11/threading.py,366,notify,62538,62538,0.16610423800000004,0.0664529814765552,0.32334360500000003
/home/runner/work/_temp/scanner-verification-il7_c53e/final/tests/benchmark_hybrid.py,75,handle,6000,6000,0.165068678,0.06603868711341039,9.340049956000001
/opt/hostedtoolcache/Python/3.11.16/x64/lib/python3.11/concurrent/futures/_base.py,393,done,31269,31269,0.16302428900000002,0.06522079260341078,0.384001613
/home/runner/work/_temp/scanner-verification-il7_c53e/final/tiktok_worker_scanner.py,2894,worker_loop,46479,46479,0.16210776200000002,0.06485411952819542,20.185813134
/opt/hostedtoolcache/Python/3.11.16/x64/lib/python3.11/pathlib.py,484,_parse_args,23163,23163,0.161794833,0.06472892666562392,0.9007300220000001
~,0,<built-in method posix.lstat>,25117,25117,0.16074838800000002,0.06431027756287656,0.160752265
~,0,<built-in method _json.encode_basestring>,169926,169926,0.16068420700000002,0.06428460080197329,0.16068420700000002
/home/runner/work/_temp/scanner-verification-il7_c53e/final/tiktok_worker_scanner.py,310,console,11016,11016,0.159556534,0.06383345498003097,0.8468938619999999
/opt/hostedtoolcache/Python/3.11.16/x64/lib/python3.11/site-packages/httpx/_models.py,144,__init__,15003,15003,0.15937298500000002,0.06376002290843603,0.42972101500000004
/home/runner/work/_temp/scanner-verification-il7_c53e/final/tiktok_worker_scanner.py,2100,normalize_member,7500,7500,0.15902233799999999,0.06361974028304142,0.5199939020000001
/home/runner/work/_temp/scanner-verification-il7_c53e/final/vendor/tiktok_sign.py,483,dynosaur_payload,3000,3000,0.156330832,0.06254295500341456,2.3316797630000003
/opt/hostedtoolcache/Python/3.11.16/x64/lib/python3.11/asyncio/locks.py,125,release,67004,67004,0.154972685,0.06199960392146661,0.249340885
/home/runner/work/_temp/scanner-verification-il7_c53e/final/tiktok_worker_scanner.py,356,atomic_write_json,3093,3093,0.153765985,0.061516841929880585,5.124692271000001
/opt/hostedtoolcache/Python/3.11.16/x64/lib/python3.11/asyncio/locks.py,14,__aenter__,58029,58029,0.153676694,0.061481119462829366,0.309150199
/opt/hostedtoolcache/Python/3.11.16/x64/lib/python3.11/threading.py,243,__init__,31280,31280,0.151378174,0.06056155528540308,0.204149514
/home/runner/work/_temp/scanner-verification-il7_c53e/final/vendor/tiktok_sign.py,323,fold_checksum,6000,6000,0.14717852800000003,0.05888141153226122,0.257844227
/opt/hostedtoolcache/Python/3.11.16/x64/lib/python3.11/contextlib.py,104,__init__,39009,39009,0.145772228,0.058318795978463726,0.188894146
<frozen posixpath>,418,_joinrealpath,3015,3015,0.145354929,0.058151848024268926,0.673248031
/home/runner/work/_temp/scanner-verification-il7_c53e/final/vendor/tiktok_sign.py,414,<genexpr>,78000,78000,0.143419858,0.05737768814209411,0.20519076000000003
/home/runner/work/_temp/scanner-verification-il7_c53e/final/tests/benchmark_hybrid.py,117,ticker,6207,6207,0.143336133,0.05734419245323561,87.217258673
~,0,<method 'fullmatch' of 're.Pattern' objects>,86089,86089,0.143058913,0.0572332856169818,0.143058913
~,0,<method 'cancelled' of '_asyncio.Future' objects>,160554,160554,0.142681584,0.05708232837862665,0.142681584
~,0,<method '__exit__' of '_thread.lock' objects>,133853,133853,0.139694834,0.05588742543807012,0.139694834
/home/runner/work/_temp/scanner-verification-il7_c53e/final/tiktok_worker_scanner.py,2159,export_one_list,25554,25554,0.13919678300000002,0.05568817119702313,7.9687534730000005
/home/runner/work/_temp/scanner-verification-il7_c53e/final/tiktok_worker_scanner.py,387,parse_username,11524,11524,0.136954447,0.05479108443712834,0.243971291
/home/runner/work/_temp/scanner-verification-il7_c53e/final/direct_protocol.py,84,<listcomp>,3000,3000,0.13677593400000002,0.05471966710771423,1.664200991
/home/runner/work/_temp/scanner-verification-il7_c53e/final/vendor/tiktok_sign.py,646,<genexpr>,78000,78000,0.13605946400000002,0.054433030425762106,0.19991412600000003
~,0,<method 'write' of '_io.TextIOWrapper' objects>,65537,65537,0.135718425,0.0542965916532018,0.135718425
/opt/hostedtoolcache/Python/3.11.16/x64/lib/python3.11/asyncio/locks.py,285,wait_for,33004,33004,0.132252743,0.05291008337067604,0.638466704
~,0,<built-in method builtins.next>,61049,61049,0.13052532600000002,0.05221899919795743,0.807180925
/opt/hostedtoolcache/Python/3.11.16/x64/lib/python3.11/concurrent/futures/_base.py,463,exception,31269,31269,0.12943880500000002,0.05178431697216805,0.310225485
/opt/hostedtoolcache/Python/3.11.16/x64/lib/python3.11/asyncio/locks.py,20,__aexit__,57000,57000,0.126548924,0.05062816821356474,0.34454167500000005
/opt/hostedtoolcache/Python/3.11.16/x64/lib/python3.11/concurrent/futures/_base.py,383,cancelled,31269,31269,0.12419988100000001,0.04968839140325463,0.307414941
/home/runner/work/_temp/scanner-verification-il7_c53e/final/tiktok_worker_scanner.py,2471,write_final_json,1000,1000,0.123664035,0.049474016594152605,10.885999635000001
/home/runner/work/_temp/scanner-verification-il7_c53e/final/scan_runtime.py,14,await_durable,56538,56538,0.12334088600000001,0.04934473503716327,0.787178339
/home/runner/work/_temp/scanner-verification-il7_c53e/final/direct_protocol.py,59,signed_url,3000,3000,0.12201793900000002,0.048815466346948014,17.517322173
/opt/hostedtoolcache/Python/3.11.16/x64/lib/python3.11/json/decoder.py,343,raw_decode,9027,9027,0.12185197800000001,0.048749070670404036,0.12185197800000001
/opt/hostedtoolcache/Python/3.11.16/x64/lib/python3.11/threading.py,396,notify_all,31269,31269,0.12147504100000002,0.0485982702586841,0.26324303000000004
/opt/hostedtoolcache/Python/3.11.16/x64/lib/python3.11/asyncio/futures.py,381,_set_state,31269,31269,0.121052978,0.04842941638079002,3.0247842150000004
/home/runner/work/_temp/scanner-verification-il7_c53e/final/tiktok_worker_scanner.py,2383,save_batch,2000,2000,0.11870440400000001,0.04748982720234703,4.482133060000001
/opt/hostedtoolcache/Python/3.11.16/x64/lib/python3.11/pathlib.py,523,_format_parsed_parts,35482,35482,0.11724389300000002,0.04690552356507738,0.16180048000000002
/opt/hostedtoolcache/Python/3.11.16/x64/lib/python3.11/urllib/parse.py,703,parse_qs,9001,9001,0.11490517300000001,0.045969876656183635,7.650790833
/opt/hostedtoolcache/Python/3.11.16/x64/lib/python3.11/concurrent/futures/_base.py,328,__init__,31269,31269,0.11298245500000001,0.0452006588133575,0.31705508600000004
/opt/hostedtoolcache/Python/3.11.16/x64/lib/python3.11/site-packages/httpx/_models.py,293,<listcomp>,36002,36002,0.111863186,0.04475287516244136,0.156502577
/home/runner/work/_temp/scanner-verification-il7_c53e/final/hybrid_backend.py,73,check,21000,21000,0.109332652,0.04374048962037113,0.228699804
/opt/hostedtoolcache/Python/3.11.16/x64/lib/python3.11/site-packages/httpx/_client.py,1717,_send_single_request,6000,6000,0.10692393700000001,0.04277683995553055,11.421618997000001
~,0,<method 'isoformat' of 'datetime.datetime' objects>,16913,16913,0.10692074000000001,0.04277556093830415,0.10692074000000001
/home/runner/work/_temp/scanner-verification-il7_c53e/final/tiktok_worker_scanner.py,2014,parse_profile_response,2000,2000,0.10659708100000001,0.042646075346661864,0.272960141
/opt/hostedtoolcache/Python/3.11.16/x64/lib/python3.11/asyncio/locks.py,93,acquire,68033,68033,0.106363892,0.04255278390218025,0.12738533400000002
/home/runner/work/_temp/scanner-verification-il7_c53e/final/vendor/tiktok_sign.py,410,seal,6000,6000,0.105441482,0.04218375722723299,8.245784373
/home/runner/work/_temp/scanner-verification-il7_c53e/final/vendor/tiktok_sign.py,538,gnarly_fields,3000,3000,0.10488246100000001,0.04196011084346038,0.532559698
~,0,<method 'fetchall' of 'sqlite3.Cursor' objects>,7506,7506,0.104209461,0.041690865115162214,0.104209461
/home/runner/work/_temp/scanner-verification-il7_c53e/final/tiktok_worker_scanner.py,302,utc_iso,16542,16542,0.103689767,0.041482952203539356,0.290415918
/home/runner/work/_temp/scanner-verification-il7_c53e/final/backend_metrics.py,86,stage,30000,30000,0.102816526,0.04113359646947573,0.13015172900000002
/opt/hostedtoolcache/Python/3.11.16/x64/lib/python3.11/asyncio/tasks.py,637,sleep,18412,18412,0.102724858,0.041096923040914606,0.729334398
/opt/hostedtoolcache/Python/3.11.16/x64/lib/python3.11/asyncio/selector_events.py,128,_write_to_self,31270,31270,0.10236395899999999,0.04095253891892786,0.6199992180000001
/home/runner/work/_temp/scanner-verification-il7_c53e/final/backend_metrics.py,22,add,9000,9000,0.10229331500000001,0.04092427651888344,0.6145866910000001
/opt/hostedtoolcache/Python/3.11.16/x64/lib/python3.11/asyncio/base_events.py,734,call_at,13999,13999,0.10203154,0.040819548732070284,0.5172263260000001
/opt/hostedtoolcache/Python/3.11.16/x64/lib/python3.11/re/__init__.py,168,fullmatch,28527,28527,0.10121190800000002,0.04049164024057477,0.263042437
~,0,<built-in method sys.intern>,89477,89477,0.10098919800000002,0.04040254110810927,0.10098919800000002
~,0,<method 'match' of 're.Pattern' objects>,48309,48309,0.10081169000000001,0.04033152584698185,0.10081169000000001
~,0,<method 'done' of '_asyncio.Future' objects>,112396,112396,0.100754543,0.04030866316401743,0.100754543
/opt/hostedtoolcache/Python/3.11.16/x64/lib/python3.11/concurrent/futures/_base.py,337,_invoke_callbacks,31269,31269,0.100590101,0.04024287519068488,1.5909683670000003
/opt/hostedtoolcache/Python/3.11.16/x64/lib/python3.11/asyncio/locks.py,298,notify,17000,17000,0.09966601900000001,0.03987317960213031,0.38004767300000003
/opt/hostedtoolcache/Python/3.11.16/x64/lib/python3.11/concurrent/futures/thread.py,180,_adjust_thread_count,31269,31269,0.096845735,0.03874487437243097,0.505116197
/opt/hostedtoolcache/Python/3.11.16/x64/lib/python3.11/urllib/parse.py,643,unquote_to_bytes,9000,9000,0.09675536000000001,0.03870871823172525,0.16043056
/home/runner/work/_temp/scanner-verification-il7_c53e/final/tiktok_worker_scanner.py,1318,check,39000,39000,0.095070342,0.038034596539889415,0.133119555
/opt/hostedtoolcache/Python/3.11.16/x64/lib/python3.11/pathlib.py,515,_from_parsed_parts,38465,38465,0.09479184900000001,0.037923180417139137,0.13869851800000002
~,0,<method 'add_done_callback' of '_asyncio.Future' objects>,88808,88808,0.093257637,0.03730939137211122,0.093257637
/opt/hostedtoolcache/Python/3.11.16/x64/lib/python3.11/pathlib.py,530,_make_child,15130,15130,0.093088345,0.03724166306923595,0.5112045620000001
/home/runner/work/_temp/scanner-verification-il7_c53e/final/tests/benchmark_hybrid.py,59,__enter__,12790,12790,0.09304019000000001,0.03722239779725052,0.14705321200000002
/opt/hostedtoolcache/Python/3.11.16/x64/lib/python3.11/site-packages/httpx/_urls.py,77,__init__,12001,12001,0.092980934,0.037198691370985984,22.403396895
/opt/hostedtoolcache/Python/3.11.16/x64/lib/python3.11/pathlib.py,239,splitroot,56282,56282,0.092928377,0.037177664999898066,0.11550955100000002
/opt/hostedtoolcache/Python/3.11.16/x64/lib/python3.11/urllib/parse.py,469,urlsplit,3013,3013,0.09252552000000001,0.037016494826993145,0.21803565700000002
~,0,<method 'rstrip' of 'str' objects>,33254,33254,0.09155508700000001,0.036628255689029436,0.09155508700000001
~,0,<built-in method _asyncio.get_running_loop>,62482,62482,0.091471566,0.03659484161403213,0.091471566
/home/runner/work/_temp/scanner-verification-il7_c53e/final/vendor/tiktok_sign.py,649,sign,3000,3000,0.090570973,0.0362345432214835,15.615220403000002
/home/runner/work/_temp/scanner-verification-il7_c53e/final/vendor/tiktok_sign.py,380,<listcomp>,24000,24000,0.090400876,0.03616649286391093,0.090400876
~,0,<built-in method _heapq.heappop>,11021,11021,0.08909188400000001,0.03564280712189538,0.26084105900000004
/home/runner/work/_temp/scanner-verification-il7_c53e/final/vendor/tiktok_sign.py,313,_be,45000,45000,0.088578553,0.03543743984261897,0.13054595400000002
/home/runner/work/_temp/scanner-verification-il7_c53e/final/vendor/tiktok_sign.py,645,_random_key,6000,6000,0.087899636,0.03516582691227869,0.28781376200000003
/home/runner/work/_temp/scanner-verification-il7_c53e/final/tiktok_worker_scanner.py,2442,iter_encoded_members,9500,9500,0.086892787,0.03476301889995881,0.324387259
~,0,<method 'rstrip' of 'bytes' objects>,90006,90006,0.086766968,0.03471268275094136,0.086766968
~,0,<built-in method _heapq.heappush>,13999,13999,0.086692882,0.03468304331702353,0.23821022800000002
/home/runner/work/_temp/scanner-verification-il7_c53e/final/tiktok_worker_scanner.py,2465,write_json_property,9000,9000,0.08659809700000001,0.03464512287667176,5.844135352
~,0,<method 'lower' of 'str' objects>,96186,96186,0.086485186,0.03459995080471355,0.086485186
/home/runner/work/_temp/scanner-verification-il7_c53e/final/tiktok_worker_scanner.py,3325,write,5513,5513,0.085804268,0.03432753733841142,0.39727774600000004
/home/runner/work/_temp/scanner-verification-il7_c53e/final/tiktok_worker_scanner.py,1342,slot,12000,12000,0.085775869,0.03431617580878596,0.287994568
/home/runner/work/_temp/scanner-verification-il7_c53e/final/scan_runtime.py,131,measured,11269,11269,0.085674805,0.034275743341795284,10.760740629
/opt/hostedtoolcache/Python/3.11.16/x64/lib/python3.11/pathlib.py,353,_select_from,11026,11026,0.085559593,0.034229650713491135,0.20282313300000002
~,0,<method '__enter__' of '_thread.lock' objects>,62546,62546,0.08533571200000001,0.03414008310145976,0.08533571200000001
/opt/hostedtoolcache/Python/3.11.16/x64/lib/python3.11/contextlib.py,141,__exit__,28007,28007,0.08487870400000001,0.03395724884915948,0.290401542
/opt/hostedtoolcache/Python/3.11.16/x64/lib/python3.11/asyncio/queues.py,149,get,16803,16803,0.08409839100000001,0.03364507062927014,0.26695772900000003
/opt/hostedtoolcache/Python/3.11.16/x64/lib/python3.11/contextlib.py,299,helper,28008,28008,0.083136363,0.03326019406240056,0.22154959600000002
/opt/hostedtoolcache/Python/3.11.16/x64/lib/python3.11/threading.py,286,_is_owned,31284,31284,0.081890374,0.03276171380124677,0.127711417
/opt/hostedtoolcache/Python/3.11.16/x64/lib/python3.11/json/decoder.py,332,decode,9027,9027,0.078698452,0.03148472811987837,0.255962993
~,0,<method 'fetchone' of 'sqlite3.Cursor' objects>,13512,13512,0.07826078,0.031309629581400336,0.07826078
/opt/hostedtoolcache/Python/3.11.16/x64/lib/python3.11/asyncio/queues.py,137,put_nowait,11270,11270,0.076570227,0.030633293513478127,0.30520938200000003
/opt/hostedtoolcache/Python/3.11.16/x64/lib/python3.11/asyncio/events.py,151,cancel,14999,14999,0.076442309,0.03058211762184002,0.15237318500000002
/opt/hostedtoolcache/Python/3.11.16/x64/lib/python3.11/site-packages/httpx/_models.py,884,iter_bytes,6000,6000,0.07624950500000001,0.030504982921396043,0.502241024
~,0,<method 'split' of 'str' objects>,46112,46112,0.07530337000000001,0.03012646463440736,0.07530337000000001
/opt/hostedtoolcache/Python/3.11.16/x64/lib/python3.11/asyncio/locks.py,142,_wake_up_first,67004,67004,0.075024399,0.030014857279178433,0.0943682
<frozen posixpath>,41,_get_sep,39200,39200,0.07397763,0.02959607855441626,0.112547062
/opt/hostedtoolcache/Python/3.11.16/x64/lib/python3.11/re/__init__.py,218,finditer,21002,21002,0.073622056,0.02945382479424703,0.24922595700000003
/opt/hostedtoolcache/Python/3.11.16/x64/lib/python3.11/asyncio/base_events.py,710,call_later,10999,10999,0.07286495,0.029150930951202584,0.546780794
/home/runner/work/_temp/scanner-verification-il7_c53e/final/vendor/tiktok_sign.py,390,<genexpr>,78000,78000,0.072702335,0.02908587390200912,0.072702335
/home/runner/work/_temp/scanner-verification-il7_c53e/final/tiktok_worker_scanner.py,1374,pace,6000,6000,0.07267377900000001,0.029074449561715978,0.185918844
/home/runner/work/_temp/scanner-verification-il7_c53e/final/tiktok_worker_scanner.py,318,<genexpr>,74402,74402,0.071965227,0.028790980617767806,0.071965227
~,0,<built-in method __new__ of type object at 0x7fe5e2e496e0>,58671,58736,0.071058134,0.028428081783563985,0.074198151
/opt/hostedtoolcache/Python/3.11.16/x64/lib/python3.11/dataclasses.py,1265,asdict,15000,15000,0.07068803100000001,0.028280015436193507,18.766170645000003
~,0,<method '__exit__' of '_io._IOBase' objects>,4214,4214,0.07036294,0.028149956947251187,0.07036294
/home/runner/work/_temp/scanner-verification-il7_c53e/final/vendor/tiktok_sign.py,412,<genexpr>,78000,78000,0.069998858,0.028004299408989297,0.069998858
~,0,<built-in method posix.fspath>,69730,69730,0.06996492200000001,0.02799072270314157,0.11159406300000001
/opt/hostedtoolcache/Python/3.11.16/x64/lib/python3.11/asyncio/base_events.py,1844,_add_callback,27846,27846,0.06982245000000001,0.027933724222603533,0.09586266800000001
~,0,<built-in method posix.open>,5103,5103,0.069324878,0.027734661614103123,0.1678088
/opt/hostedtoolcache/Python/3.11.16/x64/lib/python3.11/asyncio/tasks.py,662,_ensure_future,29502,29502,0.069195114,0.027682747197034945,0.16674555700000002
~,0,<function Random.seed at 0x7fe5e159bc40>,3002,3002,0.06918077300000001,0.02767700982260772,0.06918077300000001
/opt/hostedtoolcache/Python/3.11.16/x64/lib/python3.11/site-packages/httpx/_urls.py,425,__init__,9001,9001,0.068961252,0.027589186506825042,7.744118973000001
/opt/hostedtoolcache/Python/3.11.16/x64/lib/python3.11/shutil.py,641,_rmtree_safe_fd,1,1003,0.06874052400000001,0.027500880309030397,0.495015719
~,0,<method 'sub' of 're.Pattern' objects>,19524,19524,0.06837855200000001,0.027356066914136574,0.06837855200000001
/opt/hostedtoolcache/Python/3.11.16/x64/lib/python3.11/site-packages/httpx/_models.py,935,iter_raw,6000,6000,0.067930951,0.027176996101013262,0.24612910600000001
/home/runner/work/_temp/scanner-verification-il7_c53e/final/hybrid_backend.py,82,slot,6000,6000,0.067577856,0.027035734109284528,0.583608417
/opt/hostedtoolcache/Python/3.11.16/x64/lib/python3.11/asyncio/tasks.py,908,_outer_done_callback,29270,29270,0.06750441900000001,0.02700635431946427,0.09391838200000001
/opt/hostedtoolcache/Python/3.11.16/x64/lib/python3.11/asyncio/futures.py,387,_call_check_cancel,31269,31269,0.067227167,0.02689543468103615,0.094475773
/opt/hostedtoolcache/Python/3.11.16/x64/lib/python3.11/site-packages/httpx/_models.py,1249,__init__,3000,3000,0.06691208900000001,0.02676938207244666,1.334236368
/home/runner/work/_temp/scanner-verification-il7_c53e/final/tiktok_worker_scanner.py,1132,<listcomp>,25019,25019,0.065421478,0.02617303638997377,2.153027949
/opt/hostedtoolcache/Python/3.11.16/x64/lib/python3.11/contextlib.py,132,__enter__,28008,28008,0.06533544200000001,0.026138616144089875,0.649718317
/opt/hostedtoolcache/Python/3.11.16/x64/lib/python3.11/asyncio/queues.py,86,qsize,33809,33809,0.065315496,0.026130636388819982,0.094620782
/home/runner/work/_temp/scanner-verification-il7_c53e/final/report_generator.py,251,generate_report,1,1,0.064045052,0.025622372466023505,2.2679916010000003
~,0,<method 'getrandbits' of '_random.Random' objects>,72000,72000,0.063854662,0.025546203529603462,0.063854662
/opt/hostedtoolcache/Python/3.11.16/x64/lib/python3.11/asyncio/mixins.py,12,_get_loop,22792,22792,0.063217941,0.02529147186635274,0.095986742
/home/runner/work/_temp/scanner-verification-il7_c53e/final/tiktok_worker_scanner.py,3646,record,1000,1000,0.06312035,0.025252428835341824,6.198696171000001
/opt/hostedtoolcache/Python/3.11.16/x64/lib/python3.11/site-packages/httpx/_models.py,203,<dictcomp>,6001,6001,0.062970881,0.025192631079378976,0.222592752
/opt/hostedtoolcache/Python/3.11.16/x64/lib/python3.11/contextlib.py,214,__aexit__,6006,12006,0.061450423000000004,0.02458434456889343,0.493156574
/home/runner/work/_temp/scanner-verification-il7_c53e/final/hybrid_backend.py,374,fetch_page,10719,10719,0.06123731,0.024499084888514818,3.7371031040000005
/home/runner/work/_temp/scanner-verification-il7_c53e/final/tiktok_worker_scanner.py,2351,save_checkpoint,5000,5000,0.061116009,0.024450556246481688,3.477034484
/opt/hostedtoolcache/Python/3.11.16/x64/lib/python3.11/urllib/request.py,319,__init__,3000,3000,0.06102068100000001,0.024412418569234724,0.60819102
/opt/hostedtoolcache/Python/3.11.16/x64/lib/python3.11/json/encoder.py,105,__init__,29617,29617,0.0603784,0.024155462528198952,0.0603784
/home/runner/work/_temp/scanner-verification-il7_c53e/final/tiktok_worker_scanner.py,3678,phase_summary,1508,1508,0.060035135,0.024018133204388746,0.13469069100000003
~,0,<built-in method _contextvars.copy_context>,48271,48271,0.059577934,0.023835221738974705,0.059577934
/home/runner/work/_temp/scanner-verification-il7_c53e/final/scan_statistics.py,35,add,7000,7000,0.059517857,0.023811186856925716,0.315840294
/opt/hostedtoolcache/Python/3.11.16/x64/lib/python3.11/site-packages/httpx/_models.py,237,<listcomp>,6000,6000,0.059274644,0.02371388513134387,0.103831037
/opt/hostedtoolcache/Python/3.11.16/x64/lib/python3.11/pathlib.py,1008,stat,26169,26169,0.059030004,0.023616012508801725,0.4678898450000001
/opt/hostedtoolcache/Python/3.11.16/x64/lib/python3.11/site-packages/httpx/_client.py,340,build_request,3000,3000,0.058997996000000004,0.023603207133955716,1.2373855440000001
/opt/hostedtoolcache/Python/3.11.16/x64/lib/python3.11/asyncio/base_events.py,430,create_task,5234,5234,0.058750771,0.0235043003357707,0.157442842
/home/runner/work/_temp/scanner-verification-il7_c53e/final/tiktok_worker_scanner.py,1939,save_raw,12165,12165,0.058400612000000005,0.02336421294353421,1.699698944
/opt/hostedtoolcache/Python/3.11.16/x64/lib/python3.11/_weakrefset.py,85,add,19243,19243,0.058135284,0.02325806371530554,0.081408168
/home/runner/work/_temp/scanner-verification-il7_c53e/final/tiktok_worker_scanner.py,2067,parse_list_page,4000,4000,0.058002666,0.02320500750431677,0.13266449400000002
/opt/hostedtoolcache/Python/3.11.16/x64/lib/python3.11/json/__init__.py,299,loads,9027,9027,0.05774293400000001,0.02310109705631924,0.37588802000000004
/home/runner/work/_temp/scanner-verification-il7_c53e/final/backend_metrics.py,31,prune,9452,9452,0.057431489,0.022976497894581015,0.08370634
/opt/hostedtoolcache/Python/3.11.16/x64/lib/python3.11/email/message.py,427,__setitem__,12000,12000,0.057136182,0.022858355029370694,0.089448651
/opt/hostedtoolcache/Python/3.11.16/x64/lib/python3.11/pathlib.py,383,_iterate_directories,2008,8016,0.056941661000000005,0.022780533412261796,0.105483345
/opt/hostedtoolcache/Python/3.11.16/x64/lib/python3.11/_weakrefset.py,39,_remove,19238,19238,0.056863316000000004,0.022749190088957906,0.080181661
/opt/hostedtoolcache/Python/3.11.16/x64/lib/python3.11/asyncio/locks.py,178,is_set,54660,54660,0.056791729000000006,0.02272055042483951,0.056791729000000006
~,0,<built-in method now>,16543,16543,0.056737789,0.022698970759780956,0.056737789
/home/runner/work/_temp/scanner-verification-il7_c53e/final/tiktok_worker_scanner.py,2647,numeric_uid,8500,8500,0.056188983,0.022479411070086452,0.157600126
/opt/hostedtoolcache/Python/3.11.16/x64/lib/python3.11/asyncio/events.py,107,__init__,13999,13999,0.056031478,0.022416398368101904,0.16187521200000002
/opt/hostedtoolcache/Python/3.11.16/x64/lib/python3.11/site-packages/httpx/_models.py,383,__init__,3000,3000,0.055748485,0.022303181939590338,0.8995286720000001
/opt/hostedtoolcache/Python/3.11.16/x64/lib/python3.11/site-packages/httpx/_client.py,1645,_send_handling_auth,6000,6000,0.054758638000000005,0.02190717588250453,11.661878088
/opt/hostedtoolcache/Python/3.11.16/x64/lib/python3.11/asyncio/queues.py,175,get_nowait,11270,11270,0.05439282,0.02176082382628673,0.108787267
/home/runner/work/_temp/scanner-verification-il7_c53e/final/tiktok_worker_scanner.py,2310,commit_page,2000,2000,0.054380417,0.021755861783540692,7.444705676
~,0,<built-in method builtins.min>,41593,41593,0.054341312,0.021740217126475166,0.054341312
/opt/hostedtoolcache/Python/3.11.16/x64/lib/python3.11/site-packages/httpx/_client.py,1594,send,6000,6000,0.054233624,0.02169713460940388,11.824380191000001
/opt/hostedtoolcache/Python/3.11.16/x64/lib/python3.11/contextlib.py,205,__aenter__,7562,13562,0.054138201000000004,0.02165895892570196,0.829552448
~,0,<method 'search' of 're.Pattern' objects>,8510,8510,0.054127048000000004,0.02165449696788961,0.054127048000000004
/opt/hostedtoolcache/Python/3.11.16/x64/lib/python3.11/site-packages/httpx/_models.py,304,__setitem__,6000,6000,0.053307821000000005,0.02132675050391261,0.083785067
/opt/hostedtoolcache/Python/3.11.16/x64/lib/python3.11/site-packages/httpx/_models.py,346,__contains__,9005,9005,0.053152296,0.021264529936463026,0.093267338
/opt/hostedtoolcache/Python/3.11.16/x64/lib/python3.11/asyncio/queues.py,99,full,22540,22540,0.053128729000000006,0.021255101535157226,0.117049464
/opt/hostedtoolcache/Python/3.11.16/x64/lib/python3.11/threading.py,90,RLock,31272,31272,0.052777192,0.021114462849289837,0.052777192
/opt/hostedtoolcache/Python/3.11.16/x64/lib/python3.11/site-packages/httpx/_models.py,1270,info,6000,6000,0.052626576,0.021054206215391832,0.274622034
/opt/hostedtoolcache/Python/3.11.16/x64/lib/python3.11/pathlib.py,777,parent,8203,8203,0.0526111,0.021048014763844818,0.099627935
/home/runner/work/_temp/scanner-verification-il7_c53e/final/report_generator.py,146,_build_data,1,1,0.051838489,0.020738917867282894,2.114876412
~,0,<method 'acquire' of '_thread.lock' objects>,35339,35339,0.05135279499999999,0.02054460726585637,0.05135279499999999
/home/runner/work/_temp/scanner-verification-il7_c53e/final/scan_statistics.py,93,snapshot,226,226,0.050717047,0.020290264868718034,1.051927057
/opt/hostedtoolcache/Python/3.11.16/x64/lib/python3.11/site-packages/httpx/_models.py,441,_prepare,3000,3000,0.050604674,0.020245308033315288,0.509136722
/home/runner/work/_temp/scanner-verification-il7_c53e/final/tiktok_worker_scanner.py,986,check_worker_error,9000,9000,0.049964277,0.019989105720291573,0.080717729
/home/runner/work/_temp/scanner-verification-il7_c53e/final/report_generator.py,217,make_row,1000,1000,0.049906369000000006,0.019965938585619524,0.18898821500000001
/opt/hostedtoolcache/Python/3.11.16/x64/lib/python3.11/urllib/request.py,401,add_header,24000,24000,0.049565466,0.019829554222300014,0.074643975
/opt/hostedtoolcache/Python/3.11.16/x64/lib/python3.11/selectors.py,275,_key_from_fd,27846,27846,0.049385564,0.0197575811985076,0.049385564
/home/runner/work/_temp/scanner-verification-il7_c53e/final/tiktok_worker_scanner.py,3636,claim,2000,2000,0.049324247,0.019733050232204393,0.46894873800000003
/opt/hostedtoolcache/Python/3.11.16/x64/lib/python3.11/threading.py,1453,current_thread,16543,16543,0.047510572,0.019007456998517653,0.06506806
/opt/hostedtoolcache/Python/3.11.16/x64/lib/python3.11/site-packages/httpx/_urlparse.py,348,encode_host,6001,6001,0.047499903,0.01900318867359163,0.23100361100000003
/opt/hostedtoolcache/Python/3.11.16/x64/lib/python3.11/asyncio/unix_events.py,81,_process_self_data,27921,27921,0.047367028000000005,0.018950029645140493,0.047367028000000005
/opt/hostedtoolcache/Python/3.11.16/x64/lib/python3.11/site-packages/httpx/_client.py,1679,_send_handling_redirects,6000,6000,0.04735905,0.01894683790305971,11.532284945
/home/runner/work/_temp/scanner-verification-il7_c53e/final/tiktok_worker_scanner.py,3008,dispatch_profiles,1569,1569,0.044648103,0.01786227490247617,17.541868235000003
/opt/hostedtoolcache/Python/3.11.16/x64/lib/python3.11/site-packages/httpx/_urlparse.py,482,percent_encoded,18000,18000,0.044312836,0.01772814532210568,0.121985275
/opt/hostedtoolcache/Python/3.11.16/x64/lib/python3.11/asyncio/events.py,68,cancel,15000,15000,0.044187881000000005,0.017678154831794392,0.058406694
/opt/hostedtoolcache/Python/3.11.16/x64/lib/python3.11/pathlib.py,583,__hash__,18040,18040,0.043820603,0.017531218676374045,0.09101439600000001
/opt/hostedtoolcache/Python/3.11.16/x64/lib/python3.11/site-packages/httpx/_models.py,67,_normalize_header_key,24009,24009,0.043385545000000005,0.017357165915509346,0.062437611000000004
/opt/hostedtoolcache/Python/3.11.16/x64/lib/python3.11/pathlib.py,402,_select_from,9022,9022,0.043001709000000006,0.017203605435023382,0.46260977000000003
/opt/hostedtoolcache/Python/3.11.16/x64/lib/python3.11/asyncio/queues.py,110,put,11270,11270,0.042750851,0.01710324518998709,0.41172373100000004
/opt/hostedtoolcache/Python/3.11.16/x64/lib/python3.11/concurrent/futures/thread.py,47,__init__,31269,31269,0.042001675,0.01680352388576197,0.042001675
/home/runner/work/_temp/scanner-verification-il7_c53e/final/hybrid_backend.py,437,choose,3000,3000,0.041902643,0.016763904356839502,0.142210741
/opt/hostedtoolcache/Python/3.11.16/x64/lib/python3.11/urllib/parse.py,374,urlparse,3000,3000,0.041767768000000004,0.016709945192494458,0.28550948200000004
/opt/hostedtoolcache/Python/3.11.16/x64/lib/python3.11/asyncio/queues.py,58,_wakeup_next,22540,22540,0.041718059,0.016690058214919458,0.140450037
/opt/hostedtoolcache/Python/3.11.16/x64/lib/python3.11/site-packages/httpx/_models.py,74,_normalize_header_value,24009,24009,0.041396691,0.01656148917894364,0.060028921000000006
/opt/hostedtoolcache/Python/3.11.16/x64/lib/python3.11/site-packages/httpx/_models.py,516,__init__,3000,3000,0.040803529000000005,0.01632418407539417,1.0488291
~,0,<built-in method time.process_time>,17003,17003,0.040428013000000006,0.01617395216022684,0.040428013000000006
/opt/hostedtoolcache/Python/3.11.16/x64/lib/python3.11/urllib/parse.py,957,<listcomp>,3000,3000,0.040216924,0.016089502217372854,0.07514168000000002
/home/runner/work/_temp/scanner-verification-il7_c53e/final/scan_runtime.py,87,<lambda>,33004,33004,0.040176001,0.01607313023677977,0.040176001
~,0,<method 'get' of '_contextvars.ContextVar' objects>,31271,31271,0.039440091000000004,0.015778716233938905,0.039440091000000004
~,0,<built-in method builtins.anext>,22002,22002,0.039086638,0.015637311017885156,0.112195715
/opt/hostedtoolcache/Python/3.11.16/x64/lib/python3.11/concurrent/futures/_base.py,398,__get_result,31269,31269,0.038702214000000006,0.015483515297446388,0.038702214000000006
/home/runner/work/_temp/scanner-verification-il7_c53e/final/tiktok_worker_scanner.py,346,fsync_directory,4099,4099,0.03805188,0.015223337509233818,0.33316606499999996
/opt/hostedtoolcache/Python/3.11.16/x64/lib/python3.11/re/__init__.py,173,search,8510,8510,0.038048165,0.015221851256810895,0.193198174
/home/runner/work/_temp/scanner-verification-il7_c53e/final/tiktok_worker_scanner.py,3295,consume,1,1,0.037656822,0.015065287466247166,1.0280788360000002
/opt/hostedtoolcache/Python/3.11.16/x64/lib/python3.11/asyncio/base_events.py,531,_asyncgen_firstiter_hook,14001,14001,0.037331036000000005,0.014934950930081722,0.097805446
/home/runner/work/_temp/scanner-verification-il7_c53e/final/tiktok_worker_scanner.py,1564,borrow_client,3109,3109,0.037093092,0.014839757162512362,0.129589064
/home/runner/work/_temp/scanner-verification-il7_c53e/final/tests/benchmark_hybrid.py,64,__exit__,12790,12790,0.036812353000000006,0.014727442487153226,0.051091308
/home/runner/work/_temp/scanner-verification-il7_c53e/final/direct_protocol.py,114,normalize_profile,1000,1000,0.036794324,0.014720229662137643,0.075159164
~,0,<method 'finditer' of 're.Pattern' objects>,21002,21002,0.036526018,0.01461288903156295,0.036526018
/opt/hostedtoolcache/Python/3.11.16/x64/lib/python3.11/json/encoder.py,278,_iterencode_list,17029,17029,0.03620016400000001,0.014482525290777114,0.05287648600000001
~,0,<built-in method math.ceil>,25593,25593,0.035837924,0.014337604677673504,0.035837924
/opt/hostedtoolcache/Python/3.11.16/x64/lib/python3.11/json/encoder.py,260,_make_iterencode,6095,6095,0.035598235000000006,0.014241712791536718,0.04115698100000001
/opt/hostedtoolcache/Python/3.11.16/x64/lib/python3.11/site-packages/httpx/_urls.py,274,params,9000,9000,0.035239994000000004,0.014098392050152968,7.779333640000001
/home/runner/work/_temp/scanner-verification-il7_c53e/final/hybrid_backend.py,371,save_raw,12165,12165,0.035174061,0.014072014370206633,1.734873005
~,0,<method '__getitem__' of 'dict' objects>,39000,39000,0.034880654,0.013954631634095518,0.034924756
~,0,<built-in method _hashlib.openssl_md5>,9001,9001,0.034764606,0.013908204548987725,0.034764606
/opt/hostedtoolcache/Python/3.11.16/x64/lib/python3.11/pathlib.py,765,__truediv__,15129,15129,0.034641439,0.013858929380165586,0.545809083
/opt/hostedtoolcache/Python/3.11.16/x64/lib/python3.11/asyncio/tasks.py,399,wait,3138,3138,0.034628109000000004,0.013853596474432727,17.450912719
/opt/hostedtoolcache/Python/3.11.16/x64/lib/python3.11/_weakrefset.py,27,__exit__,6207,6207,0.034349355000000005,0.01374207593394829,0.08164982200000001
/opt/hostedtoolcache/Python/3.11.16/x64/lib/python3.11/site-packages/httpx/_urlparse.py,186,copy_with,9000,9000,0.034305557,0.01372455375800772,21.163855146000003
/opt/hostedtoolcache/Python/3.11.16/x64/lib/python3.11/asyncio/base_events.py,687,is_closed,31272,31272,0.03415623899999999,0.013664816412304853,0.03415623899999999
/opt/hostedtoolcache/Python/3.11.16/x64/lib/python3.11/http/cookiejar.py,1680,extract_cookies,3000,3000,0.034129956,0.013654301426455141,0.39321657800000004
/opt/hostedtoolcache/Python/3.11.16/x64/lib/python3.11/asyncio/futures.py,311,_set_result_unless_cancelled,9206,9206,0.03380163,0.013522948717704436,0.200348776
<frozen _collections_abc>,959,setdefault,6000,6000,0.033603093,0.013443520427720583,0.20594478500000002
/opt/hostedtoolcache/Python/3.11.16/x64/lib/python3.11/site-packages/httpx/_models.py,195,raw,12002,12002,0.033399902,0.013362230221511623,0.061274277
/opt/hostedtoolcache/Python/3.11.16/x64/lib/python3.11/asyncio/locks.py,89,locked,33004,33004,0.033366387000000004,0.013348821944269552,0.033366387000000004
/opt/hostedtoolcache/Python/3.11.16/x64/lib/python3.11/pathlib.py,504,_from_parts,8030,8030,0.033275236,0.013312355350837001,0.596964098
/opt/hostedtoolcache/Python/3.11.16/x64/lib/python3.11/pathlib.py,1111,mkdir,5100,5102,0.032899388,0.013161990613111284,0.42926336500000006
/opt/hostedtoolcache/Python/3.11.16/x64/lib/python3.11/site-packages/httpx/_transports/mock.py,29,handle_async_request,6000,6000,0.032847787,0.013141346706980655,9.386654221
~,0,<built-in method _asyncio._get_running_loop>,22800,22800,0.032773029,0.013111438427402474,0.032773029
/home/runner/work/_temp/scanner-verification-il7_c53e/final/tiktok_worker_scanner.py,690,found_lists_for,3000,3000,0.032695456000000005,0.013080403956553629,0.08616720800000001
~,0,<method 'endswith' of 'str' objects>,34703,34703,0.032235228000000005,0.012896281485464168,0.032235228000000005
/home/runner/work/_temp/scanner-verification-il7_c53e/final/backend_metrics.py,95,snapshot,226,226,0.031829434000000004,0.01273393631299905,0.413724001
~,0,<method 'lower' of 'bytes' objects>,36016,36016,0.031775321,0.012712287436185677,0.031775321
/home/runner/work/_temp/scanner-verification-il7_c53e/final/tiktok_worker_scanner.py,2010,worker_verified,9500,9500,0.03165638,0.012664702954507352,0.048063302
/opt/hostedtoolcache/Python/3.11.16/x64/lib/python3.11/asyncio/queues.py,186,task_done,11270,11270,0.031370322,0.012550260317738381,0.041934490000000005
~,0,<built-in method posix.rmdir>,1003,1003,0.031369435,0.012549905457469437,0.031373252000000004
~,0,<method 'translate' of 'str' objects>,6041,6041,0.031278741,0.012513621695088644,0.031278741
/home/runner/work/_temp/scanner-verification-il7_c53e/final/tiktok_worker_scanner.py,1945,lookup_profile,4555,4555,0.031244209000000002,0.012499806548744526,1.808474646
~,0,<built-in method posix.close>,5106,5106,0.031208627000000003,0.012485571331056109,0.031208627000000003
/home/runner/work/_temp/scanner-verification-il7_c53e/final/report_generator.py,34,saved_profile,2000,2000,0.031090368000000004,0.012438259695717605,0.9809647170000001
/opt/hostedtoolcache/Python/3.11.16/x64/lib/python3.11/pathlib.py,622,name,11213,11213,0.031074441000000005,0.012431887813526514,0.04184093800000001
/opt/hostedtoolcache/Python/3.11.16/x64/lib/python3.11/pathlib.py,667,with_name,3096,3096,0.031036934000000006,0.012416882465040215,0.10768363
/home/runner/work/_temp/scanner-verification-il7_c53e/final/tests/benchmark_hybrid.py,168,<genexpr>,7018,7018,0.030970788000000003,0.012390419570621179,0.6021162680000001
/home/runner/work/_temp/scanner-verification-il7_c53e/final/rate_limit_control.py,72,check,24000,24000,0.030916485,0.012368694680897888,0.030916485
/opt/hostedtoolcache/Python/3.11.16/x64/lib/python3.11/pathlib.py,1261,is_file,9025,9025,0.030803742000000002,0.012323589820354766,0.208162244
/opt/hostedtoolcache/Python/3.11.16/x64/lib/python3.11/_weakrefset.py,53,_commit_removals,6207,6207,0.030680032000000003,0.012274097414637433,0.039613195000000004
/home/runner/work/_temp/scanner-verification-il7_c53e/final/vendor/tiktok_sign.py,293,pack_payload,6000,6000,0.030567538000000002,0.012229092171013103,0.545633055
/opt/hostedtoolcache/Python/3.11.16/x64/lib/python3.11/functools.py,35,update_wrapper,2036,2036,0.030559419,0.012225844019351806,0.059922894000000004
/opt/hostedtoolcache/Python/3.11.16/x64/lib/python3.11/asyncio/queues.py,95,empty,28073,28073,0.030456797,0.01218478824649978,0.030456797
/opt/hostedtoolcache/Python/3.11.16/x64/lib/python3.11/contextlib.py,332,helper,11001,11001,0.030405087,0.012164100732962932,0.080886
~,0,<method 'strip' of 'str' objects>,31076,31076,0.03023156,0.01209467814233233,0.03023156
/opt/hostedtoolcache/Python/3.11.16/x64/lib/python3.11/site-packages/httpx/_models.py,1101,extract_cookies,3000,3000,0.030220023000000002,0.012090062558428353,1.7648188580000002
/opt/hostedtoolcache/Python/3.11.16/x64/lib/python3.11/site-packages/httpx/_client.py,1485,request,6000,6000,0.029994198000000003,0.011999717214308097,13.091759933
~,0,<built-in method posix.scandir>,5017,5017,0.029965002,0.01198803683052891,0.053570724
/home/runner/work/_temp/scanner-verification-il7_c53e/final/hybrid_backend.py,526,fetch_chain_page,10719,10719,0.029846599,0.011940667585406045,3.7669497030000003
~,0,<method 'discard' of 'set' objects>,25238,25238,0.029759422,0.011905790861994678,0.029759422
/opt/hostedtoolcache/Python/3.11.16/x64/lib/python3.11/pathlib.py,569,_cparts,9022,9022,0.029714995000000004,0.01188801704331548,0.038274557
~,0,<method '_is_owned' of '_thread.RLock' objects>,31269,31269,0.029582439999999998,0.011834986036607358,0.029582439999999998
/opt/hostedtoolcache/Python/3.11.16/x64/lib/python3.11/random.py,128,seed,3002,3002,0.029350482,0.011742187075768452,0.10483977800000002
/opt/hostedtoolcache/Python/3.11.16/x64/lib/python3.11/site-packages/httpx/_content.py,176,encode_json,3000,3000,0.029313908000000003,0.011727554990676658,0.170933093
/home/runner/work/_temp/scanner-verification-il7_c53e/final/backend_metrics.py,48,end,3000,3000,0.029037401,0.01161693340286902,0.287879647
~,0,<method 'values' of 'dict' objects>,29239,29239,0.028777453,0.011512936540194946,0.028777453
/opt/hostedtoolcache/Python/3.11.16/x64/lib/python3.11/site-packages/httpx/_decoders.py,260,flush,6000,6000,0.028572968,0.011431128646062627,0.045361481
/opt/hostedtoolcache/Python/3.11.16/x64/lib/python3.11/asyncio/threads.py,12,to_thread,6000,6000,0.028275776000000002,0.011312231652772304,0.38357219400000003
/opt/hostedtoolcache/Python/3.11.16/x64/lib/python3.11/asyncio/tasks.py,376,create_task,5006,5006,0.028107118,0.011244756992975407,0.202184981
/opt/hostedtoolcache/Python/3.11.16/x64/lib/python3.11/site-packages/httpx/_models.py,202,keys,6001,6001,0.027950589,0.011182134757307081,0.25682651700000003
/opt/hostedtoolcache/Python/3.11.16/x64/lib/python3.11/site-packages/httpx/_models.py,571,_prepare,3000,3000,0.02791472,0.011167784720117887,0.242504875
/opt/hostedtoolcache/Python/3.11.16/x64/lib/python3.11/site-packages/httpx/_models.py,200,<listcomp>,12002,12002,0.027874375000000003,0.01115164397879814,0.027874375000000003
/home/runner/work/_temp/scanner-verification-il7_c53e/final/scan_statistics.py,53,request_finished,3000,3000,0.027383991000000003,0.01095545705870042,0.16942305800000002
/opt/hostedtoolcache/Python/3.11.16/x64/lib/python3.11/urllib/parse.py,413,_splitnetloc,3013,3013,0.026891007,0.010758229961940624,0.046898151
/opt/hostedtoolcache/Python/3.11.16/x64/lib/python3.11/email/message.py,531,get_all,6000,6000,0.026676892,0.010672569413479164,0.042183261
/opt/hostedtoolcache/Python/3.11.16/x64/lib/python3.11/http/cookiejar.py,1599,make_cookies,3000,3000,0.026643976000000003,0.010659400776937321,0.19445246400000002
~,0,<built-in method builtins.compile>,41,41,0.026320667000000002,0.01053005520907647,0.026320667000000002
/home/runner/work/_temp/scanner-verification-il7_c53e/final/hybrid_backend.py,513,prepare_chain,4000,4000,0.026280499000000002,0.010513985279783334,2.0548201660000003
~,0,<method 'groupdict' of 're.Match' objects>,12002,12002,0.026224572,0.010491610679714195,0.026224572
~,0,<method 'result' of '_asyncio.Future' objects>,28269,28269,0.026052166,0.010422636565252124,0.026052166
/opt/hostedtoolcache/Python/3.11.16/x64/lib/python3.11/asyncio/locks.py,359,locked,9000,9000,0.025991437000000003,0.010398340838901725,0.055741752000000006
/opt/hostedtoolcache/Python/3.11.16/x64/lib/python3.11/dataclasses.py,1321,<genexpr>,20000,20000,0.025737451,0.010296729181327373,0.10753263700000001
/opt/hostedtoolcache/Python/3.11.16/x64/lib/python3.11/asyncio/locks.py,400,release,9000,9000,0.025560339,0.01022587234710695,0.035777901
~,0,<method 'exception' of '_asyncio.Future' objects>,28269,28269,0.025245203,0.010099796534576534,0.025245203
/home/runner/work/_temp/scanner-verification-il7_c53e/final/direct_protocol.py,99,guard,3000,3000,0.025139203000000002,0.010057389332199705,0.041556337000000006
~,0,<method 'capitalize' of 'str' objects>,24000,24000,0.025078509000000002,0.010033107608227449,0.025078509000000002
/opt/hostedtoolcache/Python/3.11.16/x64/lib/python3.11/pathlib.py,877,_make_child_relpath,11024,11024,0.025042377,0.010018652353168208,0.057051848
/opt/hostedtoolcache/Python/3.11.16/x64/lib/python3.11/pathlib.py,1245,is_dir,4103,4103,0.025008594000000002,0.010005136857716356,0.13305866500000002
/opt/hostedtoolcache/Python/3.11.16/x64/lib/python3.11/json/__init__.py,244,detect_encoding,3000,3000,0.024964456000000003,0.009987478658673823,0.039446717
/opt/hostedtoolcache/Python/3.11.16/x64/lib/python3.11/site-packages/httpx/_models.py,242,get,6000,6000,0.024799901000000003,0.009921645477663266,0.21116726000000002
/home/runner/work/_temp/scanner-verification-il7_c53e/final/tests/benchmark_hybrid.py,73,user,8500,8500,0.024752055000000002,0.00990250382667344,0.024752055000000002
~,0,<method 'lstrip' of 'str' objects>,23578,23578,0.024709712,0.009885563749595684,0.024709712
/opt/hostedtoolcache/Python/3.11.16/x64/lib/python3.11/site-packages/httpx/_models.py,961,close,3000,3000,0.024573352000000003,0.009831010484349416,0.07882543800000001
/opt/hostedtoolcache/Python/3.11.16/x64/lib/python3.11/urllib/request.py,301,request_host,3000,3000,0.024518768,0.00980917317553303,0.322512314
<frozen posixpath>,60,isabs,6031,6031,0.024091091000000002,0.009638073316184778,0.05151520700000001
/opt/hostedtoolcache/Python/3.11.16/x64/lib/python3.11/site-packages/httpx/_client.py,424,_merge_headers,3000,3000,0.023984919,0.009595597302121076,0.132104148
/home/runner/work/_temp/scanner-verification-il7_c53e/final/tiktok_worker_scanner.py,3468,register_profile,1000,1000,0.023834705,0.009535501495537745,0.276327877
~,0,<method 'load_verify_locations' of '_ssl._SSLContext' objects>,1,1,0.023729859000000002,0.009493555971571699,0.023729859000000002
~,0,<method 'reverse' of 'list' objects>,26267,26267,0.023729168000000002,0.009493279524620356,0.023729168000000002
/opt/hostedtoolcache/Python/3.11.16/x64/lib/python3.11/urllib/request.py,343,full_url,3000,3000,0.023587118,0.009436449872755936,0.142760789
/opt/hostedtoolcache/Python/3.11.16/x64/lib/python3.11/site-packages/httpx/_models.py,699,_get_content_decoder,3000,3000,0.023500680000000003,0.009401868799557369,0.076186269
~,0,<built-in method _stat.S_ISLNK>,24111,24111,0.023375702,0.009351869107683299,0.023375702
/opt/hostedtoolcache/Python/3.11.16/x64/lib/python3.11/asyncio/locks.py,364,acquire,9000,9000,0.023314103000000003,0.009327225322219053,0.07905585500000001
/opt/hostedtoolcache/Python/3.11.16/x64/lib/python3.11/site-packages/httpx/_auth.py,87,async_auth_flow,6000,6000,0.023277668,0.009312648846571884,0.043028797
/opt/hostedtoolcache/Python/3.11.16/x64/lib/python3.11/asyncio/queues.py,53,_put,11270,11270,0.023268505000000002,0.009308983023973972,0.033155908000000005
/opt/hostedtoolcache/Python/3.11.16/x64/lib/python3.11/_weakrefset.py,72,__len__,6208,6208,0.023226401,0.009292138563135537,0.034966876
/opt/hostedtoolcache/Python/3.11.16/x64/lib/python3.11/asyncio/timeouts.py,85,__aenter__,3000,3000,0.02304347,0.009218953733531803,0.152609362
/opt/hostedtoolcache/Python/3.11.16/x64/lib/python3.11/urllib/request.py,374,_parse,3000,3000,0.022984541,0.009195378129485917,0.09211743500000001
/home/runner/work/_temp/scanner-verification-il7_c53e/final/hybrid_backend.py,92,pace,3000,3000,0.022930839,0.009173893680598743,0.280335883
/opt/hostedtoolcache/Python/3.11.16/x64/lib/python3.11/pathlib.py,981,resolve,3015,3015,0.022823978,0.009131142019719589,1.0808523220000001
/opt/hostedtoolcache/Python/3.11.16/x64/lib/python3.11/asyncio/queues.py,50,_get,11270,11270,0.022563461,0.009026917518383701,0.032265653000000005
~,0,<method 'update' of 'dict' objects>,12677,12677,0.022460572,0.008985754927389839,0.022460572
/home/runner/work/_temp/scanner-verification-il7_c53e/final/tiktok_worker_scanner.py,3712,summary,254,254,0.022284519000000003,0.008915321765125238,0.102253247
~,0,<built-in method builtins.all>,6958,6958,0.022251939000000002,0.008902287551413568,0.036339959000000005
/opt/hostedtoolcache/Python/3.11.16/x64/lib/python3.11/pathlib.py,868,__new__,5015,5015,0.022035124000000003,0.00881554681949534,0.42557254400000005
/home/runner/work/_temp/scanner-verification-il7_c53e/final/tiktok_worker_scanner.py,1992,parse_count,8000,8000,0.021966079000000003,0.008787924128098095,0.035247765
/home/runner/work/_temp/scanner-verification-il7_c53e/final/tiktok_worker_scanner.py,2347,checkpoint,3000,3000,0.021769506,0.008709281571562052,0.23994452400000005
/home/runner/work/_temp/scanner-verification-il7_c53e/final/scan_statistics.py,43,prune,7226,7226,0.021654123,0.008663120531638983,0.027844196
/opt/hostedtoolcache/Python/3.11.16/x64/lib/python3.11/site-packages/httpx/_exceptions.py,366,request_context,24000,24000,0.02157811,0.008632710166787379,0.02157811
/home/runner/work/_temp/scanner-verification-il7_c53e/final/backend_metrics.py,39,begin,3000,3000,0.021491088000000002,0.008597895453907791,0.20296366600000001
/opt/hostedtoolcache/Python/3.11.16/x64/lib/python3.11/http/cookiejar.py,1227,deepvalues,6001,6001,0.021363199000000003,0.008546731164240148,0.027046036000000002
/opt/hostedtoolcache/Python/3.11.16/x64/lib/python3.11/pathlib.py,1036,open,4118,4118,0.021274932000000003,0.008511418366766606,0.5748185640000001
~,0,<built-in method _thread.get_ident>,19877,19877,0.021209066000000002,0.008485067491372717,0.021209066000000002
~,0,<method 'is_dir' of 'posix.DirEntry' objects>,24057,24057,0.021081971,0.008434220855654952,0.021081971
/opt/hostedtoolcache/Python/3.11.16/x64/lib/python3.11/site-packages/httpx/_models.py,468,read,3000,3000,0.021068085,0.008428665512143588,0.113393426
/opt/hostedtoolcache/Python/3.11.16/x64/lib/python3.11/asyncio/timeouts.py,129,timeout,3000,3000,0.021000784,0.008401740539245825,0.045089584
/opt/hostedtoolcache/Python/3.11.16/x64/lib/python3.11/site-packages/httpx/_client.py,457,_build_request_auth,3000,3000,0.020853505,0.008342818932086798,0.075080246
/home/runner/work/_temp/scanner-verification-il7_c53e/final/avatar_cache.py,254,ensure,2921,2921,0.020787967,0.00831659927897951,0.263017172
~,0,<method 'hexdigest' of '_hashlib.HASH' objects>,10001,10001,0.020778014,0.008312617402703504,0.020778014
/opt/hostedtoolcache/Python/3.11.16/x64/lib/python3.11/enum.py,193,__get__,5541,5541,0.020719902000000002,0.008289368654170275,0.02793568
~,0,<method 'split' of 're.Pattern' objects>,9000,9000,0.020632924,0.008254571544280352,0.020632924
/home/runner/work/_temp/scanner-verification-il7_c53e/final/hybrid_backend.py,461,lookup_profile,2000,2000,0.020447386,0.008180343737538918,0.099967235
/opt/hostedtoolcache/Python/3.11.16/x64/lib/python3.11/site-packages/httpx/_models.py,274,update,3001,3001,0.020062185,0.008026237164305366,0.08723596900000001
/opt/hostedtoolcache/Python/3.11.16/x64/lib/python3.11/site-packages/httpx/_urlparse.py,167,authority,6000,6000,0.019964015,0.007986962493953165,0.026498467
/home/runner/work/_temp/scanner-verification-il7_c53e/final/tiktok_worker_scanner.py,2865,open_user_store,5559,5559,0.019894605000000003,0.007959193777755284,0.5786426450000001
/opt/hostedtoolcache/Python/3.11.16/x64/lib/python3.11/site-packages/httpx/_models.py,252,get_list,3000,3000,0.019893792,0.007958868522514411,0.044514566000000005
/opt/hostedtoolcache/Python/3.11.16/x64/lib/python3.11/site-packages/httpx/_urlparse.py,200,__str__,3000,3000,0.019818822,0.007928875428531478,0.037191454000000006
/opt/hostedtoolcache/Python/3.11.16/x64/lib/python3.11/pathlib.py,94,join_parsed_parts,15130,15130,0.019682938,0.00787451259562796,0.019682938
/opt/hostedtoolcache/Python/3.11.16/x64/lib/python3.11/asyncio/timeouts.py,97,__aexit__,3000,3000,0.019628675,0.007852803708622548,0.053492818000000004
/home/runner/work/_temp/scanner-verification-il7_c53e/final/hybrid_backend.py,297,<genexpr>,9500,9500,0.019618268,0.007848640201498626,0.203550743
/home/runner/work/_temp/scanner-verification-il7_c53e/final/tiktok_worker_scanner.py,2125,finish_list_result,2000,2000,0.019544094,0.007818965561601466,0.082087255
/opt/hostedtoolcache/Python/3.11.16/x64/lib/python3.11/urllib/parse.py,1080,_splittype,3000,3000,0.019447125000000003,0.007780171372853555,0.035612065000000005
/opt/hostedtoolcache/Python/3.11.16/x64/lib/python3.11/asyncio/timeouts.py,50,reschedule,3000,3000,0.019392966,0.007758504092914623,0.109066912
/home/runner/work/_temp/scanner-verification-il7_c53e/final/scan_statistics.py,48,request_started,3000,3000,0.019022416,0.007610258915171852,0.14044452400000002
/home/runner/work/_temp/scanner-verification-il7_c53e/final/rate_limit_control.py,79,wait_ready,3000,3000,0.018886973,0.00755607251223294,0.046311374
/opt/hostedtoolcache/Python/3.11.16/x64/lib/python3.11/base64.py,51,b64encode,6000,6000,0.018760925,0.007505644747655634,0.034512704000000005
/home/runner/work/_temp/scanner-verification-il7_c53e/final/tiktok_worker_scanner.py,3509,recover,1,1,0.018651762000000002,0.0074619721303626,0.45516484100000004
/opt/hostedtoolcache/Python/3.11.16/x64/lib/python3.11/urllib/parse.py,119,_coerce_args,6013,6013,0.018511069,0.007405685370702193,0.023468801
~,0,<method 'end' of 're.Match' objects>,21054,21054,0.018255918,0.007303607633969643,0.018255918
/opt/hostedtoolcache/Python/3.11.16/x64/lib/python3.11/_weakrefset.py,21,__enter__,6207,6207,0.018246274,0.007299749378689246,0.025036313
/opt/hostedtoolcache/Python/3.11.16/x64/lib/python3.11/random.py,520,uniform,6000,6000,0.018063998,0.007226826593590768,0.024226396
/home/runner/work/_temp/scanner-verification-il7_c53e/final/tiktok_worker_scanner.py,1107,text,6510,6510,0.017705296000000002,0.007083321420883475,0.017705296000000002
/home/runner/work/_temp/scanner-verification-il7_c53e/final/direct_protocol.py,89,<genexpr>,18000,18000,0.017667846,0.007068338876270152,0.017667846
/opt/hostedtoolcache/Python/3.11.16/x64/lib/python3.11/asyncio/base_events.py,1854,_timer_handle_cancelled,13999,13999,0.017528229000000003,0.007012482589720665,0.017528229000000003
~,0,<method 'remove' of 'collections.deque' objects>,17266,17266,0.017383158000000003,0.006954444332588507,0.017383158000000003
/opt/hostedtoolcache/Python/3.11.16/x64/lib/python3.11/site-packages/httpx/_client.py,413,_merge_cookies,3000,3000,0.016984664,0.00679501965613613,0.055263078
/opt/hostedtoolcache/Python/3.11.16/x64/lib/python3.11/pathlib.py,745,parts,3000,3000,0.016834215,0.006734829833585267,0.016834215
/opt/hostedtoolcache/Python/3.11.16/x64/lib/python3.11/site-packages/httpx/_models.py,831,json,3000,3000,0.016717418,0.006688103097585207,0.18724811800000002
<frozen posixpath>,409,realpath,3015,3015,0.016707964000000002,0.006684320855214731,0.7954838160000001
/opt/hostedtoolcache/Python/3.11.16/x64/lib/python3.11/typing.py,1602,__subclasscheck__,3000,3000,0.016647889000000003,0.006660286773301638,0.043722832
/home/runner/work/_temp/scanner-verification-il7_c53e/final/vendor/tiktok_sign.py,633,_clock_nonce,6000,6000,0.016615858,0.006647472196892843,0.021966205
/home/runner/work/_temp/scanner-verification-il7_c53e/final/vendor/tiktok_sign.py,605,gnarly_payload,3000,3000,0.016433739000000003,0.006574612222462035,0.7730431259999999
/home/runner/work/_temp/scanner-verification-il7_c53e/final/tiktok_worker_scanner.py,2374,count,2000,2000,0.016428455,0.006572498263430345,0.095881564
/home/runner/work/_temp/scanner-verification-il7_c53e/final/hybrid_backend.py,105,observe,3000,3000,0.016325698,0.006531388481405479,0.031542847
/opt/hostedtoolcache/Python/3.11.16/x64/lib/python3.11/site-packages/httpx/_models.py,231,multi_items,6000,6000,0.016070029,0.006429103509476409,0.119901066
~,0,<method 'acquire' of '_thread.RLock' objects>,11809,11809,0.016063641,0.006426547875431285,0.016063641
/opt/hostedtoolcache/Python/3.11.16/x64/lib/python3.11/site-packages/httpx/_client.py,391,_merge_url,3000,3000,0.015911052000000002,0.0063655019074739475,0.055923628
/opt/hostedtoolcache/Python/3.11.16/x64/lib/python3.11/pathlib.py,956,rglob,9022,9022,0.015835294,0.006335193559948818,0.479845295
/home/runner/work/_temp/scanner-verification-il7_c53e/final/report_generator.py,61,profile_for_report,2000,2000,0.015812307,0.006325997198052251,1.004483713
/home/runner/work/_temp/scanner-verification-il7_c53e/final/tests/benchmark_hybrid.py,72,total,12000,12000,0.015757881,0.006304223099971484,0.015757881
~,0,<built-in method binascii.b2a_base64>,6000,6000,0.015751779,0.006301781885359188,0.015751779
/opt/hostedtoolcache/Python/3.11.16/x64/lib/python3.11/pathlib.py,327,_select_from,18040,18040,0.015712223,0.006285956797649586,0.015712223
/opt/hostedtoolcache/Python/3.11.16/x64/lib/python3.11/site-packages/httpx/_urlparse.py,422,validate_path,6001,6001,0.01548995,0.0061970324948769,0.023015468
/opt/hostedtoolcache/Python/3.11.16/x64/lib/python3.11/site-packages/httpx/_urls.py,168,host,6000,6000,0.015228066,0.006092261100657528,0.022293556000000003
/home/runner/work/_temp/scanner-verification-il7_c53e/final/report_generator.py,222,<dictcomp>,2000,2000,0.015212312,0.0060859584302212595,0.015212312
/opt/hostedtoolcache/Python/3.11.16/x64/lib/python3.11/site-packages/httpx/_models.py,348,<listcomp>,9005,9005,0.015158195000000001,0.0060643079531361,0.015158195000000001
/home/runner/work/_temp/scanner-verification-il7_c53e/final/hybrid_backend.py,463,lookup,4555,4555,0.015042333000000001,0.006017955280666439,1.8850901230000001
/home/runner/work/_temp/scanner-verification-il7_c53e/final/tiktok_worker_scanner.py,1334,wake_capacity,6042,6042,0.015015966,0.006007406689109177,0.022357982000000002
/opt/hostedtoolcache/Python/3.11.16/x64/lib/python3.11/http/cookiejar.py,1753,__iter__,6001,6001,0.014792843000000002,0.0059181423285815824,0.014792843000000002
/opt/hostedtoolcache/Python/3.11.16/x64/lib/python3.11/site-packages/httpx/_urls.py,150,username,3000,3000,0.014663923,0.005866565568860632,0.030665085
/opt/hostedtoolcache/Python/3.11.16/x64/lib/python3.11/typing.py,1327,__instancecheck__,3000,3000,0.014626100000000001,0.005851433798903097,0.058348932000000006
/opt/hostedtoolcache/Python/3.11.16/x64/lib/python3.11/site-packages/httpx/_models.py,1228,__bool__,3000,3000,0.014599216000000002,0.00584067837221726,0.034690027000000005
/opt/hostedtoolcache/Python/3.11.16/x64/lib/python3.11/site-packages/httpx/_client.py,433,_merge_queryparams,3000,3000,0.01432681,0.005731697463060069,0.023061788
~,0,<method 'find' of 'str' objects>,12070,12070,0.014249938,0.005700943439842034,0.014249938
/home/runner/work/_temp/scanner-verification-il7_c53e/final/tiktok_worker_scanner.py,3458,_add_job,1000,1000,0.014208782000000001,0.005684478243417311,0.25953906000000004
/opt/hostedtoolcache/Python/3.11.16/x64/lib/python3.11/site-packages/httpx/_models.py,619,reason_phrase,3000,3000,0.014194005,0.005678566439365213,0.045201421000000006
/home/runner/work/_temp/scanner-verification-il7_c53e/final/tiktok_worker_scanner.py,1205,available,3001,3001,0.0141711,0.005669402883040296,0.019994747
/home/runner/work/_temp/scanner-verification-il7_c53e/final/tests/benchmark_hybrid.py,100,<listcomp>,2000,2000,0.013961014,0.0055853542083371035,0.033460125
/opt/hostedtoolcache/Python/3.11.16/x64/lib/python3.11/site-packages/httpx/_urls.py,327,copy_with,3000,3000,0.013938964000000002,0.0055765327101068305,21.233711776
~,0,<method 'release' of '_thread.RLock' objects>,11809,11809,0.013876124000000002,0.005551392440320415,0.013876124000000002
/opt/hostedtoolcache/Python/3.11.16/x64/lib/python3.11/site-packages/httpx/_status_codes.py,38,get_reason_phrase,3000,3000,0.013635571,0.0054551548954774615,0.031007416000000003
/opt/hostedtoolcache/Python/3.11.16/x64/lib/python3.11/site-packages/httpx/_models.py,876,read,3000,3000,0.013436968,0.005375700201009109,0.53271354
/opt/hostedtoolcache/Python/3.11.16/x64/lib/python3.11/re/_parser.py,516,_parse,118,301,0.013428515000000002,0.005372318426653531,0.046116784
<frozen posixpath>,394,abspath,3016,3016,0.013276873000000002,0.005311651323041957,0.062368897000000006
/opt/hostedtoolcache/Python/3.11.16/x64/lib/python3.11/asyncio/locks.py,194,clear,11270,11270,0.013181658,0.0052735588534729965,0.013181658
/home/runner/work/_temp/scanner-verification-il7_c53e/final/hybrid_backend.py,366,lookup_profile,4555,4555,0.013171602000000001,0.005269535770198454,1.8216462480000002
/home/runner/work/_temp/scanner-verification-il7_c53e/final/avatar_cache.py,178,key_lock,2000,2000,0.013135288,0.0052550077027728685,0.026405994000000002
~,0,<built-in method time.time>,12370,12370,0.013120493000000002,0.005249088697497726,0.013120493000000002
/opt/hostedtoolcache/Python/3.11.16/x64/lib/python3.11/urllib/parse.py,1101,_splithost,3000,3000,0.013094616000000002,0.005238736139234469,0.022395392
/opt/hostedtoolcache/Python/3.11.16/x64/lib/python3.11/site-packages/httpx/_decoders.py,233,__init__,6000,6000,0.012944715,0.005178765553918535,0.012944715
~,0,<built-in method builtins.print>,325,325,0.012895302,0.005158996996455836,0.012895302
/opt/hostedtoolcache/Python/3.11.16/x64/lib/python3.11/site-packages/httpx/_models.py,635,content,6000,6000,0.012831632,0.005133524670273453,0.018538853
/home/runner/work/_temp/scanner-verification-il7_c53e/final/tiktok_worker_scanner.py,2146,<lambda>,2000,2000,0.012660796,0.005065178662488095,0.164680333
/opt/hostedtoolcache/Python/3.11.16/x64/lib/python3.11/email/message.py,156,__init__,6000,6000,0.012645741,0.005059155639546744,0.012645741
/home/runner/work/_temp/scanner-verification-il7_c53e/final/tiktok_worker_scanner.py,2361,cursor_seen,2000,2000,0.012641339000000001,0.005057394540444265,0.137642459
/home/runner/work/_temp/scanner-verification-il7_c53e/final/tiktok_worker_scanner.py,2139,replay_committed_list,4000,4000,0.012480602,0.004993088818855168,0.203141343
/opt/hostedtoolcache/Python/3.11.16/x64/lib/python3.11/collections/__init__.py,601,__missing__,13722,13722,0.012403913,0.004962408008071427,0.012403913
/home/runner/work/_temp/scanner-verification-il7_c53e/final/scan_statistics.py,71,account_finished,1000,1000,0.012347932,0.0049400118043331515,0.08189605500000001
/opt/hostedtoolcache/Python/3.11.16/x64/lib/python3.11/_weakrefset.py,17,__init__,6207,6207,0.012322447,0.0049298160727051,0.012322447
/home/runner/work/_temp/scanner-verification-il7_c53e/final/tiktok_worker_scanner.py,3257,sanitize_run_name,1000,1000,0.012197005,0.004879630749303646,0.039886327
/opt/hostedtoolcache/Python/3.11.16/x64/lib/python3.11/asyncio/tasks.py,65,_set_task_name,5006,5006,0.012167613,0.004867871952206857,0.016996464000000003
/opt/hostedtoolcache/Python/3.11.16/x64/lib/python3.11/site-packages/httpx/_content.py,35,__iter__,12000,12000,0.011964786000000002,0.004786727370730583,0.011964786000000002
~,0,<method 'setdefault' of 'dict' objects>,12455,12455,0.011946996000000001,0.004779610161954321,0.011946996000000001
/home/runner/work/_temp/scanner-verification-il7_c53e/final/avatar_cache.py,188,io,2921,2921,0.011934134,0.004774464488020634,0.153284831
~,0,<method 'startswith' of 'bytes' objects>,9018,9018,0.011856681,0.004743478025325422,0.011856681
/opt/hostedtoolcache/Python/3.11.16/x64/lib/python3.11/pathlib.py,630,suffix,2014,2014,0.011832183000000001,0.004733677160761012,0.023638687000000002
/opt/hostedtoolcache/Python/3.11.16/x64/lib/python3.11/random.py,119,__init__,3003,3003,0.011816589,0.004727438501196254,0.11665736900000001
/opt/hostedtoolcache/Python/3.11.16/x64/lib/python3.11/site-packages/httpx/_client.py,318,cookies,9000,9000,0.011800216,0.004720888188700823,0.011800216
/home/runner/work/_temp/scanner-verification-il7_c53e/final/tiktok_worker_scanner.py,2045,<dictcomp>,2000,2000,0.011620573,0.004649018782506666,0.018344287
/home/runner/work/_temp/scanner-verification-il7_c53e/final/vendor/tiktok_sign.py,317,mix_state,6000,6000,0.011613073,0.004646018272904532,0.011613073
~,0,<built-in method _json.encode_basestring_ascii>,11226,11226,0.01153404,0.004614399702853138,0.01153404
/opt/hostedtoolcache/Python/3.11.16/x64/lib/python3.11/site-packages/httpx/_urls.py,244,path,3000,3000,0.011501856000000001,0.00460152391604846,0.025702756
<frozen posixpath>,386,normpath,3016,3016,0.011484643000000001,0.004594637546477588,0.020952294000000003
/opt/hostedtoolcache/Python/3.11.16/x64/lib/python3.11/re/__init__.py,178,sub,3001,3001,0.011351005,0.004541173266182922,0.032087597
/opt/hostedtoolcache/Python/3.11.16/x64/lib/python3.11/site-packages/httpx/_content.py,186,encode_request,3000,3000,0.011271704,0.0045094474779217445,0.017505302
/home/runner/work/_temp/scanner-verification-il7_c53e/final/tiktok_worker_scanner.py,1215,choose,3000,3000,0.011247783,0.0044998774525627245,0.031245656000000004
/opt/hostedtoolcache/Python/3.11.16/x64/lib/python3.11/email/_policybase.py,313,header_store_parse,12000,12000,0.011237252000000001,0.0044956643370133815,0.011237252000000001
/opt/hostedtoolcache/Python/3.11.16/x64/lib/python3.11/logging/__init__.py,1479,info,3000,3000,0.011144522,0.004458566036292595,0.016538727
/opt/hostedtoolcache/Python/3.11.16/x64/lib/python3.11/urllib/parse.py,1059,unwrap,3000,3000,0.011095845,0.004439091928838851,0.01442142
/home/runner/work/_temp/scanner-verification-il7_c53e/final/tiktok_worker_scanner.py,232,finish,2000,2000,0.011072643,0.004429809552333689,0.049652099000000005
/home/runner/work/_temp/scanner-verification-il7_c53e/final/tiktok_worker_scanner.py,538,output_file_path,2000,2000,0.011072087000000001,0.004429587114555185,0.8516447420000001
/opt/hostedtoolcache/Python/3.11.16/x64/lib/python3.11/functools.py,518,decorating_function,2007,2007,0.010993756,0.00439824939220255,0.070021153
/opt/hostedtoolcache/Python/3.11.16/x64/lib/python3.11/email/_policybase.py,209,header_max_count,12000,12000,0.01097213,0.0043895975227817826,0.01097213
/opt/hostedtoolcache/Python/3.11.16/x64/lib/python3.11/site-packages/httpx/_models.py,260,<listcomp>,3000,3000,0.010932274,0.004373652414688095,0.016270684
/opt/hostedtoolcache/Python/3.11.16/x64/lib/python3.11/site-packages/httpx/_urls.py,233,netloc,3000,3000,0.010932271,0.004373651214484254,0.025181388000000002
/opt/hostedtoolcache/Python/3.11.16/x64/lib/python3.11/asyncio/tasks.py,35,current_task,3000,3000,0.010850607,0.004340980065664431,0.017326644000000002
/opt/hostedtoolcache/Python/3.11.16/x64/lib/python3.11/pathlib.py,682,with_suffix,1008,1008,0.010807879999999999,0.004323886362495045,0.029544570000000003
~,0,<method 'split' of 'bytes' objects>,9000,9000,0.010787910000000001,0.00431589700559443,0.010787910000000001
/opt/hostedtoolcache/Python/3.11.16/x64/lib/python3.11/enum.py,688,__call__,3242,3242,0.010695161000000002,0.004278791103582653,0.018438033
/opt/hostedtoolcache/Python/3.11.16/x64/lib/python3.11/asyncio/locks.py,182,set,5584,5584,0.01064142,0.004257291052045548,0.010656107000000001
/opt/hostedtoolcache/Python/3.11.16/x64/lib/python3.11/site-packages/httpx/_models.py,771,has_redirect_location,3000,3000,0.010607028000000001,0.004243531915214002,0.010607028000000001
~,0,<built-in method marshal.loads>,83,83,0.010580732,0.0042330117284809735,0.010580732
/home/runner/work/_temp/scanner-verification-il7_c53e/final/hybrid_backend.py,439,<listcomp>,3000,3000,0.010572620000000001,0.004229766377295305,0.010572620000000001
~,0,<method 'move_to_end' of 'collections.OrderedDict' objects>,7490,7490,0.010505827,0.004203044638914593,0.010505827
/opt/hostedtoolcache/Python/3.11.16/x64/lib/python3.11/site-packages/httpx/_decoders.py,237,decode,9000,9000,0.010440576,0.004176939805308078,0.010440576
/home/runner/work/_temp/scanner-verification-il7_c53e/final/tiktok_worker_scanner.py,533,output_file_name,2000,2000,0.010325202,0.0041307823659965295,0.035127567000000005
/home/runner/work/_temp/scanner-verification-il7_c53e/final/tiktok_worker_scanner.py,3775,<genexpr>,1005,1005,0.010263492,0.004106094172990171,0.049328596
/opt/hostedtoolcache/Python/3.11.16/x64/lib/python3.11/site-packages/httpx/_content.py,32,__init__,6000,6000,0.010239921,0.004096664171412584,0.010239921
/opt/hostedtoolcache/Python/3.11.16/x64/lib/python3.11/asyncio/locks.py,409,_wake_up_next,9000,9000,0.010217562000000001,0.004087719052186702,0.010217562000000001
/home/runner/work/_temp/scanner-verification-il7_c53e/final/vendor/tiktok_sign.py,212,encode_query,3000,3000,0.010131272000000002,0.0040531971890442825,3.7436929720000003
<string>,2,__init__,3000,3000,0.010123886,0.0040502422871881,0.010123886
/opt/hostedtoolcache/Python/3.11.16/x64/lib/python3.11/site-packages/httpx/_urls.py,159,password,3000,3000,0.010079355,0.004032426861442416,0.021156318
<frozen codecs>,186,__init__,4106,4106,0.010048139000000001,0.004019938340410386,0.010048139000000001
/opt/hostedtoolcache/Python/3.11.16/x64/lib/python3.11/asyncio/timeouts.py,33,__init__,3000,3000,0.009972769000000001,0.003989785219248675,0.009972769000000001
/home/runner/work/_temp/scanner-verification-il7_c53e/final/scan_statistics.py,232,report_loop,704,704,0.009780984000000001,0.003913058188042637,1.14468295
/opt/hostedtoolcache/Python/3.11.16/x64/lib/python3.11/site-packages/httpx/_urls.py,600,__getitem__,7000,7000,0.009724165,0.0038903267273648155,0.009724165
/opt/hostedtoolcache/Python/3.11.16/x64/lib/python3.11/site-packages/httpx/_content.py,221,encode_response,3000,3000,0.009604475000000001,0.0038424425947942253,0.180537568
/home/runner/work/_temp/scanner-verification-il7_c53e/final/tiktok_worker_scanner.py,2652,size_skip_result,1000,1000,0.009575572000000001,0.0038308794309234945,0.013839893
/opt/hostedtoolcache/Python/3.11.16/x64/lib/python3.11/site-packages/httpx/_urls.py,374,__str__,3000,3000,0.009527959,0.003811830995765306,0.046719413
~,0,<method 'extend' of 'list' objects>,10457,10457,0.009465905,0.0037870051793851955,0.009542296
~,0,<built-in method builtins.hash>,9141,9324,0.009344148,0.003738294106368257,0.009763939
/home/runner/work/_temp/scanner-verification-il7_c53e/final/tiktok_worker_scanner.py,3778,write_json_array,6,6,0.009272845,0.003709768061546795,1.364625301
/opt/hostedtoolcache/Python/3.11.16/x64/lib/python3.11/functools.py,479,lru_cache,2007,2007,0.009260319,0.0037047568104432837,0.011580476
~,0,<method 'pop' of 'list' objects>,6266,6266,0.008995269,0.003598718801103866,0.008995269
/opt/hostedtoolcache/Python/3.11.16/x64/lib/python3.11/site-packages/httpx/_models.py,610,http_version,3000,3000,0.008973675,0.003590079733857402,0.008973675
/home/runner/work/_temp/scanner-verification-il7_c53e/final/tiktok_worker_scanner.py,2449,iter_members,2000,2000,0.008913713,0.003566090859622313,0.152019537
/opt/hostedtoolcache/Python/3.11.16/x64/lib/python3.11/urllib/parse.py,1211,_splittag,3000,3000,0.008910718,0.003564892656121194,0.012634816
/home/runner/work/_temp/scanner-verification-il7_c53e/final/tiktok_worker_scanner.py,619,reconcile_complete_lists,1000,1000,0.008877263,0.0035515083829559414,0.026776001
/opt/hostedtoolcache/Python/3.11.16/x64/lib/python3.11/site-packages/httpx/_urls.py,319,is_relative_url,3000,3000,0.008795194000000001,0.0035186752066176026,0.014521541
/home/runner/work/_temp/scanner-verification-il7_c53e/final/direct_protocol.py,95,verified,8500,8500,0.008711369,0.0034851395109644174,0.008711369
/opt/hostedtoolcache/Python/3.11.16/x64/lib/python3.11/site-packages/httpx/_client.py,1474,_transport_for_url,3000,3000,0.008597714000000001,0.0034396697884536776,0.011264207
/opt/hostedtoolcache/Python/3.11.16/x64/lib/python3.11/asyncio/locks.py,362,<genexpr>,9000,9000,0.008587963,0.0034357687259029563,0.008587963
/opt/hostedtoolcache/Python/3.11.16/x64/lib/python3.11/pathlib.py,257,casefold_parts,9028,9028,0.008565122,0.003426630773926643,0.008565122
/home/runner/work/_temp/scanner-verification-il7_c53e/final/tiktok_worker_scanner.py,1634,before_send,3000,3000,0.00850855,0.00340399813003172,0.044922951
/home/runner/work/_temp/scanner-verification-il7_c53e/final/tiktok_worker_scanner.py,2057,parse_has_more,4000,4000,0.008499266,0.0034002838992122247,0.01170809
/opt/hostedtoolcache/Python/3.11.16/x64/lib/python3.11/site-packages/httpx/_urlparse.py,177,netloc,3000,3000,0.008444605,0.003378415785163925,0.011515038
/home/runner/work/_temp/scanner-verification-il7_c53e/final/report_generator.py,26,open_database,2012,2012,0.008387972,0.003355758737124237,0.517405942
/opt/hostedtoolcache/Python/3.11.16/x64/lib/python3.11/site-packages/httpx/_models.py,1065,aclose,3000,3000,0.008374841000000001,0.0033505054449128207,0.011733769000000002
<string>,1,<lambda>,3013,3013,0.008276949,0.0033113419934498725,0.012726466
/opt/hostedtoolcache/Python/3.11.16/x64/lib/python3.11/site-packages/httpx/_models.py,313,<listcomp>,6000,6000,0.008270265,0.003308667939292451,0.008270265
~,0,<method 'groups' of 're.Match' objects>,6001,6001,0.008264688000000001,0.0033064367603523044,0.008264688000000001
/home/runner/work/_temp/scanner-verification-il7_c53e/final/tiktok_worker_scanner.py,2870,acquire,1000,1000,0.008034005,0.003214147886145758,1.8784918360000002
/home/runner/work/_temp/scanner-verification-il7_c53e/final/hybrid_backend.py,242,<dictcomp>,3000,3000,0.007969371000000001,0.0031882898944625136,0.022296641000000002
~,0,<built-in method builtins.issubclass>,3149,3149,0.007911145,0.003164995538183332,0.021539391
/home/runner/work/_temp/scanner-verification-il7_c53e/final/report_generator.py,44,count_value,2000,2000,0.007835054000000001,0.003134553968031868,0.012990897000000001
/opt/hostedtoolcache/Python/3.11.16/x64/lib/python3.11/pathlib.py,934,_scandir,4012,4012,0.007832248,0.0031334313773727224,0.05772295
~,0,<method 'remove' of 'set' objects>,6207,6207,0.007687272,0.003075431126695524,0.007687272
/opt/hostedtoolcache/Python/3.11.16/x64/lib/python3.11/enum.py,1095,__new__,3242,3242,0.007617106,0.003047359959129745,0.0077428720000000005
/opt/hostedtoolcache/Python/3.11.16/x64/lib/python3.11/re/_compiler.py,37,_compile,76,463,0.007570133000000001,0.0030285675674576063,0.021853204
/home/runner/work/_temp/scanner-verification-il7_c53e/final/connection_metrics.py,4,__init__,3000,3000,0.0075678740000000005,0.003027663813965443,0.0075678740000000005
~,0,<built-in method _abc._abc_subclasscheck>,3021,3070,0.007464124000000001,0.0029861567644692555,0.0076614990000000004
~,0,<method 'fileno' of '_io.TextIOWrapper' objects>,4115,4115,0.007455174000000001,0.002982576156344042,0.007455174000000001
~,0,<method 'send' of 'generator' objects>,3000,3000,0.007409874,0.0029644530783471523,0.010475679
/home/runner/work/_temp/scanner-verification-il7_c53e/final/scan_statistics.py,194,display,224,224,0.007385336,0.002954636211064863,0.018902527000000002
/opt/hostedtoolcache/Python/3.11.16/x64/lib/python3.11/site-packages/httpx/_models.py,974,aread,3000,3000,0.007365484,0.0029466940621819876,0.010616346
/opt/hostedtoolcache/Python/3.11.16/x64/lib/python3.11/enum.py,1257,value,5540,5540,0.007215778000000001,0.00288680149011571,0.007215778000000001
/opt/hostedtoolcache/Python/3.11.16/x64/lib/python3.11/site-packages/httpx/_urlparse.py,447,normalize_path,6000,6000,0.0071930860000000004,0.002877723148263493,0.0071930860000000004
/opt/hostedtoolcache/Python/3.11.16/x64/lib/python3.11/site-packages/httpx/_urlparse.py,395,normalize_port,6001,6001,0.0071798370000000005,0.0028724226480343366,0.0071798370000000005
/home/runner/work/_temp/scanner-verification-il7_c53e/final/scan_statistics.py,107,<dictcomp>,452,452,0.006945728000000001,0.0027787631410415357,0.010926917000000001
/home/runner/work/_temp/scanner-verification-il7_c53e/final/tiktok_worker_scanner.py,3440,current_phase,3302,3302,0.006903712,0.0027619538861824336,0.006903712
/opt/hostedtoolcache/Python/3.11.16/x64/lib/python3.11/asyncio/tasks.py,436,wait_for,674,674,0.006888457000000001,0.0027558508496516934,0.040101391
~,0,<built-in method _stat.S_ISREG>,8021,8021,0.0068059010000000005,0.002722822840223189,0.0068059010000000005
/opt/hostedtoolcache/Python/3.11.16/x64/lib/python3.11/site-packages/httpx/_models.py,482,aread,3000,3000,0.006796822,0.0027191906233328188,0.009442381000000001
~,0,<built-in method _stat.S_ISDIR>,5104,5104,0.0067968080000000005,0.0027191850223815617,0.0067968080000000005
/home/runner/work/_temp/scanner-verification-il7_c53e/final/avatar_cache.py,143,reference,2000,2000,0.0067434,0.0026978181934707913,0.008778237000000001
/opt/hostedtoolcache/Python/3.11.16/x64/lib/python3.11/site-packages/httpx/_client.py,168,__init__,3000,3000,0.006729229000000001,0.002692148830594546,0.006729229000000001
/opt/hostedtoolcache/Python/3.11.16/x64/lib/python3.11/urllib/parse.py,421,_checknetloc,3013,3013,0.00666859,0.002667889110359371,0.009275846
<frozen abc>,121,__subclasscheck__,3021,3070,0.006650798,0.002660771101447215,0.014222807
/home/runner/work/_temp/scanner-verification-il7_c53e/final/scan_statistics.py,102,metrics,452,452,0.0065686930000000004,0.002627923522662786,0.028720269000000003
/opt/hostedtoolcache/Python/3.11.16/x64/lib/python3.11/statistics.py,154,_sum,1,1,0.006491712,0.002597125892038535,0.017304438000000002
/home/runner/work/_temp/scanner-verification-il7_c53e/final/avatar_cache.py,36,account_key,1000,1000,0.006472785,0.0025895538060065892,0.023629403
~,0,<method 'upper' of 'str' objects>,5448,5448,0.006311503,0.0025250300473864044,0.006311503
~,0,<method 'keys' of 'dict' objects>,6031,6031,0.006311478000000001,0.0025250200456877307,0.006311478000000001
/home/runner/work/_temp/scanner-verification-il7_c53e/final/tiktok_worker_scanner.py,2915,<lambda>,2000,2000,0.006287082,0.002515259988053909,0.006287082
/home/runner/work/_temp/scanner-verification-il7_c53e/final/tiktok_worker_scanner.py,1591,release_client,3000,3000,0.006242885,0.0024975781850025062,0.006242885
/home/runner/work/_temp/scanner-verification-il7_c53e/final/rate_limit_control.py,178,succeeded,3000,3000,0.006196470000000001,0.002479009031244766,0.006196470000000001
~,0,<method 'random' of '_random.Random' objects>,6008,6008,0.006169453,0.0024682003955219848,0.006169453
/opt/hostedtoolcache/Python/3.11.16/x64/lib/python3.11/site-packages/httpx/_config.py,132,as_dict,3000,3000,0.006135525,0.0024546268902178245,0.006135525
/opt/hostedtoolcache/Python/3.11.16/x64/lib/python3.11/asyncio/tasks.py,519,_on_completion,1001,1001,0.006122941000000001,0.0024495924351733904,0.033578831
/opt/hostedtoolcache/Python/3.11.16/x64/lib/python3.11/re/_parser.py,261,get,3120,3120,0.006059401,0.0024241721178241103,0.00964302
~,0,<method 'getvalue' of '_io.BytesIO' objects>,6000,6000,0.006037034,0.0024152237980546525,0.006037034
/home/runner/work/_temp/scanner-verification-il7_c53e/final/tiktok_worker_scanner.py,2365,close,1000,1000,0.00602541,0.0024105734082392914,0.467393426
/opt/hostedtoolcache/Python/3.11.16/x64/lib/python3.11/re/_parser.py,168,__getitem__,3046,3046,0.005991772,0.002397115922639747,0.008815532000000001
/home/runner/work/_temp/scanner-verification-il7_c53e/final/report_generator.py,52,certainty,1000,1000,0.0058876350000000004,0.0023554540468480887,0.015841574
/home/runner/work/_temp/scanner-verification-il7_c53e/final/avatar_cache.py,32,digest,1000,1000,0.0058873860000000005,0.002355354429929298,0.014943802
/opt/hostedtoolcache/Python/3.11.16/x64/lib/python3.11/site-packages/httpx/_auth.py,38,auth_flow,6000,6000,0.005804733,0.0023222876139099395,0.005804733
/home/runner/work/_temp/scanner-verification-il7_c53e/final/tiktok_worker_scanner.py,2827,<dictcomp>,1000,1000,0.005780014,0.0023123983343292524,1.412893423
~,0,<built-in method builtins.setattr>,4642,4642,0.005775438,0.0023105676234040032,0.006521105
/opt/hostedtoolcache/Python/3.11.16/x64/lib/python3.11/site-packages/httpx/_urls.py,307,is_absolute_url,3000,3000,0.0057263470000000006,0.002290927887820222,0.0057263470000000006
/opt/hostedtoolcache/Python/3.11.16/x64/lib/python3.11/urllib/parse.py,108,_noop,6013,6013,0.005544208,0.0022180599120304755,0.005544208
~,0,<built-in method posix.getpid>,3094,3094,0.005535325,0.002214506108457708,0.005535325
~,0,<method 'set' of '_contextvars.ContextVar' objects>,3002,3002,0.005490536000000001,0.0021965874651817103,0.005490536000000001
~,0,<method 'seek' of '_io.BytesIO' objects>,6000,6000,0.005490245,0.002196471045409147,0.005490245
/home/runner/work/_temp/scanner-verification-il7_c53e/final/report_generator.py,53,<listcomp>,1000,1000,0.0054250850000000005,0.0021704026179858067,0.008837232
/opt/hostedtoolcache/Python/3.11.16/x64/lib/python3.11/logging/__init__.py,1734,isEnabledFor,3001,3001,0.005405026,0.0021623776550379124,0.005416787
~,0,<built-in method builtins.round>,3314,3314,0.005370766,0.0021486713271753636,0.005370766
/home/runner/work/_temp/scanner-verification-il7_c53e/final/tiktok_worker_scanner.py,2500,<dictcomp>,1000,1000,0.005321843000000001,0.0021290988030066697,1.3883654680000002
~,0,<method 'stat' of 'posix.DirEntry' objects>,1002,1002,0.005266053000000001,0.0021067790122462618,0.005266053000000001
~,0,<method 'truncate' of '_io.BytesIO' objects>,6000,6000,0.005261234,0.0021048510848099035,0.005261234
/home/runner/work/_temp/scanner-verification-il7_c53e/final/tiktok_worker_scanner.py,2049,<dictcomp>,2000,2000,0.0052006430000000005,0.002080610567836183,0.0052006430000000005
/home/runner/work/_temp/scanner-verification-il7_c53e/final/tiktok_worker_scanner.py,565,explicit_restriction,2000,2000,0.005156738,0.00206304558462529,0.00691102
~,0,<method '__exit__' of 'posix.ScandirIterator' objects>,5015,5015,0.005098613,0.0020397916352087506,0.005098613
/opt/hostedtoolcache/Python/3.11.16/x64/lib/python3.11/statistics.py,287,_exact_ratio,3000,3000,0.005059653,0.0020242049879955317,0.007778170000000001
/opt/hostedtoolcache/Python/3.11.16/x64/lib/python3.11/site-packages/httpx/_urls.py,612,__bool__,3000,3000,0.0050151200000000005,0.0020063887621139536,0.0050151200000000005
/home/runner/work/_temp/scanner-verification-il7_c53e/final/report_generator.py,239,<dictcomp>,1000,1000,0.005009376,0.0020040907718266656,0.008284916
/home/runner/work/_temp/scanner-verification-il7_c53e/final/scan_statistics.py,100,rate,2260,2260,0.0049673830000000006,0.001987290718530344,0.008924144
/home/runner/work/_temp/scanner-verification-il7_c53e/final/hybrid_backend.py,186,response_headers,3000,3000,0.004955054,0.001982358280812382,0.004955054
/opt/hostedtoolcache/Python/3.11.16/x64/lib/python3.11/site-packages/httpx/_client.py,298,headers,3000,3000,0.004951968,0.0019811236711280906,0.004951968
/home/runner/work/_temp/scanner-verification-il7_c53e/final/avatar_cache.py,82,embedded_avatar,1000,1000,0.004893266,0.001957638882506161,0.009215488
/home/runner/work/_temp/scanner-verification-il7_c53e/final/report_generator.py,269,encode,1001,1001,0.004892315,0.0019572584178886103,0.030300358000000003
<frozen importlib._bootstrap_external>,1607,find_spec,244,244,0.004870426000000001,0.0019485013305977953,0.021990920000000004
~,0,<built-in method _hashlib.openssl_sha256>,1002,1002,0.0048631790000000005,0.0019456020381862396,0.0048631790000000005
~,0,<method 'set_name' of '_asyncio.Task' objects>,5004,5004,0.004828851,0.0019318685057032985,0.004828851
/home/runner/work/_temp/scanner-verification-il7_c53e/final/report_generator.py,234,<genexpr>,3000,3000,0.004773638,0.0019097795541482812,0.006411124000000001
/home/runner/work/_temp/scanner-verification-il7_c53e/final/tiktok_worker_scanner.py,2001,approximate_count,2000,2000,0.0047648,0.0019062437536331263,0.0069858870000000005
~,0,<method 'pop' of 'dict' objects>,4148,4148,0.004704603,0.0018821608634305045,0.004704603
/home/runner/work/_temp/scanner-verification-il7_c53e/final/hybrid_backend.py,160,get_client,3000,3000,0.004694709,0.0018782025911633694,0.005773220000000001
~,0,<method 'rpartition' of 'str' objects>,3933,3933,0.0046184730000000005,0.0018477030111595971,0.0046184730000000005
/home/runner/work/_temp/scanner-verification-il7_c53e/final/tiktok_worker_scanner.py,2482,<genexpr>,3000,3000,0.004576944,0.0018310885893906602,0.004576944
~,0,<built-in method posix._path_normpath>,3016,3016,0.004544234,0.001818002366845886,0.004544234
/opt/hostedtoolcache/Python/3.11.16/x64/lib/python3.11/site-packages/httpx/_urls.py,512,get,2000,2000,0.004531837,0.0018130427245075318,0.004531837
~,0,<built-in method io.text_encoding>,4128,4128,0.004467894000000001,0.001787461179775631,0.004467894000000001
~,0,<built-in method builtins.__build_class__>,316,321,0.004436116,0.0017747478205574151,0.022100485000000003
/opt/hostedtoolcache/Python/3.11.16/x64/lib/python3.11/re/_parser.py,240,__next,3775,3775,0.004417349,0.0017672397453969814,0.004417349
/opt/hostedtoolcache/Python/3.11.16/x64/lib/python3.11/urllib/request.py,360,data,3000,3000,0.004413722,0.0017657886989533894,0.004413722
/home/runner/work/_temp/scanner-verification-il7_c53e/final/tiktok_worker_scanner.py,2859,<dictcomp>,1000,1000,0.004379862,0.0017522423982696215,0.004379862
/opt/hostedtoolcache/Python/3.11.16/x64/lib/python3.11/site-packages/httpx/_client.py,584,_set_timeout,3000,3000,0.004347221,0.001739183780413187,0.004347221
~,0,<built-in method builtins.exec>,4,122,0.004332339,0.0017332299692266592,185.512016574
/home/runner/work/_temp/scanner-verification-il7_c53e/final/tiktok_worker_scanner.py,694,<listcomp>,3000,3000,0.0040977470000000005,0.001639377229415481,0.0040977470000000005
<frozen importlib._bootstrap_external>,126,_path_join,1271,1271,0.004057601,0.0016233161016171776,0.011443546
<frozen os>,806,fsencode,1025,1025,0.0040146470000000005,0.0016061315830238356,0.011333034
<frozen importlib._bootstrap_external>,128,<listcomp>,1271,1271,0.0039888400000000004,0.0015958070295168654,0.006239393000000001
/opt/hostedtoolcache/Python/3.11.16/x64/lib/python3.11/pathlib.py,266,make_uri,1006,1006,0.003972897,0.0015894287462386223,0.029923668
/opt/hostedtoolcache/Python/3.11.16/x64/lib/python3.11/http/cookiejar.py,44,_debug,3000,3000,0.003947137,0.001579122995925159,0.003947137
/home/runner/work/_temp/scanner-verification-il7_c53e/final/tiktok_worker_scanner.py,2833,<genexpr>,3000,3000,0.003935283,0.0015743805904819997,0.003935283
~,0,<method 'asend' of 'async_generator' objects>,3000,3000,0.003894919,0.0015582322478712607,0.003894919
/home/runner/work/_temp/scanner-verification-il7_c53e/final/tests/benchmark_hybrid.py,52,<genexpr>,1001,1001,0.003851745,0.0015409597143295894,0.005848384000000001
/opt/hostedtoolcache/Python/3.11.16/x64/lib/python3.11/asyncio/tasks.py,431,_release_waiter,1018,1018,0.003828624,0.0015317097433281302,0.021115907
/home/runner/work/_temp/scanner-verification-il7_c53e/final/report_generator.py,86,iter_avatar_profiles,1001,1001,0.003826953,0.001531041229788775,0.10388362200000001
/opt/hostedtoolcache/Python/3.11.16/x64/lib/python3.11/site-packages/httpx/_models.py,1267,__init__,3000,3000,0.0037602200000000003,0.00150434349548488,0.0037602200000000003
/opt/hostedtoolcache/Python/3.11.16/x64/lib/python3.11/site-packages/httpx/_client.py,329,params,3000,3000,0.0037198580000000004,0.0014881959530100351,0.0037198580000000004
~,0,<method 'release' of '_thread.lock' objects>,4025,4025,0.0037125440000000003,0.001485269856046034,0.0037125440000000003
~,0,<method 'group' of 're.Match' objects>,3474,3474,0.003656458,0.0014628316451733283,0.003656458
/opt/hostedtoolcache/Python/3.11.16/x64/lib/python3.11/site-packages/httpx/_client.py,253,timeout,3000,3000,0.0036536230000000004,0.0014616974525437218,0.0036536230000000004
/home/runner/work/_temp/scanner-verification-il7_c53e/final/tiktok_worker_scanner.py,2830,<genexpr>,3000,3000,0.003519781,0.0014081515583878777,0.003519781
/opt/hostedtoolcache/Python/3.11.16/x64/lib/python3.11/pathlib.py,563,as_uri,1006,1006,0.0034641200000000002,0.0013858833763926263,0.034625837
/opt/hostedtoolcache/Python/3.11.16/x64/lib/python3.11/collections/__init__.py,587,__init__,685,685,0.003456802,0.0013829556791568375,0.0065605590000000005
/opt/hostedtoolcache/Python/3.11.16/x64/lib/python3.11/site-packages/httpx/_models.py,595,request,3000,3000,0.003385669,0.001354497645886357,0.003385669
/opt/hostedtoolcache/Python/3.11.16/x64/lib/python3.11/site-packages/httpx/_models.py,606,request,3000,3000,0.0033573220000000003,0.0013431569197941311,0.0033573220000000003
/home/runner/work/_temp/scanner-verification-il7_c53e/final/tiktok_worker_scanner.py,952,retry_after_seconds,3000,3000,0.003321127,0.001328676460454232,0.003321127
/home/runner/work/_temp/scanner-verification-il7_c53e/final/tiktok_worker_scanner.py,1207,<listcomp>,3001,3001,0.003295332,0.0013183567077626255,0.003295332
/opt/hostedtoolcache/Python/3.11.16/x64/lib/python3.11/urllib/request.py,337,full_url,3000,3000,0.0032941430000000002,0.0013178810269737007,0.0032941430000000002
/home/runner/work/_temp/scanner-verification-il7_c53e/final/scan_statistics.py,212,<listcomp>,224,224,0.003267077,0.0013070527879215192,0.0038108240000000004
/opt/hostedtoolcache/Python/3.11.16/x64/lib/python3.11/site-packages/httpx/_multipart.py,56,get_multipart_boundary_from_content_type,3000,3000,0.003256183,0.0013026944477074326,0.003256183
/home/runner/work/_temp/scanner-verification-il7_c53e/final/report_generator.py,248,<listcomp>,1000,1000,0.003240881,0.001296572607983185,0.004978506000000001
/opt/hostedtoolcache/Python/3.11.16/x64/lib/python3.11/pathlib.py,987,check_eloop,1003,1003,0.0032373560000000003,0.0012951623684701822,0.004523257
/home/runner/work/_temp/scanner-verification-il7_c53e/final/tiktok_worker_scanner.py,1229,good_response,3000,3000,0.003229435,0.0012919934302623817,0.003229435
~,0,<method 'aclose' of 'async_generator' objects>,3000,3000,0.0032144200000000004,0.0012859864100389093,0.0032144200000000004
~,0,<method 'cancelling' of '_asyncio.Task' objects>,3000,3000,0.003172336,0.0012691499505594144,0.003172336
/opt/hostedtoolcache/Python/3.11.16/x64/lib/python3.11/asyncio/base_events.py,522,_check_default_executor,3000,3000,0.003162816,0.0012653413037044389,0.003162816
~,0,<method 'start' of 're.Match' objects>,3000,3000,0.0031393600000000003,0.0012559573099407515,0.0031393600000000003
/home/runner/work/_temp/scanner-verification-il7_c53e/final/report_generator.py,230,<listcomp>,1000,1000,0.003123223,0.0012495014134807996,0.004776946000000001
~,0,<method 'isalpha' of 'str' objects>,3013,3013,0.0031049660000000002,0.0012421973729733115,0.0031049660000000002
/home/runner/work/_temp/scanner-verification-il7_c53e/final/tests/benchmark_hybrid.py,167,<genexpr>,1002,1002,0.003103394,0.0012415684661607042,0.154844734
/home/runner/work/_temp/scanner-verification-il7_c53e/final/hybrid_backend.py,113,<dictcomp>,207,207,0.0030879460000000003,0.001235388216516202,0.005033638
~,0,<method 'clear' of 'set' objects>,2,2,0.003086737,0.0012349045343683378,0.003086737
/opt/hostedtoolcache/Python/3.11.16/x64/lib/python3.11/site-packages/httpx/_types.py,99,close,3000,3000,0.0030859520000000003,0.001234590481029981,0.0030859520000000003
/opt/hostedtoolcache/Python/3.11.16/x64/lib/python3.11/site-packages/httpx/_decoders.py,52,flush,3000,3000,0.0030652410000000002,0.0012263046737806746,0.0030652410000000002
/opt/hostedtoolcache/Python/3.11.16/x64/lib/python3.11/asyncio/locks.py,100,<genexpr>,2959,2959,0.003027044,0.001211023278410979,0.003028836
/home/runner/work/_temp/scanner-verification-il7_c53e/final/report_generator.py,245,<genexpr>,1000,1000,0.0029923700000000003,0.001197151322418393,0.004683528
/home/runner/work/_temp/scanner-verification-il7_c53e/final/report_generator.py,227,<genexpr>,3000,3000,0.0029552650000000003,0.0011823068012467683,0.0029552650000000003
/home/runner/work/_temp/scanner-verification-il7_c53e/final/tiktok_worker_scanner.py,3763,rows,11,11,0.002929985,0.0011721930835478416,0.004758224
/opt/hostedtoolcache/Python/3.11.16/x64/lib/python3.11/re/_compiler.py,243,_optimize_charset,217,217,0.002897235,0.0011590908582851897,0.005119921
~,0,<method 'rfind' of 'str' objects>,2216,2216,0.0028208800000000004,0.0011285436701957302,0.0028208800000000004
/opt/hostedtoolcache/Python/3.11.16/x64/lib/python3.11/pathlib.py,38,_ignore_error,1007,1007,0.0028101170000000004,0.0011242377388826941,0.004067767
/opt/hostedtoolcache/Python/3.11.16/x64/lib/python3.11/site-packages/httpx/_decoders.py,49,decode,3000,3000,0.002743494,0.0010975840120529636,0.002743494
~,0,<method 'as_integer_ratio' of 'float' objects>,3000,3000,0.002718517,0.0010875915149419634,0.002718517
/home/runner/work/_temp/scanner-verification-il7_c53e/final/tiktok_worker_scanner.py,2538,inspect_reusable_export,1000,1000,0.002662601,0.0010652213156202392,0.05160665700000001
/opt/hostedtoolcache/Python/3.11.16/x64/lib/python3.11/re/_parser.py,178,getwidth,178,559,0.0026538100000000004,0.0010617043182985914,0.003729313
/opt/hostedtoolcache/Python/3.11.16/x64/lib/python3.11/json/encoder.py,224,floatstr,1634,1634,0.0026513210000000003,0.0010607085491786297,0.0026513210000000003
/home/runner/work/_temp/scanner-verification-il7_c53e/final/tiktok_worker_scanner.py,3453,add_jobs,1,1,0.0026330380000000003,0.0010533941069045209,0.268732429
~,0,<built-in method posix.fstat>,1003,1003,0.002631502,0.0010527796025380036,0.002631502
/opt/hostedtoolcache/Python/3.11.16/x64/lib/python3.11/collections/__init__.py,694,subtract,169,169,0.0024730150000000003,0.0009893740338295473,0.004739233000000001
/home/runner/work/_temp/scanner-verification-il7_c53e/final/rate_limit_control.py,60,<dictcomp>,227,227,0.002435777,0.000974476303620978,0.0038152840000000004
~,0,<built-in method _imp.create_dynamic>,13,13,0.0023763400000000002,0.000950697465058039,0.0026608720000000003
/home/runner/work/_temp/scanner-verification-il7_c53e/final/tests/benchmark_hybrid.py,31,main,1,1,0.002335946,0.0009345371204088918,185.27402893200002
/opt/hostedtoolcache/Python/3.11.16/x64/lib/python3.11/asyncio/tasks.py,551,_cancel_and_wait,448,448,0.002317388,0.0009271126594493712,0.007470005
/opt/hostedtoolcache/Python/3.11.16/x64/lib/python3.11/asyncio/locks.py,200,wait,452,452,0.002315943,0.0009265345612660267,0.004633725
/home/runner/work/_temp/scanner-verification-il7_c53e/final/tiktok_worker_scanner.py,291,<genexpr>,1296,1296,0.0023144660000000003,0.0009259436609083798,0.003304986
<frozen importlib._bootstrap>,1054,_find_spec,113,113,0.0022982030000000004,0.0009194373558871124,0.032512312
/opt/hostedtoolcache/Python/3.11.16/x64/lib/python3.11/re/_parser.py,456,_parse_sub,76,218,0.002270753,0.0009084554907433014,0.048022141
/opt/hostedtoolcache/Python/3.11.16/x64/lib/python3.11/pathlib.py,555,__bytes__,1006,1006,0.002260823,0.0009044828160300759,0.013479173
/home/runner/work/_temp/scanner-verification-il7_c53e/final/report_generator.py,57,local_avatar,1000,1000,0.002083119,0.000833389141585058,0.011298607
/home/runner/work/_temp/scanner-verification-il7_c53e/final/scan_statistics.py,31,iso,370,370,0.001964485,0.0007859274807664483,0.005185240000000001
/home/runner/work/_temp/scanner-verification-il7_c53e/final/connection_metrics.py,20,pool_snapshot,226,226,0.001958805,0.0007836550948277654,0.0031569700000000003
/home/runner/work/_temp/scanner-verification-il7_c53e/final/tiktok_worker_scanner.py,3513,<setcomp>,1,1,0.001911804,0.0007648515012531115,0.002845358
/home/runner/work/_temp/scanner-verification-il7_c53e/final/tiktok_worker_scanner.py,2917,<lambda>,1000,1000,0.0019023640000000001,0.0007610748598338922,0.0019023640000000001
/opt/hostedtoolcache/Python/3.11.16/x64/lib/python3.11/re/_parser.py,164,__len__,1064,1064,0.0018859010000000002,0.0007544885412232344,0.002747926
/opt/hostedtoolcache/Python/3.11.16/x64/lib/python3.11/re/_parser.py,256,match,1437,1437,0.0018694760000000001,0.0007479174251945607,0.0024017170000000003
/home/runner/work/_temp/scanner-verification-il7_c53e/final/tests/benchmark_hybrid.py,161,<genexpr>,1001,1001,0.0018261150000000001,0.0007305700789468093,0.002749469
/home/runner/work/_temp/scanner-verification-il7_c53e/final/tests/benchmark_hybrid.py,176,<genexpr>,1001,1001,0.001802559,0.0007211460783884266,0.002721905
~,0,<built-in method io.open_code>,108,108,0.001799611,0.0007199666780808144,0.001799611
/home/runner/work/_temp/scanner-verification-il7_c53e/final/tests/benchmark_hybrid.py,162,<genexpr>,1001,1001,0.001794482,0.0007179147295809016,0.002720679
/home/runner/work/_temp/scanner-verification-il7_c53e/final/tests/benchmark_hybrid.py,179,<genexpr>,1001,1001,0.0017665220000000002,0.0007067288297841458,0.0026860430000000004
~,0,<method 'cancelled' of '_asyncio.Task' objects>,2008,2008,0.001755896,0.0007024777077798423,0.001755896
/home/runner/work/_temp/scanner-verification-il7_c53e/final/rate_limit_control.py,57,snapshot,227,227,0.001729473,0.0006919067124175504,0.005761832000000001
/home/runner/work/_temp/scanner-verification-il7_c53e/final/tiktok_worker_scanner.py,2832,<listcomp>,1000,1000,0.001729035,0.0006917314826567859,0.001729035
~,0,<method 'exception' of '_asyncio.Task' objects>,2007,2007,0.001726841,0.0006908537335811748,0.001726841
<frozen importlib._bootstrap_external>,437,cache_from_source,188,188,0.0017077390000000002,0.0006832116356585129,0.006386289
/opt/hostedtoolcache/Python/3.11.16/x64/lib/python3.11/re/_parser.py,176,append,867,867,0.001661612,0.0006647577014694943,0.0023877959999999998
/opt/hostedtoolcache/Python/3.11.16/x64/lib/python3.11/dataclasses.py,664,_is_type,234,234,0.0016410910000000001,0.0006565479071301086,0.003047197
/opt/hostedtoolcache/Python/3.11.16/x64/lib/python3.11/typing.py,168,_type_check,162,162,0.001600658,0.0006403719598310303,0.004894025000000001
/home/runner/work/_temp/scanner-verification-il7_c53e/final/tiktok_worker_scanner.py,3174,run_scan,18,18,0.0015432540000000002,0.0006174064594042431,0.020157708
<frozen importlib._bootstrap_external>,1007,get_code,94,94,0.001542519,0.0006171124094632339,0.046909603
<frozen importlib._bootstrap>,244,_verbose_message,1349,1349,0.001530059,0.0006121275628442218,0.001530059
<frozen importlib._bootstrap>,1165,_find_and_load,13,115,0.001482372,0.0005930495226579595,0.24142455200000001
<frozen importlib._bootstrap_external>,1467,_get_spec,113,113,0.001461562,0.0005847241086819047,0.025252297000000003
/home/runner/work/_temp/scanner-verification-il7_c53e/final/tiktok_worker_scanner.py,3830,validate_scan_config,24,24,0.0014495280000000003,0.000579909691008294,0.012306735000000001
/home/runner/work/_temp/scanner-verification-il7_c53e/final/tiktok_worker_scanner.py,2835,<listcomp>,1000,1000,0.001442415,0.0005770640077016299,0.001442415
<frozen importlib._bootstrap>,493,_init_module_attrs,107,107,0.001429106,0.0005717395033956563,0.007320465000000001
~,0,<built-in method fromtimestamp>,370,370,0.001423512,0.0005695015233004112,0.001423512
~,0,<method 'read' of '_io.BufferedReader' objects>,101,101,0.0014197020000000001,0.0005679772644225272,0.0014197020000000001
/opt/hostedtoolcache/Python/3.11.16/x64/lib/python3.11/enum.py,1668,convert_class,3,3,0.001393888,0.0005576499104399285,0.004199223
/opt/hostedtoolcache/Python/3.11.16/x64/lib/python3.11/typing.py,1266,_is_dunder,570,570,0.00139353,0.00055750668611492,0.002230966
/opt/hostedtoolcache/Python/3.11.16/x64/lib/python3.11/enum.py,242,__set_name__,65,65,0.0013647700000000002,0.0005460007319606033,0.002963222
/opt/hostedtoolcache/Python/3.11.16/x64/lib/python3.11/re/_parser.py,293,tell,677,677,0.001350369,0.0005402393534565587,0.001913743
/home/runner/work/_temp/scanner-verification-il7_c53e/final/tiktok_worker_scanner.py,3736,snapshot,24,24,0.001296881,0.0005188405191100324,0.216210481
/home/runner/work/_temp/scanner-verification-il7_c53e/final/tiktok_worker_scanner.py,3720,<genexpr>,254,254,0.001286702,0.0005147682274780161,0.001866176
/opt/hostedtoolcache/Python/3.11.16/x64/lib/python3.11/asyncio/locks.py,78,__init__,1006,1006,0.001283356,0.0005134296001275174,0.001283356
<frozen genericpath>,87,samestat,1003,1003,0.0012776670000000001,0.000511153613577312,0.0012776670000000001
~,0,<method 'isdigit' of 'str' objects>,1000,1000,0.001271289,0.0005086019802116572,0.001271289
/home/runner/work/_temp/scanner-verification-il7_c53e/final/hybrid_backend.py,132,<dictcomp>,207,207,0.001253381,0.0005014375634176548,0.0018295440000000002
/opt/hostedtoolcache/Python/3.11.16/x64/lib/python3.11/enum.py,1507,_get_value,471,471,0.001240224,0.0004961738694396178,0.0019442890000000003
/opt/hostedtoolcache/Python/3.11.16/x64/lib/python3.11/pathlib.py,792,is_absolute,1006,1006,0.001238049,0.0004953037216549989,0.001238049
/home/runner/work/_temp/scanner-verification-il7_c53e/final/hybrid_backend.py,409,<dictcomp>,226,226,0.0012291840000000001,0.0004917571193052765,0.004598528
/opt/hostedtoolcache/Python/3.11.16/x64/lib/python3.11/typing.py,1320,__setattr__,503,503,0.00122629,0.0004905993226667996,0.003151378
/home/runner/work/_temp/scanner-verification-il7_c53e/final/report_generator.py,187,<genexpr>,1001,1001,0.001221876,0.0004888334227489569,0.001221876
/home/runner/work/_temp/scanner-verification-il7_c53e/final/hybrid_backend.py,409,<lambda>,226,226,0.001216155,0.0004865446340244491,0.006021302
/opt/hostedtoolcache/Python/3.11.16/x64/lib/python3.11/dataclasses.py,884,_process_class,7,7,0.0012119560000000001,0.000484864748715201,0.019019730000000002
/opt/hostedtoolcache/Python/3.11.16/x64/lib/python3.11/contextlib.py,763,__init__,1000,1000,0.001199994,0.0004800791359337706,0.001199994
~,0,<method 'result' of '_asyncio.Task' objects>,1231,1231,0.001170947,0.0004684583622786788,0.001170947
~,0,<built-in method builtins.iter>,1033,1033,0.001155542,0.0004622953155558954,0.001155542
/opt/hostedtoolcache/Python/3.11.16/x64/lib/python3.11/contextlib.py,769,__exit__,1000,1000,0.0011168900000000002,0.00044683188927033724,0.0011168900000000002
/home/runner/work/_temp/scanner-verification-il7_c53e/final/report_generator.py,208,<genexpr>,1001,1001,0.001101001,0.0004404752096612294,0.001101001
/opt/hostedtoolcache/Python/3.11.16/x64/lib/python3.11/re/_compiler.py,216,_compile_charset,217,217,0.00109741,0.00043903856566372766,0.00178476
/opt/hostedtoolcache/Python/3.11.16/x64/lib/python3.11/dataclasses.py,723,_get_field,78,78,0.001059959,0.00042405562098245784,0.003931917
<frozen importlib._bootstrap_external>,140,_path_stat,494,494,0.0010447610000000002,0.00041797538832469343,0.00392241
/home/runner/work/_temp/scanner-verification-il7_c53e/final/report_generator.py,202,<genexpr>,1001,1001,0.001036183,0.00041454360547574584,0.001036183
<frozen importlib._bootstrap>,1120,_find_and_load_unlocked,12,114,0.0010347750000000001,0.00041398030980643863,0.24066281200000003
/opt/hostedtoolcache/Python/3.11.16/x64/lib/python3.11/re/_compiler.py,511,_compile_info,76,76,0.001034245,0.0004137682737945544,0.0057211680000000004
/opt/hostedtoolcache/Python/3.11.16/x64/lib/python3.11/contextlib.py,766,__enter__,1000,1000,0.001031283,0.00041258327253568494,0.001031283
/home/runner/work/_temp/scanner-verification-il7_c53e/final/tiktok_worker_scanner.py,1540,<genexpr>,1,1,0.0010292650000000001,0.00041177593541873744,0.10491288700000001
/opt/hostedtoolcache/Python/3.11.16/x64/lib/python3.11/enum.py,1525,__and__,152,152,0.0010205050000000001,0.0004082713402034449,0.003546856
<frozen importlib._bootstrap>,666,_load_unlocked,12,107,0.001004167,0.0004017350300861559,0.23642416700000002
~,0,<method 'isspace' of 'str' objects>,1269,1269,0.00099052,0.0003962753028141128,0.00099052
/home/runner/work/_temp/scanner-verification-il7_c53e/final/tiktok_worker_scanner.py,2972,_run_scan,11,11,0.00098509,0.00039410293386216773,0.0067927510000000005
/opt/hostedtoolcache/Python/3.11.16/x64/lib/python3.11/urllib/parse.py,662,<dictcomp>,1,1,0.0009696770000000001,0.0003879366865958087,0.001765873
~,0,<built-in method _imp.exec_dynamic>,13,13,0.0009587370000000001,0.0003835599432561625,0.0009587370000000001
/opt/hostedtoolcache/Python/3.11.16/x64/lib/python3.11/re/_compiler.py,740,compile,76,76,0.000946708,0.0003787475259222863,0.079441544
~,0,<built-in method _collections._count_elements>,1,1,0.000943634,0.0003775177170533583,0.0021655100000000003
/opt/hostedtoolcache/Python/3.11.16/x64/lib/python3.11/enum.py,367,__setitem__,81,81,0.0009306360000000001,0.00037231763387888655,0.003284749
/opt/hostedtoolcache/Python/3.11.16/x64/lib/python3.11/typing.py,1376,__init__,69,69,0.000927215,0.0003709490014323664,0.0063548450000000005
/home/runner/work/_temp/scanner-verification-il7_c53e/final/hybrid_backend.py,410,<lambda>,226,226,0.000923374,0.0003694123404481268,0.001954201
/home/runner/work/_temp/scanner-verification-il7_c53e/final/report_generator.py,191,<genexpr>,1002,1002,0.000893158,0.00035732388736304903,0.000893158
/home/runner/work/_temp/scanner-verification-il7_c53e/final/report_generator.py,197,<genexpr>,1001,1001,0.0008892640000000001,0.000355766022777621,0.0008892640000000001
/home/runner/work/_temp/scanner-verification-il7_c53e/final/report_generator.py,192,<genexpr>,1002,1002,0.000884407,0.000353822892759279,0.000884407
/home/runner/work/_temp/scanner-verification-il7_c53e/final/tiktok_worker_scanner.py,1397,set_limit,136,136,0.00088267,0.0003531279747354247,0.0022381090000000003
/home/runner/work/_temp/scanner-verification-il7_c53e/final/report_generator.py,193,<genexpr>,1002,1002,0.000880028,0.00035207099521957966,0.000880028
<frozen importlib._bootstrap>,1026,__enter__,452,452,0.00087462,0.0003499074277624675,0.001257913
<frozen importlib._bootstrap>,179,_get_module_lock,119,119,0.0008557780000000001,0.0003423693475060128,0.0017006130000000001
/home/runner/work/_temp/scanner-verification-il7_c53e/final/report_generator.py,194,<genexpr>,1002,1002,0.0008468410000000001,0.0003387939402641099,0.0008468410000000001
/home/runner/work/_temp/scanner-verification-il7_c53e/final/hybrid_backend.py,26,validate,24,24,0.00083982,0.00033598506320856535,0.0012958980000000002
<frozen importlib._bootstrap>,1030,__exit__,452,452,0.000834786,0.00033397112116361296,0.0012141190000000003
/home/runner/work/_temp/scanner-verification-il7_c53e/final/tiktok_worker_scanner.py,287,validate_worker_origin,27,27,0.000807279,0.00032296645214682605,0.009272205
<frozen importlib._bootstrap_external>,1127,get_data,105,105,0.000802903,0.00032121575481096755,0.004564079
/home/runner/work/_temp/scanner-verification-il7_c53e/final/backend_metrics.py,117,<genexpr>,678,678,0.0007843570000000001,0.00031379609466681044,0.0007843570000000001
~,0,<method 'cancel' of '_asyncio.Task' objects>,225,225,0.000767462,0.00030703694670306973,0.0037392280000000003
<frozen importlib._bootstrap_external>,84,_unpack_uint32,253,253,0.000762891,0.0003052082361175557,0.0012169
/home/runner/work/_temp/scanner-verification-il7_c53e/final/backend_metrics.py,118,<genexpr>,678,678,0.0007409270000000001,0.0002964211437307194,0.0007409270000000001
<frozen importlib._bootstrap_external>,778,spec_from_file_location,107,107,0.000683219,0.0002733340226480589,0.001263751
/opt/hostedtoolcache/Python/3.11.16/x64/lib/python3.11/re/_parser.py,979,parse,76,76,0.000683188,0.0002733216205417034,0.049585375
~,0,<method 'find' of 'bytearray' objects>,637,637,0.0006749130000000001,0.00027001105828068216,0.0006749130000000001
<frozen importlib._bootstrap_external>,132,_path_split,188,188,0.0006724150000000001,0.00026901168854919806,0.002076146
/home/runner/work/_temp/scanner-verification-il7_c53e/final/report_generator.py,157,<setcomp>,1,1,0.000664059,0.0002656687207844737,0.000664059
/home/runner/work/_temp/scanner-verification-il7_c53e/final/hybrid_backend.py,410,<dictcomp>,226,226,0.0006470860000000001,0.0002588783675208708,0.00083414
/opt/hostedtoolcache/Python/3.11.16/x64/lib/python3.11/re/_parser.py,83,groups,359,359,0.0006445800000000001,0.0002578757972458111,0.0009321900000000001
/opt/hostedtoolcache/Python/3.11.16/x64/lib/python3.11/re/_parser.py,376,_escape,180,180,0.0006437680000000001,0.00025755094207288677,0.000996189
/opt/hostedtoolcache/Python/3.11.16/x64/lib/python3.11/site-packages/_distutils_hack/__init__.py,101,find_spec,113,113,0.0006404280000000001,0.0002562147151300697,0.001067584
<frozen importlib._bootstrap>,566,module_from_spec,107,107,0.000626108,0.00025048574212972833,0.011090312000000001
/opt/hostedtoolcache/Python/3.11.16/x64/lib/python3.11/re/_parser.py,113,__init__,530,530,0.000617716,0.0002471283719189138,0.000617716
/opt/hostedtoolcache/Python/3.11.16/x64/lib/python3.11/re/_compiler.py,398,_simple,202,202,0.000616385,0.00024659588148152173,0.0019836320000000004
~,0,<built-in method _imp.acquire_lock>,684,684,0.0006027700000000001,0.00024114895638378104,0.0006027700000000001
<frozen importlib._bootstrap>,100,acquire,119,119,0.000595502,0.00023824126254533962,0.000822336
~,0,<built-in method _imp.release_lock>,684,684,0.0005943770000000001,0.00023779118610501953,0.0005943770000000001
/opt/hostedtoolcache/Python/3.11.16/x64/lib/python3.11/typing.py,1388,__eq__,329,329,0.00058816,0.0002353039636788238,0.0008597510000000001
/opt/hostedtoolcache/Python/3.11.16/x64/lib/python3.11/asyncio/tasks.py,654,ensure_future,228,228,0.0005868420000000001,0.00023477667412474213,0.011140180000000001
<frozen importlib._bootstrap>,233,_call_with_frames_removed,28,251,0.0005860030000000001,0.00023444101711725008,0.23018317200000002
/opt/hostedtoolcache/Python/3.11.16/x64/lib/python3.11/enum.py,828,__setattr__,214,214,0.000576035,0.00023045313982204038,0.000776044
<frozen importlib._bootstrap>,125,release,119,119,0.000572948,0.000229218130069802,0.0008090220000000001
<frozen importlib._bootstrap_external>,134,<genexpr>,376,376,0.00057111,0.00022848280518330568,0.0007690250000000001
/opt/hostedtoolcache/Python/3.11.16/x64/lib/python3.11/typing.py,251,_collect_parameters,72,72,0.000569261,0.0002277430795493929,0.0016508470000000002
~,0,<built-in method posix.listdir>,10,10,0.000560528,0.00022424928616866796,0.000560528
<frozen importlib._bootstrap_external>,727,_compile_bytecode,83,83,0.000558386,0.00022339234062629848,0.011412286
~,0,<built-in method _thread.start_new_thread>,8,8,0.000555196,0.0002221161238755241,0.000555196
/opt/hostedtoolcache/Python/3.11.16/x64/lib/python3.11/urllib/parse.py,205,_hostinfo,108,108,0.000554878,0.00022198890226839363,0.0008565170000000001
~,0,<built-in method builtins.chr>,702,702,0.0005362230000000001,0.0002145256347180188,0.0005362230000000001
~,0,<method 'get' of 'mappingproxy' objects>,555,555,0.000527704,0.00021111745587794144,0.000527704
/opt/hostedtoolcache/Python/3.11.16/x64/lib/python3.11/enum.py,79,_is_private,155,155,0.000509845,0.00020397264241333975,0.000835621
/opt/hostedtoolcache/Python/3.11.16/x64/lib/python3.11/urllib/parse.py,164,hostname,81,81,0.0005051550000000001,0.00020209632374213862,0.001367165
<frozen importlib._bootstrap_external>,934,exec_module,11,94,0.00049918,0.00019970591775910512,0.23502158
<frozen importlib._bootstrap>,198,cb,113,113,0.000497646,0.00019909221352848198,0.0008318780000000001
/opt/hostedtoolcache/Python/3.11.16/x64/lib/python3.11/enum.py,38,_is_descriptor,146,146,0.000492328,0.00019696465218659544,0.0008340180000000001
/opt/hostedtoolcache/Python/3.11.16/x64/lib/python3.11/re/_parser.py,86,opengroup,102,102,0.00048117700000000006,0.0001925034945101425,0.0011107130000000002
/opt/hostedtoolcache/Python/3.11.16/x64/lib/python3.11/hmac.py,1,<module>,1,1,0.000472766,0.00018913852300833585,0.000924064
/opt/hostedtoolcache/Python/3.11.16/x64/lib/python3.11/inspect.py,2669,__init__,85,85,0.00047058,0.00018826397447630053,0.0009501150000000001
<frozen importlib._bootstrap_external>,1602,_get_spec,107,107,0.00045927000000000007,0.00018373920599628235,0.001859027
/opt/hostedtoolcache/Python/3.11.16/x64/lib/python3.11/inspect.py,2955,__init__,14,14,0.000455218,0.00018211813067523603,0.000914918
<frozen importlib._bootstrap>,405,parent,202,202,0.00044570700000000005,0.00017831308443178308,0.0006133620000000001
/opt/hostedtoolcache/Python/3.11.16/x64/lib/python3.11/inspect.py,2331,_signature_from_function,7,7,0.000439359,0.00017577345310453677,0.002071785
<frozen importlib._bootstrap_external>,567,_get_cached,107,107,0.000430641,0.00017228566074301612,0.003917636
/opt/hostedtoolcache/Python/3.11.16/x64/lib/python3.11/re/_compiler.py,573,_code,76,76,0.000427928,0.0001712002764029375,0.028066330000000004
/opt/hostedtoolcache/Python/3.11.16/x64/lib/python3.11/inspect.py,2756,__str__,78,78,0.000426029,0.00017044054737167715,0.001332482
<frozen importlib._bootstrap_external>,642,_classify_pyc,85,85,0.000422379,0.00016898029936530522,0.0009739540000000001
<frozen importlib._bootstrap>,169,__enter__,114,114,0.00041754600000000003,0.00016704677097769004,0.0028746
/opt/hostedtoolcache/Python/3.11.16/x64/lib/python3.11/inspect.py,1437,formatannotation,85,85,0.00041566400000000005,0.00016629384310152786,0.000702241
<frozen importlib._bootstrap_external>,1424,_path_importer_cache,288,288,0.0004023,0.00016094733505847187,0.001261472
<frozen importlib._bootstrap>,392,cached,201,201,0.000397624,0.00015907661733852803,0.0043152600000000004
/opt/hostedtoolcache/Python/3.11.16/x64/lib/python3.11/typing.py,1279,__init__,69,69,0.00039619700000000004,0.00015850572037822867,0.002156734
~,0,<built-in method fromhex>,484,484,0.000394367,0.0001577735960353079,0.000394367
<frozen importlib._bootstrap>,71,__init__,113,113,0.000387302,0.00015494711599009763,0.000618281
/home/runner/work/_temp/scanner-verification-il7_c53e/final/tiktok_worker_scanner.py,3358,__init__,1,1,0.000384214,0.0001537117061699123,0.0034408190000000003
/opt/hostedtoolcache/Python/3.11.16/x64/lib/python3.11/collections/__init__.py,350,namedtuple,5,5,0.00038405700000000004,0.00015364889550224095,0.0009144260000000001
/opt/hostedtoolcache/Python/3.11.16/x64/lib/python3.11/typing.py,916,__eq__,225,225,0.00038315200000000005,0.00015328683401025014,0.000590503
~,0,<method 'clear' of 'list' objects>,325,325,0.000377014,0.00015083121695186357,0.000377014
/opt/hostedtoolcache/Python/3.11.16/x64/lib/python3.11/typing.py,159,_type_convert,170,170,0.00036962400000000004,0.00014787471482389416,0.00107818
/opt/hostedtoolcache/Python/3.11.16/x64/lib/python3.11/datetime.py,592,__new__,12,12,0.00036895200000000003,0.00014760586916354293,0.000651809
/opt/hostedtoolcache/Python/3.11.16/x64/lib/python3.11/typing.py,1687,__eq__,200,200,0.00036570300000000005,0.00014630604840389845,0.00054424
/opt/hostedtoolcache/Python/3.11.16/x64/lib/python3.11/re/_compiler.py,436,_get_literal_prefix,63,80,0.00036322000000000004,0.00014531267969161861,0.000530105
/opt/hostedtoolcache/Python/3.11.16/x64/lib/python3.11/inspect.py,3215,__str__,7,7,0.000357314,0.00014294987839692474,0.001935028
/opt/hostedtoolcache/Python/3.11.16/x64/lib/python3.11/typing.py,1695,__hash__,71,130,0.00035525700000000004,0.00014212693863004613,0.000723474
/home/runner/work/_temp/scanner-verification-il7_c53e/final/tests/benchmark_hybrid.py,1,<module>,1,1,0.000348771,0.00013953209792612055,185.500888123
<frozen importlib._bootstrap_external>,150,_path_is_mode_type,145,145,0.000347824,0.00013915323358035773,0.001521078
<frozen importlib._bootstrap_external>,675,_validate_timestamp_pyc,85,85,0.000341252,0.0001365239870329944,0.001102827
/opt/hostedtoolcache/Python/3.11.16/x64/lib/python3.11/enum.py,48,_is_dunder,165,165,0.000340195,0.00013610111521306697,0.00046805200000000005
/opt/hostedtoolcache/Python/3.11.16/x64/lib/python3.11/typing.py,373,inner,100,102,0.000340139,0.00013607871140803768,0.013769063000000002
~,0,<method 'format' of 'str' objects>,234,234,0.000338805,0.0001355450207668048,0.000338805
/home/runner/work/_temp/scanner-verification-il7_c53e/final/tiktok_worker_scanner.py,3876,save_scan_config,24,24,0.00033576200000000003,0.00013432761400423225,0.074625996
/opt/hostedtoolcache/Python/3.11.16/x64/lib/python3.11/inspect.py,2435,_signature_from_callable,7,21,0.00033135,0.0001325625142222835,0.0038172740000000003
/opt/hostedtoolcache/Python/3.11.16/x64/lib/python3.11/dataclasses.py,413,_create_fn,27,27,0.000330019,0.00013203002378489145,0.004461319
/opt/hostedtoolcache/Python/3.11.16/x64/lib/python3.11/re/_parser.py,453,_uniq,115,115,0.00031924400000000005,0.00012771929165649219,0.00048724600000000004
/home/runner/work/_temp/scanner-verification-il7_c53e/final/report_generator.py,138,build_data,1,1,0.000315668,0.00012628864867819464,2.116066081
/opt/hostedtoolcache/Python/3.11.16/x64/lib/python3.11/re/_compiler.py,570,isstring,152,152,0.000312324,0.00012495082146358978,0.000439157
~,0,<built-in method builtins.eval>,5,5,0.000311161,0.00012448554244128552,0.00031890600000000004
/opt/hostedtoolcache/Python/3.11.16/x64/lib/python3.11/typing.py,1394,__hash__,87,162,0.00030907300000000004,0.00012365020056805142,0.0009742640000000001
<frozen importlib._bootstrap_external>,159,_path_isfile,134,134,0.000307028,0.00012283206161653617,0.0017162590000000001
<frozen importlib._bootstrap_external>,1499,find_spec,113,113,0.000306933,0.00012279405516157582,0.025559230000000002
/opt/hostedtoolcache/Python/3.11.16/x64/lib/python3.11/enum.py,59,_is_sunder,155,155,0.000305032,0.00012203352599442156,0.00042326800000000003
/opt/hostedtoolcache/Python/3.11.16/x64/lib/python3.11/re/_parser.py,172,__setitem__,214,214,0.00029619600000000004,0.00011849852561516068,0.00041490000000000006
<frozen importlib._bootstrap>,920,find_spec,113,113,0.000294944,0.00011799764054557775,0.0006712230000000001
<frozen importlib._bootstrap_external>,599,_check_name_wrapper,91,95,0.000293899,0.00011757956954101375,0.005164045
~,0,<built-in method _thread.allocate_lock>,261,261,0.000293399,0.00011737953556753814,0.000293399
/opt/hostedtoolcache/Python/3.11.16/x64/lib/python3.11/typing.py,679,Union,20,20,0.00029112800000000004,0.00011647098126001195,0.005361062000000001
/opt/hostedtoolcache/Python/3.11.16/x64/lib/python3.11/re/_parser.py,231,__init__,76,76,0.00029083300000000005,0.00011635296121566135,0.00047765300000000003
<frozen importlib._bootstrap>,748,find_spec,113,113,0.000287859,0.00011516315914142842,0.00044404000000000004
/home/runner/work/_temp/scanner-verification-il7_c53e/final/hybrid_backend.py,70,limit,251,251,0.000284024,0.00011362889856487054,0.000284024
/opt/hostedtoolcache/Python/3.11.16/x64/lib/python3.11/enum.py,444,<genexpr>,186,186,0.00028186600000000003,0.00011276555193534984,0.00038213200000000003
/opt/hostedtoolcache/Python/3.11.16/x64/lib/python3.11/re/_parser.py,316,_class_escape,67,67,0.000278225,0.00011130890454050047,0.000501277
<frozen importlib._bootstrap>,173,__exit__,114,114,0.00026725100000000003,0.0001069185588906579,0.001046819
/opt/hostedtoolcache/Python/3.11.16/x64/lib/python3.11/re/_compiler.py,467,_get_charset_prefix,49,49,0.00026551200000000003,0.00010622284073090975,0.0004957340000000001
<frozen importlib._bootstrap_external>,1146,path_stats,94,94,0.000259046,0.00010363600138592322,0.000966543
/opt/hostedtoolcache/Python/3.11.16/x64/lib/python3.11/re/_compiler.py,386,_mk_bitmap,41,41,0.00025448,0.00010180929114014399,0.000531664
/opt/hostedtoolcache/Python/3.11.16/x64/lib/python3.11/inspect.py,2734,kind,276,276,0.00025376,0.00010152124221833911,0.00025376
/opt/hostedtoolcache/Python/3.11.16/x64/lib/python3.11/re/_parser.py,98,closegroup,102,102,0.00025268800000000004,0.00010109236937920742,0.001934408
/home/runner/work/_temp/scanner-verification-il7_c53e/final/backend_metrics.py,128,<dictcomp>,226,226,0.00024843900000000004,9.939248067261173e-05,0.00024843900000000004
~,0,<built-in method fromkeys>,136,136,0.000245118,9.806385502078676e-05,0.000618913
/opt/hostedtoolcache/Python/3.11.16/x64/lib/python3.11/dataclasses.py,528,_init_fn,7,7,0.00024048100000000002,9.620873995077399e-05,0.0027311
/home/runner/work/_temp/scanner-verification-il7_c53e/final/scan_statistics.py,165,write,17,17,0.0002367,9.469608304335145e-05,0.173017059
/opt/hostedtoolcache/Python/3.11.16/x64/lib/python3.11/typing.py,1381,<genexpr>,257,257,0.00023320700000000003,9.32986457046509e-05,0.00023320700000000003
/opt/hostedtoolcache/Python/3.11.16/x64/lib/python3.11/typing.py,1586,__getitem__,27,27,0.000230255,9.211764512525091e-05,0.0031862240000000005
<frozen importlib._bootstrap_external>,71,_relax_case,244,244,0.000228468,9.14027237040491e-05,0.000228468
<frozen importlib._bootstrap_external>,180,_path_isabs,117,117,0.00022532700000000002,9.014611028267535e-05,0.000351484
/opt/hostedtoolcache/Python/3.11.16/x64/lib/python3.11/inspect.py,2075,_signature_is_functionlike,32,32,0.00021838100000000002,8.736723832315225e-05,0.000438533
/opt/hostedtoolcache/Python/3.11.16/x64/lib/python3.11/re/__init__.py,225,compile,97,97,0.00021718800000000002,8.688995726243946e-05,0.07763574100000001
/opt/hostedtoolcache/Python/3.11.16/x64/lib/python3.11/hmac.py,19,<genexpr>,257,257,0.00021552700000000003,8.622544440255349e-05,0.00021552700000000003
/opt/hostedtoolcache/Python/3.11.16/x64/lib/python3.11/hmac.py,20,<genexpr>,257,257,0.00021312900000000003,8.526608146576449e-05,0.00021312900000000003
/opt/hostedtoolcache/Python/3.11.16/x64/lib/python3.11/unittest/mock.py,2113,_mock_set_magics,2,2,0.000211155,8.44763473384828e-05,0.00040797200000000004
/opt/hostedtoolcache/Python/3.11.16/x64/lib/python3.11/enum.py,499,__new__,5,5,0.00021069,8.429031574315049e-05,0.003662741
/opt/hostedtoolcache/Python/3.11.16/x64/lib/python3.11/site-packages/httpx/_status_codes.py,1,<module>,1,1,0.000210415,8.41802970577389e-05,0.007262847
/opt/hostedtoolcache/Python/3.11.16/x64/lib/python3.11/site-packages/httpx/__init__.py,1,<module>,1,1,0.00020730000000000002,8.293408540298589e-05,0.12501631400000002
~,0,<method 'read' of '_io.TextIOWrapper' objects>,12,12,0.00020452100000000004,8.182229657840848e-05,0.000333282
~,0,<built-in method _heapq.heapify>,31,31,0.000202076,8.084413044811275e-05,0.00060667
~,0,<built-in method _abc._abc_init>,26,26,0.00019999200000000002,8.001038884666644e-05,0.00019999200000000002
/opt/hostedtoolcache/Python/3.11.16/x64/lib/python3.11/argparse.py,1424,add_argument,11,11,0.00019714500000000002,7.887139540169635e-05,0.001518234
/opt/hostedtoolcache/Python/3.11.16/x64/lib/python3.11/threading.py,295,wait,15,15,0.00019335600000000002,7.735553795069821e-05,0.0007040330000000001
/opt/hostedtoolcache/Python/3.11.16/x64/lib/python3.11/re/_parser.py,274,getuntil,22,22,0.00019288600000000002,7.716750601563115e-05,0.00034712800000000004
/opt/hostedtoolcache/Python/3.11.16/x64/lib/python3.11/dataclasses.py,368,field,78,78,0.000192052,7.683384934787384e-05,0.00030857300000000003
/opt/hostedtoolcache/Python/3.11.16/x64/lib/python3.11/re/_compiler.py,388,<listcomp>,41,41,0.00019190300000000002,7.677423922377811e-05,0.00019190300000000002
/opt/hostedtoolcache/Python/3.11.16/x64/lib/python3.11/typing.py,334,_remove_dups_flatten,20,20,0.000187013,7.481790696318668e-05,0.000789444
/opt/hostedtoolcache/Python/3.11.16/x64/lib/python3.11/dataclasses.py,449,_field_init,78,78,0.000186507,7.461547258202937e-05,0.00026766100000000004
/opt/hostedtoolcache/Python/3.11.16/x64/lib/python3.11/typing.py,1310,__getattr__,67,67,0.00018411,7.365650971318732e-05,0.000489988
/home/runner/work/_temp/scanner-verification-il7_c53e/final/tiktok_worker_scanner.py,1,<module>,1,1,0.00018389100000000002,7.3568894832805e-05,0.030313053000000003
/home/runner/work/_temp/scanner-verification-il7_c53e/final/report_generator.py,190,<listcomp>,2,2,0.000183272,7.332125277364221e-05,0.000183272
/opt/hostedtoolcache/Python/3.11.16/x64/lib/python3.11/re/_parser.py,963,fix_flags,76,76,0.00018251700000000001,7.301920147369405e-05,0.000244689
~,0,<built-in method math.isfinite>,196,196,0.00018115700000000001,7.24751090658404e-05,0.00018115700000000001
/opt/hostedtoolcache/Python/3.11.16/x64/lib/python3.11/inspect.py,3002,<genexpr>,92,92,0.000175579,7.024353005774654e-05,0.000248538
<frozen importlib._bootstrap>,1207,_handle_fromlist,24,28,0.000175577,7.024272992185264e-05,0.00981741
<frozen importlib._bootstrap>,357,__init__,113,113,0.00017417200000000003,6.96806344563862e-05,0.00017417200000000003
/opt/hostedtoolcache/Python/3.11.16/x64/lib/python3.11/email/quoprimime.py,1,<module>,1,1,0.000174,6.961182276951057e-05,0.000356746
/opt/hostedtoolcache/Python/3.11.16/x64/lib/python3.11/json/__init__.py,120,dump,1,1,0.000170468,6.819878278087891e-05,0.0007813980000000001
~,0,<built-in method builtins.delattr>,78,78,0.00016996,6.799554826382769e-05,0.00028854600000000004
/opt/hostedtoolcache/Python/3.11.16/x64/lib/python3.11/dataclasses.py,646,_is_classvar,156,156,0.00016966100000000001,6.787592794768928e-05,0.00016966100000000001
~,0,<built-in method _sre.compile>,76,76,0.000169203,6.769269682798563e-05,0.000169203
<frozen os>,674,__getitem__,43,43,0.00016779900000000002,6.713100143046614e-05,0.000387727
/opt/hostedtoolcache/Python/3.11.16/x64/lib/python3.11/types.py,164,__init__,74,74,0.000164537,6.582597978751128e-05,0.00022768900000000002
<frozen importlib._bootstrap>,48,_new_module,94,94,0.00016410600000000002,6.565355050237531e-05,0.00016410600000000002
/opt/hostedtoolcache/Python/3.11.16/x64/lib/python3.11/dataclasses.py,654,_is_initvar,156,156,0.000161778,6.472219232187289e-05,0.000161778
/opt/hostedtoolcache/Python/3.11.16/x64/lib/python3.11/re/_compiler.py,31,_combine_flags,131,131,0.00015774000000000002,6.310671795208391e-05,0.00015774000000000002
/opt/hostedtoolcache/Python/3.11.16/x64/lib/python3.11/re/_parser.py,77,__init__,76,76,0.000157704,6.309231550599366e-05,0.000157704
~,0,<built-in method _imp.is_builtin>,113,113,0.00015618100000000003,6.248301202278697e-05,0.00015618100000000003
/opt/hostedtoolcache/Python/3.11.16/x64/lib/python3.11/inspect.py,2722,name,178,178,0.000154606,6.185290500633881e-05,0.000154606
/opt/hostedtoolcache/Python/3.11.16/x64/lib/python3.11/http/__init__.py,26,__new__,62,62,0.000153394,6.136802265463395e-05,0.000210678
~,0,<built-in method _imp.find_frozen>,113,113,0.00015205800000000003,6.083353187750713e-05,0.00015205800000000003
/opt/hostedtoolcache/Python/3.11.16/x64/lib/python3.11/threading.py,856,__init__,8,8,0.000151922,6.077912263672176e-05,0.000364461
/home/runner/work/_temp/scanner-verification-il7_c53e/final/tiktok_worker_scanner.py,3858,<genexpr>,72,72,0.000148787,5.952490962302972e-05,0.000190811
/opt/hostedtoolcache/Python/3.11.16/x64/lib/python3.11/site-packages/httpx/_status_codes.py,28,__new__,62,62,0.000148612,5.945489773231326e-05,0.00020619600000000002
<frozen importlib._bootstrap_external>,1411,_path_hooks,10,10,0.00014802400000000002,5.921965777950595e-05,0.0008591720000000001
/opt/hostedtoolcache/Python/3.11.16/x64/lib/python3.11/dataclasses.py,660,_is_kw_only,156,156,0.000145734,5.830350218098767e-05,0.000145734
/opt/hostedtoolcache/Python/3.11.16/x64/lib/python3.11/typing.py,715,<genexpr>,81,81,0.000145511,5.8214287028817545e-05,0.0020369610000000003
/opt/hostedtoolcache/Python/3.11.16/x64/lib/python3.11/typing.py,866,__init__,29,29,0.00014453500000000002,5.782382071259318e-05,0.000564013
/opt/hostedtoolcache/Python/3.11.16/x64/lib/python3.11/inspect.py,391,_has_code_flag,26,26,0.00014314700000000002,5.72685264022249e-05,0.000741743
/opt/hostedtoolcache/Python/3.11.16/x64/lib/python3.11/enum.py,70,_is_internal_class,81,81,0.000140621,5.625795476822614e-05,0.000208111
/opt/hostedtoolcache/Python/3.11.16/x64/lib/python3.11/datetime.py,1,<module>,1,1,0.000135792,5.4326026652398734e-05,0.002003326
/opt/hostedtoolcache/Python/3.11.16/x64/lib/python3.11/dataclasses.py,425,<genexpr>,147,147,0.000135644,5.426681659624996e-05,0.000135644
/opt/hostedtoolcache/Python/3.11.16/x64/lib/python3.11/fractions.py,452,_add,12,12,0.00013488400000000002,5.3962764956567046e-05,0.000243013
/home/runner/work/_temp/scanner-verification-il7_c53e/final/tiktok_worker_scanner.py,3102,session_runtime,9,9,0.000134862,5.395396346173412e-05,0.009036727000000001
/opt/hostedtoolcache/Python/3.11.16/x64/lib/python3.11/typing.py,1595,copy_with,41,41,0.000134226,5.369952024747315e-05,0.0033766470000000004
<frozen importlib._bootstrap>,165,__init__,114,114,0.000133651,5.3469481177976206e-05,0.000133651
/opt/hostedtoolcache/Python/3.11.16/x64/lib/python3.11/urllib/parse.py,193,_userinfo,54,54,0.00013329000000000002,5.332505664912682e-05,0.000185086
/opt/hostedtoolcache/Python/3.11.16/x64/lib/python3.11/re/_compiler.py,428,_get_iscased,129,129,0.000132141,5.286537857807988e-05,0.000132141
~,0,<built-in method builtins.repr>,136,136,0.00012986,5.1952823591084166e-05,0.000131733
<frozen os>,756,encode,43,43,0.000127983,5.1201896054656736e-05,0.000204247
/opt/hostedtoolcache/Python/3.11.16/x64/lib/python3.11/enum.py,1151,__init__,139,139,0.00012529000000000002,5.012451307351714e-05,0.00012529000000000002
/opt/hostedtoolcache/Python/3.11.16/x64/lib/python3.11/typing.py,1670,__getitem__,14,14,0.00012484,4.994448249738908e-05,0.002454248
~,0,<built-in method builtins.locals>,56,56,0.000123902,4.956921876314885e-05,0.000123902
/opt/hostedtoolcache/Python/3.11.16/x64/lib/python3.11/logging/__init__.py,1327,getLogger,19,19,0.00012389900000000001,4.9568018559308005e-05,0.00036927700000000005
~,0,<method 'isidentifier' of 'str' objects>,134,134,0.000120933,4.8381417028650704e-05,0.000120933
/opt/hostedtoolcache/Python/3.11.16/x64/lib/python3.11/urllib/request.py,1,<module>,1,1,0.000118758,4.751126924403183e-05,0.033774219
/opt/hostedtoolcache/Python/3.11.16/x64/lib/python3.11/dataclasses.py,827,_set_new_attribute,32,32,0.000118591,4.744445789689098e-05,0.00027664300000000003
/opt/hostedtoolcache/Python/3.11.16/x64/lib/python3.11/enum.py,747,__delattr__,75,75,0.000118586,4.744245755715622e-05,0.000118586
<frozen importlib._bootstrap_external>,1097,__init__,94,94,0.00011856300000000001,4.7433255994376336e-05,0.00011856300000000001
/opt/hostedtoolcache/Python/3.11.16/x64/lib/python3.11/argparse.py,164,__init__,11,11,0.00011769700000000001,4.708679715231659e-05,0.000623195
/opt/hostedtoolcache/Python/3.11.16/x64/lib/python3.11/dataclasses.py,287,__init__,78,78,0.000116521,4.661631724670197e-05,0.000116521
<frozen abc>,105,__new__,26,26,0.00011289000000000001,4.5163670531322125e-05,0.001038497
/opt/hostedtoolcache/Python/3.11.16/x64/lib/python3.11/re/__init__.py,253,escape,41,41,0.00011196800000000001,4.4794807884233116e-05,0.00018804300000000002
/opt/hostedtoolcache/Python/3.11.16/x64/lib/python3.11/site-packages/httpx/_types.py,1,<module>,1,1,0.00010942200000000001,4.377623489129533e-05,0.009685887
/opt/hostedtoolcache/Python/3.11.16/x64/lib/python3.11/queue.py,28,Queue,1,1,0.000108653,4.346858264008985e-05,0.000108653
/opt/hostedtoolcache/Python/3.11.16/x64/lib/python3.11/shutil.py,710,rmtree,1,1,0.00010779100000000001,4.3123724069817904e-05,0.49567255400000004
/opt/hostedtoolcache/Python/3.11.16/x64/lib/python3.11/dataclasses.py,392,_fields_in_init_order,7,7,0.00010607100000000001,4.243560720106183e-05,0.000198492
/opt/hostedtoolcache/Python/3.11.16/x64/lib/python3.11/shutil.py,1408,get_terminal_size,11,11,0.00010565100000000001,4.2267578663342314e-05,0.00030504100000000004
/opt/hostedtoolcache/Python/3.11.16/x64/lib/python3.11/typing.py,1591,<genexpr>,64,64,0.00010466800000000001,4.187431187148927e-05,0.000783617
/opt/hostedtoolcache/Python/3.11.16/x64/lib/python3.11/urllib/parse.py,175,port,27,27,0.000104072,4.163587137510635e-05,0.00031886800000000004
/opt/hostedtoolcache/Python/3.11.16/x64/lib/python3.11/site-packages/httpx/_status_codes.py,8,codes,1,1,0.000102058,4.083013452994662e-05,0.0031892390000000004
/opt/hostedtoolcache/Python/3.11.16/x64/lib/python3.11/dataclasses.py,820,_set_qualname,34,34,0.00010147400000000001,4.059649484892711e-05,0.00013287500000000002
<frozen importlib._bootstrap>,413,has_location,107,107,0.000100684,4.028044117083565e-05,0.000100684
/opt/hostedtoolcache/Python/3.11.16/x64/lib/python3.11/site-packages/httpx/_urlparse.py,50,<listcomp>,1,1,9.9381e-05,3.9759152635958224e-05,0.000168564
/opt/hostedtoolcache/Python/3.11.16/x64/lib/python3.11/site-packages/httpx/_client.py,1,<module>,1,1,9.874100000000001e-05,3.950310914990945e-05,0.12073960600000001
/home/runner/work/_temp/scanner-verification-il7_c53e/final/tests/benchmark_hybrid.py,115,run,19,19,9.8431e-05,3.937908808635457e-05,0.022183395
<frozen importlib._bootstrap_external>,1658,_fill_cache,10,10,9.8162e-05,3.92714698086247e-05,0.0006825140000000001
/opt/hostedtoolcache/Python/3.11.16/x64/lib/python3.11/gettext.py,479,find,3,3,9.671e-05,3.8690571149651544e-05,0.000732868
/opt/hostedtoolcache/Python/3.11.16/x64/lib/python3.11/pathlib.py,1053,read_text,10,10,9.6525e-05,3.8616558579465564e-05,0.0033273260000000002
~,0,<method '__contains__' of 'frozenset' objects>,112,112,9.646100000000001e-05,3.85909542308607e-05,9.646100000000001e-05
/home/runner/work/_temp/scanner-verification-il7_c53e/final/tiktok_worker_scanner.py,1454,__init__,2,2,9.6062e-05,3.843132712002716e-05,0.00237535
/opt/hostedtoolcache/Python/3.11.16/x64/lib/python3.11/dataclasses.py,509,_init_param,78,78,9.514400000000001e-05,3.806406474472595e-05,9.514400000000001e-05
<frozen importlib._bootstrap_external>,1562,__init__,10,10,9.487300000000001e-05,3.795564633110217e-05,0.000334794
<frozen zipimport>,64,__init__,11,11,9.4693e-05,3.788363410065095e-05,0.000297624
/opt/hostedtoolcache/Python/3.11.16/x64/lib/python3.11/inspect.py,3059,_bind,1,1,9.466700000000001e-05,3.7873232334030224e-05,0.000158485
/opt/hostedtoolcache/Python/3.11.16/x64/lib/python3.11/argparse.py,1565,_get_optional_kwargs,11,11,9.439100000000001e-05,3.7762813580671686e-05,0.000153377
<frozen importlib._bootstrap_external>,1122,get_filename,94,94,9.418800000000001e-05,3.7681599787440594e-05,9.418800000000001e-05
/opt/hostedtoolcache/Python/3.11.16/x64/lib/python3.11/typing.py,2910,__new__,2,2,9.3885e-05,3.756037919951437e-05,0.001268096
/opt/hostedtoolcache/Python/3.11.16/x64/lib/python3.11/urllib/parse.py,156,username,27,27,9.220100000000001e-05,3.688666477684854e-05,0.000190287
/opt/hostedtoolcache/Python/3.11.16/x64/lib/python3.11/dataclasses.py,573,<listcomp>,7,7,9.058900000000001e-05,3.624175524636319e-05,0.00018573300000000002
/opt/hostedtoolcache/Python/3.11.16/x64/lib/python3.11/threading.py,611,wait,8,8,9.048e-05,3.61981478401455e-05,0.000648212
/opt/hostedtoolcache/Python/3.11.16/x64/lib/python3.11/threading.py,945,start,8,8,8.8522e-05,3.541481480001503e-05,0.001309414
/opt/hostedtoolcache/Python/3.11.16/x64/lib/python3.11/argparse.py,1918,_parse_known_args,1,1,8.730200000000001e-05,3.4926731904734557e-05,0.0006375290000000001
~,0,<built-in method _imp._fix_co_filename>,83,83,8.7087e-05,3.4840717296140045e-05,8.7087e-05
/opt/hostedtoolcache/Python/3.11.16/x64/lib/python3.11/inspect.py,378,isfunction,47,47,8.620000000000001e-05,3.448585702719433e-05,0.00012485800000000002
/opt/hostedtoolcache/Python/3.11.16/x64/lib/python3.11/site-packages/httpx/_urlparse.py,44,<listcomp>,1,1,8.5011e-05,3.4010176238269334e-05,0.00015458800000000002
/opt/hostedtoolcache/Python/3.11.16/x64/lib/python3.11/enum.py,229,__set_name__,74,74,8.4931e-05,3.397817080251324e-05,8.4931e-05
<frozen importlib._bootstrap_external>,931,create_module,94,94,8.4895e-05,3.3963768356422995e-05,8.4895e-05
/opt/hostedtoolcache/Python/3.11.16/x64/lib/python3.11/fractions.py,62,__new__,25,25,8.4845e-05,3.3943764959075437e-05,0.00012138700000000001
/opt/hostedtoolcache/Python/3.11.16/x64/lib/python3.11/typing.py,1679,<genexpr>,49,49,8.3564e-05,3.3431277919030934e-05,0.0009529740000000001
/opt/hostedtoolcache/Python/3.11.16/x64/lib/python3.11/site-packages/httpx/_urlparse.py,90,<listcomp>,1,1,8.292500000000001e-05,3.317563450092911e-05,0.000141283
/opt/hostedtoolcache/Python/3.11.16/x64/lib/python3.11/site-packages/httpx/_urlparse.py,56,<listcomp>,1,1,8.1864e-05,3.275116240921388e-05,0.000147866
/opt/hostedtoolcache/Python/3.11.16/x64/lib/python3.11/inspect.py,1943,_signature_get_user_defined_method,21,21,8.1369e-05,3.255312877547303e-05,0.000422579
/opt/hostedtoolcache/Python/3.11.16/x64/lib/python3.11/dataclasses.py,437,_field_assign,78,78,8.1154e-05,3.246711416687851e-05,8.1154e-05
/opt/hostedtoolcache/Python/3.11.16/x64/lib/python3.11/site-packages/httpx/_models.py,1,<module>,1,1,8.0772e-05,3.231428821114315e-05,0.07153000500000001
/opt/hostedtoolcache/Python/3.11.16/x64/lib/python3.11/calendar.py,52,_localized_month,1,1,8.027e-05,3.211345410177364e-05,9.0178e-05
/opt/hostedtoolcache/Python/3.11.16/x64/lib/python3.11/dataclasses.py,396,<genexpr>,85,85,7.9658e-05,3.1868612518239505e-05,7.9658e-05
/opt/hostedtoolcache/Python/3.11.16/x64/lib/python3.11/email/message.py,979,MIMEPart,1,1,7.937800000000001e-05,3.175659349309317e-05,7.937800000000001e-05
/opt/hostedtoolcache/Python/3.11.16/x64/lib/python3.11/gettext.py,224,_expand_lang,6,6,7.8708e-05,3.148854796863586e-05,0.000172473
/opt/hostedtoolcache/Python/3.11.16/x64/lib/python3.11/site-packages/httpx/_urlparse.py,77,<listcomp>,1,1,7.854800000000001e-05,3.142453709712366e-05,0.000136074
/opt/hostedtoolcache/Python/3.11.16/x64/lib/python3.11/site-packages/httpx/_urlparse.py,67,<listcomp>,1,1,7.8497e-05,3.140413363182915e-05,0.000135703
~,0,<built-in method posix.cpu_count>,3,3,7.8366e-05,3.135172473077854e-05,7.8366e-05
/opt/hostedtoolcache/Python/3.11.16/x64/lib/python3.11/asyncio/coroutines.py,21,iscoroutinefunction,26,26,7.7971e-05,3.119369789173281e-05,0.0008977490000000001
~,0,<built-in method builtins.abs>,96,96,7.786200000000001e-05,3.1150090485515136e-05,7.786200000000001e-05
/opt/hostedtoolcache/Python/3.11.16/x64/lib/python3.11/inspect.py,292,isclass,45,45,7.7766e-05,3.111168396260782e-05,0.00011428100000000001
/opt/hostedtoolcache/Python/3.11.16/x64/lib/python3.11/http/client.py,1,<module>,1,1,7.750400000000001e-05,3.10068661605066e-05,0.023156664
/home/runner/work/_temp/scanner-verification-il7_c53e/final/report_generator.py,22,read_json,6,6,7.6816e-05,3.0731619413004166e-05,0.003419418
<frozen importlib._bootstrap_external>,1568,<genexpr>,80,80,7.639100000000001e-05,3.0561590535549905e-05,7.639100000000001e-05
/opt/hostedtoolcache/Python/3.11.16/x64/lib/python3.11/dataclasses.py,1106,<genexpr>,85,85,7.544000000000001e-05,3.0181125917999305e-05,7.544000000000001e-05
~,0,<built-in method _sre.unicode_iscased>,84,84,7.543900000000001e-05,3.018072585005235e-05,7.543900000000001e-05
~,0,<built-in method builtins.callable>,88,88,7.4245e-05,2.9703044721392605e-05,7.4245e-05
/opt/hostedtoolcache/Python/3.11.16/x64/lib/python3.11/threading.py,1051,_stop,8,8,7.390800000000001e-05,2.956822182327005e-05,0.00020279800000000002
/opt/hostedtoolcache/Python/3.11.16/x64/lib/python3.11/functools.py,687,_c3_mro,1,7,7.389500000000001e-05,2.9563020939959684e-05,0.000234087
/opt/hostedtoolcache/Python/3.11.16/x64/lib/python3.11/inspect.py,2726,default,79,79,7.342e-05,2.9372988665157852e-05,7.342e-05
/opt/hostedtoolcache/Python/3.11.16/x64/lib/python3.11/argparse.py,1395,register,37,37,7.3355e-05,2.934698424860603e-05,0.00010347100000000001
/opt/hostedtoolcache/Python/3.11.16/x64/lib/python3.11/typing.py,1040,__init__,9,9,7.3116e-05,2.9251368009284686e-05,0.0005396480000000001
/opt/hostedtoolcache/Python/3.11.16/x64/lib/python3.11/functools.py,660,_c3_merge,7,7,7.236e-05,2.8948916641389574e-05,0.000118863
/opt/hostedtoolcache/Python/3.11.16/x64/lib/python3.11/typing.py,1877,__init_subclass__,8,8,7.206700000000001e-05,2.8831696732932876e-05,0.000152926
/opt/hostedtoolcache/Python/3.11.16/x64/lib/python3.11/unittest/mock.py,2178,__init__,77,77,7.186700000000001e-05,2.875168314354263e-05,7.186700000000001e-05
/opt/hostedtoolcache/Python/3.11.16/x64/lib/python3.11/inspect.py,735,unwrap,14,14,7.0697e-05,2.828360364560971e-05,0.00011454100000000001
/opt/hostedtoolcache/Python/3.11.16/x64/lib/python3.11/inspect.py,2037,_signature_bound_method,7,7,6.9628e-05,2.7855931010318867e-05,0.000632398
/opt/hostedtoolcache/Python/3.11.16/x64/lib/python3.11/datetime.py,1665,datetime,1,1,6.957e-05,2.7832727069395694e-05,6.957e-05
<frozen importlib._bootstrap_external>,1231,create_module,13,13,6.9429e-05,2.7776317488875576e-05,0.002795562
/opt/hostedtoolcache/Python/3.11.16/x64/lib/python3.11/subprocess.py,1791,_execute_child,1,1,6.915300000000001e-05,2.7665898735517045e-05,0.000744769
/opt/hostedtoolcache/Python/3.11.16/x64/lib/python3.11/enum.py,798,<genexpr>,63,63,6.9137e-05,2.765949764836582e-05,6.9137e-05
/opt/hostedtoolcache/Python/3.11.16/x64/lib/python3.11/zipfile.py,1,<module>,1,1,6.896800000000001e-05,2.759188616533107e-05,0.00040394300000000003
/opt/hostedtoolcache/Python/3.11.16/x64/lib/python3.11/logging/__init__.py,2074,getLogger,19,19,6.8637e-05,2.7459463674890217e-05,0.000453163
/opt/hostedtoolcache/Python/3.11.16/x64/lib/python3.11/threading.py,971,run,8,8,6.8423e-05,2.737384913424266e-05,64.511530485
/opt/hostedtoolcache/Python/3.11.16/x64/lib/python3.11/statistics.py,1,<module>,1,1,6.8274e-05,2.731423901014693e-05,0.014814092000000001
/opt/hostedtoolcache/Python/3.11.16/x64/lib/python3.11/random.py,1,<module>,1,1,6.794800000000001e-05,2.7183816859440837e-05,0.002472602
/opt/hostedtoolcache/Python/3.11.16/x64/lib/python3.11/importlib/resources/_common.py,1,<module>,1,1,6.7505e-05,2.7006586758941444e-05,0.0027837910000000003
/opt/hostedtoolcache/Python/3.11.16/x64/lib/python3.11/typing.py,729,Literal,1,1,6.578500000000001e-05,2.631846989018537e-05,0.0005262520000000001
<frozen importlib._bootstrap_external>,1699,path_hook_for_FileFinder,11,11,6.5783e-05,2.6317669754291465e-05,0.000541221
/opt/hostedtoolcache/Python/3.11.16/x64/lib/python3.11/argparse.py,1342,__init__,3,3,6.511100000000001e-05,2.6048824093940253e-05,0.00019591400000000002
/opt/hostedtoolcache/Python/3.11.16/x64/lib/python3.11/urllib/request.py,2404,ftpwrapper,1,1,6.449e-05,2.5800381898883547e-05,6.449e-05
/opt/hostedtoolcache/Python/3.11.16/x64/lib/python3.11/http/cookiejar.py,1,<module>,1,1,6.366600000000001e-05,2.5470725910595755e-05,0.024582354
/opt/hostedtoolcache/Python/3.11.16/x64/lib/python3.11/dataclasses.py,401,_tuple_str,16,16,6.3402e-05,2.536510797260063e-05,0.000123253
/opt/hostedtoolcache/Python/3.11.16/x64/lib/python3.11/site-packages/httpx/_multipart.py,26,<dictcomp>,1,1,6.2567e-05,2.503105123689637e-05,0.00012327
/opt/hostedtoolcache/Python/3.11.16/x64/lib/python3.11/inspect.py,1774,_check_class,14,14,6.1814e-05,2.4729800072842108e-05,0.000153625
/opt/hostedtoolcache/Python/3.11.16/x64/lib/python3.11/urllib/parse.py,160,password,27,27,6.0966000000000005e-05,2.4390542453827485e-05,0.00014796600000000003
<frozen _collections_abc>,771,get,20,20,6.0656e-05,2.426652139027261e-05,0.00028092400000000005
/opt/hostedtoolcache/Python/3.11.16/x64/lib/python3.11/hashlib.py,126,__get_openssl_constructor,14,14,6.0641000000000004e-05,2.426052037106834e-05,0.000702569
/opt/hostedtoolcache/Python/3.11.16/x64/lib/python3.11/threading.py,1125,_wait_for_tstate_lock,8,8,6.052500000000001e-05,2.4214112489222e-05,0.000389068
/opt/hostedtoolcache/Python/3.11.16/x64/lib/python3.11/subprocess.py,1880,<genexpr>,19,19,6.0458e-05,2.418730793677627e-05,0.000376147
/opt/hostedtoolcache/Python/3.11.16/x64/lib/python3.11/importlib/resources/__init__.py,1,<module>,1,1,6.0204e-05,2.4085690678250663e-05,0.004787231
/opt/hostedtoolcache/Python/3.11.16/x64/lib/python3.11/unittest/mock.py,505,_mock_add_spec,1,1,5.9959000000000006e-05,2.3987674031247618e-05,0.0009732050000000001
<frozen abc>,7,abstractmethod,57,57,5.9807000000000005e-05,2.392686370331103e-05,5.9807000000000005e-05
/opt/hostedtoolcache/Python/3.11.16/x64/lib/python3.11/inspect.py,1790,_shadowed_dict,14,14,5.9793e-05,2.3921262752053713e-05,7.5457e-05
/opt/hostedtoolcache/Python/3.11.16/x64/lib/python3.11/enum.py,239,__init__,65,65,5.9594000000000006e-05,2.3841649230610425e-05,5.9594000000000006e-05
/opt/hostedtoolcache/Python/3.11.16/x64/lib/python3.11/typing.py,1655,__getitem_inner__,7,7,5.9550000000000004e-05,2.382404624094457e-05,0.001009595
/opt/hostedtoolcache/Python/3.11.16/x64/lib/python3.11/hashlib.py,1,<module>,1,1,5.916e-05,2.3668019741633598e-05,0.001969534
~,0,<built-in method _posixsubprocess.fork_exec>,1,1,5.9119e-05,2.36516169558086e-05,5.9119e-05
/opt/hostedtoolcache/Python/3.11.16/x64/lib/python3.11/re/_compiler.py,407,_generate_overlap_table,14,14,5.8866e-05,2.3550399765229942e-05,8.16e-05
/opt/hostedtoolcache/Python/3.11.16/x64/lib/python3.11/threading.py,1087,join,8,8,5.8781000000000005e-05,2.351639398973909e-05,0.000492872
/opt/hostedtoolcache/Python/3.11.16/x64/lib/python3.11/typing.py,500,__getitem__,20,22,5.84e-05,2.336396810195068e-05,0.005539284
<frozen importlib._bootstrap_external>,1239,exec_module,13,13,5.8355000000000006e-05,2.3345965044337876e-05,0.001069608
/opt/hostedtoolcache/Python/3.11.16/x64/lib/python3.11/encodings/__init__.py,43,normalize_encoding,2,2,5.816e-05,2.3267951794682385e-05,0.000100698
/opt/hostedtoolcache/Python/3.11.16/x64/lib/python3.11/argparse.py,1485,_add_action,11,11,5.8027000000000005e-05,2.3214742757737878e-05,0.00010033700000000001
/opt/hostedtoolcache/Python/3.11.16/x64/lib/python3.11/typing.py,284,_check_generic,27,27,5.7628000000000005e-05,2.3055115646904344e-05,8.083e-05
/opt/hostedtoolcache/Python/3.11.16/x64/lib/python3.11/email/_policybase.py,99,_extend_docstrings,1,1,5.7548000000000005e-05,2.3023110211148248e-05,0.000141413
/opt/hostedtoolcache/Python/3.11.16/x64/lib/python3.11/importlib/resources/readers.py,1,<module>,1,1,5.7197e-05,2.2882686361768374e-05,0.0034963520000000003
/opt/hostedtoolcache/Python/3.11.16/x64/lib/python3.11/sqlite3/dbapi2.py,1,<module>,1,1,5.6947e-05,2.278266937503057e-05,0.001322106
/opt/hostedtoolcache/Python/3.11.16/x64/lib/python3.11/site-packages/httpx/_transports/default.py,1,<module>,1,1,5.6762e-05,2.2708656804844596e-05,0.0011032980000000002
/opt/hostedtoolcache/Python/3.11.16/x64/lib/python3.11/site-packages/httpx/_urlparse.py,1,<module>,1,1,5.6667000000000005e-05,2.267065034988423e-05,0.010609981000000001
/home/runner/work/_temp/scanner-verification-il7_c53e/final/hybrid_backend.py,391,__init__,1,1,5.6645000000000004e-05,2.2661848855051305e-05,0.002601491
/opt/hostedtoolcache/Python/3.11.16/x64/lib/python3.11/asyncio/base_events.py,618,run_until_complete,3,3,5.636200000000001e-05,2.2548629626064114e-05,180.959505449
/opt/hostedtoolcache/Python/3.11.16/x64/lib/python3.11/email/quoprimime.py,55,<listcomp>,1,1,5.6355000000000005e-05,2.2545829150435457e-05,5.6355000000000005e-05
/home/runner/work/_temp/scanner-verification-il7_c53e/final/tiktok_worker_scanner.py,3774,export_rows,5,5,5.6332e-05,2.2536627587655576e-05,1.3307759730000002
/opt/hostedtoolcache/Python/3.11.16/x64/lib/python3.11/argparse.py,604,_format_args,11,11,5.5822e-05,2.2332592934710458e-05,0.00011600500000000001
/opt/hostedtoolcache/Python/3.11.16/x64/lib/python3.11/typing.py,1641,__getitem__,8,8,5.5733e-05,2.2296986887431803e-05,0.0011635390000000001
/opt/hostedtoolcache/Python/3.11.16/x64/lib/python3.11/asyncio/tasks.py,728,gather,6,6,5.5327e-05,2.2134559300969608e-05,0.00015068200000000002
<frozen codecs>,319,decode,12,12,5.5236000000000004e-05,2.2098153117797048e-05,0.000128761
/opt/hostedtoolcache/Python/3.11.16/x64/lib/python3.11/inspect.py,167,get_annotations,7,7,5.489400000000001e-05,2.196132987993974e-05,9.688700000000001e-05
/opt/hostedtoolcache/Python/3.11.16/x64/lib/python3.11/inspect.py,409,iscoroutinefunction,26,26,5.4873e-05,2.195292845305376e-05,0.0007966160000000001
/opt/hostedtoolcache/Python/3.11.16/x64/lib/python3.11/inspect.py,1762,_static_getmro,42,42,5.4863000000000006e-05,2.1948927773584247e-05,5.4863000000000006e-05
/opt/hostedtoolcache/Python/3.11.16/x64/lib/python3.11/platform.py,1,<module>,1,1,5.4843e-05,2.1940926414645223e-05,0.015621028
/opt/hostedtoolcache/Python/3.11.16/x64/lib/python3.11/subprocess.py,807,__init__,1,1,5.4831000000000004e-05,2.193612559928181e-05,0.00097037
/opt/hostedtoolcache/Python/3.11.16/x64/lib/python3.11/inspect.py,1804,getattr_static,14,14,5.4714000000000005e-05,2.1889317649488517e-05,0.000261158
/opt/hostedtoolcache/Python/3.11.16/x64/lib/python3.11/argparse.py,1399,_registry_get,28,28,5.4599000000000004e-05,2.1843309835589128e-05,7.853700000000001e-05
/opt/hostedtoolcache/Python/3.11.16/x64/lib/python3.11/dataclasses.py,588,_repr_fn,7,7,5.4363e-05,2.1748893800108642e-05,0.001241928
/opt/hostedtoolcache/Python/3.11.16/x64/lib/python3.11/fnmatch.py,74,translate,2,2,5.2486000000000005e-05,2.0997966263681223e-05,0.00011833000000000001
/opt/hostedtoolcache/Python/3.11.16/x64/lib/python3.11/site-packages/httpx/_client.py,189,__init__,1,1,5.2218e-05,2.0890748053898297e-05,0.000792238
~,0,<built-in method builtins.divmod>,60,60,5.2009e-05,2.0807133852985495e-05,5.2009e-05
/opt/hostedtoolcache/Python/3.11.16/x64/lib/python3.11/typing.py,2071,__init_subclass__,5,5,5.1739e-05,2.0699115507308667e-05,0.00011541700000000001
/opt/hostedtoolcache/Python/3.11.16/x64/lib/python3.11/inspect.py,300,ismethod,26,26,5.1075e-05,2.0433470390533063e-05,7.456800000000001e-05
/opt/hostedtoolcache/Python/3.11.16/x64/lib/python3.11/functools.py,65,wraps,28,28,5.0744e-05,2.0301047900092212e-05,5.0744e-05
/opt/hostedtoolcache/Python/3.11.16/x64/lib/python3.11/uuid.py,1,<module>,1,1,5.0732e-05,2.0296247084728796e-05,0.00128148
/opt/hostedtoolcache/Python/3.11.16/x64/lib/python3.11/uuid.py,139,__init__,5,5,5.0496000000000006e-05,2.0201831049248313e-05,7.747400000000001e-05
/opt/hostedtoolcache/Python/3.11.16/x64/lib/python3.11/site-packages/idna/core.py,1,<module>,1,1,5.0272e-05,2.011221582913124e-05,0.00377392
/opt/hostedtoolcache/Python/3.11.16/x64/lib/python3.11/contextlib.py,272,contextmanager,8,8,5.009900000000001e-05,2.0043004074308685e-05,0.000298213
/opt/hostedtoolcache/Python/3.11.16/x64/lib/python3.11/site-packages/_distutils_hack/__init__.py,108,<lambda>,55,55,4.9933000000000005e-05,1.9976592795114784e-05,4.9933000000000005e-05
~,0,<method 'translate' of 'bytearray' objects>,41,41,4.9724e-05,1.989297859420198e-05,4.9724e-05
/opt/hostedtoolcache/Python/3.11.16/x64/lib/python3.11/typing.py,306,_deduplicate,21,21,4.9552e-05,1.9824166907326368e-05,0.000500463
~,0,<built-in method builtins.__import__>,8,9,4.897000000000001e-05,1.9591327362200765e-05,0.022739979000000004
/opt/hostedtoolcache/Python/3.11.16/x64/lib/python3.11/typing.py,350,_flatten_literal_params,1,1,4.8302000000000006e-05,1.9324081973637357e-05,9.082900000000001e-05
/opt/hostedtoolcache/Python/3.11.16/x64/lib/python3.11/re/_parser.py,304,checkgroupname,22,22,4.8018e-05,1.921046267670321e-05,7.0599e-05
/opt/hostedtoolcache/Python/3.11.16/x64/lib/python3.11/importlib/resources/_legacy.py,1,<module>,1,1,4.784e-05,1.91392505821459e-05,0.000514731
/opt/hostedtoolcache/Python/3.11.16/x64/lib/python3.11/functools.py,421,_unwrap_partial,26,26,4.7211000000000006e-05,1.8887607843513587e-05,6.8663e-05
/opt/hostedtoolcache/Python/3.11.16/x64/lib/python3.11/encodings/__init__.py,71,search_function,2,2,4.7201e-05,1.8883607164044074e-05,0.002405729
/home/runner/work/_temp/scanner-verification-il7_c53e/final/tiktok_worker_scanner.py,1594,get_client,1,1,4.7108000000000004e-05,1.884640084497761e-05,0.001011687
~,0,<built-in method _sre.unicode_tolower>,57,57,4.7023e-05,1.881239506948676e-05,4.7023e-05
/home/runner/work/_temp/scanner-verification-il7_c53e/final/tiktok_worker_scanner.py,1532,cache_saved_avatars,3,3,4.6505e-05,1.8605159872966034e-05,0.000281565
/opt/hostedtoolcache/Python/3.11.16/x64/lib/python3.11/importlib/resources/_legacy.py,15,deprecated,7,7,4.6128e-05,1.8454334256965426e-05,0.000284691
/opt/hostedtoolcache/Python/3.11.16/x64/lib/python3.11/site-packages/httpx/_multipart.py,1,<module>,1,1,4.6017000000000003e-05,1.840992671485384e-05,0.015119342000000001
/opt/hostedtoolcache/Python/3.11.16/x64/lib/python3.11/site-packages/httpx/_exceptions.py,1,<module>,1,1,4.5907000000000006e-05,1.836591924068921e-05,0.000523296
/opt/hostedtoolcache/Python/3.11.16/x64/lib/python3.11/argparse.py,1965,take_action,6,6,4.5373e-05,1.815228295701726e-05,0.000302926
/opt/hostedtoolcache/Python/3.11.16/x64/lib/python3.11/subprocess.py,506,run,1,1,4.5053000000000004e-05,1.8024261213992875e-05,0.0011264600000000001
<frozen _collections_abc>,409,__subclasshook__,44,44,4.4847000000000006e-05,1.7941847216920926e-05,4.4847000000000006e-05
/opt/hostedtoolcache/Python/3.11.16/x64/lib/python3.11/calendar.py,1,<module>,1,1,4.4735000000000005e-05,1.789703960686239e-05,0.000335506
/opt/hostedtoolcache/Python/3.11.16/x64/lib/python3.11/site-packages/httpx/_auth.py,1,<module>,1,1,4.4161e-05,1.7667400605312393e-05,0.108860198
/opt/hostedtoolcache/Python/3.11.16/x64/lib/python3.11/asyncio/base_events.py,587,_check_running,6,6,4.4004e-05,1.760458993764106e-05,5.6107e-05
/home/runner/work/_temp/scanner-verification-il7_c53e/final/tiktok_worker_scanner.py,775,finalize,1,1,4.3609e-05,1.744656309859533e-05,0.002558533
/opt/hostedtoolcache/Python/3.11.16/x64/lib/python3.11/logging/__init__.py,228,_acquireLock,20,20,4.3572e-05,1.7431760584558134e-05,6.3619e-05
/opt/hostedtoolcache/Python/3.11.16/x64/lib/python3.11/site-packages/httpx/_content.py,1,<module>,1,1,4.3462000000000005e-05,1.73877531103935e-05,0.016466886
/opt/hostedtoolcache/Python/3.11.16/x64/lib/python3.11/argparse.py,1880,parse_known_args,1,1,4.3411e-05,1.7367349645098988e-05,0.0007061070000000001
/opt/hostedtoolcache/Python/3.11.16/x64/lib/python3.11/statistics.py,203,<genexpr>,13,13,4.3374e-05,1.7352547131061793e-05,0.00011746300000000001
/opt/hostedtoolcache/Python/3.11.16/x64/lib/python3.11/mimetypes.py,1,<module>,1,1,4.2229000000000005e-05,1.689446933180266e-05,0.0013930580000000002
/home/runner/work/_temp/scanner-verification-il7_c53e/final/tiktok_worker_scanner.py,712,_build_document_locked,2,2,4.1835e-05,1.673684256070388e-05,0.00012438100000000001
<frozen codecs>,309,__init__,12,12,4.1827e-05,1.673364201712827e-05,5.9472e-05
/home/runner/work/_temp/scanner-verification-il7_c53e/final/tiktok_worker_scanner.py,3749,finalize,1,1,4.181e-05,1.67268408620301e-05,1.3769461740000002
/home/runner/work/_temp/scanner-verification-il7_c53e/final/tiktok_worker_scanner.py,3810,default_scan_config,1,1,4.1316e-05,1.65292072962362e-05,0.000957927
/opt/hostedtoolcache/Python/3.11.16/x64/lib/python3.11/site-packages/httpx/_decoders.py,1,<module>,1,1,4.129e-05,1.651880552961547e-05,0.002043341
/opt/hostedtoolcache/Python/3.11.16/x64/lib/python3.11/dataclasses.py,228,_recursive_repr,7,7,4.1089000000000006e-05,1.643839187227828e-05,0.00023593000000000003
/opt/hostedtoolcache/Python/3.11.16/x64/lib/python3.11/concurrent/futures/thread.py,216,shutdown,4,4,4.0954e-05,1.6384382699439864e-05,0.00045514000000000004
/opt/hostedtoolcache/Python/3.11.16/x64/lib/python3.11/argparse.py,1853,_add_action,11,11,4.0943000000000004e-05,1.6379981952023403e-05,0.000189482
/opt/hostedtoolcache/Python/3.11.16/x64/lib/python3.11/threading.py,562,__init__,8,8,4.0636e-05,1.625716109230938e-05,0.000104394
/home/runner/work/_temp/scanner-verification-il7_c53e/final/hybrid_backend.py,1,<module>,1,1,4.0516e-05,1.6209152938675237e-05,0.014501050000000001
/opt/hostedtoolcache/Python/3.11.16/x64/lib/python3.11/site-packages/httpx/_multipart.py,29,<listcomp>,1,1,4.0334000000000004e-05,1.6136340572330116e-05,0.00018721900000000002
/opt/hostedtoolcache/Python/3.11.16/x64/lib/python3.11/logging/__init__.py,237,_releaseLock,20,20,3.9814e-05,1.5928305239915484e-05,5.6808e-05
/opt/hostedtoolcache/Python/3.11.16/x64/lib/python3.11/email/header.py,1,<module>,1,1,3.9622e-05,1.5851492194100853e-05,0.0067661710000000005
<frozen importlib._bootstrap_external>,999,source_to_code,11,11,3.9546e-05,1.5821087030132558e-05,0.022792869
/opt/hostedtoolcache/Python/3.11.16/x64/lib/python3.11/enum.py,1377,_missing_,2,2,3.9377e-05,1.5753475547097804e-05,0.000124132
/opt/hostedtoolcache/Python/3.11.16/x64/lib/python3.11/asyncio/runners.py,86,run,1,1,3.9375e-05,1.5752675411203902e-05,180.958771129
/opt/hostedtoolcache/Python/3.11.16/x64/lib/python3.11/threading.py,839,<listcomp>,7,7,3.9277000000000004e-05,1.5713468752402684e-05,6.2156e-05
/opt/hostedtoolcache/Python/3.11.16/x64/lib/python3.11/argparse.py,1674,_add_action,11,11,3.9104000000000004e-05,1.5644256997580126e-05,0.00014853900000000002
/opt/hostedtoolcache/Python/3.11.16/x64/lib/python3.11/fractions.py,357,forward,12,12,3.8911e-05,1.556704388381854e-05,0.00026746800000000004
/opt/hostedtoolcache/Python/3.11.16/x64/lib/python3.11/dataclasses.py,410,<listcomp>,16,16,3.8861e-05,1.554704048647098e-05,3.8861e-05
/opt/hostedtoolcache/Python/3.11.16/x64/lib/python3.11/site-packages/httpx/_api.py,1,<module>,1,1,3.8733e-05,1.5495831789261227e-05,0.12230701000000001
/opt/hostedtoolcache/Python/3.11.16/x64/lib/python3.11/argparse.py,1986,consume_optional,6,6,3.8669000000000005e-05,1.5470227440656348e-05,0.000483532
/opt/hostedtoolcache/Python/3.11.16/x64/lib/python3.11/site-packages/httpx/_transports/asgi.py,1,<module>,1,1,3.8635000000000005e-05,1.545662513046001e-05,0.001771063
~,0,<built-in method _codecs.utf_8_decode>,12,12,3.8561000000000006e-05,1.542702010238562e-05,3.8561000000000006e-05
/opt/hostedtoolcache/Python/3.11.16/x64/lib/python3.11/pkgutil.py,407,get_importer,1,1,3.8413e-05,1.5367810046236838e-05,0.00017100900000000002
/opt/hostedtoolcache/Python/3.11.16/x64/lib/python3.11/tempfile.py,1,<module>,1,1,3.8190000000000005e-05,1.5278594894066718e-05,0.00023417700000000002
/home/runner/work/_temp/scanner-verification-il7_c53e/final/tiktok_worker_scanner.py,3340,__exit__,1,1,3.701e-05,1.480651471666429e-05,0.00028169400000000003
/opt/hostedtoolcache/Python/3.11.16/x64/lib/python3.11/importlib/resources/abc.py,1,<module>,1,1,3.688e-05,1.4754505883560633e-05,0.0008686200000000001
/opt/hostedtoolcache/Python/3.11.16/x64/lib/python3.11/re/_parser.py,265,getwhile,9,9,3.6567000000000004e-05,1.4629284616164907e-05,5.7876000000000006e-05
/opt/hostedtoolcache/Python/3.11.16/x64/lib/python3.11/dataclasses.py,1221,wrap,7,7,3.6305000000000006e-05,1.4524466814063689e-05,0.019056035000000002
/opt/hostedtoolcache/Python/3.11.16/x64/lib/python3.11/enum.py,1514,__or__,5,5,3.6288e-05,1.4517665658965518e-05,0.000258123
~,0,<built-in method math.gcd>,37,37,3.6276e-05,1.4512864843602104e-05,3.6276e-05
/opt/hostedtoolcache/Python/3.11.16/x64/lib/python3.11/locale.py,396,normalize,6,6,3.6165000000000004e-05,1.446845730149052e-05,5.7817000000000006e-05
/opt/hostedtoolcache/Python/3.11.16/x64/lib/python3.11/email/utils.py,1,<module>,1,1,3.5817e-05,1.4329233655951498e-05,0.0038136140000000003
/home/runner/work/_temp/scanner-verification-il7_c53e/final/tiktok_worker_scanner.py,1271,__init__,2,2,3.5796e-05,1.4320832229065521e-05,5.3610000000000003e-05
/opt/hostedtoolcache/Python/3.11.16/x64/lib/python3.11/email/errors.py,1,<module>,1,1,3.5444e-05,1.4180008311738696e-05,0.000391641
/opt/hostedtoolcache/Python/3.11.16/x64/lib/python3.11/argparse.py,2205,_match_argument,6,6,3.5385e-05,1.4156404302868573e-05,0.000136716
<frozen genericpath>,16,exists,12,12,3.5059000000000004e-05,1.4025982152162481e-05,8.1834e-05
/home/runner/work/_temp/scanner-verification-il7_c53e/final/tiktok_worker_scanner.py,1526,fill,3,3,3.4977e-05,1.3993176580512481e-05,0.00031756300000000004
/opt/hostedtoolcache/Python/3.11.16/x64/lib/python3.11/email/feedparser.py,1,<module>,1,1,3.4905000000000005e-05,1.3964371688331996e-05,0.016406744
/opt/hostedtoolcache/Python/3.11.16/x64/lib/python3.11/argparse.py,1599,_pop_action_class,11,11,3.4829e-05,1.39339665243637e-05,7.508200000000001e-05
/opt/hostedtoolcache/Python/3.11.16/x64/lib/python3.11/threading.py,283,_acquire_restore,15,15,3.4675e-05,1.3872356060533216e-05,5.2828e-05
/opt/hostedtoolcache/Python/3.11.16/x64/lib/python3.11/unittest/mock.py,420,__new__,1,1,3.4636000000000005e-05,1.385675341060212e-05,0.00020901
/opt/hostedtoolcache/Python/3.11.16/x64/lib/python3.11/enum.py,484,__prepare__,2,2,3.4635e-05,1.3856353342655168e-05,0.000178204
/opt/hostedtoolcache/Python/3.11.16/x64/lib/python3.11/enum.py,933,_check_for_existing_members_,6,6,3.4626000000000004e-05,1.3852752731132608e-05,5.2839e-05
/opt/hostedtoolcache/Python/3.11.16/x64/lib/python3.11/ssl.py,745,create_default_context,1,1,3.4565000000000005e-05,1.3828348586368582e-05,0.025209398
/opt/hostedtoolcache/Python/3.11.16/x64/lib/python3.11/argparse.py,1742,__init__,1,1,3.4542e-05,1.3819147023588704e-05,0.001286981
/opt/hostedtoolcache/Python/3.11.16/x64/lib/python3.11/inspect.py,2063,_signature_is_builtin,7,7,3.4493e-05,1.3799543694188095e-05,9.180600000000001e-05
/opt/hostedtoolcache/Python/3.11.16/x64/lib/python3.11/email/_policybase.py,1,<module>,1,1,3.4324000000000005e-05,1.373193221115334e-05,0.012114398
/opt/hostedtoolcache/Python/3.11.16/x64/lib/python3.11/http/__init__.py,1,<module>,1,1,3.4184000000000003e-05,1.3675922698580172e-05,0.0040589910000000005
/opt/hostedtoolcache/Python/3.11.16/x64/lib/python3.11/typing.py,1981,_caller,9,9,3.4168e-05,1.3669521611428952e-05,5.126600000000001e-05
/opt/hostedtoolcache/Python/3.11.16/x64/lib/python3.11/fractions.py,38,Fraction,1,1,3.3902e-05,1.3563103537539931e-05,5.2498000000000005e-05
/home/runner/work/_temp/scanner-verification-il7_c53e/final/scan_runtime.py,52,__init__,1,1,3.3877e-05,1.3553101838866149e-05,0.000138999
/opt/hostedtoolcache/Python/3.11.16/x64/lib/python3.11/site-packages/httpx/_transports/__init__.py,1,<module>,1,1,3.3575e-05,1.3432281318886884e-05,0.005750717000000001
/home/runner/work/_temp/scanner-verification-il7_c53e/final/avatar_cache.py,125,__init__,2,2,3.3503e-05,1.3403476426706397e-05,0.001759621
/opt/hostedtoolcache/Python/3.11.16/x64/lib/python3.11/argparse.py,2597,_get_formatter,11,11,3.3399e-05,1.3361869360223472e-05,0.000656594
/opt/hostedtoolcache/Python/3.11.16/x64/lib/python3.11/argparse.py,2475,_get_values,6,6,3.3194e-05,1.3279855431098472e-05,0.000224128
/opt/hostedtoolcache/Python/3.11.16/x64/lib/python3.11/site-packages/httpx/_urls.py,1,<module>,1,1,3.3032000000000005e-05,1.3215044423692379e-05,0.017432667000000002
/opt/hostedtoolcache/Python/3.11.16/x64/lib/python3.11/unittest/mock.py,1425,__enter__,1,1,3.2811e-05,1.312662940741616e-05,0.0018247740000000001
/home/runner/work/_temp/scanner-verification-il7_c53e/final/tests/benchmark_hybrid.py,156,<lambda>,3,3,3.2720000000000005e-05,1.30902232242436e-05,0.00118487
/opt/hostedtoolcache/Python/3.11.16/x64/lib/python3.11/threading.py,829,_maintain_shutdown_locks,7,7,3.2669e-05,1.3069819758949087e-05,0.000105066
/opt/hostedtoolcache/Python/3.11.16/x64/lib/python3.11/re/__init__.py,163,match,6,6,3.2621000000000005e-05,1.305061649749543e-05,6.0542000000000004e-05
/home/runner/work/_temp/scanner-verification-il7_c53e/final/tiktok_worker_scanner.py,3306,__enter__,1,1,3.2511e-05,1.3006609023330797e-05,0.00044481900000000005
<frozen zipimport>,401,_read_directory,1,1,3.243e-05,1.2974203519627747e-05,7.6643e-05
/opt/hostedtoolcache/Python/3.11.16/x64/lib/python3.11/pathlib.py,703,relative_to,3,3,3.2393e-05,1.2959401005590554e-05,0.00023282500000000003
/opt/hostedtoolcache/Python/3.11.16/x64/lib/python3.11/asyncio/selector_events.py,86,close,1,1,3.2388e-05,1.2957400665855797e-05,0.00019039500000000002
/opt/hostedtoolcache/Python/3.11.16/x64/lib/python3.11/pathlib.py,1230,exists,7,7,3.2147e-05,1.2860984290640556e-05,0.0003015
/opt/hostedtoolcache/Python/3.11.16/x64/lib/python3.11/threading.py,280,_release_save,15,15,3.2001e-05,1.2802574370385679e-05,4.5786000000000005e-05
/opt/hostedtoolcache/Python/3.11.16/x64/lib/python3.11/site-packages/httpx/_config.py,1,<module>,1,1,3.1889e-05,1.2757766760327142e-05,0.00011690800000000001
/opt/hostedtoolcache/Python/3.11.16/x64/lib/python3.11/logging/__init__.py,1447,__init__,7,7,3.1336e-05,1.2536529185663122e-05,5.8539e-05
/opt/hostedtoolcache/Python/3.11.16/x64/lib/python3.11/functools.py,668,<listcomp>,24,24,3.1285e-05,1.2516125720368613e-05,3.1285e-05
/opt/hostedtoolcache/Python/3.11.16/x64/lib/python3.11/enum.py,979,_find_data_type_,4,4,3.1175e-05,1.247211824620398e-05,4.7077000000000003e-05
/opt/hostedtoolcache/Python/3.11.16/x64/lib/python3.11/concurrent/futures/thread.py,123,__init__,3,3,3.0918000000000005e-05,1.236930078383752e-05,0.00010522500000000001
<frozen runpy>,91,_run_module_code,1,1,3.0844000000000005e-05,1.233969575576313e-05,185.500962742
/opt/hostedtoolcache/Python/3.11.16/x64/lib/python3.11/urllib/parse.py,857,__missing__,13,13,3.0735e-05,1.2296088349545447e-05,4.4102000000000006e-05
/opt/hostedtoolcache/Python/3.11.16/x64/lib/python3.11/email/message.py,1,<module>,1,1,3.0717000000000004e-05,1.2288887126500327e-05,0.00235329
/opt/hostedtoolcache/Python/3.11.16/x64/lib/python3.11/site-packages/httpx/_models.py,515,Response,1,1,3.0637000000000005e-05,1.225688169074423e-05,3.4083e-05
/opt/hostedtoolcache/Python/3.11.16/x64/lib/python3.11/logging/__init__.py,1378,_fixupParents,7,7,3.0636e-05,1.2256481622797276e-05,4.7687000000000006e-05
~,0,<method 'close' of '_io.TextIOWrapper' objects>,4,4,3.0625e-05,1.2252080875380813e-05,3.0625e-05
~,0,<method 'locked' of '_thread.lock' objects>,37,37,3.0374e-05,1.215166382069606e-05,3.0374e-05
/home/runner/work/_temp/scanner-verification-il7_c53e/final/hybrid_backend.py,430,__aexit__,3,3,3.0326e-05,1.21324605592424e-05,0.00024308400000000002
/opt/hostedtoolcache/Python/3.11.16/x64/lib/python3.11/inspect.py,3007,from_callable,7,7,3.0201e-05,1.20824520658735e-05,0.0038474750000000004
/opt/hostedtoolcache/Python/3.11.16/x64/lib/python3.11/inspect.py,1783,_is_type,14,14,2.9974e-05,1.1991636641915576e-05,5.2819000000000004e-05
/opt/hostedtoolcache/Python/3.11.16/x64/lib/python3.11/typing.py,1721,<genexpr>,28,28,2.9925000000000002e-05,1.1972033312514968e-05,2.9925000000000002e-05
/opt/hostedtoolcache/Python/3.11.16/x64/lib/python3.11/concurrent/futures/thread.py,1,<module>,1,1,2.9875e-05,1.1952029915167406e-05,0.000133108
/home/runner/work/_temp/scanner-verification-il7_c53e/final/hybrid_backend.py,165,factory,1,1,2.9843000000000002e-05,1.1939227740864967e-05,0.0009253960000000001
/opt/hostedtoolcache/Python/3.11.16/x64/lib/python3.11/contextlib.py,305,asynccontextmanager,6,6,2.9826000000000002e-05,1.1932426585766797e-05,0.000269873
/opt/hostedtoolcache/Python/3.11.16/x64/lib/python3.11/asyncio/runners.py,65,close,1,1,2.9804e-05,1.192362509093387e-05,0.0012253160000000002
/opt/hostedtoolcache/Python/3.11.16/x64/lib/python3.11/dataclasses.py,548,<dictcomp>,7,7,2.9615e-05,1.1848012248960092e-05,2.9615e-05
/home/runner/work/_temp/scanner-verification-il7_c53e/final/tests/benchmark_hybrid.py,135,<genexpr>,16,16,2.9595e-05,1.1840010890021066e-05,4.2548e-05
<frozen _collections_abc>,78,_check_methods,9,9,2.9535e-05,1.1816006813203994e-05,2.9535e-05
/opt/hostedtoolcache/Python/3.11.16/x64/lib/python3.11/datetime.py,515,_check_date_fields,5,5,2.9386000000000003e-05,1.1756396689108266e-05,4.771e-05
/home/runner/work/_temp/scanner-verification-il7_c53e/final/tests/benchmark_hybrid.py,135,<dictcomp>,2,2,2.9074000000000003e-05,1.1631575489659488e-05,7.1622e-05
/opt/hostedtoolcache/Python/3.11.16/x64/lib/python3.11/encodings/utf_8_sig.py,54,_buffer_decode,5,5,2.8962e-05,1.1586767879600951e-05,4.5724e-05
~,0,<built-in method _socket.socketpair>,1,1,2.8914e-05,1.1567564618147293e-05,2.8914e-05
<frozen importlib._bootstrap_external>,164,_path_isdir,11,11,2.8797000000000002e-05,1.1520756668354001e-05,0.00014064400000000002
/home/runner/work/_temp/scanner-verification-il7_c53e/final/tiktok_worker_scanner.py,1504,__aexit__,4,4,2.8414000000000003e-05,1.1367530644671688e-05,0.000196006
/opt/hostedtoolcache/Python/3.11.16/x64/lib/python3.11/site-packages/idna/__init__.py,1,<module>,1,1,2.8052000000000002e-05,1.122270604787535e-05,0.005100764000000001
/opt/hostedtoolcache/Python/3.11.16/x64/lib/python3.11/asyncio/base_events.py,181,_run_until_complete_cb,3,3,2.7885e-05,1.1155894700734499e-05,5.2108e-05
/opt/hostedtoolcache/Python/3.11.16/x64/lib/python3.11/typing.py,1636,copy_with,7,7,2.7861000000000003e-05,1.1146293070007669e-05,0.0006517350000000001
/opt/hostedtoolcache/Python/3.11.16/x64/lib/python3.11/importlib/resources/_itertools.py,1,<module>,1,1,2.7822000000000002e-05,1.1130690420076572e-05,0.000690377
/opt/hostedtoolcache/Python/3.11.16/x64/lib/python3.11/unittest/mock.py,1130,_increment_mock_call,1,1,2.7683000000000002e-05,1.1075080975450354e-05,7.430900000000001e-05
/home/runner/work/_temp/scanner-verification-il7_c53e/final/vendor/tiktok_sign.py,1,<module>,1,1,2.7591e-05,1.1038274724330841e-05,3.6297e-05
/home/runner/work/_temp/scanner-verification-il7_c53e/final/report_generator.py,1,<module>,1,1,2.7462000000000002e-05,1.0986665959174136e-05,0.004590332
~,0,<built-in method _operator.index>,35,35,2.7403000000000002e-05,1.0963061950304014e-05,2.7403000000000002e-05
/opt/hostedtoolcache/Python/3.11.16/x64/lib/python3.11/asyncio/base_events.py,390,__init__,1,1,2.7381e-05,1.0954260455471088e-05,7.0752e-05
/opt/hostedtoolcache/Python/3.11.16/x64/lib/python3.11/site-packages/httpx/_client.py,188,BaseClient,1,1,2.7360000000000002e-05,1.0945859028585113e-05,3.5055e-05
~,0,<built-in method posix.get_terminal_size>,11,11,2.7262e-05,1.0906652369783894e-05,2.7262e-05
<frozen os>,619,get_exec_path,1,1,2.7259e-05,1.090545216594304e-05,9.2732e-05
/home/runner/work/_temp/scanner-verification-il7_c53e/final/tests/benchmark_hybrid.py,133,process_io,2,2,2.7142000000000002e-05,1.085864421614975e-05,0.000392111
/opt/hostedtoolcache/Python/3.11.16/x64/lib/python3.11/asyncio/runners.py,160,run,1,1,2.7052e-05,1.082263810092414e-05,180.96048812200002
/opt/hostedtoolcache/Python/3.11.16/x64/lib/python3.11/typing.py,966,__init__,9,9,2.6931000000000004e-05,1.0774229879343045e-05,0.000405908
/opt/hostedtoolcache/Python/3.11.16/x64/lib/python3.11/collections/__init__.py,424,<genexpr>,27,27,2.6627e-05,1.0652609223469875e-05,2.6627e-05
<frozen importlib._bootstrap>,216,_lock_unlock_module,5,5,2.659e-05,1.063780670943268e-05,0.000121939
/opt/hostedtoolcache/Python/3.11.16/x64/lib/python3.11/platform.py,1119,python_version,1,1,2.6489e-05,1.0597399846790608e-05,5.7978000000000006e-05
/opt/hostedtoolcache/Python/3.11.16/x64/lib/python3.11/asyncio/selector_events.py,49,__init__,1,1,2.6479000000000002e-05,1.0593399167321098e-05,0.00034669700000000003
/home/runner/work/_temp/scanner-verification-il7_c53e/final/direct_protocol.py,1,<module>,1,1,2.6379000000000003e-05,1.0553392372625976e-05,0.007385817
/opt/hostedtoolcache/Python/3.11.16/x64/lib/python3.11/argparse.py,2531,_get_value,6,6,2.635e-05,1.054179040216439e-05,0.000179404
/opt/hostedtoolcache/Python/3.11.16/x64/lib/python3.11/datetime.py,1673,__new__,3,3,2.6221000000000002e-05,1.0490181637007684e-05,8.6401e-05
/opt/hostedtoolcache/Python/3.11.16/x64/lib/python3.11/typing.py,757,<genexpr>,28,28,2.6139e-05,1.0457376065357684e-05,2.6139e-05
/opt/hostedtoolcache/Python/3.11.16/x64/lib/python3.11/asyncio/tasks.py,764,_done_callback,3,3,2.6091e-05,1.0438172803904026e-05,8.0431e-05
/opt/hostedtoolcache/Python/3.11.16/x64/lib/python3.11/pathlib.py,281,_make_selector,2,4,2.5900000000000003e-05,1.0361759826036346e-05,0.0012952760000000002
/opt/hostedtoolcache/Python/3.11.16/x64/lib/python3.11/inspect.py,2426,_descriptor_get,7,7,2.5862e-05,1.0346557244052199e-05,5.1326e-05
/opt/hostedtoolcache/Python/3.11.16/x64/lib/python3.11/platform.py,1187,platform,1,1,2.5719000000000002e-05,1.0289347527638177e-05,0.001301697
/opt/hostedtoolcache/Python/3.11.16/x64/lib/python3.11/site-packages/httpx/_transports/wsgi.py,1,<module>,1,1,2.5488e-05,1.0196931831892445e-05,8.009e-05
/opt/hostedtoolcache/Python/3.11.16/x64/lib/python3.11/threading.py,1324,_make_invoke_excepthook,8,8,2.5439e-05,1.0177328502491837e-05,2.5439e-05
/opt/hostedtoolcache/Python/3.11.16/x64/lib/python3.11/queue.py,1,<module>,1,1,2.5408e-05,1.016492639613635e-05,0.000928863
/opt/hostedtoolcache/Python/3.11.16/x64/lib/python3.11/site-packages/certifi/core.py,1,<module>,1,1,2.5347000000000003e-05,1.0140522251372327e-05,0.005643679
/opt/hostedtoolcache/Python/3.11.16/x64/lib/python3.11/enum.py,943,_get_mixins_,4,4,2.5239e-05,1.0097314913101594e-05,0.000108202
~,0,<method 'insert' of 'list' objects>,23,23,2.5045e-05,1.0019701731393061e-05,2.5045e-05
/opt/hostedtoolcache/Python/3.11.16/x64/lib/python3.11/pathlib.py,260,compile_pattern,2,2,2.4906000000000002e-05,9.964092286766843e-06,0.0012304640000000001
/opt/hostedtoolcache/Python/3.11.16/x64/lib/python3.11/site-packages/httpx/_config.py,86,__init__,3,3,2.4746e-05,9.900081415254648e-06,4.0566000000000004e-05
/opt/hostedtoolcache/Python/3.11.16/x64/lib/python3.11/typing.py,1664,<genexpr>,15,15,2.4737e-05,9.896480803732087e-06,6.0175e-05
/home/runner/work/_temp/scanner-verification-il7_c53e/final/scan_statistics.py,14,__init__,1,1,2.4495000000000002e-05,9.799664360569896e-06,8.384600000000001e-05
/opt/hostedtoolcache/Python/3.11.16/x64/lib/python3.11/site-packages/httpx/_client.py,1353,__init__,1,1,2.4134000000000003e-05,9.65523983172051e-06,0.0008238970000000001
/opt/hostedtoolcache/Python/3.11.16/x64/lib/python3.11/sqlite3/__init__.py,1,<module>,1,1,2.4044000000000002e-05,9.619233716494899e-06,0.001959955
/opt/hostedtoolcache/Python/3.11.16/x64/lib/python3.11/email/charset.py,206,__init__,2,2,2.3962000000000002e-05,9.5864281448449e-06,3.875e-05
/opt/hostedtoolcache/Python/3.11.16/x64/lib/python3.11/email/charset.py,1,<module>,1,1,2.3793e-05,9.518816661810145e-06,0.001341292
/opt/hostedtoolcache/Python/3.11.16/x64/lib/python3.11/typing.py,2893,<dictcomp>,2,2,2.3784e-05,9.515216050287584e-06,0.000740953
/opt/hostedtoolcache/Python/3.11.16/x64/lib/python3.11/fractions.py,261,denominator,25,25,2.3694e-05,9.479209935061977e-06,2.3694e-05
/opt/hostedtoolcache/Python/3.11.16/x64/lib/python3.11/typing.py,925,__hash__,12,12,2.3663e-05,9.466807828706488e-06,3.4214e-05
<frozen runpy>,262,run_path,1,1,2.3624000000000003e-05,9.451205178775391e-06,185.504496503
/opt/hostedtoolcache/Python/3.11.16/x64/lib/python3.11/argparse.py,929,__init__,8,8,2.3591e-05,9.438002936526002e-06,3.5937000000000005e-05
/opt/hostedtoolcache/Python/3.11.16/x64/lib/python3.11/dataclasses.py,624,_cmp_fn,7,7,2.3581e-05,9.434002257056488e-06,0.000966432
/home/runner/work/_temp/scanner-verification-il7_c53e/final/avatar_cache.py,1,<module>,1,1,2.3514000000000002e-05,9.407197704610758e-06,0.001644578
/home/runner/work/_temp/scanner-verification-il7_c53e/final/tests/benchmark_hybrid.py,109,transport,1,1,2.3482e-05,9.394395530308318e-06,0.0008548140000000001
/opt/hostedtoolcache/Python/3.11.16/x64/lib/python3.11/datetime.py,528,_check_time_fields,5,5,2.3420000000000003e-05,9.369591317597344e-06,3.8801000000000003e-05
/opt/hostedtoolcache/Python/3.11.16/x64/lib/python3.11/inspect.py,3261,signature,7,7,2.3325e-05,9.331584862636978e-06,0.0038708
/home/runner/work/_temp/scanner-verification-il7_c53e/final/tiktok_worker_scanner.py,1574,trust_store,1,1,2.3234e-05,9.29517867946442e-06,0.038565473
/opt/hostedtoolcache/Python/3.11.16/x64/lib/python3.11/importlib/resources/_adapters.py,1,<module>,1,1,2.2971e-05,9.189960809416252e-06,0.00027337
/opt/hostedtoolcache/Python/3.11.16/x64/lib/python3.11/email/parser.py,1,<module>,1,1,2.2961000000000003e-05,9.185960129946738e-06,0.017053129
/opt/hostedtoolcache/Python/3.11.16/x64/lib/python3.11/argparse.py,597,format,11,11,2.2885000000000002e-05,9.155554965978447e-06,3.2431e-05
/opt/hostedtoolcache/Python/3.11.16/x64/lib/python3.11/threading.py,1206,daemon,15,15,2.2882000000000002e-05,9.154354762137594e-06,2.2882000000000002e-05
/opt/hostedtoolcache/Python/3.11.16/x64/lib/python3.11/email/_policybase.py,94,_append_doc,6,6,2.2842000000000003e-05,9.138352044259544e-06,4.0345e-05
<frozen runpy>,250,_get_code_from_file,1,1,2.2839000000000003e-05,9.137151840418691e-06,0.0033370440000000004
/opt/hostedtoolcache/Python/3.11.16/x64/lib/python3.11/inspect.py,3023,replace,7,7,2.2694e-05,9.079141988110765e-06,0.0005336760000000001
/opt/hostedtoolcache/Python/3.11.16/x64/lib/python3.11/weakref.py,427,__setitem__,7,7,2.2655000000000002e-05,9.063539338179668e-06,2.2655000000000002e-05
/opt/hostedtoolcache/Python/3.11.16/x64/lib/python3.11/fractions.py,257,numerator,25,25,2.2632000000000003e-05,9.054337775399791e-06,2.2632000000000003e-05
/opt/hostedtoolcache/Python/3.11.16/x64/lib/python3.11/site-packages/httpx/_transports/base.py,1,<module>,1,1,2.2462000000000003e-05,8.986326224418085e-06,0.00022955800000000001
/opt/hostedtoolcache/Python/3.11.16/x64/lib/python3.11/http/__init__.py,163,__new__,9,9,2.2322e-05,8.930316711844915e-06,3.1799000000000005e-05
/home/runner/work/_temp/scanner-verification-il7_c53e/final/hybrid_backend.py,140,__init__,1,1,2.23e-05,8.92151521701199e-06,0.000663948
/opt/hostedtoolcache/Python/3.11.16/x64/lib/python3.11/email/_encoded_words.py,1,<module>,1,1,2.2213000000000002e-05,8.886709305627233e-06,0.000638551
/opt/hostedtoolcache/Python/3.11.16/x64/lib/python3.11/site-packages/httpx/_models.py,1084,__init__,2,2,2.2111000000000002e-05,8.84590237503821e-06,6.2607e-05
/opt/hostedtoolcache/Python/3.11.16/x64/lib/python3.11/typing.py,1298,__mro_entries__,3,3,2.1852e-05,8.742284776777846e-06,3.8863000000000004e-05
/home/runner/work/_temp/scanner-verification-il7_c53e/final/tiktok_worker_scanner.py,761,_persist_locked,2,2,2.1842000000000002e-05,8.738284097308334e-06,0.002413783
/opt/hostedtoolcache/Python/3.11.16/x64/lib/python3.11/numbers.py,32,Complex,1,1,2.178e-05,8.713479884597359e-06,3.7630000000000004e-05
/opt/hostedtoolcache/Python/3.11.16/x64/lib/python3.11/gettext.py,519,translation,3,3,2.1700000000000002e-05,8.681474448841262e-06,0.0007545680000000001
/opt/hostedtoolcache/Python/3.11.16/x64/lib/python3.11/fractions.py,1,<module>,1,1,2.158e-05,8.633466295207118e-06,0.009069898
/home/runner/work/_temp/scanner-verification-il7_c53e/final/tiktok_worker_scanner.py,3095,statistics_summary,3,3,2.1569e-05,8.629065547790653e-06,0.000821512
~,0,<built-in method posix.pipe>,2,2,2.1510000000000002e-05,8.605461538920533e-06,2.1510000000000002e-05
/home/runner/work/_temp/scanner-verification-il7_c53e/final/tiktok_worker_scanner.py,3394,<setcomp>,2,2,2.093e-05,8.37342212968883e-06,2.093e-05
/opt/hostedtoolcache/Python/3.11.16/x64/lib/python3.11/platform.py,825,uname,2,2,2.091e-05,8.365420770749806e-06,3.8562e-05
/home/runner/work/_temp/scanner-verification-il7_c53e/final/avatar_cache.py,166,__init__,1,1,2.0719000000000003e-05,8.289007792882125e-06,0.0013037810000000002
/opt/hostedtoolcache/Python/3.11.16/x64/lib/python3.11/contextlib.py,558,__exit__,2,2,2.0659e-05,8.265003716065051e-06,3.3984000000000005e-05
/opt/hostedtoolcache/Python/3.11.16/x64/lib/python3.11/encodings/utf_8_sig.py,50,__init__,5,5,2.0637e-05,8.256202221232125e-06,4.2078e-05
/opt/hostedtoolcache/Python/3.11.16/x64/lib/python3.11/mimetypes.py,405,_default_mime_types,1,1,2.0628e-05,8.252601609709564e-06,2.0628e-05
/home/runner/work/_temp/scanner-verification-il7_c53e/final/tiktok_worker_scanner.py,3762,export_discoveries,1,1,2.061e-05,8.245400386664442e-06,0.037558225
/opt/hostedtoolcache/Python/3.11.16/x64/lib/python3.11/argparse.py,844,__init__,11,11,2.0601e-05,8.241799775141882e-06,2.0601e-05
/opt/hostedtoolcache/Python/3.11.16/x64/lib/python3.11/asyncio/locks.py,167,__init__,12,12,2.0479e-05,8.192991485613834e-06,2.0479e-05
/opt/hostedtoolcache/Python/3.11.16/x64/lib/python3.11/dataclasses.py,592,<listcomp>,7,7,2.0317000000000002e-05,8.128180478207737e-06,2.0317000000000002e-05
/opt/hostedtoolcache/Python/3.11.16/x64/lib/python3.11/dataclasses.py,603,<genexpr>,12,12,2.0226000000000003e-05,8.091774295035179e-06,2.9104e-05
/opt/hostedtoolcache/Python/3.11.16/x64/lib/python3.11/email/message.py,141,Message,1,1,2.0107000000000002e-05,8.044166209347985e-06,0.0005087290000000001
/opt/hostedtoolcache/Python/3.11.16/x64/lib/python3.11/urllib/parse.py,833,__getattr__,7,7,2.0067000000000003e-05,8.028163491469937e-06,2.0067000000000003e-05
/opt/hostedtoolcache/Python/3.11.16/x64/lib/python3.11/__future__.py,1,<module>,1,1,1.9904e-05,7.962952416116889e-06,4.7749e-05
/home/runner/work/_temp/scanner-verification-il7_c53e/final/report_generator.py,205,<dictcomp>,1,1,1.9755e-05,7.903342292021157e-06,3.5346000000000003e-05
/opt/hostedtoolcache/Python/3.11.16/x64/lib/python3.11/decimal.py,1,<module>,1,1,1.9697e-05,7.880138351097987e-06,0.0012189540000000002
~,0,<method 'setter' of 'property' objects>,16,16,1.9576000000000004e-05,7.831730129516893e-06,1.9576000000000004e-05
/home/runner/work/_temp/scanner-verification-il7_c53e/final/hybrid_backend.py,149,__aenter__,2,2,1.9556e-05,7.823728770577867e-06,0.00014726500000000002
/opt/hostedtoolcache/Python/3.11.16/x64/lib/python3.11/threading.py,575,is_set,16,16,1.9447000000000002e-05,7.780121364360187e-06,1.9447000000000002e-05
/opt/hostedtoolcache/Python/3.11.16/x64/lib/python3.11/unittest/mock.py,762,__setattr__,4,5,1.9437e-05,7.776120684890673e-06,5.1827000000000004e-05
/opt/hostedtoolcache/Python/3.11.16/x64/lib/python3.11/re/_compiler.py,391,_bytes_to_codes,2,2,1.9264e-05,7.706908930068113e-06,3.0977000000000005e-05
/opt/hostedtoolcache/Python/3.11.16/x64/lib/python3.11/importlib/resources/abc.py,56,Traversable,1,1,1.9195000000000002e-05,7.67930424172848e-06,0.00020847900000000002
/opt/hostedtoolcache/Python/3.11.16/x64/lib/python3.11/typing.py,2891,_make_nmtuple,2,2,1.9185e-05,7.675303562258968e-06,0.001154033
/opt/hostedtoolcache/Python/3.11.16/x64/lib/python3.11/dataclasses.py,1017,<listcomp>,7,7,1.9156e-05,7.663701591797384e-06,1.9156e-05
/opt/hostedtoolcache/Python/3.11.16/x64/lib/python3.11/random.py,493,<listcomp>,1,1,1.9152000000000002e-05,7.66210132000958e-06,3.3442e-05
~,0,<built-in method _sre.ascii_iscased>,22,22,1.9136e-05,7.65570023285836e-06,1.9136e-05
/opt/hostedtoolcache/Python/3.11.16/x64/lib/python3.11/argparse.py,2342,_get_nargs_pattern,6,6,1.9057e-05,7.624094865049213e-06,2.9867e-05
/opt/hostedtoolcache/Python/3.11.16/x64/lib/python3.11/functools.py,725,<listcomp>,1,7,1.9026e-05,7.611692758693726e-06,0.00017986600000000002
~,0,<method 'endswith' of 'bytes' objects>,19,19,1.9024000000000003e-05,7.610892622799824e-06,1.9024000000000003e-05
/opt/hostedtoolcache/Python/3.11.16/x64/lib/python3.11/enum.py,1357,_iter_member_by_value_,6,6,1.8871000000000003e-05,7.549682226916289e-06,3.3747e-05
/opt/hostedtoolcache/Python/3.11.16/x64/lib/python3.11/asyncio/queues.py,33,__init__,2,2,1.8825e-05,7.531279101356533e-06,2.729e-05
/opt/hostedtoolcache/Python/3.11.16/x64/lib/python3.11/asyncio/selector_events.py,105,_make_self_pipe,1,1,1.8784000000000002e-05,7.514876315531533e-06,0.000181198
/opt/hostedtoolcache/Python/3.11.16/x64/lib/python3.11/http/client.py,840,HTTPConnection,1,1,1.8755000000000003e-05,7.503274345069949e-06,1.8755000000000003e-05
/opt/hostedtoolcache/Python/3.11.16/x64/lib/python3.11/socket.py,651,socketpair,1,1,1.8714e-05,7.4868715592449485e-06,5.9762e-05
/opt/hostedtoolcache/Python/3.11.16/x64/lib/python3.11/argparse.py,588,_metavar_formatter,11,11,1.8678e-05,7.472469113154705e-06,2.1783e-05
/opt/hostedtoolcache/Python/3.11.16/x64/lib/python3.11/fractions.py,277,_operator_fallbacks,7,7,1.8596e-05,7.439663541504705e-06,1.8596e-05
/home/runner/work/_temp/scanner-verification-il7_c53e/final/tiktok_worker_scanner.py,582,__init__,1,1,1.8544e-05,7.418860008263243e-06,0.00121699
/opt/hostedtoolcache/Python/3.11.16/x64/lib/python3.11/numbers.py,147,Real,1,1,1.8543000000000002e-05,7.418459940316292e-06,2.8693e-05
/opt/hostedtoolcache/Python/3.11.16/x64/lib/python3.11/numbers.py,1,<module>,1,1,1.8542e-05,7.41805987236934e-06,0.00032109900000000004
/opt/hostedtoolcache/Python/3.11.16/x64/lib/python3.11/asyncio/selector_events.py,265,_add_reader,1,1,1.8384000000000002e-05,7.3548491367510495e-06,9.8233e-05
/opt/hostedtoolcache/Python/3.11.16/x64/lib/python3.11/site-packages/httpx/_client.py,594,Client,1,1,1.8346e-05,7.339646554766903e-06,5.313e-05
/home/runner/work/_temp/scanner-verification-il7_c53e/final/scan_runtime.py,30,runtime_ceiling,1,1,1.8294e-05,7.31884302152544e-06,0.000838945
/opt/hostedtoolcache/Python/3.11.16/x64/lib/python3.11/subprocess.py,417,check_output,1,1,1.8294e-05,7.31884302152544e-06,0.001148762
/home/runner/work/_temp/scanner-verification-il7_c53e/final/backend_metrics.py,10,__init__,1,1,1.8273000000000003e-05,7.310441594639465e-06,6.1284e-05
/opt/hostedtoolcache/Python/3.11.16/x64/lib/python3.11/zipfile.py,1246,ZipFile,1,1,1.8214000000000002e-05,7.286837585769344e-06,1.9817e-05
/opt/hostedtoolcache/Python/3.11.16/x64/lib/python3.11/site-packages/httpx/_transports/mock.py,1,<module>,1,1,1.8185e-05,7.275235615307758e-06,0.00043532200000000003
/opt/hostedtoolcache/Python/3.11.16/x64/lib/python3.11/subprocess.py,1282,_close_pipe_fds,1,1,1.8144e-05,7.258832829482759e-06,6.8568e-05
~,0,<method 'values' of 'mappingproxy' objects>,16,16,1.8134e-05,7.254832150013246e-06,1.8134e-05
/opt/hostedtoolcache/Python/3.11.16/x64/lib/python3.11/urllib/request.py,317,Request,1,1,1.8115000000000002e-05,7.247230859021174e-06,2.2713e-05
/opt/hostedtoolcache/Python/3.11.16/x64/lib/python3.11/platform.py,1002,_sys_version,1,1,1.8014e-05,7.206823996379101e-06,3.1489e-05
/opt/hostedtoolcache/Python/3.11.16/x64/lib/python3.11/asyncio/events.py,754,_init_event_loop_policy,1,1,1.7954e-05,7.182819919562029e-06,4.1758e-05
/opt/hostedtoolcache/Python/3.11.16/x64/lib/python3.11/secrets.py,1,<module>,1,1,1.7804e-05,7.122809727519347e-06,0.001714178
/opt/hostedtoolcache/Python/3.11.16/x64/lib/python3.11/functools.py,732,_compose_mro,1,1,1.7773e-05,7.1104076211638595e-06,0.000259865
/opt/hostedtoolcache/Python/3.11.16/x64/lib/python3.11/tempfile.py,361,mkdtemp,1,1,1.7713e-05,7.086403544346788e-06,0.00028160500000000004
/opt/hostedtoolcache/Python/3.11.16/x64/lib/python3.11/site-packages/certifi/core.py,21,where,1,1,1.7654e-05,7.062799535476665e-06,0.0053104450000000004
<frozen codecs>,260,__init__,12,12,1.7645e-05,7.059198923954105e-06,1.7645e-05
~,0,<function socket.close at 0x7fe5e1e67ba0>,2,2,1.7543e-05,7.018391993365081e-06,1.7543e-05
<frozen importlib._bootstrap_external>,1220,__init__,13,13,1.7443000000000002e-05,6.978385198669961e-06,1.7443000000000002e-05
/opt/hostedtoolcache/Python/3.11.16/x64/lib/python3.11/dataclasses.py,1204,dataclass,7,7,1.7433e-05,6.974384519200449e-06,0.015128229000000002
/opt/hostedtoolcache/Python/3.11.16/x64/lib/python3.11/pathlib.py,736,is_relative_to,3,3,1.7293e-05,6.918375006627278e-06,0.000250118
/opt/hostedtoolcache/Python/3.11.16/x64/lib/python3.11/http/cookiejar.py,1246,CookieJar,1,1,1.7202000000000002e-05,6.881968823454719e-06,0.0019786210000000003
/home/runner/work/_temp/scanner-verification-il7_c53e/final/scan_runtime.py,1,<module>,1,1,1.7124e-05,6.850763523592524e-06,0.0007465120000000001
/opt/hostedtoolcache/Python/3.11.16/x64/lib/python3.11/dataclasses.py,1043,<listcomp>,7,7,1.7112e-05,6.84596270822911e-06,1.7112e-05
/opt/hostedtoolcache/Python/3.11.16/x64/lib/python3.11/email/_policybase.py,104,<genexpr>,10,10,1.7033e-05,6.814357340419964e-06,2.1731000000000003e-05
/opt/hostedtoolcache/Python/3.11.16/x64/lib/python3.11/unittest/mock.py,1102,__init__,1,1,1.7001000000000002e-05,6.801555166117525e-06,0.001038778
/opt/hostedtoolcache/Python/3.11.16/x64/lib/python3.11/argparse.py,1652,__init__,2,2,1.6851000000000002e-05,6.741544974074844e-06,0.000145251
/opt/hostedtoolcache/Python/3.11.16/x64/lib/python3.11/subprocess.py,1688,_get_handles,1,1,1.6851000000000002e-05,6.741544974074844e-06,7.619300000000001e-05
~,0,<built-in method _sre.ascii_tolower>,21,21,1.6752e-05,6.701938247326674e-06,1.6752e-05
/opt/hostedtoolcache/Python/3.11.16/x64/lib/python3.11/numbers.py,294,Integral,1,1,1.6709000000000002e-05,6.684735325607772e-06,3.1709000000000004e-05
/home/runner/work/_temp/scanner-verification-il7_c53e/final/tiktok_worker_scanner.py,3437,_set_control,3,3,1.6642e-05,6.657930773162041e-06,9.3855e-05
/opt/hostedtoolcache/Python/3.11.16/x64/lib/python3.11/http/cookiejar.py,1261,__init__,2,2,1.6610000000000002e-05,6.645128598859603e-06,2.9094000000000003e-05
/opt/hostedtoolcache/Python/3.11.16/x64/lib/python3.11/gettext.py,578,dgettext,3,3,1.6502000000000002e-05,6.6019212605888724e-06,0.000773855
/opt/hostedtoolcache/Python/3.11.16/x64/lib/python3.11/datetime.py,1336,__new__,2,2,1.6472e-05,6.589919222180336e-06,3.8292000000000005e-05
/opt/hostedtoolcache/Python/3.11.16/x64/lib/python3.11/functools.py,800,singledispatch,1,1,1.62e-05,6.4811007406096065e-06,4.5455000000000004e-05
/opt/hostedtoolcache/Python/3.11.16/x64/lib/python3.11/argparse.py,1612,_check_conflict,11,11,1.6109e-05,6.444694557437046e-06,1.6109e-05
/opt/hostedtoolcache/Python/3.11.16/x64/lib/python3.11/site-packages/httpx/_models.py,328,__delitem__,2,2,1.593e-05,6.37308239493278e-06,3.7811e-05
/opt/hostedtoolcache/Python/3.11.16/x64/lib/python3.11/site-packages/httpx/_client.py,1307,AsyncClient,1,1,1.59e-05,6.3610803565242425e-06,4.9653e-05
/opt/hostedtoolcache/Python/3.11.16/x64/lib/python3.11/typing.py,1552,__mro_entries__,3,3,1.5818e-05,6.328274784874243e-06,5.8478000000000005e-05
/home/runner/work/_temp/scanner-verification-il7_c53e/final/direct_protocol.py,52,__init__,1,1,1.581e-05,6.325074241298633e-06,6.5151e-05
/opt/hostedtoolcache/Python/3.11.16/x64/lib/python3.11/platform.py,753,from_subprocess,1,1,1.5679e-05,6.272665340248026e-06,0.001166244
/home/runner/work/_temp/scanner-verification-il7_c53e/final/hybrid_backend.py,52,__init__,1,1,1.5641e-05,6.25746275826388e-06,4.3482e-05
/opt/hostedtoolcache/Python/3.11.16/x64/lib/python3.11/signal.py,56,signal,2,2,1.5631e-05,6.253462078794367e-06,4.1187000000000004e-05
/opt/hostedtoolcache/Python/3.11.16/x64/lib/python3.11/http/client.py,258,HTTPResponse,1,1,1.5549e-05,6.220656507144368e-06,1.5549e-05
/home/runner/work/_temp/scanner-verification-il7_c53e/final/tiktok_worker_scanner.py,3433,_control,3,3,1.5428000000000002e-05,6.172248285563272e-06,6.732500000000001e-05
~,0,<built-in method _abc._abc_register>,5,5,1.5366e-05,6.147444072852297e-06,0.00011104600000000001
/opt/hostedtoolcache/Python/3.11.16/x64/lib/python3.11/typing.py,723,Optional,2,2,1.5306e-05,6.1234399960352225e-06,0.000492748
/opt/hostedtoolcache/Python/3.11.16/x64/lib/python3.11/dataclasses.py,599,_frozen_get_del_attr,2,2,1.526e-05,6.1050368704754685e-06,0.000563631
/opt/hostedtoolcache/Python/3.11.16/x64/lib/python3.11/selectors.py,347,__init__,1,1,1.5219000000000001e-05,6.088634084650469e-06,2.2242e-05
/opt/hostedtoolcache/Python/3.11.16/x64/lib/python3.11/site-packages/httpx/_utils.py,1,<module>,1,1,1.5208e-05,6.084233337234006e-06,3.804e-05
~,0,<built-in method posix.urandom>,2,2,1.5189000000000001e-05,6.076632046241933e-06,1.5189000000000001e-05
/opt/hostedtoolcache/Python/3.11.16/x64/lib/python3.11/tempfile.py,682,SpooledTemporaryFile,1,1,1.5148000000000001e-05,6.060229260416933e-06,1.5148000000000001e-05
/opt/hostedtoolcache/Python/3.11.16/x64/lib/python3.11/unittest/mock.py,2107,__init__,1,1,1.5077000000000002e-05,6.031824436183397e-06,0.0014618270000000002
<frozen io>,61,__getattr__,5,5,1.5030000000000002e-05,6.013021242676691e-06,1.5030000000000002e-05
/opt/hostedtoolcache/Python/3.11.16/x64/lib/python3.11/enum.py,1008,_find_new_,2,2,1.4969e-05,5.9886170979126655e-06,3.0447000000000002e-05
/opt/hostedtoolcache/Python/3.11.16/x64/lib/python3.11/statistics.py,1170,NormalDist,1,1,1.4938000000000002e-05,5.9762149915571795e-06,1.4938000000000002e-05
/opt/hostedtoolcache/Python/3.11.16/x64/lib/python3.11/http/client.py,1573,ResponseNotReady,1,1,1.4937000000000001e-05,5.975814923610228e-06,1.4937000000000001e-05
<frozen abc>,146,update_abstractmethods,7,7,1.4621000000000001e-05,5.849393452373645e-06,2.2815e-05
/opt/hostedtoolcache/Python/3.11.16/x64/lib/python3.11/statistics.py,414,mean,1,1,1.4617e-05,5.84779318058584e-06,0.017356685
~,0,<method 'isalnum' of 'str' objects>,13,13,1.4566e-05,5.827389715291329e-06,1.4566e-05
/opt/hostedtoolcache/Python/3.11.16/x64/lib/python3.11/functools.py,818,dispatch,1,1,1.4457e-05,5.783782309073647e-06,0.0002948
/opt/hostedtoolcache/Python/3.11.16/x64/lib/python3.11/argparse.py,2243,_parse_optional,12,12,1.4426e-05,5.771380202718159e-06,1.4426e-05
/opt/hostedtoolcache/Python/3.11.16/x64/lib/python3.11/inspect.py,3015,parameters,15,15,1.4425000000000002e-05,5.770980134771209e-06,1.4425000000000002e-05
/opt/hostedtoolcache/Python/3.11.16/x64/lib/python3.11/random.py,235,_randbelow_with_getrandbits,1,1,1.4307e-05,5.723772117030965e-06,3.8582000000000004e-05
~,0,<built-in method posix.waitpid>,1,1,1.4186000000000001e-05,5.675363895449868e-06,1.4186000000000001e-05
/opt/hostedtoolcache/Python/3.11.16/x64/lib/python3.11/signal.py,36,_enum_to_int,4,4,1.4165e-05,5.666962468563893e-06,1.4165e-05
/opt/hostedtoolcache/Python/3.11.16/x64/lib/python3.11/inspect.py,310,ismethoddescriptor,7,7,1.3953e-05,5.582148063810236e-06,3.1406000000000004e-05
/home/runner/work/_temp/scanner-verification-il7_c53e/final/scan_runtime.py,147,__aexit__,2,2,1.3945000000000001e-05,5.578947520234627e-06,0.000323735
/opt/hostedtoolcache/Python/3.11.16/x64/lib/python3.11/dataclasses.py,1052,<listcomp>,7,7,1.3908000000000001e-05,5.564145006197433e-06,1.3908000000000001e-05
/opt/hostedtoolcache/Python/3.11.16/x64/lib/python3.11/platform.py,543,_platform,1,1,1.3864000000000001e-05,5.5465420165315785e-06,4.6977e-05
/opt/hostedtoolcache/Python/3.11.16/x64/lib/python3.11/asyncio/tasks.py,707,__init__,3,3,1.3806000000000001e-05,5.523338075608409e-06,1.668e-05
/opt/hostedtoolcache/Python/3.11.16/x64/lib/python3.11/pathlib.py,304,__init__,2,4,1.3774e-05,5.510535901305969e-06,0.0012727530000000002
/opt/hostedtoolcache/Python/3.11.16/x64/lib/python3.11/logging/__init__.py,202,_checkLevel,7,7,1.3759000000000002e-05,5.504534882101702e-06,1.9267e-05
/opt/hostedtoolcache/Python/3.11.16/x64/lib/python3.11/asyncio/selector_events.py,97,_close_self_pipe,1,1,1.3746e-05,5.499333998791336e-06,0.000104345
/home/runner/work/_temp/scanner-verification-il7_c53e/final/tiktok_worker_scanner.py,1252,summary,1,1,1.3734000000000001e-05,5.494533183427921e-06,3.1027e-05
/opt/hostedtoolcache/Python/3.11.16/x64/lib/python3.11/importlib/readers.py,1,<module>,1,1,1.3585000000000001e-05,5.434923059332191e-06,0.0041011
<frozen os>,773,getenv,5,5,1.3576e-05,5.43132244780963e-06,9.105e-05
/opt/hostedtoolcache/Python/3.11.16/x64/lib/python3.11/datetime.py,893,date,1,1,1.3565000000000001e-05,5.426921700393167e-06,1.3565000000000001e-05
/opt/hostedtoolcache/Python/3.11.16/x64/lib/python3.11/unittest/mock.py,1571,__exit__,1,1,1.3535e-05,5.4149196619846306e-06,2.6019000000000003e-05
/opt/hostedtoolcache/Python/3.11.16/x64/lib/python3.11/contextlib.py,521,callback,2,2,1.3495e-05,5.398916944106582e-06,2.3043000000000003e-05
/opt/hostedtoolcache/Python/3.11.16/x64/lib/python3.11/threading.py,429,__init__,3,3,1.3494000000000002e-05,5.398516876159632e-06,3.9113e-05
/opt/hostedtoolcache/Python/3.11.16/x64/lib/python3.11/functools.py,852,register,2,2,1.3486000000000001e-05,5.395316332584022e-06,5.0624e-05
/opt/hostedtoolcache/Python/3.11.16/x64/lib/python3.11/platform.py,796,__iter__,1,1,1.3466000000000001e-05,5.387314973644997e-06,0.0012152760000000002
/opt/hostedtoolcache/Python/3.11.16/x64/lib/python3.11/asyncio/runners.py,131,_lazy_init,2,2,1.3455e-05,5.382914226228534e-06,0.00043989
/opt/hostedtoolcache/Python/3.11.16/x64/lib/python3.11/selectors.py,180,get_key,2,2,1.3425000000000001e-05,5.370912187819998e-06,4.7779000000000005e-05
/opt/hostedtoolcache/Python/3.11.16/x64/lib/python3.11/asyncio/base_events.py,565,shutdown_default_executor,2,2,1.3424e-05,5.370512119873046e-06,0.00021826700000000002
/opt/hostedtoolcache/Python/3.11.16/x64/lib/python3.11/http/cookiejar.py,92,<listcomp>,1,1,1.3394000000000001e-05,5.35851008146451e-06,2.3254e-05
/opt/hostedtoolcache/Python/3.11.16/x64/lib/python3.11/email/_policybase.py,112,Policy,1,1,1.3374000000000001e-05,5.350508722525486e-06,1.8815000000000002e-05
/opt/hostedtoolcache/Python/3.11.16/x64/lib/python3.11/http/client.py,108,<dictcomp>,1,1,1.3335e-05,5.334906072594389e-06,1.3335e-05
/opt/hostedtoolcache/Python/3.11.16/x64/lib/python3.11/argparse.py,206,__init__,11,11,1.3284e-05,5.314502607299876e-06,1.3284e-05
/opt/hostedtoolcache/Python/3.11.16/x64/lib/python3.11/inspect.py,3019,return_annotation,14,14,1.3266000000000001e-05,5.307301384254755e-06,1.3266000000000001e-05
/opt/hostedtoolcache/Python/3.11.16/x64/lib/python3.11/argparse.py,1475,add_argument_group,2,2,1.3266000000000001e-05,5.307301384254755e-06,0.000176992
/opt/hostedtoolcache/Python/3.11.16/x64/lib/python3.11/importlib/resources/_adapters.py,146,_reader,1,1,1.3233e-05,5.294099142005365e-06,0.004813779000000001
~,0,<built-in method sys.getrecursionlimit>,14,14,1.3218000000000001e-05,5.2880981228010975e-06,1.3218000000000001e-05
/opt/hostedtoolcache/Python/3.11.16/x64/lib/python3.11/enum.py,1367,_iter_member_by_def_,6,6,1.3165e-05,5.266894521612682e-06,6.7636e-05
/home/runner/work/_temp/scanner-verification-il7_c53e/final/tiktok_worker_scanner.py,696,_profiles_locked,2,2,1.3164000000000001e-05,5.266494453665732e-06,1.8524e-05
~,0,<built-in method builtins.globals>,15,15,1.3076000000000002e-05,5.2312884743340254e-06,1.3076000000000002e-05
/opt/hostedtoolcache/Python/3.11.16/x64/lib/python3.11/unittest/mock.py,1119,__call__,1,1,1.3074e-05,5.2304883384401225e-06,0.0027462320000000004
/opt/hostedtoolcache/Python/3.11.16/x64/lib/python3.11/dataclasses.py,1046,<listcomp>,7,7,1.3053e-05,5.222086911554148e-06,1.3053e-05
/opt/hostedtoolcache/Python/3.11.16/x64/lib/python3.11/uuid.py,85,UUID,1,1,1.2854000000000001e-05,5.142473390110857e-06,1.4537000000000002e-05
/opt/hostedtoolcache/Python/3.11.16/x64/lib/python3.11/inspect.py,505,isbuiltin,7,7,1.2847e-05,5.139672914482199e-06,1.8634e-05
~,0,<built-in method sys.set_asyncgen_hooks>,6,6,1.2793000000000001e-05,5.118069245346833e-06,1.2793000000000001e-05
/opt/hostedtoolcache/Python/3.11.16/x64/lib/python3.11/dataclasses.py,397,<genexpr>,7,7,1.2763000000000001e-05,5.1060672069382965e-06,1.2763000000000001e-05
/opt/hostedtoolcache/Python/3.11.16/x64/lib/python3.11/functools.py,981,__get__,1,1,1.2753000000000001e-05,5.1020665274687845e-06,0.00120181
/opt/hostedtoolcache/Python/3.11.16/x64/lib/python3.11/functools.py,774,_find_impl,1,1,1.2663e-05,5.066060412243176e-06,0.00027459200000000004
/opt/hostedtoolcache/Python/3.11.16/x64/lib/python3.11/encodings/utf_8_sig.py,1,<module>,1,1,1.2643e-05,5.058059053304151e-06,8.6692e-05
/home/runner/work/_temp/scanner-verification-il7_c53e/final/rate_limit_control.py,39,attach,1,1,1.2634000000000001e-05,5.05445844178159e-06,1.6210000000000002e-05
<frozen abc>,110,register,5,5,1.2597000000000002e-05,5.0396559277443955e-06,0.000123643
/opt/hostedtoolcache/Python/3.11.16/x64/lib/python3.11/signal.py,62,getsignal,2,2,1.2582e-05,5.033654908540128e-06,2.4265000000000002e-05
/opt/hostedtoolcache/Python/3.11.16/x64/lib/python3.11/enum.py,772,__getattr__,3,3,1.2473e-05,4.990047502322445e-06,2.2232e-05
/opt/hostedtoolcache/Python/3.11.16/x64/lib/python3.11/site-packages/httpx/_models.py,1079,Cookies,1,1,1.2442e-05,4.977645395966958e-06,4.5995e-05
~,0,<method 'items' of 'mappingproxy' objects>,11,11,1.2442e-05,4.977645395966958e-06,1.2442e-05
/opt/hostedtoolcache/Python/3.11.16/x64/lib/python3.11/site-packages/certifi/__init__.py,1,<module>,1,1,1.2423000000000001e-05,4.9700441049748855e-06,0.006890585
/opt/hostedtoolcache/Python/3.11.16/x64/lib/python3.11/unittest/mock.py,436,__init__,1,1,1.2415e-05,4.966843561399275e-06,0.000986631
/opt/hostedtoolcache/Python/3.11.16/x64/lib/python3.11/importlib/resources/abc.py,14,ResourceReader,1,1,1.2413000000000001e-05,4.966043425505373e-06,0.00013009300000000002
/home/runner/work/_temp/scanner-verification-il7_c53e/final/tiktok_worker_scanner.py,1982,__init__,4,4,1.2404e-05,4.962442813982812e-06,2.4927e-05
/opt/hostedtoolcache/Python/3.11.16/x64/lib/python3.11/selectors.py,69,__getitem__,2,2,1.2404e-05,4.962442813982812e-06,2.9916000000000003e-05
/opt/hostedtoolcache/Python/3.11.16/x64/lib/python3.11/subprocess.py,1165,communicate,1,1,1.2384e-05,4.954441455043787e-06,9.2281e-05
/opt/hostedtoolcache/Python/3.11.16/x64/lib/python3.11/pathlib.py,349,__init__,2,2,1.2354e-05,4.942439416635251e-06,0.001247877
~,0,<method 'disable' of '_lsprof.Profiler' objects>,9,9,1.2322000000000002e-05,4.929637242332813e-06,1.2322000000000002e-05
~,0,<built-in method sys._getframe>,12,12,1.23e-05,4.920835747499886e-06,1.23e-05
/home/runner/work/_temp/scanner-verification-il7_c53e/final/tiktok_worker_scanner.py,1092,__init__,3,3,1.2292e-05,4.917635203924276e-06,2.0417e-05
/home/runner/work/_temp/scanner-verification-il7_c53e/final/backend_metrics.py,1,<module>,1,1,1.2233000000000001e-05,4.894031195054155e-06,8.084100000000001e-05
/home/runner/work/_temp/scanner-verification-il7_c53e/final/tiktok_worker_scanner.py,1447,WorkerApiClient,1,1,1.2162000000000001e-05,4.865626370820619e-06,1.2162000000000001e-05
/opt/hostedtoolcache/Python/3.11.16/x64/lib/python3.11/tempfile.py,154,__next__,1,1,1.2103e-05,4.842022361950498e-06,9.4336e-05
<frozen _collections_abc>,907,pop,2,2,1.2102e-05,4.841622294003547e-06,8.615000000000001e-05
~,0,<built-in method _asyncio._set_running_loop>,6,6,1.2092e-05,4.837621614534035e-06,1.2092e-05
/opt/hostedtoolcache/Python/3.11.16/x64/lib/python3.11/pathlib.py,1141,unlink,2,2,1.2003e-05,4.802015567255376e-06,6.114400000000001e-05
/opt/hostedtoolcache/Python/3.11.16/x64/lib/python3.11/argparse.py,958,__call__,6,6,1.1923000000000001e-05,4.77001013149928e-06,1.7773e-05
/opt/hostedtoolcache/Python/3.11.16/x64/lib/python3.11/dataclasses.py,327,__set_name__,5,5,1.1900000000000001e-05,4.760808568719402e-06,1.9244e-05
/opt/hostedtoolcache/Python/3.11.16/x64/lib/python3.11/inspect.py,3197,bind_partial,1,1,1.1883000000000001e-05,4.754007413621232e-06,0.000170368
/home/runner/work/_temp/scanner-verification-il7_c53e/final/scan_statistics.py,1,<module>,1,1,1.1841e-05,4.73720455984928e-06,4.5695e-05
/opt/hostedtoolcache/Python/3.11.16/x64/lib/python3.11/selectors.py,234,register,1,1,1.1841e-05,4.73720455984928e-06,2.0608e-05
/opt/hostedtoolcache/Python/3.11.16/x64/lib/python3.11/subprocess.py,2021,_wait,2,2,1.1821e-05,4.7292032009102565e-06,3.9332e-05
/opt/hostedtoolcache/Python/3.11.16/x64/lib/python3.11/selectors.py,215,_fileobj_lookup,4,4,1.1773e-05,4.709999939456598e-06,2.4686e-05
/home/runner/work/_temp/scanner-verification-il7_c53e/final/tiktok_worker_scanner.py,3356,DurableScanState,1,1,1.1753e-05,4.701998580517574e-06,1.1753e-05
/opt/hostedtoolcache/Python/3.11.16/x64/lib/python3.11/asyncio/selector_events.py,281,_remove_reader,1,1,1.1752e-05,4.701598512570622e-06,5.7397000000000006e-05
/home/runner/work/_temp/scanner-verification-il7_c53e/final/hybrid_backend.py,549,create_client,1,1,1.1672000000000001e-05,4.669593076814526e-06,0.002615117
<frozen posixpath>,150,dirname,2,2,1.1554000000000002e-05,4.622385059074284e-06,2.3244000000000003e-05
/opt/hostedtoolcache/Python/3.11.16/x64/lib/python3.11/site-packages/httpx/_models.py,139,Headers,1,1,1.1552e-05,4.621584923180381e-06,1.3034000000000001e-05
/opt/hostedtoolcache/Python/3.11.16/x64/lib/python3.11/__future__.py,83,__init__,10,10,1.1544e-05,4.618384379604771e-06,1.1544e-05
/opt/hostedtoolcache/Python/3.11.16/x64/lib/python3.11/site-packages/httpx/_urls.py,15,URL,1,1,1.1521e-05,4.609182816824893e-06,1.1521e-05
/opt/hostedtoolcache/Python/3.11.16/x64/lib/python3.11/unittest/mock.py,1176,_execute_mock_call,1,1,1.1410000000000001e-05,4.564775274713309e-06,0.0026523560000000002
/opt/hostedtoolcache/Python/3.11.16/x64/lib/python3.11/urllib/request.py,1699,URLopener,1,1,1.1402e-05,4.561574731137699e-06,1.1402e-05
~,0,<built-in method builtins.dir>,1,1,1.1381e-05,4.553173304251723e-06,1.1381e-05
/opt/hostedtoolcache/Python/3.11.16/x64/lib/python3.11/dataclasses.py,845,_hash_add,2,2,1.1339000000000001e-05,4.5363704504797735e-06,0.000219699
<frozen importlib._bootstrap>,1192,_gcd_import,1,1,1.129e-05,4.516767121079164e-06,2.6219e-05
~,0,<method 'rsplit' of 'str' objects>,6,6,1.1273e-05,4.509965965980993e-06,1.1273e-05
/home/runner/work/_temp/scanner-verification-il7_c53e/final/hybrid_backend.py,396,<dictcomp>,1,1,1.1252e-05,4.501564539095017e-06,0.0006752
/opt/hostedtoolcache/Python/3.11.16/x64/lib/python3.11/dataclasses.py,346,__init__,7,7,1.1143e-05,4.457957132877335e-06,1.1143e-05
/opt/hostedtoolcache/Python/3.11.16/x64/lib/python3.11/subprocess.py,1259,wait,2,2,1.1011e-05,4.405148163879776e-06,5.0343e-05
/opt/hostedtoolcache/Python/3.11.16/x64/lib/python3.11/asyncio/events.py,803,set_event_loop,2,2,1.093e-05,4.372742660176728e-06,3.1719e-05
/opt/hostedtoolcache/Python/3.11.16/x64/lib/python3.11/platform.py,549,<genexpr>,6,6,1.0861e-05,4.345137971837095e-06,1.4898e-05
/opt/hostedtoolcache/Python/3.11.16/x64/lib/python3.11/site-packages/httpx/_main.py,1,<module>,1,1,1.0811e-05,4.325134574489534e-06,0.000641277
/opt/hostedtoolcache/Python/3.11.16/x64/lib/python3.11/importlib/resources/_common.py,47,get_package,1,1,1.0789000000000001e-05,4.316333079656607e-06,6.6103e-05
<frozen _collections_abc>,156,__subclasshook__,4,4,1.077e-05,4.308731788664534e-06,2.1360000000000002e-05
/opt/hostedtoolcache/Python/3.11.16/x64/lib/python3.11/pathlib.py,313,select_from,2,2,1.0729e-05,4.292329002839535e-06,6.7816e-05
<frozen os>,760,decode,4,4,1.0671e-05,4.269125061916365e-06,1.5681e-05
/opt/hostedtoolcache/Python/3.11.16/x64/lib/python3.11/site-packages/httpx/_models.py,334,<listcomp>,2,2,1.0609000000000001e-05,4.244320849205389e-06,1.6471000000000002e-05
<frozen codecs>,94,__new__,2,2,1.058e-05,4.2327188787438044e-06,1.3395000000000001e-05
/opt/hostedtoolcache/Python/3.11.16/x64/lib/python3.11/pathlib.py,1046,read_bytes,1,1,1.0529e-05,4.212315413449293e-06,8.1321e-05
/opt/hostedtoolcache/Python/3.11.16/x64/lib/python3.11/typing.py,2076,<genexpr>,10,10,1.0528e-05,4.211915345502341e-06,1.0528e-05
/opt/hostedtoolcache/Python/3.11.16/x64/lib/python3.11/datetime.py,2293,timezone,1,1,1.0519e-05,4.208314733979781e-06,0.00011850100000000001
~,0,<built-in method _struct.calcsize>,5,5,1.045e-05,4.180710045640146e-06,1.045e-05
/opt/hostedtoolcache/Python/3.11.16/x64/lib/python3.11/asyncio/unix_events.py,67,close,1,1,1.044e-05,4.176709366170634e-06,0.00020356
/opt/hostedtoolcache/Python/3.11.16/x64/lib/python3.11/asyncio/base_events.py,1939,_set_coroutine_origin_tracking,6,6,1.0439000000000001e-05,4.176309298223684e-06,1.0439000000000001e-05
/opt/hostedtoolcache/Python/3.11.16/x64/lib/python3.11/random.py,800,getrandbits,1,1,1.0408000000000001e-05,4.1639071918681965e-06,2.3013e-05
/opt/hostedtoolcache/Python/3.11.16/x64/lib/python3.11/sqlite3/dbapi2.py,54,register_adapters_and_converters,1,1,1.0389e-05,4.156305900876123e-06,1.6741e-05
/opt/hostedtoolcache/Python/3.11.16/x64/lib/python3.11/pathlib.py,1070,write_text,1,1,1.0318e-05,4.127901076642587e-06,0.000133429
/opt/hostedtoolcache/Python/3.11.16/x64/lib/python3.11/site-packages/httpx/_client.py,305,headers,1,1,1.0279000000000001e-05,4.11229842671149e-06,0.000318244
/home/runner/work/_temp/scanner-verification-il7_c53e/final/tiktok_worker_scanner.py,1540,take,1,1,1.026e-05,4.1046971357194166e-06,0.10492314700000001
~,0,<method 'difference_update' of 'set' objects>,7,7,1.0241e-05,4.097095844727344e-06,1.0241e-05
/home/runner/work/_temp/scanner-verification-il7_c53e/final/tests/benchmark_hybrid.py,108,factory,1,1,1.02e-05,4.080693058902345e-06,0.00262727
/opt/hostedtoolcache/Python/3.11.16/x64/lib/python3.11/encodings/utf_8_sig.py,121,getregentry,1,1,1.0169e-05,4.068290952546857e-06,1.6902000000000002e-05
/home/runner/work/_temp/scanner-verification-il7_c53e/final/tests/benchmark_hybrid.py,183,<dictcomp>,1,1,1.0130000000000001e-05,4.05268830261576e-06,1.6901e-05
/opt/hostedtoolcache/Python/3.11.16/x64/lib/python3.11/email/_parseaddr.py,1,<module>,1,1,1.0128e-05,4.051888166721857e-06,0.0012907670000000002
/opt/hostedtoolcache/Python/3.11.16/x64/lib/python3.11/asyncio/base_events.py,664,close,1,1,1.0110000000000001e-05,4.044686943676736e-06,1.9537000000000003e-05
/opt/hostedtoolcache/Python/3.11.16/x64/lib/python3.11/random.py,103,Random,1,1,1.0099000000000001e-05,4.040286196260273e-06,1.0099000000000001e-05
/opt/hostedtoolcache/Python/3.11.16/x64/lib/python3.11/datetime.py,923,__new__,2,2,1.0098e-05,4.0398861283133214e-06,3.3172e-05
/home/runner/work/_temp/scanner-verification-il7_c53e/final/rate_limit_control.py,1,<module>,1,1,1.0058000000000001e-05,4.023883410435273e-06,5.0594000000000004e-05
/opt/hostedtoolcache/Python/3.11.16/x64/lib/python3.11/socket.py,220,__init__,2,2,9.979e-06,3.992278042626127e-06,9.979e-06
/opt/hostedtoolcache/Python/3.11.16/x64/lib/python3.11/urllib/error.py,1,<module>,1,1,9.909000000000001e-06,3.964273286339543e-06,0.0006862200000000001
/opt/hostedtoolcache/Python/3.11.16/x64/lib/python3.11/pathlib.py,380,__init__,2,2,9.909000000000001e-06,3.964273286339543e-06,0.0012826620000000002
/opt/hostedtoolcache/Python/3.11.16/x64/lib/python3.11/email/encoders.py,1,<module>,1,1,9.898e-06,3.959872538923079e-06,0.0008190780000000001
/opt/hostedtoolcache/Python/3.11.16/x64/lib/python3.11/selectors.py,351,register,1,1,9.799e-06,3.920265812174909e-06,3.5957e-05
/opt/hostedtoolcache/Python/3.11.16/x64/lib/python3.11/site-packages/httpx/_client.py,1978,aclose,1,1,9.769e-06,3.9082637737663735e-06,1.1692000000000001e-05
/opt/hostedtoolcache/Python/3.11.16/x64/lib/python3.11/signal.py,24,_int_to_enum,4,4,9.768e-06,3.907863705819422e-06,1.5158000000000001e-05
/opt/hostedtoolcache/Python/3.11.16/x64/lib/python3.11/zipfile.py,2358,Path,1,1,9.738e-06,3.895861667410886e-06,9.738e-06
/opt/hostedtoolcache/Python/3.11.16/x64/lib/python3.11/email/base64mime.py,1,<module>,1,1,9.729000000000001e-06,3.892261055888325e-06,9.729000000000001e-06
/opt/hostedtoolcache/Python/3.11.16/x64/lib/python3.11/http/cookiejar.py,874,DefaultCookiePolicy,1,1,9.718e-06,3.887860308471861e-06,9.718e-06
/opt/hostedtoolcache/Python/3.11.16/x64/lib/python3.11/datetime.py,1311,time,1,1,9.638e-06,3.8558548727157644e-06,9.638e-06
/opt/hostedtoolcache/Python/3.11.16/x64/lib/python3.11/asyncio/base_events.py,697,is_running,9,9,9.606000000000001e-06,3.843052698413326e-06,9.606000000000001e-06
/opt/hostedtoolcache/Python/3.11.16/x64/lib/python3.11/functools.py,841,_is_union_type,1,1,9.598e-06,3.839852154837716e-06,1.7913e-05
/opt/hostedtoolcache/Python/3.11.16/x64/lib/python3.11/hashlib.py,82,__get_builtin_constructor,2,2,9.518000000000001e-06,3.8078467190816196e-06,0.000577858
/opt/hostedtoolcache/Python/3.11.16/x64/lib/python3.11/unittest/mock.py,1280,__init__,1,1,9.488000000000001e-06,3.795844680673083e-06,1.7643e-05
/opt/hostedtoolcache/Python/3.11.16/x64/lib/python3.11/unittest/mock.py,150,_callable,2,2,9.447000000000001e-06,3.7794418948480836e-06,1.5259e-05
/opt/hostedtoolcache/Python/3.11.16/x64/lib/python3.11/asyncio/unix_events.py,1440,set_event_loop,2,2,9.439e-06,3.7762413512724733e-06,1.8515e-05
/opt/hostedtoolcache/Python/3.11.16/x64/lib/python3.11/selectors.py,21,_fileobj_to_fd,4,4,9.415e-06,3.7666397205456444e-06,1.2913000000000002e-05
/opt/hostedtoolcache/Python/3.11.16/x64/lib/python3.11/typing.py,1049,<genexpr>,9,9,9.358000000000001e-06,3.7438358475694257e-06,9.358000000000001e-06
/opt/hostedtoolcache/Python/3.11.16/x64/lib/python3.11/importlib/resources/_common.py,59,from_package,1,1,9.287000000000001e-06,3.7154310233358897e-06,0.004847802
/opt/hostedtoolcache/Python/3.11.16/x64/lib/python3.11/urllib/response.py,1,<module>,1,1,9.278e-06,3.7118304118133283e-06,7.6272e-05
<frozen os>,1081,__subclasshook__,3,3,9.267000000000001e-06,3.7074296643968657e-06,1.7663e-05
/opt/hostedtoolcache/Python/3.11.16/x64/lib/python3.11/unittest/mock.py,2486,__new__,2,2,9.227e-06,3.691426946518817e-06,1.4667e-05
<frozen importlib._bootstrap_external>,1136,get_resource_reader,1,1,9.157e-06,3.6634221902322325e-06,0.004791898
/opt/hostedtoolcache/Python/3.11.16/x64/lib/python3.11/logging/__init__.py,801,addFilter,4,4,9.118e-06,3.6478195403011344e-06,1.2714e-05
/home/runner/work/_temp/scanner-verification-il7_c53e/final/scan_statistics.py,13,ScanStatistics,1,1,9.097000000000001e-06,3.63941811341516e-06,9.097000000000001e-06
/opt/hostedtoolcache/Python/3.11.16/x64/lib/python3.11/enum.py,117,_iter_bits_lsb,6,6,9.076000000000001e-06,3.631016686529184e-06,1.1220000000000001e-05
/opt/hostedtoolcache/Python/3.11.16/x64/lib/python3.11/platform.py,736,get,1,1,9.046000000000001e-06,3.619014648120648e-06,0.0011776850000000001
/opt/hostedtoolcache/Python/3.11.16/x64/lib/python3.11/argparse.py,2105,<listcomp>,6,6,9.036000000000001e-06,3.6150139686511362e-06,9.036000000000001e-06
/opt/hostedtoolcache/Python/3.11.16/x64/lib/python3.11/importlib/resources/readers.py,16,__init__,1,1,9.028e-06,3.6118134250755263e-06,0.00010657900000000001
/opt/hostedtoolcache/Python/3.11.16/x64/lib/python3.11/logging/__init__.py,764,__init__,4,4,9.016e-06,3.6070126097121114e-06,1.2523e-05
/opt/hostedtoolcache/Python/3.11.16/x64/lib/python3.11/bisect.py,1,<module>,1,1,8.997e-06,3.5994113187200385e-06,0.0006188340000000001
/opt/hostedtoolcache/Python/3.11.16/x64/lib/python3.11/urllib/error.py,35,HTTPError,1,1,8.986e-06,3.595010571303575e-06,1.0499e-05
/home/runner/work/_temp/scanner-verification-il7_c53e/final/hybrid_backend.py,422,__aenter__,2,2,8.977e-06,3.5914099597810146e-06,0.00015714300000000002
/opt/hostedtoolcache/Python/3.11.16/x64/lib/python3.11/asyncio/locks.py,229,__init__,1,1,8.916e-06,3.5670058150169906e-06,1.0579e-05
/opt/hostedtoolcache/Python/3.11.16/x64/lib/python3.11/http/cookiejar.py,884,__init__,2,2,8.906e-06,3.5630051355474786e-06,8.906e-06
/opt/hostedtoolcache/Python/3.11.16/x64/lib/python3.11/gettext.py,616,gettext,3,3,8.906e-06,3.5630051355474786e-06,0.0007827610000000001
/opt/hostedtoolcache/Python/3.11.16/x64/lib/python3.11/platform.py,914,system,1,1,8.867e-06,3.5474024856163814e-06,4.5896e-05
/opt/hostedtoolcache/Python/3.11.16/x64/lib/python3.11/site-packages/httpx/_client.py,234,_enforce_trailing_slash,1,1,8.826e-06,3.530999699791381e-06,1.5038e-05
/opt/hostedtoolcache/Python/3.11.16/x64/lib/python3.11/selectors.py,365,unregister,1,1,8.807e-06,3.5233984087993087e-06,2.3063000000000003e-05
/opt/hostedtoolcache/Python/3.11.16/x64/lib/python3.11/calendar.py,54,<listcomp>,1,1,8.806e-06,3.5229983408523573e-06,8.806e-06
/opt/hostedtoolcache/Python/3.11.16/x64/lib/python3.11/re/_parser.py,903,_parse_flags,2,2,8.787e-06,3.5153970498602844e-06,1.5309000000000002e-05
/opt/hostedtoolcache/Python/3.11.16/x64/lib/python3.11/unittest/mock.py,1085,_try_iter,1,1,8.756e-06,3.502994943504797e-06,2.159e-05
/opt/hostedtoolcache/Python/3.11.16/x64/lib/python3.11/unittest/mock.py,53,_is_async_obj,1,1,8.736e-06,3.4949935845657727e-06,0.000109073
~,0,<built-in method maketrans>,2,2,8.706000000000001e-06,3.482991546157237e-06,8.706000000000001e-06
/home/runner/work/_temp/scanner-verification-il7_c53e/final/scan_runtime.py,160,__init__,2,2,8.655000000000001e-06,3.4625880808627247e-06,1.1711e-05
/opt/hostedtoolcache/Python/3.11.16/x64/lib/python3.11/unittest/mock.py,1620,_patch_object,1,1,8.576e-06,3.430982713053579e-06,2.6219e-05
/opt/hostedtoolcache/Python/3.11.16/x64/lib/python3.11/unittest/mock.py,68,_is_instance_mock,4,4,8.525e-06,3.4105792477590675e-06,1.2202000000000001e-05
/opt/hostedtoolcache/Python/3.11.16/x64/lib/python3.11/asyncio/base_events.py,578,_do_shutdown,1,1,8.497e-06,3.3993773452444333e-06,0.00026118800000000003
/opt/hostedtoolcache/Python/3.11.16/x64/lib/python3.11/weakref.py,104,__init__,1,1,8.496000000000001e-06,3.3989772772974827e-06,1.7924e-05
/opt/hostedtoolcache/Python/3.11.16/x64/lib/python3.11/zipfile.py,2274,CompleteDirs,1,1,8.366000000000001e-06,3.346968444193825e-06,8.366000000000001e-06
/opt/hostedtoolcache/Python/3.11.16/x64/lib/python3.11/numbers.py,283,__float__,1,1,8.317e-06,3.3273651147932154e-06,1.0129e-05
/home/runner/work/_temp/scanner-verification-il7_c53e/final/rate_limit_control.py,22,__init__,1,1,8.234000000000001e-06,3.2941594751962654e-06,1.1631000000000001e-05
/opt/hostedtoolcache/Python/3.11.16/x64/lib/python3.11/concurrent/futures/__init__.py,40,__getattr__,1,1,8.135000000000001e-06,3.2545527484480955e-06,0.0006697890000000001
~,0,<method 'seek' of '_io.BufferedReader' objects>,4,4,8.135000000000001e-06,3.2545527484480955e-06,8.135000000000001e-06
/opt/hostedtoolcache/Python/3.11.16/x64/lib/python3.11/dataclasses.py,638,_hash_fn,2,2,8.065e-06,3.2265479921615105e-06,0.000179215
/opt/hostedtoolcache/Python/3.11.16/x64/lib/python3.11/site-packages/httpx/_client.py,125,ClientState,1,1,8.046e-06,3.2189467011694376e-06,0.000150902
/opt/hostedtoolcache/Python/3.11.16/x64/lib/python3.11/asyncio/events.py,686,set_event_loop,2,2,8.044000000000001e-06,3.2181465652755356e-06,9.076000000000001e-06
/opt/hostedtoolcache/Python/3.11.16/x64/lib/python3.11/argparse.py,1603,_get_handler,3,3,8.037000000000001e-06,3.2153460896468767e-06,1.2244e-05
/opt/hostedtoolcache/Python/3.11.16/x64/lib/python3.11/zipfile.py,833,ZipExtFile,1,1,8.025e-06,3.2105452742834622e-06,8.025e-06
/opt/hostedtoolcache/Python/3.11.16/x64/lib/python3.11/weakref.py,367,__init__,2,2,7.955000000000001e-06,3.1825405179968777e-06,7.955000000000001e-06
/opt/hostedtoolcache/Python/3.11.16/x64/lib/python3.11/logging/__init__.py,795,__init__,7,7,7.936e-06,3.1749392270048043e-06,7.936e-06
/opt/hostedtoolcache/Python/3.11.16/x64/lib/python3.11/email/_policybase.py,279,Compat32,1,1,7.905e-06,3.1625371206493166e-06,7.905e-06
/opt/hostedtoolcache/Python/3.11.16/x64/lib/python3.11/enum.py,360,__init__,2,2,7.875e-06,3.1505350822407807e-06,7.875e-06
/opt/hostedtoolcache/Python/3.11.16/x64/lib/python3.11/uuid.py,721,uuid4,1,1,7.855e-06,3.1425337233017568e-06,2.8013e-05
/opt/hostedtoolcache/Python/3.11.16/x64/lib/python3.11/tempfile.py,143,rng,1,1,7.846e-06,3.138933111779196e-06,3.9794000000000006e-05
<frozen runpy>,65,_run_code,1,1,7.836000000000001e-06,3.1349324323096835e-06,185.50090746
/opt/hostedtoolcache/Python/3.11.16/x64/lib/python3.11/calendar.py,150,Calendar,1,1,7.814e-06,3.1261309374767566e-06,7.814e-06
/opt/hostedtoolcache/Python/3.11.16/x64/lib/python3.11/quopri.py,1,<module>,1,1,7.785000000000001e-06,3.114528967015172e-06,7.785000000000001e-06
/opt/hostedtoolcache/Python/3.11.16/x64/lib/python3.11/datetime.py,573,timedelta,1,1,7.724000000000001e-06,3.090124822251148e-06,7.724000000000001e-06
/opt/hostedtoolcache/Python/3.11.16/x64/lib/python3.11/email/iterators.py,1,<module>,1,1,7.713e-06,3.0857240748346847e-06,1.0088e-05
/opt/hostedtoolcache/Python/3.11.16/x64/lib/python3.11/tempfile.py,86,_infer_return_type,1,1,7.695e-06,3.078522851789563e-06,6.2427e-05
/opt/hostedtoolcache/Python/3.11.16/x64/lib/python3.11/fractions.py,500,_div,1,1,7.695e-06,3.078522851789563e-06,1.4868e-05
/home/runner/work/_temp/scanner-verification-il7_c53e/final/tiktok_worker_scanner.py,202,ListExportResult,1,1,7.685e-06,3.0745221723200505e-06,1.2554e-05
/opt/hostedtoolcache/Python/3.11.16/x64/lib/python3.11/warnings.py,182,_add_filter,1,1,7.655e-06,3.062520133911514e-06,1.1511e-05
~,0,<built-in method posix.uname>,1,1,7.655e-06,3.062520133911514e-06,7.655e-06
/opt/hostedtoolcache/Python/3.11.16/x64/lib/python3.11/platform.py,778,uname_result,1,1,7.624e-06,3.050118027556027e-06,1.0479e-05
/opt/hostedtoolcache/Python/3.11.16/x64/lib/python3.11/email/header.py,175,Header,1,1,7.614e-06,3.046117348086515e-06,7.614e-06
/opt/hostedtoolcache/Python/3.11.16/x64/lib/python3.11/pathlib.py,578,__eq__,1,1,7.5840000000000006e-06,3.0341153096779786e-06,2.0118000000000003e-05
/opt/hostedtoolcache/Python/3.11.16/x64/lib/python3.11/importlib/resources/_common.py,17,files,1,1,7.565e-06,3.0265140186859052e-06,0.004921470000000001
/opt/hostedtoolcache/Python/3.11.16/x64/lib/python3.11/socket.py,495,_real_close,2,2,7.505e-06,3.0025099418688326e-06,2.5048e-05
~,0,<method '__init_subclass__' of 'object' objects>,8,8,7.4920000000000004e-06,2.997309058558467e-06,7.4920000000000004e-06
/home/runner/work/_temp/scanner-verification-il7_c53e/final/tiktok_worker_scanner.py,3446,close,1,1,7.4530000000000005e-06,2.98170640862737e-06,0.0024330190000000002
/opt/hostedtoolcache/Python/3.11.16/x64/lib/python3.11/importlib/resources/_adapters.py,42,CompatibilityFiles,1,1,7.415e-06,2.9665038266432237e-06,0.00016581
/opt/hostedtoolcache/Python/3.11.16/x64/lib/python3.11/encodings/utf_8.py,33,getregentry,1,1,7.384000000000001e-06,2.9541017202877364e-06,1.4046e-05
/home/runner/work/_temp/scanner-verification-il7_c53e/final/tiktok_worker_scanner.py,1089,CredentialRedactor,1,1,7.382000000000001e-06,2.9533015843938343e-06,0.001189397
/opt/hostedtoolcache/Python/3.11.16/x64/lib/python3.11/platform.py,792,processor,1,1,7.364e-06,2.946100361348712e-06,0.0011862110000000002
/opt/hostedtoolcache/Python/3.11.16/x64/lib/python3.11/importlib/resources/abc.py,131,TraversableResources,1,1,7.332e-06,2.9332981870462737e-06,0.00011016500000000001
/opt/hostedtoolcache/Python/3.11.16/x64/lib/python3.11/argparse.py,2076,consume_positionals,1,1,7.2440000000000004e-06,2.898092207714567e-06,1.2003e-05
~,0,<built-in method math.floor>,8,8,7.235e-06,2.894491596192006e-06,7.235e-06
/opt/hostedtoolcache/Python/3.11.16/x64/lib/python3.11/datetime.py,2313,_create,3,3,7.204000000000001e-06,2.8820894898365185e-06,1.0079000000000001e-05
/opt/hostedtoolcache/Python/3.11.16/x64/lib/python3.11/functools.py,723,<listcomp>,7,7,7.185000000000001e-06,2.8744881988444456e-06,7.185000000000001e-06
/opt/hostedtoolcache/Python/3.11.16/x64/lib/python3.11/asyncio/locks.py,346,__init__,5,5,7.173000000000001e-06,2.869687383481031e-06,7.173000000000001e-06
/opt/hostedtoolcache/Python/3.11.16/x64/lib/python3.11/pathlib.py,440,__getitem__,1,1,7.164e-06,2.8660867719584702e-06,2.2883e-05
/opt/hostedtoolcache/Python/3.11.16/x64/lib/python3.11/site-packages/httpx/_urls.py,420,QueryParams,1,1,7.143e-06,2.8576853450724944e-06,7.143e-06
/opt/hostedtoolcache/Python/3.11.16/x64/lib/python3.11/tempfile.py,230,_get_candidate_names,1,1,7.143e-06,2.8576853450724944e-06,9.708000000000001e-06
/opt/hostedtoolcache/Python/3.11.16/x64/lib/python3.11/zipfile.py,363,ZipInfo,1,1,7.133e-06,2.853684665602983e-06,7.133e-06
~,0,<built-in method _hashlib.openssl_sha3_224>,1,1,7.123e-06,2.8496839861334705e-06,7.123e-06
/opt/hostedtoolcache/Python/3.11.16/x64/lib/python3.11/functools.py,904,wrapper,1,1,7.094e-06,2.8380820156718852e-06,0.000311802
/opt/hostedtoolcache/Python/3.11.16/x64/lib/python3.11/random.py,480,choices,1,1,7.043e-06,2.817678550377374e-06,4.1417e-05
/opt/hostedtoolcache/Python/3.11.16/x64/lib/python3.11/importlib/resources/_adapters.py,165,wrap_spec,2,2,7.033e-06,2.8136778709078616e-06,1.58e-05
/opt/hostedtoolcache/Python/3.11.16/x64/lib/python3.11/socket.py,499,close,2,2,7.032000000000001e-06,2.8132778029609106e-06,3.2080000000000005e-05
/opt/hostedtoolcache/Python/3.11.16/x64/lib/python3.11/warnings.py,467,__enter__,1,1,6.973000000000001e-06,2.7896737940907894e-06,8.336000000000001e-06
/opt/hostedtoolcache/Python/3.11.16/x64/lib/python3.11/argparse.py,1873,parse_args,1,1,6.973000000000001e-06,2.7896737940907894e-06,0.00071308
/opt/hostedtoolcache/Python/3.11.16/x64/lib/python3.11/asyncio/runners.py,62,__exit__,1,1,6.953e-06,2.781672435151765e-06,0.001232269
/opt/hostedtoolcache/Python/3.11.16/x64/lib/python3.11/fractions.py,369,reverse,1,1,6.9130000000000006e-06,2.7656697172737164e-06,7.582200000000001e-05
/opt/hostedtoolcache/Python/3.11.16/x64/lib/python3.11/importlib/resources/_common.py,42,resolve,1,1,6.783e-06,2.713660884170059e-06,4.2199e-05
/opt/hostedtoolcache/Python/3.11.16/x64/lib/python3.11/concurrent/futures/thread.py,118,ThreadPoolExecutor,1,1,6.762000000000001e-06,2.705259457284084e-06,6.762000000000001e-06
/opt/hostedtoolcache/Python/3.11.16/x64/lib/python3.11/urllib/request.py,2144,FancyURLopener,1,1,6.762000000000001e-06,2.705259457284084e-06,6.762000000000001e-06
/opt/hostedtoolcache/Python/3.11.16/x64/lib/python3.11/site-packages/httpx/_auth.py,175,DigestAuth,1,1,6.7430000000000005e-06,2.697658166292011e-06,6.7430000000000005e-06
/opt/hostedtoolcache/Python/3.11.16/x64/lib/python3.11/functools.py,724,<listcomp>,7,7,6.732e-06,2.693257418875547e-06,6.732e-06
/home/runner/work/_temp/scanner-verification-il7_c53e/final/report_generator.py,206,<dictcomp>,1,1,6.6920000000000005e-06,2.677254700997499e-06,6.6920000000000005e-06
/opt/hostedtoolcache/Python/3.11.16/x64/lib/python3.11/importlib/__init__.py,108,import_module,1,1,6.6820000000000006e-06,2.6732540215279873e-06,3.4314000000000004e-05
~,0,<built-in method time.get_clock_info>,1,1,6.6820000000000006e-06,2.6732540215279873e-06,6.6820000000000006e-06
/home/runner/work/_temp/scanner-verification-il7_c53e/final/scan_runtime.py,211,close,2,2,6.671e-06,2.6688532741115234e-06,9.547e-06
/home/runner/work/_temp/scanner-verification-il7_c53e/final/tiktok_worker_scanner.py,3732,all_complete,1,1,6.663e-06,2.665652730535914e-06,0.000210182
~,0,<method 'rfind' of 'bytes' objects>,2,2,6.652e-06,2.6612519831194505e-06,6.652e-06
~,0,<built-in method _hashlib.openssl_sha1>,1,1,6.642e-06,2.657251303649938e-06,6.642e-06
/opt/hostedtoolcache/Python/3.11.16/x64/lib/python3.11/contextlib.py,398,__enter__,1,1,6.632e-06,2.6532506241804266e-06,1.0069000000000001e-05
~,0,<method 'count' of 'list' objects>,6,6,6.622e-06,2.6492499447109142e-06,6.622e-06
/opt/hostedtoolcache/Python/3.11.16/x64/lib/python3.11/asyncio/coroutines.py,11,_is_debug_mode,1,1,6.612e-06,2.6452492652414023e-06,2.8443000000000002e-05
/opt/hostedtoolcache/Python/3.11.16/x64/lib/python3.11/importlib/resources/_adapters.py,12,__init__,2,2,6.572000000000001e-06,2.6292465473633536e-06,8.767000000000001e-06
/opt/hostedtoolcache/Python/3.11.16/x64/lib/python3.11/argparse.py,2557,_check_value,6,6,6.553000000000001e-06,2.6216452563712807e-06,6.553000000000001e-06
/opt/hostedtoolcache/Python/3.11.16/x64/lib/python3.11/platform.py,161,libc_ver,1,1,6.542e-06,2.6172445089548177e-06,1.1230000000000001e-05
/opt/hostedtoolcache/Python/3.11.16/x64/lib/python3.11/tempfile.py,857,TemporaryDirectory,1,1,6.542e-06,2.6172445089548177e-06,6.542e-06
/opt/hostedtoolcache/Python/3.11.16/x64/lib/python3.11/weakref.py,369,remove,3,3,6.513e-06,2.6056425384932324e-06,6.513e-06
/opt/hostedtoolcache/Python/3.11.16/x64/lib/python3.11/contextlib.py,403,__exit__,1,1,6.502000000000001e-06,2.6012417910767694e-06,9.638e-06
/opt/hostedtoolcache/Python/3.11.16/x64/lib/python3.11/weakref.py,289,update,1,1,6.463000000000001e-06,2.5856391411456717e-06,9.428e-06
/opt/hostedtoolcache/Python/3.11.16/x64/lib/python3.11/unittest/mock.py,74,_is_exception,2,2,6.441000000000001e-06,2.5768376463127453e-06,9.978e-06
/opt/hostedtoolcache/Python/3.11.16/x64/lib/python3.11/argparse.py,987,__init__,2,2,6.431000000000001e-06,2.5728369668432334e-06,1.6601000000000003e-05
/home/runner/work/_temp/scanner-verification-il7_c53e/final/tests/benchmark_hybrid.py,147,<genexpr>,2,2,6.402000000000001e-06,2.561234996381648e-06,9.278e-06
~,0,<built-in method _functools.reduce>,1,1,6.401e-06,2.5608349284346966e-06,8.125000000000001e-06
/opt/hostedtoolcache/Python/3.11.16/x64/lib/python3.11/importlib/resources/_adapters.py,28,get_resource_reader,1,1,6.372e-06,2.5492329579731114e-06,0.0048288770000000005
/opt/hostedtoolcache/Python/3.11.16/x64/lib/python3.11/importlib/resources/_adapters.py,151,_native,1,1,6.3320000000000005e-06,2.5332302400950635e-06,0.004821323000000001
/opt/hostedtoolcache/Python/3.11.16/x64/lib/python3.11/datetime.py,51,_days_in_month,5,5,6.302e-06,2.5212282016865268e-06,6.302e-06
/opt/hostedtoolcache/Python/3.11.16/x64/lib/python3.11/asyncio/runners.py,49,__init__,1,1,6.2520000000000004e-06,2.5012248043389666e-06,6.2520000000000004e-06
/opt/hostedtoolcache/Python/3.11.16/x64/lib/python3.11/json/__init__.py,274,load,1,1,6.202e-06,2.481221406991406e-06,5.6336000000000004e-05
/home/runner/work/_temp/scanner-verification-il7_c53e/final/tiktok_worker_scanner.py,2265,UserStore,1,1,6.202e-06,2.481221406991406e-06,6.202e-06
~,0,<built-in method math.exp>,1,1,6.202e-06,2.481221406991406e-06,6.202e-06
/opt/hostedtoolcache/Python/3.11.16/x64/lib/python3.11/site-packages/httpx/_client.py,162,BoundAsyncStream,1,1,6.1910000000000005e-06,2.4768206595749425e-06,6.1910000000000005e-06
/opt/hostedtoolcache/Python/3.11.16/x64/lib/python3.11/asyncio/events.py,762,get_event_loop_policy,3,3,6.1910000000000005e-06,2.4768206595749425e-06,4.7949000000000005e-05
/home/runner/work/_temp/scanner-verification-il7_c53e/final/tiktok_worker_scanner.py,1010,ProxyConfig,1,1,6.17e-06,2.468419232688967e-06,1.4407000000000001e-05
/opt/hostedtoolcache/Python/3.11.16/x64/lib/python3.11/enum.py,965,_find_data_repr_,2,2,6.161e-06,2.464818621166406e-06,8.055e-06
/opt/hostedtoolcache/Python/3.11.16/x64/lib/python3.11/platform.py,772,_unknown_as_blank,6,6,6.15e-06,2.460417873749943e-06,6.15e-06
/home/runner/work/_temp/scanner-verification-il7_c53e/final/scan_statistics.py,85,stop,1,1,6.132000000000001e-06,2.4532166507048213e-06,2.2592e-05
<frozen _collections_abc>,933,clear,1,1,6.112e-06,2.445215291765797e-06,1.1902e-05
/opt/hostedtoolcache/Python/3.11.16/x64/lib/python3.11/unittest/mock.py,332,_get,3,3,6.1010000000000005e-06,2.4408145443493336e-06,1.0439000000000001e-05
/opt/hostedtoolcache/Python/3.11.16/x64/lib/python3.11/inspect.py,449,isawaitable,1,1,6.1010000000000005e-06,2.4408145443493336e-06,5.6345000000000003e-05
/home/runner/work/_temp/scanner-verification-il7_c53e/final/tiktok_worker_scanner.py,1263,AsyncRequestGate,1,1,6.092e-06,2.437213932826773e-06,3.8382e-05
/opt/hostedtoolcache/Python/3.11.16/x64/lib/python3.11/selectors.py,483,close,1,1,6.092e-06,2.437213932826773e-06,1.6131000000000002e-05
/opt/hostedtoolcache/Python/3.11.16/x64/lib/python3.11/warnings.py,166,simplefilter,1,1,6.082e-06,2.4332132533572607e-06,1.8665000000000002e-05
<frozen posixpath>,140,basename,1,1,6.063e-06,2.4256119623651878e-06,1.1532e-05
/opt/hostedtoolcache/Python/3.11.16/x64/lib/python3.11/site-packages/httpx/_transports/default.py,135,HTTPTransport,1,1,6.031e-06,2.412809788062749e-06,6.031e-06
/opt/hostedtoolcache/Python/3.11.16/x64/lib/python3.11/statistics.py,333,_convert,1,1,6.031e-06,2.412809788062749e-06,1.7232e-05
<frozen _collections_abc>,315,__subclasshook__,6,6,6.031e-06,2.412809788062749e-06,6.031e-06
/opt/hostedtoolcache/Python/3.11.16/x64/lib/python3.11/secrets.py,26,randbelow,1,1,6.001000000000001e-06,2.400807749654213e-06,4.4583e-05
/opt/hostedtoolcache/Python/3.11.16/x64/lib/python3.11/mimetypes.py,64,MimeTypes,1,1,6.001000000000001e-06,2.400807749654213e-06,6.001000000000001e-06
/opt/hostedtoolcache/Python/3.11.16/x64/lib/python3.11/unittest/mock.py,585,__set_side_effect,1,1,5.993e-06,2.3976072060786028e-06,2.9566e-05
<frozen os>,818,fsdecode,2,2,5.950000000000001e-06,2.380404284359701e-06,9.648e-06
/home/runner/work/_temp/scanner-verification-il7_c53e/final/tiktok_worker_scanner.py,1519,start_avatar_backfill,1,1,5.9310000000000005e-06,2.372802993367628e-06,4.2930000000000004e-05
/home/runner/work/_temp/scanner-verification-il7_c53e/final/backend_metrics.py,9,BackendMetrics,1,1,5.912e-06,2.365201702375555e-06,4.0696000000000005e-05
/opt/hostedtoolcache/Python/3.11.16/x64/lib/python3.11/site-packages/idna/intranges.py,1,<module>,1,1,5.901000000000001e-06,2.360800954959092e-06,5.901000000000001e-06
/opt/hostedtoolcache/Python/3.11.16/x64/lib/python3.11/statistics.py,549,median,1,1,5.9e-06,2.3604008870121403e-06,0.00031263300000000004
/opt/hostedtoolcache/Python/3.11.16/x64/lib/python3.11/tempfile.py,115,_sanitize_params,1,1,5.791e-06,2.3167934807944585e-06,6.8218e-05
/home/runner/work/_temp/scanner-verification-il7_c53e/final/tiktok_worker_scanner.py,1200,__init__,1,1,5.7900000000000005e-06,2.3163934128475075e-06,7.083000000000001e-06
/home/runner/work/_temp/scanner-verification-il7_c53e/final/tiktok_worker_scanner.py,3686,advance_phase,1,1,5.782000000000001e-06,2.313192869271898e-06,1.9096e-05
/home/runner/work/_temp/scanner-verification-il7_c53e/final/hybrid_backend.py,50,BackendGate,1,1,5.761e-06,2.304791442385922e-06,4.0085e-05
/opt/hostedtoolcache/Python/3.11.16/x64/lib/python3.11/datetime.py,545,_check_tzinfo_arg,5,5,5.760000000000001e-06,2.3043913744389716e-06,6.652e-06
/opt/hostedtoolcache/Python/3.11.16/x64/lib/python3.11/email/_parseaddr.py,211,AddrlistClass,1,1,5.75e-06,2.300390694969459e-06,5.75e-06
<frozen runpy>,60,__exit__,1,1,5.721e-06,2.2887887245078735e-06,5.721e-06
/opt/hostedtoolcache/Python/3.11.16/x64/lib/python3.11/email/parser.py,70,HeaderParser,1,1,5.6610000000000005e-06,2.2647846476908013e-06,5.6610000000000005e-06
~,0,<method 'union' of 'set' objects>,3,3,5.66e-06,2.26438457974385e-06,5.66e-06
/home/runner/work/_temp/scanner-verification-il7_c53e/final/hybrid_backend.py,390,HybridClient,1,1,5.621e-06,2.248781929812753e-06,5.621e-06
/opt/hostedtoolcache/Python/3.11.16/x64/lib/python3.11/datetime.py,765,__neg__,2,2,5.56e-06,2.2243777850487286e-06,0.000109264
~,0,<method 'register' of 'select.epoll' objects>,1,1,5.55e-06,2.220377105579217e-06,5.55e-06
/opt/hostedtoolcache/Python/3.11.16/x64/lib/python3.11/asyncio/events.py,693,new_event_loop,1,1,5.54e-06,2.2163764261097046e-06,0.00035767700000000004
~,0,<built-in method sys.get_asyncgen_hooks>,3,3,5.54e-06,2.2163764261097046e-06,5.54e-06
/opt/hostedtoolcache/Python/3.11.16/x64/lib/python3.11/logging/__init__.py,1467,debug,1,1,5.5200000000000005e-06,2.2083750671706807e-06,2.8102000000000003e-05
/opt/hostedtoolcache/Python/3.11.16/x64/lib/python3.11/typing.py,2443,get_origin,1,1,5.488000000000001e-06,2.1955728928682424e-06,8.315000000000001e-06
/opt/hostedtoolcache/Python/3.11.16/x64/lib/python3.11/typing.py,506,__getitem__,1,1,5.45e-06,2.1803703108840957e-06,0.000539216
/opt/hostedtoolcache/Python/3.11.16/x64/lib/python3.11/asyncio/runners.py,58,__enter__,1,1,5.4400000000000004e-06,2.1763696314145838e-06,0.000443787
/opt/hostedtoolcache/Python/3.11.16/x64/lib/python3.11/asyncio/unix_events.py,63,__init__,1,1,5.4400000000000004e-06,2.1763696314145838e-06,0.00035213700000000003
~,0,<method 'tolist' of 'memoryview' objects>,2,2,5.4400000000000004e-06,2.1763696314145838e-06,5.4400000000000004e-06
/opt/hostedtoolcache/Python/3.11.16/x64/lib/python3.11/urllib/parse.py,935,_byte_quoter_factory,1,1,5.439e-06,2.1759695634676323e-06,1.4937000000000001e-05
/opt/hostedtoolcache/Python/3.11.16/x64/lib/python3.11/asyncio/events.py,808,new_event_loop,1,1,5.421e-06,2.168768340422511e-06,0.000408773
/home/runner/work/_temp/scanner-verification-il7_c53e/final/tiktok_worker_scanner.py,1139,configured_proxy_path,1,1,5.411e-06,2.164767660952999e-06,1.9336000000000003e-05
/opt/hostedtoolcache/Python/3.11.16/x64/lib/python3.11/subprocess.py,1135,_get_devnull,1,1,5.411e-06,2.164767660952999e-06,1.5359e-05
/opt/hostedtoolcache/Python/3.11.16/x64/lib/python3.11/asyncio/events.py,667,__init__,1,1,5.4e-06,2.160366913536535e-06,5.4e-06
/opt/hostedtoolcache/Python/3.11.16/x64/lib/python3.11/site-packages/httpx/_models.py,382,Request,1,1,5.39e-06,2.156366234067023e-06,5.39e-06
/opt/hostedtoolcache/Python/3.11.16/x64/lib/python3.11/ssl.py,492,__new__,1,1,5.38e-06,2.152365554597511e-06,0.0014134150000000001
/opt/hostedtoolcache/Python/3.11.16/x64/lib/python3.11/urllib/request.py,939,AbstractBasicAuthHandler,1,1,5.38e-06,2.152365554597511e-06,0.001869748
~,0,<built-in method sys.audit>,5,5,5.38e-06,2.152365554597511e-06,5.38e-06
/home/runner/work/_temp/scanner-verification-il7_c53e/final/tiktok_worker_scanner.py,3286,__init__,1,1,5.359000000000001e-06,2.1439641277115358e-06,5.359000000000001e-06
/opt/hostedtoolcache/Python/3.11.16/x64/lib/python3.11/unittest/mock.py,1127,_mock_call,1,1,5.351e-06,2.1407635841359263e-06,0.002657707
/opt/hostedtoolcache/Python/3.11.16/x64/lib/python3.11/site-packages/httpx/_transports/base.py,14,BaseTransport,1,1,5.3500000000000004e-06,2.140363516188975e-06,5.3500000000000004e-06
/opt/hostedtoolcache/Python/3.11.16/x64/lib/python3.11/pathlib.py,787,parents,1,1,5.349e-06,2.139963448242024e-06,7.984e-06
/opt/hostedtoolcache/Python/3.11.16/x64/lib/python3.11/subprocess.py,1233,poll,1,1,5.329e-06,2.1319620893029995e-06,6.402000000000001e-06
/opt/hostedtoolcache/Python/3.11.16/x64/lib/python3.11/argparse.py,964,__init__,2,2,5.281e-06,2.1127588278493413e-06,1.0170000000000001e-05
/opt/hostedtoolcache/Python/3.11.16/x64/lib/python3.11/zipfile.py,649,LZMACompressor,1,1,5.28e-06,2.1123587599023903e-06,5.28e-06
/opt/hostedtoolcache/Python/3.11.16/x64/lib/python3.11/asyncio/unix_events.py,1431,__init__,1,1,5.2600000000000005e-06,2.104357400963366e-06,1.0660000000000001e-05
/opt/hostedtoolcache/Python/3.11.16/x64/lib/python3.11/importlib/resources/_adapters.py,114,OrphanPath,1,1,5.2500000000000006e-06,2.100356721493854e-06,5.2500000000000006e-06
/opt/hostedtoolcache/Python/3.11.16/x64/lib/python3.11/datetime.py,1280,IsoCalendarDate,1,1,5.230000000000001e-06,2.0923553625548296e-06,5.230000000000001e-06
/opt/hostedtoolcache/Python/3.11.16/x64/lib/python3.11/concurrent/futures/thread.py,46,_WorkItem,1,1,5.1990000000000005e-06,2.079953256199342e-06,5.1990000000000005e-06
/opt/hostedtoolcache/Python/3.11.16/x64/lib/python3.11/subprocess.py,1961,_handle_exitstatus,1,1,5.1990000000000005e-06,2.079953256199342e-06,7.233e-06
<frozen runpy>,42,__exit__,1,1,5.18e-06,2.072351965207269e-06,5.18e-06
/home/runner/work/_temp/scanner-verification-il7_c53e/final/tiktok_worker_scanner.py,1183,ProxyState,1,1,5.178e-06,2.0715518293133665e-06,9.947e-06
/opt/hostedtoolcache/Python/3.11.16/x64/lib/python3.11/ssl.py,740,verify_mode,1,1,5.1e-06,2.0403465294511724e-06,5.1e-06
/opt/hostedtoolcache/Python/3.11.16/x64/lib/python3.11/email/feedparser.py,134,FeedParser,1,1,5.069e-06,2.0279444230956846e-06,5.069e-06
/home/runner/work/_temp/scanner-verification-il7_c53e/final/avatar_cache.py,165,AvatarCache,1,1,5.049e-06,2.0199430641566607e-06,5.3530000000000004e-05
/home/runner/work/_temp/scanner-verification-il7_c53e/final/avatar_cache.py,200,close,1,1,5.04e-06,2.0163424526340994e-06,6.382e-06
/opt/hostedtoolcache/Python/3.11.16/x64/lib/python3.11/selectors.py,209,__init__,1,1,5.0290000000000005e-06,2.0119417052176364e-06,7.023e-06
/opt/hostedtoolcache/Python/3.11.16/x64/lib/python3.11/subprocess.py,2008,_try_wait,1,1,5.02e-06,2.0083410936950754e-06,1.9206000000000002e-05
/opt/hostedtoolcache/Python/3.11.16/x64/lib/python3.11/site-packages/httpx/_decoders.py,306,TextDecoder,1,1,5e-06,2.000339734756051e-06,5e-06
/opt/hostedtoolcache/Python/3.11.16/x64/lib/python3.11/contextlib.py,539,_push_exit_callback,2,2,4.95e-06,1.9803363374084904e-06,6.763e-06
/opt/hostedtoolcache/Python/3.11.16/x64/lib/python3.11/http/__init__.py,6,HTTPStatus,1,1,4.949e-06,1.9799362694615394e-06,4.949e-06
~,0,<built-in method _signal.signal>,2,2,4.94e-06,1.9763356579389785e-06,4.94e-06
/home/runner/work/_temp/scanner-verification-il7_c53e/final/backend_metrics.py,12,<dictcomp>,1,1,4.929000000000001e-06,1.9719349105225155e-06,1.4327e-05
/opt/hostedtoolcache/Python/3.11.16/x64/lib/python3.11/argparse.py,1109,__init__,1,1,4.929000000000001e-06,1.9719349105225155e-06,8.295000000000001e-06
/home/runner/work/_temp/scanner-verification-il7_c53e/final/hybrid_backend.py,420,start_avatar_backfill,1,1,4.879e-06,1.951931513174955e-06,4.7809e-05
/opt/hostedtoolcache/Python/3.11.16/x64/lib/python3.11/selectors.py,268,close,1,1,4.8490000000000005e-06,1.9399294747664185e-06,6.0110000000000006e-06
/opt/hostedtoolcache/Python/3.11.16/x64/lib/python3.11/urllib/request.py,1588,CacheFTPHandler,1,1,4.839000000000001e-06,1.9359287952969066e-06,4.839000000000001e-06
/opt/hostedtoolcache/Python/3.11.16/x64/lib/python3.11/unittest/mock.py,337,_set,3,3,4.807e-06,1.9231266209944674e-06,4.807e-06
/opt/hostedtoolcache/Python/3.11.16/x64/lib/python3.11/functools.py,745,<listcomp>,1,1,4.799e-06,1.919926077418858e-06,6.973000000000001e-06
/opt/hostedtoolcache/Python/3.11.16/x64/lib/python3.11/urllib/parse.py,850,__init__,1,1,4.789e-06,1.915925397949346e-06,9.498000000000001e-06
/opt/hostedtoolcache/Python/3.11.16/x64/lib/python3.11/dataclasses.py,842,_hash_set_none,5,5,4.76e-06,1.9043234274877608e-06,4.76e-06
~,0,<built-in method sys.exc_info>,2,2,4.749000000000001e-06,1.8999226800712976e-06,4.749000000000001e-06
/opt/hostedtoolcache/Python/3.11.16/x64/lib/python3.11/email/_encoded_words.py,73,_QByteMap,1,1,4.739000000000001e-06,1.8959220006017857e-06,7.133e-06
~,0,<method 'union' of 'frozenset' objects>,1,1,4.709e-06,1.883919962193249e-06,4.709e-06
/opt/hostedtoolcache/Python/3.11.16/x64/lib/python3.11/queue.py,258,_PySimpleQueue,1,1,4.709e-06,1.883919962193249e-06,4.709e-06
/opt/hostedtoolcache/Python/3.11.16/x64/lib/python3.11/re/_parser.py,100,checkgroup,2,2,4.709e-06,1.883919962193249e-06,9.829e-06
~,0,<method 'mro' of 'type' objects>,5,5,4.698000000000001e-06,1.8795192147767857e-06,4.698000000000001e-06
/opt/hostedtoolcache/Python/3.11.16/x64/lib/python3.11/subprocess.py,1092,__exit__,1,1,4.689e-06,1.8759186032542248e-06,9.668000000000001e-06
/opt/hostedtoolcache/Python/3.11.16/x64/lib/python3.11/enum.py,1652,_simple_enum,3,3,4.689e-06,1.8759186032542248e-06,4.689e-06
/opt/hostedtoolcache/Python/3.11.16/x64/lib/python3.11/importlib/resources/_adapters.py,7,SpecLoaderAdapter,1,1,4.639e-06,1.8559152059066642e-06,4.639e-06
/home/runner/work/_temp/scanner-verification-il7_c53e/final/tiktok_worker_scanner.py,271,ProfileProcessResult,1,1,4.609e-06,1.843913167498128e-06,9.127000000000001e-06
/opt/hostedtoolcache/Python/3.11.16/x64/lib/python3.11/site-packages/httpx/_config.py,72,Timeout,1,1,4.599e-06,1.8399124880286159e-06,4.599e-06
/opt/hostedtoolcache/Python/3.11.16/x64/lib/python3.11/email/feedparser.py,44,BufferedSubFile,1,1,4.5790000000000005e-06,1.831911129089592e-06,4.5790000000000005e-06
<frozen _collections_abc>,113,__subclasshook__,1,1,4.5500000000000005e-06,1.8203091586280067e-06,1.1392e-05
~,0,<method 'sort' of 'list' objects>,3,3,4.5380000000000004e-06,1.815508343264592e-06,4.5380000000000004e-06
/opt/hostedtoolcache/Python/3.11.16/x64/lib/python3.11/urllib/request.py,834,HTTPPasswordMgr,1,1,4.509e-06,1.8039063728030072e-06,4.509e-06
/opt/hostedtoolcache/Python/3.11.16/x64/lib/python3.11/site-packages/httpx/_config.py,173,__init__,3,3,4.468e-06,1.7875035869780075e-06,4.468e-06
~,0,<method 'tell' of '_io.BufferedReader' objects>,3,3,4.459e-06,1.7839029754554463e-06,4.459e-06
/opt/hostedtoolcache/Python/3.11.16/x64/lib/python3.11/pathlib.py,434,__len__,2,2,4.427e-06,1.7711008011530077e-06,6.181000000000001e-06
/home/runner/work/_temp/scanner-verification-il7_c53e/final/tiktok_worker_scanner.py,3130,reporter_done,1,1,4.388e-06,1.7554981512219107e-06,6.582000000000001e-06
/opt/hostedtoolcache/Python/3.11.16/x64/lib/python3.11/numbers.py,267,Rational,1,1,4.388e-06,1.7554981512219107e-06,6.372e-06
/opt/hostedtoolcache/Python/3.11.16/x64/lib/python3.11/site-packages/httpx/__version__.py,1,<module>,1,1,4.368e-06,1.7474967922828864e-06,4.368e-06
/opt/hostedtoolcache/Python/3.11.16/x64/lib/python3.11/typing.py,2916,<genexpr>,4,4,4.357e-06,1.743096044866423e-06,4.357e-06
/home/runner/work/_temp/scanner-verification-il7_c53e/final/tiktok_worker_scanner.py,2883,SharedScanControl,1,1,4.328e-06,1.7314940744048379e-06,4.328e-06
~,0,<method 'unregister' of 'select.epoll' objects>,1,1,4.328e-06,1.7314940744048379e-06,4.328e-06
/opt/hostedtoolcache/Python/3.11.16/x64/lib/python3.11/selectors.py,247,unregister,1,1,4.287000000000001e-06,1.7150912885798386e-06,9.928e-06
~,0,<built-in method _asyncio._get_event_loop>,3,3,4.287000000000001e-06,1.7150912885798386e-06,4.287000000000001e-06
/opt/hostedtoolcache/Python/3.11.16/x64/lib/python3.11/weakref.py,495,popitem,1,1,4.257e-06,1.7030892501713018e-06,5.7900000000000005e-06
~,0,<built-in method resource.getrusage>,1,1,4.248000000000001e-06,1.6994886386487413e-06,4.248000000000001e-06
/opt/hostedtoolcache/Python/3.11.16/x64/lib/python3.11/enum.py,806,__members__,2,2,4.238e-06,1.695487959179229e-06,4.238e-06
/opt/hostedtoolcache/Python/3.11.16/x64/lib/python3.11/dataclasses.py,846,<listcomp>,2,2,4.227e-06,1.6910872117627657e-06,4.227e-06
~,0,<built-in method fromisoformat>,2,2,4.2170000000000005e-06,1.6870865322932538e-06,4.2170000000000005e-06
/opt/hostedtoolcache/Python/3.11.16/x64/lib/python3.11/site-packages/httpx/_urlparse.py,158,ParseResult,1,1,4.1780000000000005e-06,1.6714838823621565e-06,4.1780000000000005e-06
/opt/hostedtoolcache/Python/3.11.16/x64/lib/python3.11/email/header.py,536,_Accumulator,1,1,4.1780000000000005e-06,1.6714838823621565e-06,4.1780000000000005e-06
/opt/hostedtoolcache/Python/3.11.16/x64/lib/python3.11/importlib/resources/_adapters.py,16,__getattr__,2,2,4.158000000000001e-06,1.6634825234231324e-06,5.911000000000001e-06
/opt/hostedtoolcache/Python/3.11.16/x64/lib/python3.11/threading.py,1516,_register_atexit,1,1,4.158000000000001e-06,1.6634825234231324e-06,5.150000000000001e-06
/opt/hostedtoolcache/Python/3.11.16/x64/lib/python3.11/enum.py,1374,<lambda>,4,4,4.158000000000001e-06,1.6634825234231324e-06,4.158000000000001e-06
/opt/hostedtoolcache/Python/3.11.16/x64/lib/python3.11/typing.py,2892,<listcomp>,2,2,4.138e-06,1.6554811644841078e-06,4.138e-06
/home/runner/work/_temp/scanner-verification-il7_c53e/final/tiktok_worker_scanner.py,579,SuccessRecorder,1,1,4.1270000000000005e-06,1.6510804170676449e-06,4.1270000000000005e-06
/opt/hostedtoolcache/Python/3.11.16/x64/lib/python3.11/contextlib.py,468,_exit_wrapper,2,2,4.118e-06,1.647479805545084e-06,6.763e-06
/home/runner/work/_temp/scanner-verification-il7_c53e/final/connection_metrics.py,1,<module>,1,1,4.0880000000000005e-06,1.6354777671365476e-06,1.9296e-05
/opt/hostedtoolcache/Python/3.11.16/x64/lib/python3.11/calendar.py,71,_localized_day,1,1,4.0880000000000005e-06,1.6354777671365476e-06,8.065e-06
/opt/hostedtoolcache/Python/3.11.16/x64/lib/python3.11/random.py,215,__init_subclass__,1,1,4.057e-06,1.62307566078106e-06,4.057e-06
/opt/hostedtoolcache/Python/3.11.16/x64/lib/python3.11/importlib/resources/readers.py,53,MultiplexedPath,1,1,4.028e-06,1.611473690319475e-06,4.028e-06
~,0,<method 'close' of 'select.epoll' objects>,1,1,4.028e-06,1.611473690319475e-06,4.028e-06
/opt/hostedtoolcache/Python/3.11.16/x64/lib/python3.11/contextlib.py,472,__init__,2,2,4.027000000000001e-06,1.611073622372524e-06,4.027000000000001e-06
/opt/hostedtoolcache/Python/3.11.16/x64/lib/python3.11/datetime.py,46,_days_before_year,3,3,4.017000000000001e-06,1.6070729429030118e-06,4.017000000000001e-06
/opt/hostedtoolcache/Python/3.11.16/x64/lib/python3.11/pkgutil.py,40,read_code,1,1,3.988000000000001e-06,1.5954709724414265e-06,7.4140000000000005e-06
/opt/hostedtoolcache/Python/3.11.16/x64/lib/python3.11/calendar.py,74,<listcomp>,1,1,3.977e-06,1.5910702250249631e-06,3.977e-06
/opt/hostedtoolcache/Python/3.11.16/x64/lib/python3.11/functools.py,845,_is_valid_dispatch_type,2,2,3.937000000000001e-06,1.575067507146915e-06,5.58e-06
/opt/hostedtoolcache/Python/3.11.16/x64/lib/python3.11/site-packages/httpx/_exceptions.py,74,HTTPError,1,1,3.897e-06,1.5590647892688661e-06,5.37e-06
/opt/hostedtoolcache/Python/3.11.16/x64/lib/python3.11/hmac.py,27,HMAC,1,1,3.887e-06,1.5550641097993542e-06,3.887e-06
/opt/hostedtoolcache/Python/3.11.16/x64/lib/python3.11/email/header.py,408,_ValueFormatter,1,1,3.867e-06,1.54706275086033e-06,3.867e-06
/home/runner/work/_temp/scanner-verification-il7_c53e/final/tiktok_worker_scanner.py,414,configured_input_path,1,1,3.848e-06,1.5394614598682572e-06,1.8455000000000002e-05
/opt/hostedtoolcache/Python/3.11.16/x64/lib/python3.11/unittest/mock.py,1401,get_original,1,1,3.8280000000000004e-06,1.5314601009292328e-06,4.699e-06
~,0,<method 'splitlines' of 'str' objects>,2,2,3.827e-06,1.5310600329822814e-06,3.827e-06
/opt/hostedtoolcache/Python/3.11.16/x64/lib/python3.11/email/_policybase.py,18,_PolicyBase,1,1,3.817e-06,1.5270593535127694e-06,3.817e-06
~,0,<method 'reset' of '_contextvars.ContextVar' objects>,2,2,3.8080000000000002e-06,1.5234587419902087e-06,3.8080000000000002e-06
/home/runner/work/_temp/scanner-verification-il7_c53e/final/tests/benchmark_hybrid.py,110,<dictcomp>,1,1,3.7970000000000002e-06,1.5190579945737453e-06,3.7970000000000002e-06
/opt/hostedtoolcache/Python/3.11.16/x64/lib/python3.11/urllib/request.py,426,OpenerDirector,1,1,3.757e-06,1.503055276695697e-06,3.757e-06
/opt/hostedtoolcache/Python/3.11.16/x64/lib/python3.11/calendar.py,548,different_locale,1,1,3.7470000000000003e-06,1.499054597226185e-06,3.7470000000000003e-06
/home/runner/work/_temp/scanner-verification-il7_c53e/final/tiktok_worker_scanner.py,1197,ProxyPool,1,1,3.727e-06,1.4910532382871605e-06,3.727e-06
/opt/hostedtoolcache/Python/3.11.16/x64/lib/python3.11/platform.py,735,_Processor,1,1,3.727e-06,1.4910532382871605e-06,3.727e-06
/opt/hostedtoolcache/Python/3.11.16/x64/lib/python3.11/asyncio/base_events.py,656,stop,3,3,3.6850000000000003e-06,1.4742503845152097e-06,3.6850000000000003e-06
/home/runner/work/_temp/scanner-verification-il7_c53e/final/backend_metrics.py,15,<dictcomp>,1,1,3.666e-06,1.4666490935231368e-06,1.081e-05
/home/runner/work/_temp/scanner-verification-il7_c53e/final/scan_runtime.py,67,__aenter__,1,1,3.666e-06,1.4666490935231368e-06,4.4943e-05
<frozen importlib._bootstrap>,1101,_sanity_check,1,1,3.648e-06,1.459447870478015e-06,4.980000000000001e-06
<frozen runpy>,33,__enter__,1,1,3.637e-06,1.4550471230615515e-06,4.639e-06
/opt/hostedtoolcache/Python/3.11.16/x64/lib/python3.11/asyncio/runners.py,193,_cancel_all_tasks,1,1,3.597e-06,1.4390444051835033e-06,7.261500000000001e-05
~,0,<built-in method posix.register_at_fork>,2,2,3.587e-06,1.435043725713991e-06,3.587e-06
/opt/hostedtoolcache/Python/3.11.16/x64/lib/python3.11/site-packages/httpx/_models.py,1261,_CookieCompatResponse,1,1,3.5670000000000003e-06,1.4270423667749672e-06,3.5670000000000003e-06
/opt/hostedtoolcache/Python/3.11.16/x64/lib/python3.11/asyncio/base_events.py,1957,set_debug,1,1,3.546e-06,1.4186409398889914e-06,4.819e-06
/opt/hostedtoolcache/Python/3.11.16/x64/lib/python3.11/typing.py,479,__repr__,2,2,3.507e-06,1.4030382899578943e-06,3.507e-06
/opt/hostedtoolcache/Python/3.11.16/x64/lib/python3.11/typing.py,1676,<genexpr>,2,2,3.486e-06,1.394636863071919e-06,4.2419e-05
~,0,<method 'setblocking' of '_socket.socket' objects>,2,2,3.467e-06,1.3870355720798459e-06,3.467e-06
/opt/hostedtoolcache/Python/3.11.16/x64/lib/python3.11/enum.py,1453,<listcomp>,2,2,3.4550000000000004e-06,1.3822347567164314e-06,3.4550000000000004e-06
/opt/hostedtoolcache/Python/3.11.16/x64/lib/python3.11/uuid.py,334,hex,1,1,3.446e-06,1.3786341451938705e-06,3.446e-06
/opt/hostedtoolcache/Python/3.11.16/x64/lib/python3.11/_weakrefset.py,37,__init__,1,1,3.4270000000000004e-06,1.3710328542017976e-06,3.4270000000000004e-06
~,0,<built-in method _hashlib.openssl_sha3_256>,1,1,3.406e-06,1.362631427315822e-06,3.406e-06
/opt/hostedtoolcache/Python/3.11.16/x64/lib/python3.11/argparse.py,1865,_get_positional_actions,1,1,3.356e-06,1.3426280299682616e-06,5.28e-06
/opt/hostedtoolcache/Python/3.11.16/x64/lib/python3.11/typing.py,2261,runtime_checkable,1,1,3.327e-06,1.3310260595066765e-06,4.198e-06
/opt/hostedtoolcache/Python/3.11.16/x64/lib/python3.11/weakref.py,414,__getitem__,1,1,3.2860000000000004e-06,1.3146232736816768e-06,3.2860000000000004e-06
~,0,<built-in method _sqlite3.register_converter>,2,2,3.2860000000000004e-06,1.3146232736816768e-06,3.2860000000000004e-06
~,0,<built-in method _hashlib.openssl_sha224>,1,1,3.2860000000000004e-06,1.3146232736816768e-06,3.2860000000000004e-06
/opt/hostedtoolcache/Python/3.11.16/x64/lib/python3.11/site-packages/httpx/_auth.py,22,Auth,1,1,3.266e-06,1.3066219147426526e-06,3.266e-06
/home/runner/work/_temp/scanner-verification-il7_c53e/final/tiktok_worker_scanner.py,2884,__init__,1,1,3.2570000000000003e-06,1.303021303220092e-06,4.479000000000001e-06
/opt/hostedtoolcache/Python/3.11.16/x64/lib/python3.11/site-packages/httpx/_types.py,92,SyncByteStream,1,1,3.2570000000000003e-06,1.303021303220092e-06,9.495800000000001e-05
/opt/hostedtoolcache/Python/3.11.16/x64/lib/python3.11/threading.py,811,_newname,1,1,3.2460000000000003e-06,1.2986205558036285e-06,3.2460000000000003e-06
/home/runner/work/_temp/scanner-verification-il7_c53e/final/avatar_cache.py,138,close,2,2,3.236e-06,1.2946198763341163e-06,3.236e-06
/opt/hostedtoolcache/Python/3.11.16/x64/lib/python3.11/urllib/request.py,1080,AbstractDigestAuthHandler,1,1,3.226e-06,1.2906191968646044e-06,3.226e-06
/opt/hostedtoolcache/Python/3.11.16/x64/lib/python3.11/email/charset.py,162,Charset,1,1,3.226e-06,1.2906191968646044e-06,3.226e-06
/opt/hostedtoolcache/Python/3.11.16/x64/lib/python3.11/argparse.py,626,<listcomp>,3,3,3.225e-06,1.290219128917653e-06,3.225e-06
/opt/hostedtoolcache/Python/3.11.16/x64/lib/python3.11/site-packages/httpx/_exceptions.py,340,ResponseNotRead,1,1,3.186e-06,1.2746164789865557e-06,3.186e-06
/home/runner/work/_temp/scanner-verification-il7_c53e/final/hybrid_backend.py,138,ApiBackend,1,1,3.176e-06,1.2706157995170437e-06,3.176e-06
/opt/hostedtoolcache/Python/3.11.16/x64/lib/python3.11/tempfile.py,433,_TemporaryFileCloser,1,1,3.176e-06,1.2706157995170437e-06,3.176e-06
/home/runner/work/_temp/scanner-verification-il7_c53e/final/backend_metrics.py,14,<dictcomp>,1,1,3.1660000000000003e-06,1.2666151200475318e-06,3.1660000000000003e-06
/home/runner/work/_temp/scanner-verification-il7_c53e/final/tests/benchmark_hybrid.py,57,MeasuredLock,1,1,3.1660000000000003e-06,1.2666151200475318e-06,3.1660000000000003e-06
~,0,<built-in method _hashlib.openssl_sha384>,1,1,3.1050000000000003e-06,1.242210975283508e-06,3.1050000000000003e-06
~,0,<built-in method _warnings._filters_mutated>,3,3,3.096e-06,1.2386103637609468e-06,3.096e-06
/opt/hostedtoolcache/Python/3.11.16/x64/lib/python3.11/site-packages/httpx/_urls.py,282,raw_path,1,1,3.086e-06,1.2346096842914348e-06,4.338000000000001e-06
/home/runner/work/_temp/scanner-verification-il7_c53e/final/hybrid_backend.py,418,avatar_backfill_task,2,2,3.0760000000000003e-06,1.2306090048219228e-06,3.0760000000000003e-06
~,0,<built-in method _sqlite3.register_adapter>,2,2,3.0660000000000004e-06,1.2266083253524107e-06,3.0660000000000004e-06
/opt/hostedtoolcache/Python/3.11.16/x64/lib/python3.11/warnings.py,441,__init__,1,1,3.0660000000000004e-06,1.2266083253524107e-06,3.0660000000000004e-06
/opt/hostedtoolcache/Python/3.11.16/x64/lib/python3.11/unittest/mock.py,2518,__init__,2,2,3.056e-06,1.2226076458828985e-06,3.056e-06
~,0,<built-in method posix.read>,1,1,3.056e-06,1.2226076458828985e-06,3.056e-06
/opt/hostedtoolcache/Python/3.11.16/x64/lib/python3.11/http/client.py,1467,HTTPSConnection,1,1,3.0260000000000003e-06,1.2106056074743624e-06,3.0260000000000003e-06
/opt/hostedtoolcache/Python/3.11.16/x64/lib/python3.11/warnings.py,488,__exit__,1,1,3.0150000000000004e-06,1.206204860057899e-06,3.907e-06
/opt/hostedtoolcache/Python/3.11.16/x64/lib/python3.11/importlib/resources/_adapters.py,48,SpecPath,1,1,3.006e-06,1.2026042485353378e-06,3.006e-06
/opt/hostedtoolcache/Python/3.11.16/x64/lib/python3.11/argparse.py,2227,_match_arguments_partial,1,1,3.005e-06,1.2022041805883866e-06,3.897e-06
/opt/hostedtoolcache/Python/3.11.16/x64/lib/python3.11/asyncio/base_events.py,540,shutdown_asyncgens,1,1,2.9860000000000003e-06,1.194602889596314e-06,1.1722e-05
/opt/hostedtoolcache/Python/3.11.16/x64/lib/python3.11/subprocess.py,1120,__del__,1,1,2.9860000000000003e-06,1.194602889596314e-06,4.008e-06
/opt/hostedtoolcache/Python/3.11.16/x64/lib/python3.11/selectors.py,272,get_map,2,2,2.9850000000000002e-06,1.1942028216493627e-06,2.9850000000000002e-06
~,0,<built-in method _signal.getsignal>,2,2,2.9760000000000004e-06,1.1906022101268017e-06,2.9760000000000004e-06
/opt/hostedtoolcache/Python/3.11.16/x64/lib/python3.11/site-packages/httpx/_types.py,106,AsyncByteStream,1,1,2.9750000000000003e-06,1.1902021421798505e-06,9.4436e-05
/opt/hostedtoolcache/Python/3.11.16/x64/lib/python3.11/sqlite3/dbapi2.py,48,<listcomp>,1,1,2.915e-06,1.1661980653627777e-06,2.915e-06
/opt/hostedtoolcache/Python/3.11.16/x64/lib/python3.11/urllib/request.py,645,HTTPRedirectHandler,1,1,2.915e-06,1.1661980653627777e-06,2.915e-06
/opt/hostedtoolcache/Python/3.11.16/x64/lib/python3.11/urllib/request.py,1256,AbstractHTTPHandler,1,1,2.8950000000000002e-06,1.1581967064237537e-06,2.8950000000000002e-06
/home/runner/work/_temp/scanner-verification-il7_c53e/final/tests/benchmark_hybrid.py,58,__init__,2,2,2.8950000000000002e-06,1.1581967064237537e-06,2.8950000000000002e-06
<frozen _collections_abc>,262,__subclasshook__,1,1,2.8850000000000003e-06,1.1541960269542416e-06,6.592000000000001e-06
/opt/hostedtoolcache/Python/3.11.16/x64/lib/python3.11/site-packages/httpx/_client.py,223,is_closed,1,1,2.876e-06,1.1505954154316806e-06,2.876e-06
/opt/hostedtoolcache/Python/3.11.16/x64/lib/python3.11/pathlib.py,43,_is_wildcard_pattern,2,2,2.875e-06,1.1501953474847294e-06,2.875e-06
~,0,<built-in method math.sqrt>,2,2,2.866e-06,1.1465947359621687e-06,2.866e-06
~,0,<built-in method _hashlib.openssl_shake_128>,1,1,2.8560000000000003e-06,1.1425940564926565e-06,2.8560000000000003e-06
~,0,<built-in method _hashlib.openssl_shake_256>,1,1,2.855e-06,1.1421939885457053e-06,2.855e-06
/opt/hostedtoolcache/Python/3.11.16/x64/lib/python3.11/functools.py,966,__init__,1,1,2.855e-06,1.1421939885457053e-06,2.855e-06
/opt/hostedtoolcache/Python/3.11.16/x64/lib/python3.11/logging/__init__.py,1720,getEffectiveLevel,1,1,2.8450000000000003e-06,1.1381933090761933e-06,2.8450000000000003e-06
<frozen runpy>,28,__init__,1,1,2.836e-06,1.1345926975536322e-06,2.836e-06
/opt/hostedtoolcache/Python/3.11.16/x64/lib/python3.11/site-packages/httpx/_multipart.py,224,MultipartStream,1,1,2.8350000000000004e-06,1.1341926296066811e-06,2.8350000000000004e-06
~,0,<method 'cast' of 'memoryview' objects>,2,2,2.826e-06,1.1305920180841202e-06,2.826e-06
/opt/hostedtoolcache/Python/3.11.16/x64/lib/python3.11/zipfile.py,1162,_ZipWriteFile,1,1,2.815e-06,1.1261912706676568e-06,2.815e-06
~,0,<built-in method _hashlib.openssl_sha3_384>,1,1,2.815e-06,1.1261912706676568e-06,2.815e-06
~,0,<method 'index' of 'tuple' objects>,3,3,2.815e-06,1.1261912706676568e-06,2.815e-06
/home/runner/work/_temp/scanner-verification-il7_c53e/final/tiktok_worker_scanner.py,182,ProfileSnapshot,1,1,2.8050000000000002e-06,1.1221905911981448e-06,2.8050000000000002e-06
~,0,<built-in method _hashlib.openssl_sha512>,1,1,2.796e-06,1.1185899796755839e-06,2.796e-06
/opt/hostedtoolcache/Python/3.11.16/x64/lib/python3.11/asyncio/queues.py,47,_init,2,2,2.796e-06,1.1185899796755839e-06,2.796e-06
/opt/hostedtoolcache/Python/3.11.16/x64/lib/python3.11/http/cookiejar.py,743,Cookie,1,1,2.7950000000000003e-06,1.1181899117286326e-06,2.7950000000000003e-06
/opt/hostedtoolcache/Python/3.11.16/x64/lib/python3.11/calendar.py,412,HTMLCalendar,1,1,2.7950000000000003e-06,1.1181899117286326e-06,2.7950000000000003e-06
/opt/hostedtoolcache/Python/3.11.16/x64/lib/python3.11/contextlib.py,466,_create_cb_wrapper,2,2,2.785e-06,1.1141892322591205e-06,2.785e-06
/opt/hostedtoolcache/Python/3.11.16/x64/lib/python3.11/site-packages/httpx/_utils.py,120,URLPattern,1,1,2.775e-06,1.1101885527896085e-06,2.775e-06
/opt/hostedtoolcache/Python/3.11.16/x64/lib/python3.11/calendar.py,156,__init__,1,1,2.774e-06,1.1097884848426573e-06,4.518000000000001e-06
/opt/hostedtoolcache/Python/3.11.16/x64/lib/python3.11/pathlib.py,757,joinpath,1,1,2.7660000000000003e-06,1.1065879412670476e-06,3.9684e-05
/opt/hostedtoolcache/Python/3.11.16/x64/lib/python3.11/typing.py,2974,_namedtuple_mro_entries,2,2,2.7550000000000003e-06,1.1021871938505844e-06,2.7550000000000003e-06
/opt/hostedtoolcache/Python/3.11.16/x64/lib/python3.11/site-packages/idna/core.py,70,IDNAError,1,1,2.745e-06,1.098186514381072e-06,2.745e-06
~,0,<built-in method _hashlib.openssl_sha3_512>,1,1,2.725e-06,1.0901851554420479e-06,2.725e-06
~,0,<built-in method math.log>,2,2,2.725e-06,1.0901851554420479e-06,2.725e-06
~,0,<built-in method sys.is_finalizing>,1,1,2.725e-06,1.0901851554420479e-06,2.725e-06
/home/runner/work/_temp/scanner-verification-il7_c53e/final/rate_limit_control.py,21,RateLimitController,1,1,2.7050000000000004e-06,1.0821837965030237e-06,2.7050000000000004e-06
/home/runner/work/_temp/scanner-verification-il7_c53e/final/tiktok_worker_scanner.py,830,ScanStateRecorder,1,1,2.6750000000000002e-06,1.0701817580944874e-06,2.6750000000000002e-06
/opt/hostedtoolcache/Python/3.11.16/x64/lib/python3.11/site-packages/httpx/_models.py,1243,_CookieCompatRequest,1,1,2.6650000000000003e-06,1.0661810786249755e-06,2.6650000000000003e-06
/opt/hostedtoolcache/Python/3.11.16/x64/lib/python3.11/pathlib.py,427,__init__,1,1,2.635e-06,1.054179040216439e-06,2.635e-06
/opt/hostedtoolcache/Python/3.11.16/x64/lib/python3.11/email/parser.py,16,Parser,1,1,2.605e-06,1.0421770018079026e-06,2.605e-06
/opt/hostedtoolcache/Python/3.11.16/x64/lib/python3.11/http/__init__.py,154,HTTPMethod,1,1,2.605e-06,1.0421770018079026e-06,2.605e-06
/opt/hostedtoolcache/Python/3.11.16/x64/lib/python3.11/importlib/resources/_adapters.py,83,ChildPath,1,1,2.595e-06,1.0381763223383907e-06,2.595e-06
/home/runner/work/_temp/scanner-verification-il7_c53e/final/tiktok_worker_scanner.py,3284,RunLog,1,1,2.595e-06,1.0381763223383907e-06,2.595e-06
/opt/hostedtoolcache/Python/3.11.16/x64/lib/python3.11/zipfile.py,2042,PyZipFile,1,1,2.5750000000000003e-06,1.0301749633993665e-06,2.5750000000000003e-06
/opt/hostedtoolcache/Python/3.11.16/x64/lib/python3.11/urllib/response.py,68,addinfourl,1,1,2.555e-06,1.0221736044603422e-06,2.555e-06
/opt/hostedtoolcache/Python/3.11.16/x64/lib/python3.11/importlib/resources/readers.py,31,ZipReader,1,1,2.544e-06,1.0177728570438788e-06,2.544e-06
/opt/hostedtoolcache/Python/3.11.16/x64/lib/python3.11/re/_parser.py,103,checklookbehindgroup,2,2,2.5350000000000003e-06,1.014172245521318e-06,2.5350000000000003e-06
/home/runner/work/_temp/scanner-verification-il7_c53e/final/scan_runtime.py,46,DiskLane,1,1,2.5240000000000003e-06,1.0097714981048546e-06,2.5240000000000003e-06
/opt/hostedtoolcache/Python/3.11.16/x64/lib/python3.11/functools.py,861,<lambda>,1,1,2.505e-06,1.0021702071127817e-06,4.5906000000000004e-05
/opt/hostedtoolcache/Python/3.11.16/x64/lib/python3.11/urllib/request.py,1474,FileHandler,1,1,2.504e-06,1.0017701391658305e-06,2.504e-06
/opt/hostedtoolcache/Python/3.11.16/x64/lib/python3.11/site-packages/httpx/_multipart.py,70,DataField,1,1,2.465e-06,9.861674892347333e-07,2.465e-06
/opt/hostedtoolcache/Python/3.11.16/x64/lib/python3.11/calendar.py,76,__init__,2,2,2.4550000000000002e-06,9.82166809765221e-07,2.4550000000000002e-06
/home/runner/work/_temp/scanner-verification-il7_c53e/final/rate_limit_control.py,195,detach,1,1,2.454e-06,9.817667418182698e-07,2.454e-06
/opt/hostedtoolcache/Python/3.11.16/x64/lib/python3.11/urllib/request.py,908,HTTPPasswordMgrWithPriorAuth,1,1,2.4340000000000003e-06,9.73765382879246e-07,2.4340000000000003e-06
/opt/hostedtoolcache/Python/3.11.16/x64/lib/python3.11/site-packages/httpx/_client.py,139,BoundSyncStream,1,1,2.414e-06,9.657640239402216e-07,2.414e-06
/opt/hostedtoolcache/Python/3.11.16/x64/lib/python3.11/tempfile.py,133,_RandomNameSequence,1,1,2.4050000000000003e-06,9.621634124176606e-07,2.4050000000000003e-06
/opt/hostedtoolcache/Python/3.11.16/x64/lib/python3.11/site-packages/httpx/_auth.py,126,BasicAuth,1,1,2.364e-06,9.457606265926611e-07,2.364e-06
/opt/hostedtoolcache/Python/3.11.16/x64/lib/python3.11/site-packages/httpx/_multipart.py,115,FileField,1,1,2.3440000000000003e-06,9.377592676536369e-07,2.3440000000000003e-06
/opt/hostedtoolcache/Python/3.11.16/x64/lib/python3.11/calendar.py,295,TextCalendar,1,1,2.3440000000000003e-06,9.377592676536369e-07,2.3440000000000003e-06
/opt/hostedtoolcache/Python/3.11.16/x64/lib/python3.11/random.py,787,SystemRandom,1,1,2.3440000000000003e-06,9.377592676536369e-07,2.3440000000000003e-06
/home/runner/work/_temp/scanner-verification-il7_c53e/final/direct_protocol.py,50,Session,1,1,2.314e-06,9.257572292451005e-07,2.314e-06
/home/runner/work/_temp/scanner-verification-il7_c53e/final/tiktok_worker_scanner.py,3223,ScanLock,1,1,2.294e-06,9.177558703060762e-07,2.294e-06
/opt/hostedtoolcache/Python/3.11.16/x64/lib/python3.11/site-packages/httpx/_auth.py,145,NetRCAuth,1,1,2.294e-06,9.177558703060762e-07,2.294e-06
/opt/hostedtoolcache/Python/3.11.16/x64/lib/python3.11/urllib/response.py,14,addbase,1,1,2.285e-06,9.141552587835155e-07,2.285e-06
/opt/hostedtoolcache/Python/3.11.16/x64/lib/python3.11/contextlib.py,393,__init__,1,1,2.284e-06,9.137551908365642e-07,2.284e-06
/opt/hostedtoolcache/Python/3.11.16/x64/lib/python3.11/site-packages/idna/idnadata.py,1,<module>,1,1,2.274e-06,9.097545113670522e-07,2.274e-06
/opt/hostedtoolcache/Python/3.11.16/x64/lib/python3.11/email/_policybase.py,41,__init__,1,1,2.2640000000000003e-06,9.0575383189754e-07,3.1160000000000003e-06
/opt/hostedtoolcache/Python/3.11.16/x64/lib/python3.11/http/cookiejar.py,1776,FileCookieJar,1,1,2.255e-06,9.021532203749791e-07,2.255e-06
<frozen runpy>,50,__init__,1,1,2.235e-06,8.941518614359549e-07,2.235e-06
/opt/hostedtoolcache/Python/3.11.16/x64/lib/python3.11/urllib/request.py,1374,HTTPHandler,1,1,2.234e-06,8.937517934890037e-07,2.234e-06
/opt/hostedtoolcache/Python/3.11.16/x64/lib/python3.11/enum.py,794,__iter__,1,1,2.234e-06,8.937517934890037e-07,2.234e-06
~,0,<method 'deleter' of 'property' objects>,2,2,2.234e-06,8.937517934890037e-07,2.234e-06
/opt/hostedtoolcache/Python/3.11.16/x64/lib/python3.11/importlib/resources/readers.py,15,FileReader,1,1,2.2240000000000002e-06,8.897511140194916e-07,2.2240000000000002e-06
/opt/hostedtoolcache/Python/3.11.16/x64/lib/python3.11/site-packages/httpx/_transports/default.py,279,AsyncHTTPTransport,1,1,2.2240000000000002e-06,8.897511140194916e-07,2.2240000000000002e-06
/opt/hostedtoolcache/Python/3.11.16/x64/lib/python3.11/importlib/resources/_adapters.py,25,__init__,2,2,2.195e-06,8.781491435579066e-07,2.195e-06
~,0,<built-in method resource.getrlimit>,1,1,2.195e-06,8.781491435579066e-07,2.195e-06
/opt/hostedtoolcache/Python/3.11.16/x64/lib/python3.11/urllib/request.py,1531,FTPHandler,1,1,2.195e-06,8.781491435579066e-07,2.195e-06
/opt/hostedtoolcache/Python/3.11.16/x64/lib/python3.11/subprocess.py,268,_cleanup,1,1,2.194e-06,8.777490756109554e-07,2.194e-06
/opt/hostedtoolcache/Python/3.11.16/x64/lib/python3.11/email/parser.py,78,BytesParser,1,1,2.1850000000000003e-06,8.741484640883944e-07,2.1850000000000003e-06
/opt/hostedtoolcache/Python/3.11.16/x64/lib/python3.11/functools.py,741,is_related,2,2,2.1740000000000003e-06,8.697477166719311e-07,2.1740000000000003e-06
/home/runner/work/_temp/scanner-verification-il7_c53e/final/tiktok_worker_scanner.py,719,<listcomp>,2,2,2.165e-06,8.661471051493702e-07,2.165e-06
~,0,<method 'detach' of '_socket.socket' objects>,2,2,2.155e-06,8.621464256798581e-07,2.155e-06
/opt/hostedtoolcache/Python/3.11.16/x64/lib/python3.11/encodings/utf_8_sig.py,26,IncrementalEncoder,1,1,2.1340000000000002e-06,8.537449987938827e-07,2.1340000000000002e-06
/opt/hostedtoolcache/Python/3.11.16/x64/lib/python3.11/email/__init__.py,1,<module>,1,1,2.1340000000000002e-06,8.537449987938827e-07,2.1340000000000002e-06
/opt/hostedtoolcache/Python/3.11.16/x64/lib/python3.11/tempfile.py,476,_TemporaryFileWrapper,1,1,2.133e-06,8.533449308469315e-07,2.133e-06
/opt/hostedtoolcache/Python/3.11.16/x64/lib/python3.11/http/cookiejar.py,841,CookiePolicy,1,1,2.1240000000000003e-06,8.497443193243707e-07,2.1240000000000003e-06
/opt/hostedtoolcache/Python/3.11.16/x64/lib/python3.11/calendar.py,57,__init__,2,2,2.103e-06,8.413428924383952e-07,2.103e-06
/opt/hostedtoolcache/Python/3.11.16/x64/lib/python3.11/subprocess.py,1973,_internal_poll,2,2,2.0950000000000003e-06,8.381423488627855e-07,2.0950000000000003e-06
~,0,<method 'total_seconds' of 'datetime.timedelta' objects>,1,1,2.094e-06,8.377422809158343e-07,2.094e-06
/opt/hostedtoolcache/Python/3.11.16/x64/lib/python3.11/unittest/mock.py,648,__getattr__,1,1,2.0840000000000003e-06,8.337416014463222e-07,2.0840000000000003e-06
/opt/hostedtoolcache/Python/3.11.16/x64/lib/python3.11/site-packages/httpx/_config.py,201,Proxy,1,1,2.0840000000000003e-06,8.337416014463222e-07,2.0840000000000003e-06
/opt/hostedtoolcache/Python/3.11.16/x64/lib/python3.11/typing.py,2928,<listcomp>,2,2,2.0840000000000003e-06,8.337416014463222e-07,2.0840000000000003e-06
/opt/hostedtoolcache/Python/3.11.16/x64/lib/python3.11/zipfile.py,2334,FastLookup,1,1,2.074e-06,8.2974092197681e-07,2.074e-06
~,0,<method 'fileno' of '_socket.socket' objects>,2,2,2.074e-06,8.2974092197681e-07,2.074e-06
/opt/hostedtoolcache/Python/3.11.16/x64/lib/python3.11/zipfile.py,773,_SharedFile,1,1,2.064e-06,8.257402425072979e-07,2.064e-06
/opt/hostedtoolcache/Python/3.11.16/x64/lib/python3.11/subprocess.py,1311,_on_error_fd_closer,2,2,2.064e-06,8.257402425072979e-07,2.064e-06
/home/runner/work/_temp/scanner-verification-il7_c53e/final/tiktok_worker_scanner.py,262,ProfileJob,1,1,2.053e-06,8.213394950908346e-07,2.053e-06
/opt/hostedtoolcache/Python/3.11.16/x64/lib/python3.11/http/client.py,1550,IncompleteRead,1,1,2.0440000000000003e-06,8.177388835682738e-07,2.0440000000000003e-06
/home/runner/work/_temp/scanner-verification-il7_c53e/final/tiktok_worker_scanner.py,1482,<genexpr>,2,2,2.043e-06,8.173388156213225e-07,2.043e-06
/home/runner/work/_temp/scanner-verification-il7_c53e/final/backend_metrics.py,13,<dictcomp>,1,1,2.024e-06,8.097375246292496e-07,2.024e-06
~,0,<built-in method posix.confstr>,1,1,2.023e-06,8.093374566822982e-07,2.023e-06
~,0,<method 'pop' of 'set' objects>,2,2,2.0220000000000003e-06,8.089373887353472e-07,2.0220000000000003e-06
/opt/hostedtoolcache/Python/3.11.16/x64/lib/python3.11/urllib/request.py,1398,HTTPCookieProcessor,1,1,1.9940000000000003e-06,7.977354862207133e-07,1.9940000000000003e-06
/opt/hostedtoolcache/Python/3.11.16/x64/lib/python3.11/email/feedparser.py,530,BytesFeedParser,1,1,1.9940000000000003e-06,7.977354862207133e-07,1.9940000000000003e-06
/home/runner/work/_temp/scanner-verification-il7_c53e/final/tiktok_worker_scanner.py,254,BatchResponse,1,1,1.9940000000000003e-06,7.977354862207133e-07,1.9940000000000003e-06
/opt/hostedtoolcache/Python/3.11.16/x64/lib/python3.11/selectors.py,63,__init__,1,1,1.9940000000000003e-06,7.977354862207133e-07,1.9940000000000003e-06
/opt/hostedtoolcache/Python/3.11.16/x64/lib/python3.11/argparse.py,592,<listcomp>,1,1,1.9930000000000002e-06,7.97335418273762e-07,1.9930000000000002e-06
/home/runner/work/_temp/scanner-verification-il7_c53e/final/tiktok_worker_scanner.py,749,<genexpr>,2,2,1.974e-06,7.89734127281689e-07,1.974e-06
/opt/hostedtoolcache/Python/3.11.16/x64/lib/python3.11/urllib/request.py,1383,HTTPSHandler,1,1,1.964e-06,7.85733447812177e-07,1.964e-06
/opt/hostedtoolcache/Python/3.11.16/x64/lib/python3.11/email/_parseaddr.py,512,AddressList,1,1,1.963e-06,7.853333798652257e-07,1.963e-06
/opt/hostedtoolcache/Python/3.11.16/x64/lib/python3.11/urllib/request.py,624,HTTPErrorProcessor,1,1,1.9540000000000003e-06,7.817327683426649e-07,1.9540000000000003e-06
/opt/hostedtoolcache/Python/3.11.16/x64/lib/python3.11/unittest/mock.py,1266,_check_spec_arg_typos,1,1,1.9540000000000003e-06,7.817327683426649e-07,1.9540000000000003e-06
/opt/hostedtoolcache/Python/3.11.16/x64/lib/python3.11/urllib/request.py,605,BaseHandler,1,1,1.934e-06,7.737314094036406e-07,1.934e-06
/opt/hostedtoolcache/Python/3.11.16/x64/lib/python3.11/datetime.py,1219,tzinfo,1,1,1.933e-06,7.733313414566893e-07,1.933e-06
/home/runner/work/_temp/scanner-verification-il7_c53e/final/direct_protocol.py,22,ProtocolError,1,1,1.924e-06,7.697307299341286e-07,1.924e-06
/opt/hostedtoolcache/Python/3.11.16/x64/lib/python3.11/site-packages/httpx/_exceptions.py,107,RequestError,1,1,1.924e-06,7.697307299341286e-07,1.924e-06
/opt/hostedtoolcache/Python/3.11.16/x64/lib/python3.11/argparse.py,1866,<listcomp>,1,1,1.924e-06,7.697307299341286e-07,1.924e-06
/home/runner/work/_temp/scanner-verification-il7_c53e/final/avatar_cache.py,123,AvatarReader,1,1,1.923e-06,7.693306619871773e-07,1.923e-06
/opt/hostedtoolcache/Python/3.11.16/x64/lib/python3.11/sqlite3/dbapi2.py,49,<listcomp>,1,1,1.923e-06,7.693306619871773e-07,1.923e-06
<frozen runpy>,54,__enter__,1,1,1.923e-06,7.693306619871773e-07,1.923e-06
~,0,<method 'copy' of 'dict' objects>,1,1,1.9040000000000001e-06,7.617293709951043e-07,1.9040000000000001e-06
/home/runner/work/_temp/scanner-verification-il7_c53e/final/tiktok_worker_scanner.py,1981,SecretLogFilter,1,1,1.903e-06,7.61329303048153e-07,1.903e-06
/opt/hostedtoolcache/Python/3.11.16/x64/lib/python3.11/__future__.py,81,_Feature,1,1,1.8940000000000002e-06,7.577286915255923e-07,1.8940000000000002e-06
/opt/hostedtoolcache/Python/3.11.16/x64/lib/python3.11/site-packages/httpx/_client.py,121,<listcomp>,1,1,1.8940000000000002e-06,7.577286915255923e-07,1.8940000000000002e-06
/opt/hostedtoolcache/Python/3.11.16/x64/lib/python3.11/urllib/request.py,1226,HTTPDigestAuthHandler,1,1,1.8940000000000002e-06,7.577286915255923e-07,1.8940000000000002e-06
/opt/hostedtoolcache/Python/3.11.16/x64/lib/python3.11/calendar.py,573,LocaleTextCalendar,1,1,1.8940000000000002e-06,7.577286915255923e-07,1.8940000000000002e-06
/opt/hostedtoolcache/Python/3.11.16/x64/lib/python3.11/inspect.py,2814,__init__,1,1,1.8940000000000002e-06,7.577286915255923e-07,1.8940000000000002e-06
/opt/hostedtoolcache/Python/3.11.16/x64/lib/python3.11/urllib/response.py,37,addclosehook,1,1,1.8930000000000001e-06,7.57328623578641e-07,1.8930000000000001e-06
/opt/hostedtoolcache/Python/3.11.16/x64/lib/python3.11/queue.py,223,PriorityQueue,1,1,1.883e-06,7.533279441091289e-07,1.883e-06
/opt/hostedtoolcache/Python/3.11.16/x64/lib/python3.11/site-packages/httpx/_auth.py,113,FunctionAuth,1,1,1.8740000000000002e-06,7.49727332586568e-07,1.8740000000000002e-06
/opt/hostedtoolcache/Python/3.11.16/x64/lib/python3.11/urllib/request.py,1061,ProxyBasicAuthHandler,1,1,1.8740000000000002e-06,7.49727332586568e-07,1.8740000000000002e-06
/opt/hostedtoolcache/Python/3.11.16/x64/lib/python3.11/dataclasses.py,179,__repr__,2,2,1.8730000000000001e-06,7.493272646396168e-07,1.8730000000000001e-06
/opt/hostedtoolcache/Python/3.11.16/x64/lib/python3.11/http/cookiejar.py,1859,LWPCookieJar,1,1,1.864e-06,7.457266531170559e-07,1.864e-06
/home/runner/work/_temp/scanner-verification-il7_c53e/final/rate_limit_control.py,15,BackendPaused,1,1,1.844e-06,7.377252941780317e-07,1.844e-06
/home/runner/work/_temp/scanner-verification-il7_c53e/final/tiktok_worker_scanner.py,931,WorkerApiError,1,1,1.8430000000000002e-06,7.373252262310805e-07,1.8430000000000002e-06
/opt/hostedtoolcache/Python/3.11.16/x64/lib/python3.11/site-packages/httpx/_config.py,159,Limits,1,1,1.8430000000000002e-06,7.373252262310805e-07,1.8430000000000002e-06
~,0,<method 'remove' of 'list' objects>,1,1,1.8430000000000002e-06,7.373252262310805e-07,1.8430000000000002e-06
/opt/hostedtoolcache/Python/3.11.16/x64/lib/python3.11/site-packages/httpx/_content.py,31,ByteStream,1,1,1.8340000000000001e-06,7.337246147085197e-07,1.8340000000000001e-06
/opt/hostedtoolcache/Python/3.11.16/x64/lib/python3.11/encodings/utf_8_sig.py,49,IncrementalDecoder,1,1,1.8230000000000002e-06,7.293238672920563e-07,1.8230000000000002e-06
/opt/hostedtoolcache/Python/3.11.16/x64/lib/python3.11/urllib/request.py,791,ProxyHandler,1,1,1.8230000000000002e-06,7.293238672920563e-07,1.8230000000000002e-06
/opt/hostedtoolcache/Python/3.11.16/x64/lib/python3.11/zipfile.py,813,_Tellable,1,1,1.8140000000000001e-06,7.257232557694954e-07,1.8140000000000001e-06
/opt/hostedtoolcache/Python/3.11.16/x64/lib/python3.11/site-packages/httpx/_transports/mock.py,16,__init__,1,1,1.8140000000000001e-06,7.257232557694954e-07,1.8140000000000001e-06
/home/runner/work/_temp/scanner-verification-il7_c53e/final/tiktok_worker_scanner.py,752,<genexpr>,2,2,1.814e-06,7.257232557694953e-07,1.814e-06
~,0,<method 'pop' of 'collections.deque' objects>,2,2,1.813e-06,7.253231878225442e-07,1.813e-06
/opt/hostedtoolcache/Python/3.11.16/x64/lib/python3.11/email/parser.py,125,BytesHeaderParser,1,1,1.804e-06,7.217225762999832e-07,1.804e-06
/opt/hostedtoolcache/Python/3.11.16/x64/lib/python3.11/site-packages/httpx/_auth.py,343,_DigestAuthChallenge,1,1,1.8030000000000001e-06,7.213225083530321e-07,1.8030000000000001e-06
/opt/hostedtoolcache/Python/3.11.16/x64/lib/python3.11/concurrent/futures/thread.py,112,BrokenThreadPool,1,1,1.794e-06,7.177218968304713e-07,1.794e-06
/opt/hostedtoolcache/Python/3.11.16/x64/lib/python3.11/site-packages/httpx/_transports/base.py,65,AsyncBaseTransport,1,1,1.793e-06,7.173218288835199e-07,1.793e-06
/opt/hostedtoolcache/Python/3.11.16/x64/lib/python3.11/unittest/mock.py,1642,<lambda>,2,2,1.793e-06,7.173218288835199e-07,1.793e-06
/opt/hostedtoolcache/Python/3.11.16/x64/lib/python3.11/subprocess.py,481,__init__,1,1,1.7640000000000002e-06,7.057198584219349e-07,1.7640000000000002e-06
/opt/hostedtoolcache/Python/3.11.16/x64/lib/python3.11/importlib/resources/readers.py,107,NamespaceReader,1,1,1.754e-06,7.017191789524228e-07,1.754e-06
/opt/hostedtoolcache/Python/3.11.16/x64/lib/python3.11/site-packages/httpx/_transports/mock.py,15,MockTransport,1,1,1.7530000000000002e-06,7.013191110054717e-07,1.7530000000000002e-06
/opt/hostedtoolcache/Python/3.11.16/x64/lib/python3.11/email/errors.py,97,NonPrintableDefect,1,1,1.7530000000000002e-06,7.013191110054717e-07,1.7530000000000002e-06
/opt/hostedtoolcache/Python/3.11.16/x64/lib/python3.11/calendar.py,162,setfirstweekday,1,1,1.7440000000000002e-06,6.977184994829107e-07,1.7440000000000002e-06
/opt/hostedtoolcache/Python/3.11.16/x64/lib/python3.11/calendar.py,594,LocaleHTMLCalendar,1,1,1.743e-06,6.973184315359595e-07,1.743e-06
/opt/hostedtoolcache/Python/3.11.16/x64/lib/python3.11/site-packages/httpx/_transports/default.py,121,ResponseStream,1,1,1.7330000000000002e-06,6.933177520664473e-07,1.7330000000000002e-06
/opt/hostedtoolcache/Python/3.11.16/x64/lib/python3.11/site-packages/httpx/_decoders.py,56,DeflateDecoder,1,1,1.7330000000000002e-06,6.933177520664473e-07,1.7330000000000002e-06
/opt/hostedtoolcache/Python/3.11.16/x64/lib/python3.11/functools.py,972,__set_name__,1,1,1.7330000000000002e-06,6.933177520664473e-07,1.7330000000000002e-06
/opt/hostedtoolcache/Python/3.11.16/x64/lib/python3.11/statistics.py,256,_coerce,1,1,1.7240000000000001e-06,6.897171405438865e-07,1.7240000000000001e-06
/opt/hostedtoolcache/Python/3.11.16/x64/lib/python3.11/http/client.py,195,HTTPMessage,1,1,1.7240000000000001e-06,6.897171405438865e-07,1.7240000000000001e-06
/opt/hostedtoolcache/Python/3.11.16/x64/lib/python3.11/site-packages/httpx/_transports/wsgi.py,30,WSGIByteStream,1,1,1.723e-06,6.893170725969352e-07,1.723e-06
/home/runner/work/_temp/scanner-verification-il7_c53e/final/scan_runtime.py,154,RetryQueue,1,1,1.723e-06,6.893170725969352e-07,1.723e-06
/opt/hostedtoolcache/Python/3.11.16/x64/lib/python3.11/urllib/request.py,1050,HTTPBasicAuthHandler,1,1,1.703e-06,6.81315713657911e-07,1.703e-06
/opt/hostedtoolcache/Python/3.11.16/x64/lib/python3.11/contextlib.py,440,__init__,1,1,1.684e-06,6.73714422665838e-07,1.684e-06
/opt/hostedtoolcache/Python/3.11.16/x64/lib/python3.11/queue.py,242,LifoQueue,1,1,1.663e-06,6.653129957798626e-07,1.663e-06
/opt/hostedtoolcache/Python/3.11.16/x64/lib/python3.11/site-packages/httpx/_decoders.py,36,ContentDecoder,1,1,1.663e-06,6.653129957798626e-07,1.663e-06
/opt/hostedtoolcache/Python/3.11.16/x64/lib/python3.11/urllib/response.py,57,addinfo,1,1,1.663e-06,6.653129957798626e-07,1.663e-06
/home/runner/work/_temp/scanner-verification-il7_c53e/final/rate_limit_control.py,41,<dictcomp>,1,1,1.653e-06,6.613123163103506e-07,1.653e-06
/home/runner/work/_temp/scanner-verification-il7_c53e/final/scan_runtime.py,218,ShutdownGuard,1,1,1.6430000000000002e-06,6.573116368408384e-07,1.6430000000000002e-06
/opt/hostedtoolcache/Python/3.11.16/x64/lib/python3.11/site-packages/httpx/_decoders.py,267,TextChunker,1,1,1.6430000000000002e-06,6.573116368408384e-07,1.6430000000000002e-06
/opt/hostedtoolcache/Python/3.11.16/x64/lib/python3.11/urllib/request.py,1641,DataHandler,1,1,1.6230000000000002e-06,6.493102779018143e-07,1.6230000000000002e-06
/opt/hostedtoolcache/Python/3.11.16/x64/lib/python3.11/email/errors.py,37,MessageDefect,1,1,1.6230000000000002e-06,6.493102779018143e-07,1.6230000000000002e-06
/opt/hostedtoolcache/Python/3.11.16/x64/lib/python3.11/numbers.py,12,Number,1,1,1.6140000000000001e-06,6.457096663792534e-07,1.6140000000000001e-06
/opt/hostedtoolcache/Python/3.11.16/x64/lib/python3.11/site-packages/httpx/_decoders.py,228,ByteChunker,1,1,1.613e-06,6.453095984323022e-07,1.613e-06
/opt/hostedtoolcache/Python/3.11.16/x64/lib/python3.11/site-packages/httpx/_transports/wsgi.py,44,WSGITransport,1,1,1.613e-06,6.453095984323022e-07,1.613e-06
/home/runner/work/_temp/scanner-verification-il7_c53e/final/connection_metrics.py,3,RequestTrace,1,1,1.5830000000000001e-06,6.333075600237659e-07,1.5830000000000001e-06
/opt/hostedtoolcache/Python/3.11.16/x64/lib/python3.11/site-packages/httpx/_decoders.py,44,IdentityDecoder,1,1,1.5830000000000001e-06,6.333075600237659e-07,1.5830000000000001e-06
/opt/hostedtoolcache/Python/3.11.16/x64/lib/python3.11/site-packages/httpx/_transports/asgi.py,55,ASGIResponseStream,1,1,1.573e-06,6.293068805542537e-07,1.573e-06
/opt/hostedtoolcache/Python/3.11.16/x64/lib/python3.11/importlib/resources/_adapters.py,20,TraversableResourcesLoader,1,1,1.5630000000000001e-06,6.253062010847416e-07,1.5630000000000001e-06
/opt/hostedtoolcache/Python/3.11.16/x64/lib/python3.11/site-packages/httpx/_decoders.py,85,GZipDecoder,1,1,1.5630000000000001e-06,6.253062010847416e-07,1.5630000000000001e-06
/opt/hostedtoolcache/Python/3.11.16/x64/lib/python3.11/site-packages/httpx/_content.py,92,UnattachedStream,1,1,1.5630000000000001e-06,6.253062010847416e-07,1.5630000000000001e-06
/opt/hostedtoolcache/Python/3.11.16/x64/lib/python3.11/typing.py,1720,_value_and_type_iter,1,1,1.5630000000000001e-06,6.253062010847416e-07,1.5630000000000001e-06
/opt/hostedtoolcache/Python/3.11.16/x64/lib/python3.11/site-packages/httpx/_decoders.py,108,BrotliDecoder,1,1,1.553e-06,6.213055216152295e-07,1.553e-06
/opt/hostedtoolcache/Python/3.11.16/x64/lib/python3.11/site-packages/httpx/_decoders.py,203,MultiDecoder,1,1,1.553e-06,6.213055216152295e-07,1.553e-06
/opt/hostedtoolcache/Python/3.11.16/x64/lib/python3.11/http/cookiejar.py,1982,MozillaCookieJar,1,1,1.553e-06,6.213055216152295e-07,1.553e-06
/opt/hostedtoolcache/Python/3.11.16/x64/lib/python3.11/urllib/request.py,1416,UnknownHandler,1,1,1.543e-06,6.173048421457174e-07,1.543e-06
~,0,<method 'popitem' of 'dict' objects>,1,1,1.5330000000000002e-06,6.133041626762053e-07,1.5330000000000002e-06
/opt/hostedtoolcache/Python/3.11.16/x64/lib/python3.11/site-packages/httpx/_decoders.py,321,LineDecoder,1,1,1.5330000000000002e-06,6.133041626762053e-07,1.5330000000000002e-06
/opt/hostedtoolcache/Python/3.11.16/x64/lib/python3.11/site-packages/httpx/_transports/asgi.py,63,ASGITransport,1,1,1.5330000000000002e-06,6.133041626762053e-07,1.5330000000000002e-06
/opt/hostedtoolcache/Python/3.11.16/x64/lib/python3.11/calendar.py,33,IllegalWeekdayError,1,1,1.5330000000000002e-06,6.133041626762053e-07,1.5330000000000002e-06
/opt/hostedtoolcache/Python/3.11.16/x64/lib/python3.11/urllib/error.py,19,URLError,1,1,1.5330000000000002e-06,6.133041626762053e-07,1.5330000000000002e-06
/opt/hostedtoolcache/Python/3.11.16/x64/lib/python3.11/calendar.py,26,IllegalMonthError,1,1,1.523e-06,6.093034832066933e-07,1.523e-06
/opt/hostedtoolcache/Python/3.11.16/x64/lib/python3.11/urllib/request.py,1244,ProxyDigestAuthHandler,1,1,1.503e-06,6.013021242676689e-07,1.503e-06
/opt/hostedtoolcache/Python/3.11.16/x64/lib/python3.11/site-packages/httpx/_exceptions.py,258,HTTPStatusError,1,1,1.4930000000000001e-06,5.97301444798157e-07,1.4930000000000001e-06
/opt/hostedtoolcache/Python/3.11.16/x64/lib/python3.11/site-packages/httpx/_transports/default.py,265,AsyncResponseStream,1,1,1.483e-06,5.933007653286448e-07,1.483e-06
/opt/hostedtoolcache/Python/3.11.16/x64/lib/python3.11/site-packages/httpx/_content.py,42,IteratorByteStream,1,1,1.4730000000000001e-06,5.893000858591327e-07,1.4730000000000001e-06
/opt/hostedtoolcache/Python/3.11.16/x64/lib/python3.11/email/message.py,1202,EmailMessage,1,1,1.4730000000000001e-06,5.893000858591327e-07,1.4730000000000001e-06
/opt/hostedtoolcache/Python/3.11.16/x64/lib/python3.11/site-packages/httpx/_decoders.py,161,ZStandardDecoder,1,1,1.472e-06,5.889000179121815e-07,1.472e-06
/opt/hostedtoolcache/Python/3.11.16/x64/lib/python3.11/email/errors.py,85,HeaderDefect,1,1,1.4620000000000001e-06,5.848993384426694e-07,1.4620000000000001e-06
<string>,1,<module>,1,1,1.4530000000000001e-06,5.812987269201085e-07,1.4530000000000001e-06
/opt/hostedtoolcache/Python/3.11.16/x64/lib/python3.11/encodings/utf_8_sig.py,85,StreamWriter,1,1,1.452e-06,5.808986589731572e-07,1.452e-06
/home/runner/work/_temp/scanner-verification-il7_c53e/final/tiktok_worker_scanner.py,942,InvalidWorkerResponse,1,1,1.443e-06,5.772980474505964e-07,1.443e-06
/opt/hostedtoolcache/Python/3.11.16/x64/lib/python3.11/urllib/request.py,641,HTTPDefaultErrorHandler,1,1,1.443e-06,5.772980474505964e-07,1.443e-06
/opt/hostedtoolcache/Python/3.11.16/x64/lib/python3.11/site-packages/httpx/_exceptions.py,271,InvalidURL,1,1,1.433e-06,5.732973679810843e-07,1.433e-06
/home/runner/work/_temp/scanner-verification-il7_c53e/final/tiktok_worker_scanner.py,174,MissingDependency,1,1,1.433e-06,5.732973679810843e-07,1.433e-06
/opt/hostedtoolcache/Python/3.11.16/x64/lib/python3.11/zipfile.py,672,LZMADecompressor,1,1,1.432e-06,5.728973000341331e-07,1.432e-06
~,0,<built-in method atexit.register>,1,1,1.432e-06,5.728973000341331e-07,1.432e-06
/opt/hostedtoolcache/Python/3.11.16/x64/lib/python3.11/uuid.py,78,SafeUUID,1,1,1.432e-06,5.728973000341331e-07,1.432e-06
/opt/hostedtoolcache/Python/3.11.16/x64/lib/python3.11/site-packages/httpx/_client.py,94,UseClientDefault,1,1,1.4030000000000002e-06,5.61295329572548e-07,1.4030000000000002e-06
/opt/hostedtoolcache/Python/3.11.16/x64/lib/python3.11/http/client.py,1576,BadStatusLine,1,1,1.382e-06,5.528939026865726e-07,1.382e-06
/home/runner/work/_temp/scanner-verification-il7_c53e/final/tiktok_worker_scanner.py,947,ScanCancelled,1,1,1.3720000000000002e-06,5.488932232170606e-07,1.3720000000000002e-06
/opt/hostedtoolcache/Python/3.11.16/x64/lib/python3.11/queue.py,23,Full,1,1,1.343e-06,5.372912527554754e-07,1.343e-06
/opt/hostedtoolcache/Python/3.11.16/x64/lib/python3.11/http/cookiejar.py,1244,Absent,1,1,1.343e-06,5.372912527554754e-07,1.343e-06
/opt/hostedtoolcache/Python/3.11.16/x64/lib/python3.11/site-packages/httpx/_content.py,67,AsyncIteratorByteStream,1,1,1.3320000000000001e-06,5.328905053390121e-07,1.3320000000000001e-06
/opt/hostedtoolcache/Python/3.11.16/x64/lib/python3.11/urllib/request.py,898,HTTPPasswordMgrWithDefaultRealm,1,1,1.3320000000000001e-06,5.328905053390121e-07,1.3320000000000001e-06
/opt/hostedtoolcache/Python/3.11.16/x64/lib/python3.11/http/client.py,1533,NotConnected,1,1,1.3320000000000001e-06,5.328905053390121e-07,1.3320000000000001e-06
/home/runner/work/_temp/scanner-verification-il7_c53e/final/tiktok_worker_scanner.py,170,ExporterError,1,1,1.322e-06,5.288898258694998e-07,1.322e-06
/opt/hostedtoolcache/Python/3.11.16/x64/lib/python3.11/site-packages/httpx/_exceptions.py,280,CookieConflict,1,1,1.303e-06,5.212885348774269e-07,1.303e-06
/opt/hostedtoolcache/Python/3.11.16/x64/lib/python3.11/urllib/error.py,70,ContentTooShortError,1,1,1.302e-06,5.208884669304757e-07,1.302e-06
/home/runner/work/_temp/scanner-verification-il7_c53e/final/tiktok_worker_scanner.py,1201,<listcomp>,1,1,1.2930000000000002e-06,5.17287855407915e-07,1.2930000000000002e-06
/opt/hostedtoolcache/Python/3.11.16/x64/lib/python3.11/email/errors.py,57,MisplacedEnvelopeHeaderDefect,1,1,1.292e-06,5.168877874609636e-07,1.292e-06
/opt/hostedtoolcache/Python/3.11.16/x64/lib/python3.11/encodings/utf_8_sig.py,97,StreamReader,1,1,1.2820000000000002e-06,5.128871079914517e-07,1.2820000000000002e-06
/opt/hostedtoolcache/Python/3.11.16/x64/lib/python3.11/statistics.py,148,StatisticsError,1,1,1.2730000000000001e-06,5.092864964688906e-07,1.2730000000000001e-06
/opt/hostedtoolcache/Python/3.11.16/x64/lib/python3.11/unittest/mock.py,574,__get_side_effect,1,1,1.2730000000000001e-06,5.092864964688906e-07,1.2730000000000001e-06
/opt/hostedtoolcache/Python/3.11.16/x64/lib/python3.11/site-packages/httpx/_exceptions.py,327,StreamClosed,1,1,1.272e-06,5.088864285219394e-07,1.272e-06
/opt/hostedtoolcache/Python/3.11.16/x64/lib/python3.11/site-packages/httpx/_exceptions.py,353,RequestNotRead,1,1,1.272e-06,5.088864285219394e-07,1.272e-06
/opt/hostedtoolcache/Python/3.11.16/x64/lib/python3.11/email/errors.py,8,MessageError,1,1,1.263e-06,5.052858169993786e-07,1.263e-06
/opt/hostedtoolcache/Python/3.11.16/x64/lib/python3.11/email/errors.py,24,MultipartConversionError,1,1,1.263e-06,5.052858169993786e-07,1.263e-06
/opt/hostedtoolcache/Python/3.11.16/x64/lib/python3.11/zipfile.py,44,BadZipFile,1,1,1.2620000000000002e-06,5.048857490524273e-07,1.2620000000000002e-06
/opt/hostedtoolcache/Python/3.11.16/x64/lib/python3.11/site-packages/httpx/_config.py,16,UnsetType,1,1,1.2620000000000002e-06,5.048857490524273e-07,1.2620000000000002e-06
~,0,<method 'bit_length' of 'int' objects>,1,1,1.2620000000000002e-06,5.048857490524273e-07,1.2620000000000002e-06
/opt/hostedtoolcache/Python/3.11.16/x64/lib/python3.11/site-packages/httpx/_exceptions.py,309,StreamConsumed,1,1,1.2420000000000001e-06,4.968843901134032e-07,1.2420000000000001e-06
/opt/hostedtoolcache/Python/3.11.16/x64/lib/python3.11/http/client.py,1539,UnknownProtocol,1,1,1.232e-06,4.92883710643891e-07,1.232e-06
/opt/hostedtoolcache/Python/3.11.16/x64/lib/python3.11/logging/__init__.py,1319,disable,1,1,1.232e-06,4.92883710643891e-07,1.232e-06
/opt/hostedtoolcache/Python/3.11.16/x64/lib/python3.11/site-packages/httpx/_exceptions.py,167,NetworkError,1,1,1.223e-06,4.892830991213301e-07,1.223e-06
/opt/hostedtoolcache/Python/3.11.16/x64/lib/python3.11/site-packages/idna/core.py,110,IDNABidiError,1,1,1.2220000000000001e-06,4.888830311743789e-07,1.2220000000000001e-06
/opt/hostedtoolcache/Python/3.11.16/x64/lib/python3.11/site-packages/httpx/_exceptions.py,297,StreamError,1,1,1.2220000000000001e-06,4.888830311743789e-07,1.2220000000000001e-06
/opt/hostedtoolcache/Python/3.11.16/x64/lib/python3.11/http/client.py,1588,RemoteDisconnected,1,1,1.2220000000000001e-06,4.888830311743789e-07,1.2220000000000001e-06
/opt/hostedtoolcache/Python/3.11.16/x64/lib/python3.11/site-packages/idna/package_data.py,1,<module>,1,1,1.212e-06,4.848823517048668e-07,1.212e-06
/opt/hostedtoolcache/Python/3.11.16/x64/lib/python3.11/http/client.py,1567,CannotSendRequest,1,1,1.212e-06,4.848823517048668e-07,1.212e-06
/opt/hostedtoolcache/Python/3.11.16/x64/lib/python3.11/email/errors.py,12,MessageParseError,1,1,1.212e-06,4.848823517048668e-07,1.212e-06
/opt/hostedtoolcache/Python/3.11.16/x64/lib/python3.11/zipfile.py,48,LargeZipFile,1,1,1.202e-06,4.808816722353547e-07,1.202e-06
/opt/hostedtoolcache/Python/3.11.16/x64/lib/python3.11/argparse.py,1327,__init__,1,1,1.193e-06,4.772810607127938e-07,1.193e-06
/home/runner/work/_temp/scanner-verification-il7_c53e/final/direct_protocol.py,28,load_session,1,1,1.192e-06,4.768809927658425e-07,1.192e-06
~,0,<method 'toordinal' of 'datetime.date' objects>,1,1,1.192e-06,4.768809927658425e-07,1.192e-06
/opt/hostedtoolcache/Python/3.11.16/x64/lib/python3.11/importlib/resources/_adapters.py,143,__init__,1,1,1.182e-06,4.7288031329633057e-07,1.182e-06
/opt/hostedtoolcache/Python/3.11.16/x64/lib/python3.11/http/cookiejar.py,1774,LoadError,1,1,1.182e-06,4.7288031329633057e-07,1.182e-06
/opt/hostedtoolcache/Python/3.11.16/x64/lib/python3.11/threading.py,1597,main_thread,1,1,1.182e-06,4.7288031329633057e-07,1.182e-06
/opt/hostedtoolcache/Python/3.11.16/x64/lib/python3.11/contextlib.py,446,__exit__,1,1,1.173e-06,4.6927970177376963e-07,1.173e-06
/home/runner/work/_temp/scanner-verification-il7_c53e/final/tiktok_worker_scanner.py,818,<genexpr>,1,1,1.1720000000000002e-06,4.6887963382681845e-07,1.1720000000000002e-06
/home/runner/work/_temp/scanner-verification-il7_c53e/final/tiktok_worker_scanner.py,1553,<listcomp>,1,1,1.1630000000000001e-06,4.652790223042575e-07,1.1630000000000001e-06
/home/runner/work/_temp/scanner-verification-il7_c53e/final/report_generator.py,150,<dictcomp>,1,1,1.162e-06,4.648789543573063e-07,1.162e-06
~,0,<method 'clear' of 'dict' objects>,1,1,1.162e-06,4.648789543573063e-07,1.162e-06
/opt/hostedtoolcache/Python/3.11.16/x64/lib/python3.11/email/errors.py,16,HeaderParseError,1,1,1.153e-06,4.612783428347454e-07,1.153e-06
/opt/hostedtoolcache/Python/3.11.16/x64/lib/python3.11/http/client.py,1583,LineTooLong,1,1,1.1520000000000002e-06,4.608782748877942e-07,1.1520000000000002e-06
/opt/hostedtoolcache/Python/3.11.16/x64/lib/python3.11/email/errors.py,74,InvalidBase64PaddingDefect,1,1,1.1430000000000001e-06,4.572776633652333e-07,1.1430000000000001e-06
/opt/hostedtoolcache/Python/3.11.16/x64/lib/python3.11/unittest/mock.py,1114,_mock_check_sig,1,1,1.142e-06,4.568775954182821e-07,1.142e-06
/opt/hostedtoolcache/Python/3.11.16/x64/lib/python3.11/site-packages/httpx/_exceptions.py,123,TransportError,1,1,1.1320000000000001e-06,4.5287691594877e-07,1.1320000000000001e-06
~,0,<method 'clear' of 'collections.deque' objects>,1,1,1.113e-06,4.4527562495669696e-07,1.113e-06
/opt/hostedtoolcache/Python/3.11.16/x64/lib/python3.11/site-packages/httpx/_exceptions.py,152,WriteTimeout,1,1,1.1120000000000001e-06,4.448755570097458e-07,1.1120000000000001e-06
<string>,1,__create_fn__,1,1,1.102e-06,4.4087487754023366e-07,1.102e-06
/opt/hostedtoolcache/Python/3.11.16/x64/lib/python3.11/site-packages/httpx/_transports/base.py,85,aclose,1,1,1.102e-06,4.4087487754023366e-07,1.102e-06
/opt/hostedtoolcache/Python/3.11.16/x64/lib/python3.11/site-packages/httpx/_exceptions.py,222,LocalProtocolError,1,1,1.102e-06,4.4087487754023366e-07,1.102e-06
/opt/hostedtoolcache/Python/3.11.16/x64/lib/python3.11/http/client.py,1528,HTTPException,1,1,1.092e-06,4.368741980707216e-07,1.092e-06
/opt/hostedtoolcache/Python/3.11.16/x64/lib/python3.11/http/client.py,1570,CannotSendHeader,1,1,1.092e-06,4.368741980707216e-07,1.092e-06
/home/runner/work/_temp/scanner-verification-il7_c53e/final/tiktok_worker_scanner.py,178,PublicProfileRequired,1,1,1.092e-06,4.368741980707216e-07,1.092e-06
/opt/hostedtoolcache/Python/3.11.16/x64/lib/python3.11/site-packages/httpx/_exceptions.py,232,RemoteProtocolError,1,1,1.082e-06,4.3287351860120947e-07,1.082e-06
/opt/hostedtoolcache/Python/3.11.16/x64/lib/python3.11/site-packages/httpx/_exceptions.py,249,TooManyRedirects,1,1,1.082e-06,4.3287351860120947e-07,1.082e-06
/opt/hostedtoolcache/Python/3.11.16/x64/lib/python3.11/email/errors.py,65,MultipartInvariantViolationDefect,1,1,1.082e-06,4.3287351860120947e-07,1.082e-06
/opt/hostedtoolcache/Python/3.11.16/x64/lib/python3.11/site-packages/idna/core.py,118,InvalidCodepointContext,1,1,1.072e-06,4.288728391316974e-07,1.072e-06
/opt/hostedtoolcache/Python/3.11.16/x64/lib/python3.11/site-packages/httpx/_client.py,445,_build_auth,1,1,1.072e-06,4.288728391316974e-07,1.072e-06
/opt/hostedtoolcache/Python/3.11.16/x64/lib/python3.11/site-packages/httpx/_client.py,1412,<dictcomp>,1,1,1.072e-06,4.288728391316974e-07,1.072e-06
/opt/hostedtoolcache/Python/3.11.16/x64/lib/python3.11/email/errors.py,108,ObsoleteHeaderDefect,1,1,1.071e-06,4.2847277118474616e-07,1.071e-06
/opt/hostedtoolcache/Python/3.11.16/x64/lib/python3.11/site-packages/httpx/_exceptions.py,208,UnsupportedProtocol,1,1,1.0620000000000002e-06,4.2487215966218533e-07,1.0620000000000002e-06
/opt/hostedtoolcache/Python/3.11.16/x64/lib/python3.11/site-packages/httpx/_exceptions.py,216,ProtocolError,1,1,1.0620000000000002e-06,4.2487215966218533e-07,1.0620000000000002e-06
/opt/hostedtoolcache/Python/3.11.16/x64/lib/python3.11/email/errors.py,91,InvalidHeaderDefect,1,1,1.0530000000000001e-06,4.212715481396244e-07,1.0530000000000001e-06
/home/runner/work/_temp/scanner-verification-il7_c53e/final/tiktok_worker_scanner.py,1555,<genexpr>,1,1,1.052e-06,4.208714801926732e-07,1.052e-06
/opt/hostedtoolcache/Python/3.11.16/x64/lib/python3.11/site-packages/httpx/_exceptions.py,132,TimeoutException,1,1,1.052e-06,4.208714801926732e-07,1.052e-06
/opt/hostedtoolcache/Python/3.11.16/x64/lib/python3.11/site-packages/httpx/_exceptions.py,243,DecodingError,1,1,1.052e-06,4.208714801926732e-07,1.052e-06
/opt/hostedtoolcache/Python/3.11.16/x64/lib/python3.11/email/errors.py,20,BoundaryError,1,1,1.052e-06,4.208714801926732e-07,1.052e-06
/opt/hostedtoolcache/Python/3.11.16/x64/lib/python3.11/email/errors.py,68,InvalidMultipartContentTransferEncodingDefect,1,1,1.052e-06,4.208714801926732e-07,1.052e-06
/opt/hostedtoolcache/Python/3.11.16/x64/lib/python3.11/http/client.py,1544,UnknownTransferEncoding,1,1,1.051e-06,4.204714122457219e-07,1.051e-06
/opt/hostedtoolcache/Python/3.11.16/x64/lib/python3.11/importlib/resources/readers.py,27,files,1,1,1.0420000000000001e-06,4.168708007231611e-07,1.0420000000000001e-06
/home/runner/work/_temp/scanner-verification-il7_c53e/final/tiktok_worker_scanner.py,802,<listcomp>,1,1,1.0420000000000001e-06,4.168708007231611e-07,1.0420000000000001e-06
/opt/hostedtoolcache/Python/3.11.16/x64/lib/python3.11/site-packages/httpx/_exceptions.py,158,PoolTimeout,1,1,1.0420000000000001e-06,4.168708007231611e-07,1.0420000000000001e-06
/opt/hostedtoolcache/Python/3.11.16/x64/lib/python3.11/site-packages/httpx/_exceptions.py,175,ReadError,1,1,1.0420000000000001e-06,4.168708007231611e-07,1.0420000000000001e-06
/opt/hostedtoolcache/Python/3.11.16/x64/lib/python3.11/site-packages/idna/core.py,114,InvalidCodepoint,1,1,1.0420000000000001e-06,4.168708007231611e-07,1.0420000000000001e-06
/opt/hostedtoolcache/Python/3.11.16/x64/lib/python3.11/site-packages/httpx/_client.py,239,_get_proxy_map,1,1,1.0420000000000001e-06,4.168708007231611e-07,1.0420000000000001e-06
/opt/hostedtoolcache/Python/3.11.16/x64/lib/python3.11/email/errors.py,28,CharsetError,1,1,1.041e-06,4.164707327762099e-07,1.041e-06
/opt/hostedtoolcache/Python/3.11.16/x64/lib/python3.11/email/errors.py,45,NoBoundaryInMultipartDefect,1,1,1.041e-06,4.164707327762099e-07,1.041e-06
/opt/hostedtoolcache/Python/3.11.16/x64/lib/python3.11/email/errors.py,71,UndecodableBytesDefect,1,1,1.041e-06,4.164707327762099e-07,1.041e-06
/opt/hostedtoolcache/Python/3.11.16/x64/lib/python3.11/functools.py,753,<listcomp>,1,1,1.032e-06,4.1287012125364897e-07,1.032e-06
/opt/hostedtoolcache/Python/3.11.16/x64/lib/python3.11/site-packages/httpx/_exceptions.py,140,ConnectTimeout,1,1,1.032e-06,4.1287012125364897e-07,1.032e-06
/opt/hostedtoolcache/Python/3.11.16/x64/lib/python3.11/site-packages/httpx/_exceptions.py,193,CloseError,1,1,1.032e-06,4.1287012125364897e-07,1.032e-06
/opt/hostedtoolcache/Python/3.11.16/x64/lib/python3.11/email/errors.py,32,HeaderWriteError,1,1,1.032e-06,4.1287012125364897e-07,1.032e-06
/opt/hostedtoolcache/Python/3.11.16/x64/lib/python3.11/site-packages/httpx/_client.py,1432,_init_transport,1,1,1.032e-06,4.1287012125364897e-07,1.032e-06
~,0,<method 'index' of 'list' objects>,1,1,1.032e-06,4.1287012125364897e-07,1.032e-06
~,0,<built-in method posix.WIFSTOPPED>,1,1,1.032e-06,4.1287012125364897e-07,1.032e-06
/opt/hostedtoolcache/Python/3.11.16/x64/lib/python3.11/site-packages/httpx/_exceptions.py,146,ReadTimeout,1,1,1.0310000000000002e-06,4.124700533066978e-07,1.0310000000000002e-06
/opt/hostedtoolcache/Python/3.11.16/x64/lib/python3.11/site-packages/httpx/_exceptions.py,202,ProxyError,1,1,1.0310000000000002e-06,4.124700533066978e-07,1.0310000000000002e-06
/opt/hostedtoolcache/Python/3.11.16/x64/lib/python3.11/email/errors.py,60,MissingHeaderBodySeparatorDefect,1,1,1.023e-06,4.0926950973108804e-07,1.023e-06
/home/runner/work/_temp/scanner-verification-il7_c53e/final/tiktok_worker_scanner.py,1254,<genexpr>,1,1,1.0220000000000001e-06,4.088694417841369e-07,1.0220000000000001e-06
/opt/hostedtoolcache/Python/3.11.16/x64/lib/python3.11/site-packages/httpx/_exceptions.py,181,WriteError,1,1,1.0220000000000001e-06,4.088694417841369e-07,1.0220000000000001e-06
/opt/hostedtoolcache/Python/3.11.16/x64/lib/python3.11/site-packages/httpx/_exceptions.py,187,ConnectError,1,1,1.0220000000000001e-06,4.088694417841369e-07,1.0220000000000001e-06
/opt/hostedtoolcache/Python/3.11.16/x64/lib/python3.11/http/client.py,1564,ImproperConnectionState,1,1,1.0220000000000001e-06,4.088694417841369e-07,1.0220000000000001e-06
/opt/hostedtoolcache/Python/3.11.16/x64/lib/python3.11/email/errors.py,51,CloseBoundaryNotFoundDefect,1,1,1.0220000000000001e-06,4.088694417841369e-07,1.0220000000000001e-06
/opt/hostedtoolcache/Python/3.11.16/x64/lib/python3.11/email/errors.py,94,HeaderMissingRequiredValue,1,1,1.0220000000000001e-06,4.088694417841369e-07,1.0220000000000001e-06
/opt/hostedtoolcache/Python/3.11.16/x64/lib/python3.11/email/errors.py,116,InvalidDateDefect,1,1,1.0220000000000001e-06,4.088694417841369e-07,1.0220000000000001e-06
/home/runner/work/_temp/scanner-verification-il7_c53e/final/tiktok_worker_scanner.py,815,<genexpr>,1,1,1.012e-06,4.048687623146248e-07,1.012e-06
/home/runner/work/_temp/scanner-verification-il7_c53e/final/tiktok_worker_scanner.py,1257,<listcomp>,1,1,1.012e-06,4.048687623146248e-07,1.012e-06
/opt/hostedtoolcache/Python/3.11.16/x64/lib/python3.11/email/errors.py,48,StartBoundaryNotFoundDefect,1,1,1.012e-06,4.048687623146248e-07,1.012e-06
/opt/hostedtoolcache/Python/3.11.16/x64/lib/python3.11/email/errors.py,111,NonASCIILocalPartDefect,1,1,1.012e-06,4.048687623146248e-07,1.012e-06
/opt/hostedtoolcache/Python/3.11.16/x64/lib/python3.11/unittest/mock.py,404,__init__,1,1,1.0110000000000001e-06,4.044686943676736e-07,1.0110000000000001e-06
/opt/hostedtoolcache/Python/3.11.16/x64/lib/python3.11/email/errors.py,80,InvalidBase64LengthDefect,1,1,1.002e-06,4.0086808284511266e-07,1.002e-06
/opt/hostedtoolcache/Python/3.11.16/x64/lib/python3.11/random.py,814,seed,1,1,1.002e-06,4.0086808284511266e-07,1.002e-06
~,0,<built-in method posix.waitstatus_to_exitcode>,1,1,1.002e-06,4.0086808284511266e-07,1.002e-06
/opt/hostedtoolcache/Python/3.11.16/x64/lib/python3.11/email/errors.py,54,FirstHeaderLineIsContinuationDefect,1,1,1.001e-06,4.004680148981615e-07,1.001e-06
/opt/hostedtoolcache/Python/3.11.16/x64/lib/python3.11/http/client.py,1536,InvalidURL,1,1,9.92e-07,3.9686740337560054e-07,9.92e-07
/opt/hostedtoolcache/Python/3.11.16/x64/lib/python3.11/email/errors.py,77,InvalidBase64CharactersDefect,1,1,9.92e-07,3.9686740337560054e-07,9.92e-07
/opt/hostedtoolcache/Python/3.11.16/x64/lib/python3.11/http/client.py,1547,UnimplementedFileMode,1,1,9.82e-07,3.928667239060885e-07,9.82e-07
/opt/hostedtoolcache/Python/3.11.16/x64/lib/python3.11/importlib/resources/_common.py,101,_,1,1,9.62e-07,3.848653649670643e-07,9.62e-07
/opt/hostedtoolcache/Python/3.11.16/x64/lib/python3.11/contextlib.py,443,__enter__,1,1,9.62e-07,3.848653649670643e-07,9.62e-07
/opt/hostedtoolcache/Python/3.11.16/x64/lib/python3.11/contextlib.py,555,__enter__,1,1,9.62e-07,3.848653649670643e-07,9.62e-07
/home/runner/work/_temp/scanner-verification-il7_c53e/final/vendor/__init__.py,1,<module>,1,1,9.32e-07,3.7286332655852793e-07,9.32e-07
/opt/hostedtoolcache/Python/3.11.16/x64/lib/python3.11/argparse.py,1782,identity,1,1,9.32e-07,3.7286332655852793e-07,9.32e-07
/home/runner/work/_temp/scanner-verification-il7_c53e/final/tiktok_worker_scanner.py,1255,<genexpr>,1,1,9.22e-07,3.6886264708901586e-07,9.22e-07
/opt/hostedtoolcache/Python/3.11.16/x64/lib/python3.11/subprocess.py,1089,__enter__,1,1,9.22e-07,3.6886264708901586e-07,9.22e-07
