file,line,function,primitive_calls,calls,exclusive_cpu_seconds,percent_of_profiled_cpu,cumulative_cpu_seconds
/home/runner/work/_temp/scanner-verification-il7_c53e/final/tests/benchmark_hybrid.py,123,<genexpr>,3437793,3437793,11.951860808000001,7.466623162674798,20.318630924
/opt/hostedtoolcache/Python/3.11.16/x64/lib/python3.11/asyncio/tasks.py,61,<setcomp>,4356,4356,8.855069791,5.531981192780176,23.292609797
/opt/hostedtoolcache/Python/3.11.16/x64/lib/python3.11/asyncio/futures.py,299,_get_loop,4444624,4444624,7.643844114,4.775298543910871,11.123276442
~,0,<built-in method builtins.isinstance>,7083661,7089661,7.122171499,4.449396753966588,9.478618502
~,0,<method 'done' of '_asyncio.Task' objects>,8585257,8585257,6.802835267000001,4.249899508739593,6.802835267000001
/home/runner/work/_temp/scanner-verification-il7_c53e/final/tiktok_worker_scanner.py,1115,clean,27590,910565,6.751964136,4.218119054537698,10.878597471
/opt/hostedtoolcache/Python/3.11.16/x64/lib/python3.11/dataclasses.py,1289,_asdict_inner,15000,708000,5.530499163000001,3.455039664113982,16.900975074999998
/opt/hostedtoolcache/Python/3.11.16/x64/lib/python3.11/_weakrefset.py,63,__iter__,4392622,4392622,3.965675388,2.477455534611859,4.051186022
/opt/hostedtoolcache/Python/3.11.16/x64/lib/python3.11/asyncio/tasks.py,42,all_tasks,4356,4356,3.859273425,2.410983595701887,31.234562922000002
~,0,<method 'get_loop' of '_asyncio.Future' objects>,4444624,4444624,3.479432328,2.1736874642829505,3.479432328
/opt/hostedtoolcache/Python/3.11.16/x64/lib/python3.11/copy.py,128,deepcopy,661000,661000,3.207572698,2.0038500270032675,5.459535819999999
~,0,<built-in method builtins.sum>,9491,9491,3.07914323,1.9236169607097797,24.393476353
~,0,<method 'startswith' of 'str' objects>,3500100,3500100,3.03997019,1.8991445933926665,3.03997019
/opt/hostedtoolcache/Python/3.11.16/x64/lib/python3.11/asyncio/tasks.py,507,_wait,2594,2594,2.8548452390000003,1.7834924560953163,5.891814685
~,0,<method 'get_name' of '_asyncio.Task' objects>,3433438,3433438,2.703313794,1.688827013175059,2.703313794
~,0,<method 'execute' of 'sqlite3.Connection' objects>,66870,66870,2.615180173,1.6337677595123548,2.615180173
/opt/hostedtoolcache/Python/3.11.16/x64/lib/python3.11/asyncio/base_events.py,1859,_run_once,120548,120548,2.1659337020000002,1.353112373710567,114.301909764
~,0,<method 'get' of '_queue.SimpleQueue' objects>,33482,33482,2.037227874,1.272706658487311,2.037227874
~,0,<method 'get' of 'dict' objects>,2146628,2146628,1.859730636,1.1618197422278358,1.859730636
/opt/hostedtoolcache/Python/3.11.16/x64/lib/python3.11/asyncio/tasks.py,424,<genexpr>,795460,795460,1.487410927,0.9292224079885546,6.587652404000001
/opt/hostedtoolcache/Python/3.11.16/x64/lib/python3.11/json/encoder.py,334,_iterencode_dict,447081,818089,1.487162527,0.9290672263625799,1.8648651160000003
<frozen abc>,117,__instancecheck__,867923,867923,1.4867186190000001,0.9287899060516976,2.309467139
/opt/hostedtoolcache/Python/3.11.16/x64/lib/python3.11/asyncio/coroutines.py,34,iscoroutine,795607,795607,1.4275069420000002,0.8917989063997365,5.115395874000001
~,0,<method 'poll' of 'select.epoll' objects>,120548,120548,1.420861882,0.8876475730040065,1.420861882
/opt/hostedtoolcache/Python/3.11.16/x64/lib/python3.11/dataclasses.py,1253,_is_dataclass_instance,723000,723000,1.3420988240000002,0.8384423418962066,2.1616437470000003
~,0,<built-in method builtins.any>,32707,32707,1.2079472400000002,0.7546345281594994,9.663901219
~,0,<built-in method builtins.hasattr>,957849,957854,1.103998059,0.6896949028522704,1.10659992
~,0,<method 'add_done_callback' of '_asyncio.Task' objects>,794458,794458,0.9693905660000001,0.6056022714830492,0.969417457
/opt/hostedtoolcache/Python/3.11.16/x64/lib/python3.11/selectors.py,451,select,120548,120548,0.883969785,0.5522377960901083,2.681479227
~,0,<method 'casefold' of 'str' objects>,912034,912034,0.837479326,0.5231940560742914,0.837479326
~,0,<method 'commit' of 'sqlite3.Connection' objects>,5002,5002,0.824215279,0.5149076777310366,0.824215279
~,0,<built-in method _abc._abc_instancecheck>,867923,867923,0.822217348,0.5136595208020301,0.8227485200000001
/opt/hostedtoolcache/Python/3.11.16/x64/lib/python3.11/json/encoder.py,414,_iterencode,464081,464081,0.812472145,0.5075714513696901,2.745563182
~,0,<method 'replace' of 'str' objects>,910419,910419,0.8011265320000001,0.5004835662126071,0.8011265320000001
/opt/hostedtoolcache/Python/3.11.16/x64/lib/python3.11/asyncio/base_events.py,781,_call_soon,194205,194205,0.794879424,0.49658084327750485,1.809287666
~,0,<method 'add' of 'set' objects>,826747,826747,0.704799762,0.44030584965266983,0.713105627
~,0,<method 'remove_done_callback' of '_asyncio.Task' objects>,794452,794452,0.703990867,0.43980051293228817,0.703990867
~,0,<method 'executescript' of 'sqlite3.Connection' objects>,1002,1002,0.690444433,0.43133772044324387,0.690444433
~,0,<method 'run' of '_contextvars.Context' objects>,228255,228255,0.666054808,0.416100918251567,107.26514099100001
/opt/hostedtoolcache/Python/3.11.16/x64/lib/python3.11/asyncio/events.py,35,__init__,206001,206001,0.662181325,0.4136810575827858,0.9188228960000001
/opt/hostedtoolcache/Python/3.11.16/x64/lib/python3.11/site-packages/httpx/_urlparse.py,273,<genexpr>,259890,259890,0.656525209,0.41014754197255476,1.050559135
/home/runner/work/_temp/scanner-verification-il7_c53e/final/scan_runtime.py,77,independent,50020,50020,0.6549224090000001,0.409146233155678,4.628125162
/opt/hostedtoolcache/Python/3.11.16/x64/lib/python3.11/json/encoder.py,183,encode,42596,42596,0.649546716,0.4057879047318427,4.11986776
/opt/hostedtoolcache/Python/3.11.16/x64/lib/python3.11/asyncio/events.py,82,_run,228255,228255,0.640054994,0.3998581911518927,107.905195985
/opt/hostedtoolcache/Python/3.11.16/x64/lib/python3.11/dataclasses.py,1323,<genexpr>,113000,198000,0.598670664,0.3740043762594914,7.779104151
/opt/hostedtoolcache/Python/3.11.16/x64/lib/python3.11/threading.py,271,__enter__,253580,253580,0.585865714,0.3660048071712289,0.9146925730000001
/opt/hostedtoolcache/Python/3.11.16/x64/lib/python3.11/asyncio/base_events.py,752,call_soon,166030,166030,0.5847251250000001,0.3652922530021918,2.227786252
~,0,<built-in method builtins.len>,587567,588129,0.578494174,0.36139962374475004,0.579483539
~,0,<built-in method builtins.id>,670413,670413,0.575660276,0.3596292175471399,0.575660276
/opt/hostedtoolcache/Python/3.11.16/x64/lib/python3.11/threading.py,274,__exit__,253580,253580,0.5717450980000001,0.3571833089802306,0.822802649
/opt/hostedtoolcache/Python/3.11.16/x64/lib/python3.11/copy.py,182,_deepcopy_atomic,661000,661000,0.569231636,0.3556130870801277,0.569231636
/opt/hostedtoolcache/Python/3.11.16/x64/lib/python3.11/json/encoder.py,205,iterencode,28597,28597,0.563930845,0.35230155178893635,0.6096805820000001
~,0,<method 'append' of 'list' objects>,625979,625979,0.5612750430000001,0.3506424065690218,0.5612750430000001
~,0,<method '__exit__' of 'sqlite3.Connection' objects>,6003,6003,0.5598093860000001,0.34972677437747124,0.5598093860000001
~,0,<method 'close' of 'sqlite3.Connection' objects>,2007,2007,0.510410327,0.3188659599763486,0.510410327
~,0,<built-in method posix.fsync>,8155,8155,0.475219344,0.2968812821921815,0.475219344
~,0,<method 'recv' of '_socket.socket' objects>,52594,52594,0.47451055400000003,0.29643848354212277,0.47451055400000003
~,0,<built-in method builtins.getattr>,442685,442685,0.45925185100000004,0.2869059942433924,0.45927664500000004
/opt/hostedtoolcache/Python/3.11.16/x64/lib/python3.11/site-packages/httpx/_urlparse.py,223,<genexpr>,176001,176001,0.45714056200000003,0.28558701976705403,0.730790257
~,0,<built-in method io.open>,4095,4095,0.45633593899999997,0.2850843518707713,0.5206236590000001
~,0,<method 'send' of '_socket.socket' objects>,28175,28175,0.445316021,0.27819993643861524,0.445316021
/opt/hostedtoolcache/Python/3.11.16/x64/lib/python3.11/asyncio/base_futures.py,14,isfuture,198677,198677,0.42023011200000004,0.26252814840450617,0.667038667
/opt/hostedtoolcache/Python/3.11.16/x64/lib/python3.11/collections/__init__.py,660,update,51807,51807,0.40779522500000004,0.2547597668285346,0.880669221
/opt/hostedtoolcache/Python/3.11.16/x64/lib/python3.11/dataclasses.py,1235,fields,15000,15000,0.401351396,0.25073414741741235,0.7718844330000001
/opt/hostedtoolcache/Python/3.11.16/x64/lib/python3.11/pathlib.py,56,parse_parts,26213,26213,0.389294778,0.2432020798449666,0.7201694230000001
~,0,<method 'set_result' of '_asyncio.Future' objects>,101230,101230,0.383655841,0.23967929638108273,2.494691762
/opt/hostedtoolcache/Python/3.11.16/x64/lib/python3.11/concurrent/futures/thread.py,161,submit,28175,28175,0.361286838,0.2257048267475386,1.362871403
/home/runner/work/_temp/scanner-verification-il7_c53e/final/tiktok_worker_scanner.py,1432,disk_call,68730,68730,0.359507114,0.22459298913036413,6.1627972820000005
/opt/hostedtoolcache/Python/3.11.16/x64/lib/python3.11/asyncio/base_events.py,701,time,162855,162855,0.353033132,0.2205485323940889,0.5132434290000001
~,0,<method 'isascii' of 'str' objects>,430917,430917,0.340027388,0.2124235223259312,0.340027388
/opt/hostedtoolcache/Python/3.11.16/x64/lib/python3.11/dataclasses.py,1250,<genexpr>,340000,340000,0.33987025700000006,0.21232535870245692,0.33987025700000006
~,0,<method 'isprintable' of 'str' objects>,417890,417890,0.33907865400000003,0.21183082472231832,0.33907865400000003
/opt/hostedtoolcache/Python/3.11.16/x64/lib/python3.11/asyncio/base_events.py,1954,get_debug,323324,323324,0.32750866,0.20460276320284476,0.32750866
/opt/hostedtoolcache/Python/3.11.16/x64/lib/python3.11/asyncio/futures.py,365,_chain_future,28175,28175,0.31609444800000003,0.1974720225531683,1.157253239
/opt/hostedtoolcache/Python/3.11.16/x64/lib/python3.11/asyncio/base_events.py,426,create_future,101371,101371,0.310882722,0.1942161283711454,0.41406358800000004
/opt/hostedtoolcache/Python/3.11.16/x64/lib/python3.11/site-packages/httpx/_models.py,166,encoding,140016,140016,0.30170083400000003,0.1884799757569854,0.491574671
~,0,<built-in method builtins.max>,230163,230163,0.298616152,0.18655289858961502,0.299470203
/opt/hostedtoolcache/Python/3.11.16/x64/lib/python3.11/asyncio/futures.py,345,_copy_future_state,28175,28175,0.295674926,0.1847154419348687,2.515883044
/opt/hostedtoolcache/Python/3.11.16/x64/lib/python3.11/asyncio/base_events.py,518,_check_closed,238335,238335,0.29248782,0.18272437796049817,0.29248782
/opt/hostedtoolcache/Python/3.11.16/x64/lib/python3.11/concurrent/futures/_base.py,537,set_result,28175,28175,0.279822671,0.17481214601592684,2.150405899
~,0,<built-in method _sqlite3.connect>,2007,2007,0.27517226800000005,0.1719069242003975,0.37708094300000006
/home/runner/work/_temp/scanner-verification-il7_c53e/final/tiktok_worker_scanner.py,2266,__init__,1000,1000,0.271509663,0.16961880423581221,1.4908334170000002
/opt/hostedtoolcache/Python/3.11.16/x64/lib/python3.11/site-packages/httpx/_models.py,284,__getitem__,40002,40002,0.269839011,0.16857510659572428,0.732655222
/home/runner/work/_temp/scanner-verification-il7_c53e/final/tiktok_worker_scanner.py,2679,process_profile,45128,45128,0.260895935,0.16298814574671028,18.654299783000003
~,0,<built-in method posix.unlink>,7019,7019,0.26061666,0.16281367574431865,0.260625156
/opt/hostedtoolcache/Python/3.11.16/x64/lib/python3.11/site-packages/httpx/_urlparse.py,213,urlparse,6001,6001,0.260526975,0.16275764730581005,3.232142903
~,0,<built-in method time.monotonic>,266212,266212,0.255144765,0.15939524755082957,0.255144765
~,0,<method '__enter__' of '_thread.RLock' objects>,197225,197225,0.252586928,0.15779730349028936,0.252586928
~,0,<method 'append' of 'collections.deque' objects>,267643,267643,0.24942409200000001,0.15582140158541324,0.24942409200000001
/opt/hostedtoolcache/Python/3.11.16/x64/lib/python3.11/asyncio/tasks.py,851,shield,28177,28177,0.24765693300000002,0.1547174136346251,0.6663469160000001
~,0,<built-in method posix.replace>,4084,4084,0.24500874100000003,0.153063022569999,0.31867579199999996
/opt/hostedtoolcache/Python/3.11.16/x64/lib/python3.11/threading.py,487,release,28175,28175,0.242447183,0.1514627539086929,0.6493777470000001
/opt/hostedtoolcache/Python/3.11.16/x64/lib/python3.11/concurrent/futures/thread.py,69,_worker,4,4,0.24076429700000002,0.1504114133861083,40.019615030000004
/home/runner/work/_temp/scanner-verification-il7_c53e/final/tiktok_worker_scanner.py,3477,discover,2000,2000,0.240751332,0.15040331382982502,1.4597602650000001
/home/runner/work/_temp/scanner-verification-il7_c53e/final/tiktok_worker_scanner.py,1674,request_json,6102,6102,0.23690640000000002,0.14800128967715975,2.251667437
~,0,<method 'popleft' of 'collections.deque' objects>,250790,250790,0.23559653000000003,0.14718298147902997,0.23559653000000003
/opt/hostedtoolcache/Python/3.11.16/x64/lib/python3.11/concurrent/futures/thread.py,53,run,28175,28175,0.22314647,0.13940512095454424,37.31183318
~,0,<built-in method posix.stat>,26666,26666,0.222759848,0.13916358862524641,0.404685128
/opt/hostedtoolcache/Python/3.11.16/x64/lib/python3.11/re/__init__.py,272,_compile,57928,57928,0.22105195500000002,0.1380966256110324,0.42296308000000005
/opt/hostedtoolcache/Python/3.11.16/x64/lib/python3.11/asyncio/selector_events.py,737,_process_events,120548,120548,0.21994111100000002,0.13740265387945344,0.31048736400000004
~,0,<method 'decode' of 'bytes' objects>,232035,232035,0.217498342,0.13587659564555438,0.217498342
~,0,<method 'put' of '_queue.SimpleQueue' objects>,33484,33484,0.215208538,0.13444609843185343,0.215208538
/opt/hostedtoolcache/Python/3.11.16/x64/lib/python3.11/pathlib.py,536,__str__,59638,59638,0.21074489000000002,0.1316575470855628,0.36969940700000004
/opt/hostedtoolcache/Python/3.11.16/x64/lib/python3.11/asyncio/locks.py,248,wait,32040,32040,0.21038699800000002,0.13143396309810979,0.46270104900000003
/opt/hostedtoolcache/Python/3.11.16/x64/lib/python3.11/json/__init__.py,183,dumps,42596,42596,0.20992212,0.13114354230938247,4.3849884160000006
/opt/hostedtoolcache/Python/3.11.16/x64/lib/python3.11/asyncio/selector_events.py,116,_read_from_self,26256,26256,0.203820242,0.1273315481485971,0.72119438
/home/runner/work/_temp/scanner-verification-il7_c53e/final/scan_runtime.py,121,_run,19808,19808,0.20266209400000001,0.1266080244378108,2.0147385150000003
~,0,<method 'flush' of '_io.TextIOWrapper' objects>,4372,4372,0.20073196700000004,0.1254022263452278,0.20073196700000004
/opt/hostedtoolcache/Python/3.11.16/x64/lib/python3.11/asyncio/futures.py,409,wrap_future,28175,28175,0.199764206,0.12479764210394406,1.632086661
/home/runner/work/_temp/scanner-verification-il7_c53e/final/direct_protocol.py,137,normalize_page,2000,2000,0.199359282,0.12454467606241358,0.38361967
<frozen posixpath>,71,join,33166,33166,0.19862047800000002,0.12408312692394101,0.39366464
~,0,<built-in method posix.mkdir>,5080,5080,0.19766580200000003,0.12348671720590962,0.27861684600000003
/opt/hostedtoolcache/Python/3.11.16/x64/lib/python3.11/site-packages/httpx/_models.py,144,__init__,15003,15003,0.19651138,0.12276552121951294,0.529894594
~,0,<method '__exit__' of '_thread.RLock' objects>,197232,197232,0.192160623,0.1200474956740995,0.192160623
/opt/hostedtoolcache/Python/3.11.16/x64/lib/python3.11/asyncio/events.py,123,__lt__,89472,89472,0.189159439,0.11817258177325743,0.26618911700000003
/opt/hostedtoolcache/Python/3.11.16/x64/lib/python3.11/concurrent/futures/_base.py,497,set_running_or_notify_cancel,28175,28175,0.18686828900000002,0.11674124368005342,0.4253960600000001
/opt/hostedtoolcache/Python/3.11.16/x64/lib/python3.11/asyncio/base_events.py,594,run_forever,3,3,0.183076175,0.11437221623882424,114.48504549100001
/opt/hostedtoolcache/Python/3.11.16/x64/lib/python3.11/asyncio/tasks.py,891,_inner_done_callback,28176,28176,0.18185946900000002,0.11361210989658133,1.11846457
/home/runner/work/_temp/scanner-verification-il7_c53e/final/backend_metrics.py,111,<genexpr>,166109,166109,0.18020317300000002,0.11257738080489314,0.18020317300000002
/home/runner/work/_temp/scanner-verification-il7_c53e/final/scan_runtime.py,71,call,22350,22350,0.179405835,0.11207926402835773,1.116097842
/opt/hostedtoolcache/Python/3.11.16/x64/lib/python3.11/asyncio/base_events.py,816,run_in_executor,28175,28175,0.17706627400000002,0.11061768238565671,3.206944612
/home/runner/work/_temp/scanner-verification-il7_c53e/final/tiktok_worker_scanner.py,2085,member_identity,15000,15000,0.171638755,0.10722697697732966,0.40836775000000003
~,0,<method 'items' of 'dict' objects>,189215,189215,0.170325324,0.1064064441343927,0.170325324
~,0,<built-in method time.perf_counter>,164713,164713,0.168122663,0.10503038730890558,0.168122663
~,0,<built-in method builtins.sorted>,1300,1300,0.167588327,0.10469657438903116,0.34783047
/opt/hostedtoolcache/Python/3.11.16/x64/lib/python3.11/pathlib.py,546,__fspath__,57608,57608,0.166471804,0.10399905484564098,0.533345246
/opt/hostedtoolcache/Python/3.11.16/x64/lib/python3.11/asyncio/futures.py,394,_call_set_state,28175,28175,0.16642839799999998,0.1039719380434789,1.327807877
/home/runner/work/_temp/scanner-verification-il7_c53e/final/scan_runtime.py,95,measured,17000,17000,0.164818602,0.1029662586523053,24.001859760000002
/opt/hostedtoolcache/Python/3.11.16/x64/lib/python3.11/pathlib.py,484,_parse_args,23139,23139,0.161524565,0.10090839223652133,0.90511216
/home/runner/work/_temp/scanner-verification-il7_c53e/final/tiktok_worker_scanner.py,2894,worker_loop,48128,48128,0.160500532,0.10026865348454178,19.329071482
/home/runner/work/_temp/scanner-verification-il7_c53e/final/tiktok_worker_scanner.py,2100,normalize_member,7500,7500,0.15861344800000002,0.09908974541903941,0.5164620590000001
/opt/hostedtoolcache/Python/3.11.16/x64/lib/python3.11/concurrent/futures/_base.py,408,add_done_callback,28175,28175,0.15649480500000001,0.09776617671694657,0.36379341000000004
/opt/hostedtoolcache/Python/3.11.16/x64/lib/python3.11/concurrent/futures/_base.py,428,result,28175,28175,0.15642645100000002,0.09772347428191488,0.35525323400000003
/opt/hostedtoolcache/Python/3.11.16/x64/lib/python3.11/threading.py,440,acquire,28175,28175,0.15443999700000002,0.0964824873187752,0.36149922100000004
/opt/hostedtoolcache/Python/3.11.16/x64/lib/python3.11/asyncio/base_events.py,805,call_soon_threadsafe,28175,28175,0.15396228600000003,0.09618404943743065,1.0942286120000002
~,0,<built-in method posix.lstat>,25117,25117,0.152611888,0.09534042239494694,0.152632606
/home/runner/work/_temp/scanner-verification-il7_c53e/final/tiktok_worker_scanner.py,356,atomic_write_json,3069,3069,0.151657084,0.09474393271214855,3.822206702
/opt/hostedtoolcache/Python/3.11.16/x64/lib/python3.11/threading.py,366,notify,56350,56350,0.15097272800000003,0.09431639858644195,0.292634966
/home/runner/work/_temp/scanner-verification-il7_c53e/final/tiktok_worker_scanner.py,310,console,10600,10600,0.150053123,0.09374189858984597,0.8004111520000001
/opt/hostedtoolcache/Python/3.11.16/x64/lib/python3.11/site-packages/httpx/_urlparse.py,497,quote,21002,21002,0.148190982,0.09257857303358949,0.49569421100000005
~,0,<method 'join' of 'str' objects>,135104,135104,0.14729249500000002,0.09201726597410034,0.14750438600000002
/opt/hostedtoolcache/Python/3.11.16/x64/lib/python3.11/concurrent/futures/_base.py,393,done,28175,28175,0.144432677,0.09023066691117104,0.34443260600000003
<frozen posixpath>,418,_joinrealpath,3015,3015,0.14343850200000002,0.08960958119054556,0.6594293930000001
/home/runner/work/_temp/scanner-verification-il7_c53e/final/tests/benchmark_hybrid.py,75,handle,6000,6000,0.142329605,0.08891682579803975,2.404219787
/opt/hostedtoolcache/Python/3.11.16/x64/lib/python3.11/asyncio/locks.py,125,release,61020,61020,0.14166900100000002,0.08850413013441104,0.20877452200000002
~,0,<built-in method _json.encode_basestring>,144263,144263,0.14130144900000002,0.08827451130594792,0.14130144900000002
/home/runner/work/_temp/scanner-verification-il7_c53e/final/tiktok_worker_scanner.py,2159,export_one_list,25951,25951,0.140697826,0.08789741308285727,6.957149617000001
~,0,<method 'fullmatch' of 're.Pattern' objects>,86076,86076,0.13702278,0.08560152091775373,0.13702278
/home/runner/work/_temp/scanner-verification-il7_c53e/final/tiktok_worker_scanner.py,387,parse_username,11518,11518,0.13584943900000002,0.08486850576395845,0.24208540500000003
/opt/hostedtoolcache/Python/3.11.16/x64/lib/python3.11/site-packages/httpx/_models.py,293,<listcomp>,40002,40002,0.135840621,0.08486299694118128,0.192404407
~,0,<method 'cancelled' of '_asyncio.Future' objects>,148232,148232,0.133890662,0.08364480930750998,0.133890662
/opt/hostedtoolcache/Python/3.11.16/x64/lib/python3.11/asyncio/locks.py,285,wait_for,33020,33020,0.133467112,0.08338020714293039,0.6364897740000001
/opt/hostedtoolcache/Python/3.11.16/x64/lib/python3.11/json/decoder.py,343,raw_decode,9027,9027,0.129903351,0.08115383747076803,0.129903351
/opt/hostedtoolcache/Python/3.11.16/x64/lib/python3.11/asyncio/locks.py,14,__aenter__,48107,48107,0.129287706,0.08076922880682609,0.24371825600000002
/opt/hostedtoolcache/Python/3.11.16/x64/lib/python3.11/threading.py,243,__init__,28182,28182,0.128142201,0.08005360349095605,0.17515249000000002
/home/runner/work/_temp/scanner-verification-il7_c53e/final/tiktok_worker_scanner.py,2471,write_final_json,1000,1000,0.125213702,0.07822409770800434,9.207968598
~,0,<method '__exit__' of '_thread.lock' objects>,118261,118261,0.123258599,0.0770026964902589,0.123258599
/home/runner/work/_temp/scanner-verification-il7_c53e/final/scan_runtime.py,14,await_durable,56350,56350,0.12142760000000001,0.07585882611192557,0.7877370060000001
/opt/hostedtoolcache/Python/3.11.16/x64/lib/python3.11/site-packages/httpx/_urls.py,425,__init__,14001,14001,0.117822675,0.07360674027047326,0.5460338960000001
/opt/hostedtoolcache/Python/3.11.16/x64/lib/python3.11/concurrent/futures/_base.py,463,exception,28175,28175,0.116337597,0.07267897529970348,0.279506268
/opt/hostedtoolcache/Python/3.11.16/x64/lib/python3.11/pathlib.py,523,_format_parsed_parts,35386,35386,0.11472665800000001,0.07167258184814948,0.15895451700000002
/home/runner/work/_temp/scanner-verification-il7_c53e/final/tiktok_worker_scanner.py,2383,save_batch,2000,2000,0.11334833200000001,0.07081150749306425,3.4896215830000004
/opt/hostedtoolcache/Python/3.11.16/x64/lib/python3.11/threading.py,396,notify_all,28175,28175,0.11248759200000001,0.07027378191842076,0.24285058600000003
/opt/hostedtoolcache/Python/3.11.16/x64/lib/python3.11/concurrent/futures/_base.py,383,cancelled,28175,28175,0.109661905,0.06850850533566916,0.273463204
/opt/hostedtoolcache/Python/3.11.16/x64/lib/python3.11/asyncio/futures.py,381,_set_state,28175,28175,0.109169443,0.0682008521396517,2.7295928550000004
~,0,<method 'write' of '_io.TextIOWrapper' objects>,65200,65200,0.10811940700000001,0.06754486867019943,0.10811940700000001
/home/runner/work/_temp/scanner-verification-il7_c53e/final/tiktok_worker_scanner.py,2014,parse_profile_response,2000,2000,0.10716832600000001,0.06695070483761642,0.27643223
/opt/hostedtoolcache/Python/3.11.16/x64/lib/python3.11/asyncio/locks.py,20,__aexit__,48000,48000,0.10586223900000001,0.06613475997318653,0.26984683600000003
~,0,<method 'isoformat' of 'datetime.datetime' objects>,16561,16561,0.10583583,0.06611826161746848,0.10583583
/home/runner/work/_temp/scanner-verification-il7_c53e/final/tiktok_worker_scanner.py,1715,send_request,6000,6000,0.10492406300000001,0.06554865821340225,11.105213031
/opt/hostedtoolcache/Python/3.11.16/x64/lib/python3.11/asyncio/queues.py,149,get,19808,19808,0.103087385,0.06440124002325769,0.31815426900000005
/home/runner/work/_temp/scanner-verification-il7_c53e/final/tiktok_worker_scanner.py,302,utc_iso,16328,16328,0.10286592,0.06426288535821549,0.289114068
~,0,<method 'match' of 're.Pattern' objects>,48309,48309,0.10256766900000001,0.06407656057911496,0.10256766900000001
/opt/hostedtoolcache/Python/3.11.16/x64/lib/python3.11/concurrent/futures/_base.py,328,__init__,28175,28175,0.102564137,0.06407435405132532,0.277670101
~,0,<method 'encode' of 'str' objects>,101101,101101,0.102453834,0.06400544503808102,0.102453834
/opt/hostedtoolcache/Python/3.11.16/x64/lib/python3.11/re/__init__.py,168,fullmatch,28520,28520,0.101516843,0.0634200835771163,0.26007511
/opt/hostedtoolcache/Python/3.11.16/x64/lib/python3.11/site-packages/httpx/_client.py,1717,_send_single_request,6000,6000,0.10136209600000001,0.0633234092974275,4.579922683
~,0,<built-in method sys.intern>,89429,89429,0.10082644,0.0629887717408933,0.10082644
~,0,<method 'done' of '_asyncio.Future' objects>,110910,110910,0.099626802,0.06223932820055109,0.099626802
/home/runner/work/_temp/scanner-verification-il7_c53e/final/tests/benchmark_hybrid.py,117,ticker,4356,4356,0.099207288,0.06197724742503122,55.072035904
/opt/hostedtoolcache/Python/3.11.16/x64/lib/python3.11/asyncio/locks.py,298,notify,17000,17000,0.099127667,0.0619275062163286,0.384133343
/opt/hostedtoolcache/Python/3.11.16/x64/lib/python3.11/asyncio/selector_events.py,128,_write_to_self,28175,28175,0.094143556,0.058813808756512743,0.539459577
/opt/hostedtoolcache/Python/3.11.16/x64/lib/python3.11/pathlib.py,515,_from_parsed_parts,38369,38369,0.09401911200000002,0.0587360655106883,0.138341413
~,0,<method 'fetchall' of 'sqlite3.Cursor' objects>,7506,7506,0.09282400500000001,0.057989452598153225,0.09282400500000001
/opt/hostedtoolcache/Python/3.11.16/x64/lib/python3.11/pathlib.py,239,splitroot,56234,56234,0.092610863,0.05785629751714076,0.11561574200000002
/opt/hostedtoolcache/Python/3.11.16/x64/lib/python3.11/pathlib.py,530,_make_child,15106,15106,0.09121066600000001,0.056981559807217814,0.508893714
/opt/hostedtoolcache/Python/3.11.16/x64/lib/python3.11/asyncio/locks.py,93,acquire,61127,61127,0.089774375,0.056084273282448124,0.103125278
/home/runner/work/_temp/scanner-verification-il7_c53e/final/tests/benchmark_hybrid.py,59,__enter__,12523,12523,0.089709561,0.05604378237300398,0.143225548
~,0,<method 'add_done_callback' of '_asyncio.Future' objects>,84526,84526,0.08959787300000001,0.05597400811599168,0.08959787300000001
~,0,<method 'lower' of 'str' objects>,99160,99160,0.08934773,0.05581773759479126,0.08934773
/opt/hostedtoolcache/Python/3.11.16/x64/lib/python3.11/concurrent/futures/_base.py,337,_invoke_callbacks,28175,28175,0.08914975200000001,0.05569405583977027,1.4169113830000002
/opt/hostedtoolcache/Python/3.11.16/x64/lib/python3.11/urllib/parse.py,469,urlsplit,3008,3008,0.08879644400000002,0.055473335590535744,0.208825191
/opt/hostedtoolcache/Python/3.11.16/x64/lib/python3.11/asyncio/base_events.py,734,call_at,11795,11795,0.08816438600000001,0.05507847331939926,0.434187904
/home/runner/work/_temp/scanner-verification-il7_c53e/final/backend_metrics.py,22,add,9000,9000,0.08799769,0.054974334203765296,0.567364489
/home/runner/work/_temp/scanner-verification-il7_c53e/final/tiktok_worker_scanner.py,2465,write_json_property,9000,9000,0.086057313,0.05376213268257424,4.821128245000001
/opt/hostedtoolcache/Python/3.11.16/x64/lib/python3.11/pathlib.py,353,_select_from,11026,11026,0.085665273,0.053517215594622906,0.203927498
/home/runner/work/_temp/scanner-verification-il7_c53e/final/scan_runtime.py,131,measured,11175,11175,0.08558850300000001,0.05346925547616045,10.511024991000001
/opt/hostedtoolcache/Python/3.11.16/x64/lib/python3.11/concurrent/futures/thread.py,180,_adjust_thread_count,28175,28175,0.085195991,0.05322404351813077,0.44751737700000005
~,0,<built-in method builtins.compile>,48,48,0.081058929,0.050639518526512266,0.081058929
/home/runner/work/_temp/scanner-verification-il7_c53e/final/tiktok_worker_scanner.py,3325,write,5305,5305,0.080504959,0.05029343976104853,0.373946942
~,0,<built-in method _asyncio.get_running_loop>,54333,54333,0.07991811900000001,0.04992682629330709,0.07991811900000001
/opt/hostedtoolcache/Python/3.11.16/x64/lib/python3.11/json/decoder.py,332,decode,9027,9027,0.07942306900000001,0.049617556309656675,0.265648429
/opt/hostedtoolcache/Python/3.11.16/x64/lib/python3.11/site-packages/httpx/_models.py,203,<dictcomp>,6001,6001,0.079131596,0.0494354659148591,0.29211623200000003
/opt/hostedtoolcache/Python/3.11.16/x64/lib/python3.11/urllib/parse.py,745,parse_qsl,5001,5001,0.078119298,0.04880305830772983,0.282203457
/home/runner/work/_temp/scanner-verification-il7_c53e/final/tiktok_worker_scanner.py,2442,iter_encoded_members,9500,9500,0.076954957,0.04807566567661478,0.289529733
/opt/hostedtoolcache/Python/3.11.16/x64/lib/python3.11/asyncio/tasks.py,637,sleep,14710,14710,0.076616231,0.04786405516357172,0.584699904
/opt/hostedtoolcache/Python/3.11.16/x64/lib/python3.11/asyncio/queues.py,137,put_nowait,11176,11176,0.076501898,0.04779262850961615,0.376393778
/opt/hostedtoolcache/Python/3.11.16/x64/lib/python3.11/site-packages/httpx/_urls.py,77,__init__,6001,6001,0.076420527,0.0477417940326146,3.753770497
~,0,<method '__enter__' of '_thread.lock' objects>,56355,56355,0.076239931,0.04762897124306338,0.076239931
/opt/hostedtoolcache/Python/3.11.16/x64/lib/python3.11/site-packages/httpx/_models.py,884,iter_bytes,6000,6000,0.075479869,0.04715414170602006,0.507654436
/opt/hostedtoolcache/Python/3.11.16/x64/lib/python3.11/contextlib.py,104,__init__,18009,18009,0.074387349,0.04647161743061809,0.09628747
~,0,<method 'fetchone' of 'sqlite3.Cursor' objects>,13338,13338,0.074237532,0.04637802304390855,0.074237532
/opt/hostedtoolcache/Python/3.11.16/x64/lib/python3.11/urllib/parse.py,675,unquote,32000,32000,0.07398924700000001,0.04622291326127924,0.10433803300000001
<frozen posixpath>,41,_get_sep,39200,39200,0.072806129,0.04548379017367897,0.11105596400000001
~,0,<built-in method _heapq.heappop>,8817,8817,0.072674103,0.0454013102648588,0.214091252
/opt/hostedtoolcache/Python/3.11.16/x64/lib/python3.11/threading.py,286,_is_owned,28185,28185,0.07259500499999999,0.045351895787196374,0.11469789500000002
/opt/hostedtoolcache/Python/3.11.16/x64/lib/python3.11/site-packages/httpx/_models.py,1249,__init__,3000,3000,0.072251855,0.04513752149189361,1.435842118
/opt/hostedtoolcache/Python/3.11.16/x64/lib/python3.11/dataclasses.py,1265,asdict,15000,15000,0.071318876,0.044554666426594794,17.027686305
~,0,<built-in method __new__ of type object at 0x7f503b6496e0>,58574,58639,0.071247658,0.044510174779901296,0.074392889
~,0,<built-in method _heapq.heappush>,11795,11795,0.071055856,0.04439035132488844,0.195462045
/opt/hostedtoolcache/Python/3.11.16/x64/lib/python3.11/urllib/parse.py,939,quote_from_bytes,11006,11006,0.070633971,0.04412678932700468,0.12197653600000001
/opt/hostedtoolcache/Python/3.11.16/x64/lib/python3.11/re/__init__.py,218,finditer,21002,21002,0.07063166900000001,0.04412535121064803,0.238085347
/home/runner/work/_temp/scanner-verification-il7_c53e/final/tiktok_worker_scanner.py,318,<genexpr>,72474,72474,0.070159866,0.04383060420308067,0.070159866
/opt/hostedtoolcache/Python/3.11.16/x64/lib/python3.11/shutil.py,641,_rmtree_safe_fd,1,1003,0.069861748,0.04364436251237086,0.500589362
/opt/hostedtoolcache/Python/3.11.16/x64/lib/python3.11/site-packages/httpx/_models.py,935,iter_raw,6000,6000,0.06844267500000001,0.04275783249821322,0.25016065000000004
~,0,<built-in method posix.fspath>,69706,69706,0.06838730700000001,0.04272324273868438,0.11016123
~,0,<method 'sub' of 're.Pattern' objects>,19524,19524,0.068142005,0.04256999650996118,0.068142005
~,0,<method '__exit__' of '_io._IOBase' objects>,4201,4201,0.068085246,0.042534537758315866,0.068085246
~,0,<built-in method posix.open>,5086,5086,0.067782703,0.0423455316606216,0.12329246500000002
/opt/hostedtoolcache/Python/3.11.16/x64/lib/python3.11/asyncio/tasks.py,662,_ensure_future,28327,28327,0.06730765200000001,0.042048755547091435,0.16039634
/opt/hostedtoolcache/Python/3.11.16/x64/lib/python3.11/asyncio/queues.py,86,qsize,33527,33527,0.06704504600000001,0.04188469908142837,0.096647722
/opt/hostedtoolcache/Python/3.11.16/x64/lib/python3.11/asyncio/events.py,151,cancel,12795,12795,0.066969156,0.04183728872073909,0.13344812
~,0,<built-in method builtins.next>,30127,30127,0.066822852,0.04174588899204907,0.624532226
/opt/hostedtoolcache/Python/3.11.16/x64/lib/python3.11/asyncio/mixins.py,12,_get_loop,24904,24904,0.06580975,0.041112979106227035,0.10271616800000001
/opt/hostedtoolcache/Python/3.11.16/x64/lib/python3.11/asyncio/base_events.py,1844,_add_callback,26256,26256,0.06567896000000001,0.04103127135718828,0.09054625300000001
/opt/hostedtoolcache/Python/3.11.16/x64/lib/python3.11/site-packages/httpx/_models.py,383,__init__,3000,3000,0.065310694,0.04080120647525917,3.337080729
/opt/hostedtoolcache/Python/3.11.16/x64/lib/python3.11/site-packages/httpx/_models.py,346,__contains__,11005,11005,0.065153395,0.04070293789802813,0.181207678
/opt/hostedtoolcache/Python/3.11.16/x64/lib/python3.11/asyncio/locks.py,142,_wake_up_first,61020,61020,0.065119617,0.04068183594568445,0.067105521
/home/runner/work/_temp/scanner-verification-il7_c53e/final/tiktok_worker_scanner.py,1132,<listcomp>,25019,25019,0.064894927,0.040541466543348496,1.2312347340000003
/home/runner/work/_temp/scanner-verification-il7_c53e/final/report_generator.py,251,generate_report,1,1,0.064867544,0.04052435970573148,2.3081936890000003
/opt/hostedtoolcache/Python/3.11.16/x64/lib/python3.11/urllib/request.py,319,__init__,3000,3000,0.063826012,0.03987368889548731,0.604383564
/home/runner/work/_temp/scanner-verification-il7_c53e/final/tiktok_worker_scanner.py,3646,record,1000,1000,0.062821046,0.03924586177016821,6.244638923
/home/runner/work/_temp/scanner-verification-il7_c53e/final/tiktok_worker_scanner.py,1939,save_raw,13193,13193,0.062434306,0.0390042557233508,1.6998245070000002
/opt/hostedtoolcache/Python/3.11.16/x64/lib/python3.11/asyncio/futures.py,387,_call_check_cancel,28175,28175,0.060428654000000005,0.03775127529460943,0.085501668
/home/runner/work/_temp/scanner-verification-il7_c53e/final/scan_statistics.py,35,add,7000,7000,0.060211076,0.03761534893464036,0.332405822
/opt/hostedtoolcache/Python/3.11.16/x64/lib/python3.11/site-packages/httpx/_models.py,237,<listcomp>,6000,6000,0.059887669000000004,0.0374133085799238,0.105020997
/opt/hostedtoolcache/Python/3.11.16/x64/lib/python3.11/asyncio/tasks.py,908,_outer_done_callback,28176,28176,0.059849413000000004,0.03738940911018432,0.084968982
/home/runner/work/_temp/scanner-verification-il7_c53e/final/tiktok_worker_scanner.py,2067,parse_list_page,4000,4000,0.059291266,0.037040720869472216,0.135673163
/opt/hostedtoolcache/Python/3.11.16/x64/lib/python3.11/pathlib.py,1008,stat,26145,26145,0.05890102400000001,0.03679692703660745,0.460292105
/opt/hostedtoolcache/Python/3.11.16/x64/lib/python3.11/site-packages/httpx/_models.py,67,_normalize_header_key,30009,30009,0.058873314,0.036779615913999725,0.085989903
/home/runner/work/_temp/scanner-verification-il7_c53e/final/tiktok_worker_scanner.py,2351,save_checkpoint,5000,5000,0.05836682,0.03646319658039901,3.134670967
/home/runner/work/_temp/scanner-verification-il7_c53e/final/tiktok_worker_scanner.py,1971,fetch_page,10972,10972,0.058204572,0.03636183624041858,2.7943078860000004
/opt/hostedtoolcache/Python/3.11.16/x64/lib/python3.11/json/__init__.py,299,loads,9027,9027,0.058012004000000006,0.03624153424625317,0.389640691
/opt/hostedtoolcache/Python/3.11.16/x64/lib/python3.11/asyncio/base_events.py,710,call_later,8795,8795,0.057541204000000006,0.03594741383760229,0.444980123
/opt/hostedtoolcache/Python/3.11.16/x64/lib/python3.11/urllib/request.py,401,add_header,28000,28000,0.057236899,0.03575730697491218,0.08613556400000001
/opt/hostedtoolcache/Python/3.11.16/x64/lib/python3.11/urllib/parse.py,818,unquote_plus,18000,18000,0.057155695000000006,0.035706576826942595,0.127480452
/opt/hostedtoolcache/Python/3.11.16/x64/lib/python3.11/site-packages/httpx/_models.py,74,_normalize_header_value,30009,30009,0.057044965,0.035637401056233343,0.08461460400000001
~,0,<built-in method now>,16329,16329,0.05686580200000001,0.035525473497237774,0.05686580200000001
/opt/hostedtoolcache/Python/3.11.16/x64/lib/python3.11/site-packages/httpx/_client.py,340,build_request,3000,3000,0.056637315,0.035382732015055506,5.363586413
~,0,<built-in method builtins.min>,42959,42959,0.056446647,0.03526361699790035,0.056446647
/opt/hostedtoolcache/Python/3.11.16/x64/lib/python3.11/pathlib.py,383,_iterate_directories,2008,8016,0.056330299,0.03519093152358916,0.105388542
/opt/hostedtoolcache/Python/3.11.16/x64/lib/python3.11/email/message.py,427,__setitem__,12000,12000,0.055835794,0.03488200201492327,0.08875513700000001
/home/runner/work/_temp/scanner-verification-il7_c53e/final/tiktok_worker_scanner.py,3678,phase_summary,1334,1334,0.055464541000000006,0.034650071080189075,0.124007253
/opt/hostedtoolcache/Python/3.11.16/x64/lib/python3.11/json/encoder.py,105,__init__,29593,29593,0.055200099,0.03448486761989923,0.055200099
/opt/hostedtoolcache/Python/3.11.16/x64/lib/python3.11/site-packages/httpx/_models.py,304,__setitem__,6000,6000,0.055157396000000004,0.034458189999230976,0.087080136
/opt/hostedtoolcache/Python/3.11.16/x64/lib/python3.11/pathlib.py,777,parent,8155,8155,0.05451343300000001,0.03405589038003803,0.101413137
/home/runner/work/_temp/scanner-verification-il7_c53e/final/tiktok_worker_scanner.py,2647,numeric_uid,8500,8500,0.054128978,0.033815711829256655,0.15551054900000003
/opt/hostedtoolcache/Python/3.11.16/x64/lib/python3.11/asyncio/queues.py,175,get_nowait,11176,11176,0.053590316000000006,0.033479196350147275,0.10791144400000001
/opt/hostedtoolcache/Python/3.11.16/x64/lib/python3.11/asyncio/queues.py,58,_wakeup_next,22352,22352,0.053449372,0.03339114514607572,0.21023881300000002
/opt/hostedtoolcache/Python/3.11.16/x64/lib/python3.11/asyncio/queues.py,99,full,22352,22352,0.053296840000000005,0.03329585463169098,0.119127751
/home/runner/work/_temp/scanner-verification-il7_c53e/final/report_generator.py,146,_build_data,1,1,0.053224983000000003,0.03325096378588718,2.153799235
/home/runner/work/_temp/scanner-verification-il7_c53e/final/tiktok_worker_scanner.py,2310,commit_page,2000,2000,0.05318578,0.03322647270181679,6.421934491
/opt/hostedtoolcache/Python/3.11.16/x64/lib/python3.11/urllib/parse.py,959,urlencode,3000,3000,0.053164165000000006,0.033212969276513085,0.29255443400000003
/home/runner/work/_temp/scanner-verification-il7_c53e/final/tiktok_worker_scanner.py,1342,slot,6000,6000,0.052457905000000006,0.03277175118005224,0.165172913
/opt/hostedtoolcache/Python/3.11.16/x64/lib/python3.11/site-packages/httpx/_models.py,1270,info,6000,6000,0.052419055000000006,0.03274748062381586,0.275214887
/home/runner/work/_temp/scanner-verification-il7_c53e/final/tiktok_worker_scanner.py,986,check_worker_error,9000,9000,0.052092728000000005,0.032543616072851944,0.084848135
/opt/hostedtoolcache/Python/3.11.16/x64/lib/python3.11/site-packages/httpx/_client.py,1645,_send_handling_auth,6000,6000,0.051663598000000005,0.03227552794421059,4.78634701
/opt/hostedtoolcache/Python/3.11.16/x64/lib/python3.11/site-packages/httpx/_client.py,1594,send,6000,6000,0.051638163,0.03225963807039148,4.942490467000001
/home/runner/work/_temp/scanner-verification-il7_c53e/final/report_generator.py,217,make_row,1000,1000,0.051168403,0.031966167375472546,0.19297660200000002
/opt/hostedtoolcache/Python/3.11.16/x64/lib/python3.11/site-packages/httpx/_models.py,441,_prepare,3000,3000,0.050435438000000006,0.03150826600476995,0.558792908
/home/runner/work/_temp/scanner-verification-il7_c53e/final/tiktok_worker_scanner.py,3636,claim,2000,2000,0.049352029000000006,0.030831433596494602,0.45872944800000004
/home/runner/work/_temp/scanner-verification-il7_c53e/final/backend_metrics.py,31,prune,9290,9290,0.049094368000000006,0.030670466394681965,0.072578538
~,0,<built-in method _contextvars.copy_context>,39972,39972,0.048446192,0.030265534810149916,0.048446192
/opt/hostedtoolcache/Python/3.11.16/x64/lib/python3.11/asyncio/events.py,107,__init__,11795,11795,0.04771811,0.029810683970363714,0.132560121
~,0,<method 'acquire' of '_thread.lock' objects>,32222,32222,0.047516232,0.02968456578884795,0.047516232
/opt/hostedtoolcache/Python/3.11.16/x64/lib/python3.11/threading.py,90,RLock,28177,28177,0.047014157,0.029370907113883238,0.047014157
~,0,<method 'split' of 'str' objects>,39100,39100,0.046263866,0.028902181762296426,0.046263866
/opt/hostedtoolcache/Python/3.11.16/x64/lib/python3.11/urllib/parse.py,863,quote,10000,10000,0.045276929,0.028285617799355334,0.17309043200000002
/opt/hostedtoolcache/Python/3.11.16/x64/lib/python3.11/threading.py,1453,current_thread,15913,15913,0.045245452000000005,0.028265953338643564,0.06222135300000001
/opt/hostedtoolcache/Python/3.11.16/x64/lib/python3.11/site-packages/httpx/_client.py,1679,_send_handling_redirects,6000,6000,0.045083299,0.02816465234751364,4.664197959
/opt/hostedtoolcache/Python/3.11.16/x64/lib/python3.11/selectors.py,275,_key_from_fd,26256,26256,0.044898153,0.028048987060385194,0.044898153
/opt/hostedtoolcache/Python/3.11.16/x64/lib/python3.11/site-packages/httpx/_urlparse.py,348,encode_host,6001,6001,0.044701366,0.027926049352532224,0.22343342700000002
/opt/hostedtoolcache/Python/3.11.16/x64/lib/python3.11/pathlib.py,583,__hash__,18040,18040,0.044134343,0.027571816055007914,0.09024828400000001
/opt/hostedtoolcache/Python/3.11.16/x64/lib/python3.11/site-packages/httpx/_models.py,195,raw,16002,16002,0.044050910000000006,0.027519693395587852,0.081207385
/opt/hostedtoolcache/Python/3.11.16/x64/lib/python3.11/pathlib.py,402,_select_from,9022,9022,0.043204004000000004,0.026990610263028646,0.463201629
/opt/hostedtoolcache/Python/3.11.16/x64/lib/python3.11/asyncio/queues.py,110,put,11176,11176,0.043058355,0.026899619729044803,0.48487950300000004
/opt/hostedtoolcache/Python/3.11.16/x64/lib/python3.11/asyncio/base_events.py,430,create_task,4153,4153,0.042985647,0.026854197242485358,0.12355935600000001
/opt/hostedtoolcache/Python/3.11.16/x64/lib/python3.11/asyncio/unix_events.py,81,_process_self_data,26338,26338,0.042863584,0.026777941466272208,0.042863584
~,0,<method 'partition' of 'str' objects>,40336,40336,0.041190861,0.025732950021243085,0.041190861
/opt/hostedtoolcache/Python/3.11.16/x64/lib/python3.11/json/encoder.py,260,_make_iterencode,6071,6071,0.040339462,0.02520106000041695,0.045749737000000006
/home/runner/work/_temp/scanner-verification-il7_c53e/final/scan_runtime.py,87,<lambda>,33020,33020,0.040321613,0.025189909288492546,0.040321613
/home/runner/work/_temp/scanner-verification-il7_c53e/final/direct_protocol.py,114,normalize_profile,1000,1000,0.040170355000000005,0.025095414673429434,0.082085197
/opt/hostedtoolcache/Python/3.11.16/x64/lib/python3.11/_weakrefset.py,85,add,12159,12159,0.039699608000000004,0.0248013273751899,0.054808156000000004
/opt/hostedtoolcache/Python/3.11.16/x64/lib/python3.11/asyncio/base_events.py,687,is_closed,28177,28177,0.039435409000000005,0.024636275723012434,0.039435409000000005
/opt/hostedtoolcache/Python/3.11.16/x64/lib/python3.11/urllib/parse.py,781,_unquote,18000,18000,0.039315788000000004,0.02456154552461986,0.16679624
/opt/hostedtoolcache/Python/3.11.16/x64/lib/python3.11/contextlib.py,299,helper,13008,13008,0.039173124000000004,0.02447241979399163,0.10054159600000001
~,0,<method 'get' of '_contextvars.ContextVar' objects>,31177,31177,0.039073085,0.024409922955501775,0.039073085
/home/runner/work/_temp/scanner-verification-il7_c53e/final/tiktok_worker_scanner.py,1318,check,15000,15000,0.038721263000000006,0.024190131047234217,0.053581426
~,0,<method 'search' of 're.Pattern' objects>,5302,5302,0.038670966,0.024158709266873312,0.038670966
/opt/hostedtoolcache/Python/3.11.16/x64/lib/python3.11/asyncio/events.py,68,cancel,12796,12796,0.038212167000000005,0.023872086179854174,0.050233856
~,0,<method 'lower' of 'bytes' objects>,42016,42016,0.038011215,0.023746546493449736,0.038011215
/home/runner/work/_temp/scanner-verification-il7_c53e/final/tiktok_worker_scanner.py,1374,pace,3000,3000,0.037997509000000006,0.02373798401613247,0.096606522
/opt/hostedtoolcache/Python/3.11.16/x64/lib/python3.11/_weakrefset.py,39,_remove,12153,12153,0.037874184000000005,0.0236609398372946,0.052466548
/opt/hostedtoolcache/Python/3.11.16/x64/lib/python3.11/site-packages/httpx/_models.py,516,__init__,3000,3000,0.037671790000000004,0.023534499297811838,1.0685151480000001
/opt/hostedtoolcache/Python/3.11.16/x64/lib/python3.11/json/encoder.py,278,_iterencode_list,17029,17029,0.037460322,0.023402390006017904,0.05421735800000001
/home/runner/work/_temp/scanner-verification-il7_c53e/final/tiktok_worker_scanner.py,3008,dispatch_profiles,1297,1297,0.037375336,0.023349297149073127,13.309451537000001
/opt/hostedtoolcache/Python/3.11.16/x64/lib/python3.11/site-packages/httpx/_models.py,200,<listcomp>,16002,16002,0.037156475,0.023212569267259748,0.037156475
/home/runner/work/_temp/scanner-verification-il7_c53e/final/tiktok_worker_scanner.py,346,fsync_directory,4075,4075,0.037049043000000004,0.023145453838750444,0.290123375
~,0,<built-in method _asyncio._get_running_loop>,24912,24912,0.036910135000000004,0.023058674574254107,0.036910135000000004
/opt/hostedtoolcache/Python/3.11.16/x64/lib/python3.11/urllib/parse.py,374,urlparse,3000,3000,0.036905382,0.023055705257554196,0.27184699100000004
/home/runner/work/_temp/scanner-verification-il7_c53e/final/tiktok_worker_scanner.py,3295,consume,1,1,0.036789636,0.02298339586753783,0.9681722770000001
/opt/hostedtoolcache/Python/3.11.16/x64/lib/python3.11/concurrent/futures/thread.py,47,__init__,28175,28175,0.036712609,0.022935275194816612,0.036712609
/opt/hostedtoolcache/Python/3.11.16/x64/lib/python3.11/contextlib.py,141,__exit__,13007,13007,0.036581003,0.02285305767038818,0.12120056300000001
~,0,<built-in method time.process_time>,17003,17003,0.036546193000000005,0.02283131100211049,0.036546193000000005
~,0,<method 'rstrip' of 'str' objects>,30250,30250,0.036396364,0.02273770911870405,0.036396364
/opt/hostedtoolcache/Python/3.11.16/x64/lib/python3.11/contextlib.py,214,__aexit__,6006,6006,0.036290632,0.02267165572225657,0.367260576
/opt/hostedtoolcache/Python/3.11.16/x64/lib/python3.11/asyncio/queues.py,186,task_done,11176,11176,0.035993105000000004,0.022485783243869427,0.054664601
/home/runner/work/_temp/scanner-verification-il7_c53e/final/tests/benchmark_hybrid.py,64,__exit__,12523,12523,0.035912513,0.022435435427442085,0.050421467000000005
/opt/hostedtoolcache/Python/3.11.16/x64/lib/python3.11/site-packages/httpx/_urlparse.py,482,percent_encoded,15000,15000,0.035676946,0.022288270894084694,0.05788278
~,0,<built-in method math.ceil>,26139,26139,0.035666722000000005,0.022281883708319943,0.035666722000000005
/opt/hostedtoolcache/Python/3.11.16/x64/lib/python3.11/pathlib.py,765,__truediv__,15105,15105,0.035000799,0.021865865133787195,0.5438632750000001
~,0,<method 'endswith' of 'str' objects>,36696,36696,0.034820829000000005,0.02175343342192463,0.034820829000000005
/opt/hostedtoolcache/Python/3.11.16/x64/lib/python3.11/concurrent/futures/_base.py,398,__get_result,28175,28175,0.034195249000000004,0.021362618117668444,0.034195249000000004
/opt/hostedtoolcache/Python/3.11.16/x64/lib/python3.11/asyncio/queues.py,95,empty,30984,30984,0.034111069,0.021310028788865915,0.034111069
~,0,<method 'finditer' of 're.Pattern' objects>,21002,21002,0.033374679000000004,0.02084998773592111,0.033374679000000004
/opt/hostedtoolcache/Python/3.11.16/x64/lib/python3.11/pathlib.py,504,_from_parts,8030,8030,0.033319734000000004,0.020815662234958232,0.6014322599999999
/opt/hostedtoolcache/Python/3.11.16/x64/lib/python3.11/contextlib.py,205,__aenter__,7643,7643,0.033161268,0.020716664603952988,0.549984292
/opt/hostedtoolcache/Python/3.11.16/x64/lib/python3.11/asyncio/locks.py,89,locked,33020,33020,0.033122464000000004,0.020692422785054756,0.033122464000000004
/home/runner/work/_temp/scanner-verification-il7_c53e/final/tiktok_worker_scanner.py,690,found_lists_for,3000,3000,0.033096636,0.020676287394411942,0.087321669
/home/runner/work/_temp/scanner-verification-il7_c53e/final/tiktok_worker_scanner.py,1945,lookup_profile,5323,5323,0.033043153,0.020642875241022235,1.4756465040000002
/opt/hostedtoolcache/Python/3.11.16/x64/lib/python3.11/urllib/parse.py,917,quote_plus,10000,10000,0.032951106,0.020585371202672436,0.214127323
/opt/hostedtoolcache/Python/3.11.16/x64/lib/python3.11/pathlib.py,1111,mkdir,5076,5078,0.032679855,0.020415913991612626,0.43761561
/home/runner/work/_temp/scanner-verification-il7_c53e/final/tiktok_worker_scanner.py,1564,borrow_client,3102,3102,0.032581374,0.020354390474271195,0.09790733600000001
/opt/hostedtoolcache/Python/3.11.16/x64/lib/python3.11/http/cookiejar.py,1680,extract_cookies,3000,3000,0.032528462,0.02032133503870931,0.39366291800000003
~,0,<built-in method posix.close>,5082,5082,0.032319734,0.020190937492709143,0.032319734
<frozen _collections_abc>,959,setdefault,6000,6000,0.032279483000000005,0.020165791697108876,0.207982401
~,0,<built-in method posix.rmdir>,1003,1003,0.032247349,0.02014571679224144,0.032251466
/opt/hostedtoolcache/Python/3.11.16/x64/lib/python3.11/pathlib.py,622,name,11165,11165,0.032071432000000004,0.02003581708975921,0.043444573
/home/runner/work/_temp/scanner-verification-il7_c53e/final/report_generator.py,34,saved_profile,2000,2000,0.031661645,0.01977981301180718,0.997766016
/opt/hostedtoolcache/Python/3.11.16/x64/lib/python3.11/contextlib.py,132,__enter__,13008,13008,0.031643226,0.019768306206779697,0.555285322
/home/runner/work/_temp/scanner-verification-il7_c53e/final/tiktok_worker_scanner.py,2010,worker_verified,9500,9500,0.03151615,0.01968891868543365,0.04883119300000001
/opt/hostedtoolcache/Python/3.11.16/x64/lib/python3.11/pathlib.py,667,with_name,3072,3072,0.031159214,0.019465931934834226,0.11028764
/opt/hostedtoolcache/Python/3.11.16/x64/lib/python3.11/pathlib.py,1261,is_file,9025,9025,0.030953950000000004,0.01933769843534121,0.20600031600000002
/home/runner/work/_temp/scanner-verification-il7_c53e/final/tests/benchmark_hybrid.py,168,<genexpr>,7018,7018,0.030948314,0.019334177486693895,0.606237898
/opt/hostedtoolcache/Python/3.11.16/x64/lib/python3.11/asyncio/locks.py,178,is_set,28647,28647,0.030946933000000003,0.019333314741824852,0.030946933000000003
/opt/hostedtoolcache/Python/3.11.16/x64/lib/python3.11/site-packages/httpx/_transports/mock.py,29,handle_async_request,6000,6000,0.030936653,0.01932689257147453,2.4480195080000002
/opt/hostedtoolcache/Python/3.11.16/x64/lib/python3.11/functools.py,35,update_wrapper,2036,2036,0.030168470000000003,0.018846989644799396,0.058284437
/opt/hostedtoolcache/Python/3.11.16/x64/lib/python3.11/site-packages/httpx/_content.py,176,encode_json,3000,3000,0.029890102,0.018673086267749002,0.18701798600000002
~,0,<method 'strip' of 'str' objects>,31059,31059,0.029774590000000004,0.01860092306332233,0.029774590000000004
/opt/hostedtoolcache/Python/3.11.16/x64/lib/python3.11/site-packages/httpx/_models.py,1101,extract_cookies,3000,3000,0.029766431000000003,0.018595825934150316,1.866420675
~,0,<built-in method posix.scandir>,5017,5017,0.029578220000000002,0.01847824586568687,0.05365607
/opt/hostedtoolcache/Python/3.11.16/x64/lib/python3.11/site-packages/httpx/_client.py,1485,request,6000,6000,0.029409002000000004,0.018372531194252965,10.335485882
~,0,<method 'capitalize' of 'str' objects>,28000,28000,0.028898665,0.018053711043467792,0.028898665
/opt/hostedtoolcache/Python/3.11.16/x64/lib/python3.11/pathlib.py,569,_cparts,9022,9022,0.028632139,0.01788720565681511,0.037125573
/opt/hostedtoolcache/Python/3.11.16/x64/lib/python3.11/site-packages/httpx/_decoders.py,260,flush,6000,6000,0.028410546000000002,0.017748771027005908,0.045511600000000006
/opt/hostedtoolcache/Python/3.11.16/x64/lib/python3.11/http/cookiejar.py,1599,make_cookies,3000,3000,0.028229235000000002,0.017635501559263984,0.198083694
/home/runner/work/_temp/scanner-verification-il7_c53e/final/hybrid_backend.py,564,fetch_chain_page,10972,10972,0.028008079,0.017497339934167144,2.822315965
/opt/hostedtoolcache/Python/3.11.16/x64/lib/python3.11/asyncio/tasks.py,399,wait,2594,2594,0.027989326000000002,0.017485624471075746,13.226586952000002
/home/runner/work/_temp/scanner-verification-il7_c53e/final/scan_statistics.py,53,request_finished,3000,3000,0.027801888,0.01736852731483806,0.18491581
/opt/hostedtoolcache/Python/3.11.16/x64/lib/python3.11/site-packages/httpx/_models.py,571,_prepare,3000,3000,0.027365038,0.017095616311186546,0.244088927
~,0,<method '_is_owned' of '_thread.RLock' objects>,28175,28175,0.027001821999999998,0.0168687062892058,0.027001821999999998
~,0,<method 'values' of 'dict' objects>,26809,26809,0.026915786000000004,0.01681495747128166,0.026915786000000004
~,0,<method 'join' of 'bytes' objects>,6000,6000,0.02687018,0.016786466274686645,0.5404937910000001
/opt/hostedtoolcache/Python/3.11.16/x64/lib/python3.11/email/message.py,531,get_all,6000,6000,0.026617235000000003,0.01662844527475845,0.04230003
/opt/hostedtoolcache/Python/3.11.16/x64/lib/python3.11/asyncio/futures.py,311,_set_result_unless_cancelled,7355,7355,0.026384447000000002,0.016483016851459767,0.164132576
/home/runner/work/_temp/scanner-verification-il7_c53e/final/direct_protocol.py,99,guard,3000,3000,0.026324858000000003,0.01644579012879389,0.043003940000000004
/opt/hostedtoolcache/Python/3.11.16/x64/lib/python3.11/pathlib.py,981,resolve,3015,3015,0.026024236000000003,0.016257984127329483,1.070053686
/opt/hostedtoolcache/Python/3.11.16/x64/lib/python3.11/urllib/parse.py,413,_splitnetloc,3008,3008,0.025981296,0.016231158446897306,0.045955956000000006
~,0,<method 'result' of '_asyncio.Future' objects>,28175,28175,0.025940229000000002,0.016205502875907364,0.025940229000000002
/home/runner/work/_temp/scanner-verification-il7_c53e/final/tests/benchmark_hybrid.py,73,user,8500,8500,0.025875328000000003,0.016164957615410657,0.025875328000000003
/home/runner/work/_temp/scanner-verification-il7_c53e/final/backend_metrics.py,48,end,3000,3000,0.025816701,0.01612833187794682,0.26038198100000004
/opt/hostedtoolcache/Python/3.11.16/x64/lib/python3.11/pathlib.py,877,_make_child_relpath,11024,11024,0.025812518000000003,0.01612571865434999,0.058448591
/opt/hostedtoolcache/Python/3.11.16/x64/lib/python3.11/dataclasses.py,1321,<genexpr>,20000,20000,0.025750829000000003,0.016087180009725387,0.10702801299999999
~,0,<method 'lstrip' of 'str' objects>,23567,23567,0.02552426,0.01594563674959875,0.02552426
/opt/hostedtoolcache/Python/3.11.16/x64/lib/python3.11/site-packages/httpx/_urlparse.py,186,copy_with,3000,3000,0.025510353000000003,0.015936948702608294,1.914810611
/opt/hostedtoolcache/Python/3.11.16/x64/lib/python3.11/site-packages/httpx/_models.py,202,keys,6001,6001,0.025391103,0.01586245027709509,0.32350687300000003
~,0,<method 'exception' of '_asyncio.Future' objects>,28175,28175,0.025376069,0.015853058165320115,0.025376069
/opt/hostedtoolcache/Python/3.11.16/x64/lib/python3.11/json/__init__.py,244,detect_encoding,3000,3000,0.025235779,0.01576541553122999,0.039314498
/opt/hostedtoolcache/Python/3.11.16/x64/lib/python3.11/site-packages/httpx/_models.py,961,close,3000,3000,0.025083422,0.015670234343675146,0.08090037
/home/runner/work/_temp/scanner-verification-il7_c53e/final/scan_statistics.py,93,snapshot,145,145,0.02451509,0.015315183281463238,0.676357442
/opt/hostedtoolcache/Python/3.11.16/x64/lib/python3.11/_weakrefset.py,27,__exit__,4356,4356,0.024373664000000003,0.015226830960065918,0.059063367000000006
/opt/hostedtoolcache/Python/3.11.16/x64/lib/python3.11/pathlib.py,1245,is_dir,4079,4079,0.024268487,0.015161124285850383,0.12657132000000001
<frozen posixpath>,60,isabs,6031,6031,0.024043936000000002,0.01502084172025361,0.051447916
/opt/hostedtoolcache/Python/3.11.16/x64/lib/python3.11/site-packages/httpx/_models.py,699,_get_content_decoder,3000,3000,0.024018294000000003,0.015004822528412861,0.077613372
/opt/hostedtoolcache/Python/3.11.16/x64/lib/python3.11/asyncio/base_events.py,531,_asyncgen_firstiter_hook,8001,8001,0.024003749,0.014995735907036846,0.062401399
~,0,<method 'reverse' of 'list' objects>,26219,26219,0.023816899000000002,0.014879006088947606,0.023816899000000002
~,0,<method 'groupdict' of 're.Match' objects>,12002,12002,0.023693452,0.01480188569369118,0.023693452
/opt/hostedtoolcache/Python/3.11.16/x64/lib/python3.11/asyncio/queues.py,53,_put,11176,11176,0.023646411000000003,0.01477249801709104,0.033840206000000005
/home/runner/work/_temp/scanner-verification-il7_c53e/final/tiktok_worker_scanner.py,3468,register_profile,1000,1000,0.023629583000000003,0.014761985149128473,0.22345526100000002
/opt/hostedtoolcache/Python/3.11.16/x64/lib/python3.11/site-packages/httpx/_models.py,274,update,3001,3001,0.023620639000000002,0.0147563976110338,0.258960603
/opt/hostedtoolcache/Python/3.11.16/x64/lib/python3.11/re/__init__.py,173,search,5302,5302,0.023548742,0.014711481776240315,0.138067076
/opt/hostedtoolcache/Python/3.11.16/x64/lib/python3.11/urllib/request.py,301,request_host,3000,3000,0.023473352000000003,0.014664383777922157,0.30788109900000005
~,0,<built-in method builtins.all>,7485,7485,0.023342605000000002,0.014582702892047314,0.037735899
~,0,<built-in method _stat.S_ISLNK>,24111,24111,0.02284667,0.01427288002700001,0.02284667
/opt/hostedtoolcache/Python/3.11.16/x64/lib/python3.11/_weakrefset.py,53,_commit_removals,4356,4356,0.022763329000000002,0.014220814842256232,0.029209955000000003
/opt/hostedtoolcache/Python/3.11.16/x64/lib/python3.11/site-packages/httpx/_client.py,424,_merge_headers,3000,3000,0.022757349000000003,0.01421707898829758,0.303000663
/opt/hostedtoolcache/Python/3.11.16/x64/lib/python3.11/urllib/parse.py,703,parse_qs,5001,5001,0.022718422000000002,0.01419276032825605,0.304921879
/opt/hostedtoolcache/Python/3.11.16/x64/lib/python3.11/urllib/request.py,374,_parse,3000,3000,0.022652484,0.014151567228201628,0.09014630500000001
/opt/hostedtoolcache/Python/3.11.16/x64/lib/python3.11/asyncio/queues.py,50,_get,11176,11176,0.022415329,0.014003410631953548,0.032101474000000005
/opt/hostedtoolcache/Python/3.11.16/x64/lib/python3.11/urllib/request.py,343,full_url,3000,3000,0.022348482000000003,0.013961649657108421,0.139366912
/opt/hostedtoolcache/Python/3.11.16/x64/lib/python3.11/asyncio/tasks.py,376,create_task,4006,4006,0.022291842000000003,0.013926265247707435,0.159861311
/home/runner/work/_temp/scanner-verification-il7_c53e/final/tiktok_worker_scanner.py,1992,parse_count,8000,8000,0.022179153,0.013855865641228125,0.035788486
/opt/hostedtoolcache/Python/3.11.16/x64/lib/python3.11/pathlib.py,1036,open,4094,4094,0.022164296,0.01384658410573253,0.547204845
/home/runner/work/_temp/scanner-verification-il7_c53e/final/scan_statistics.py,43,prune,7145,7145,0.022014275,0.01375286227517558,0.028177702000000002
/opt/hostedtoolcache/Python/3.11.16/x64/lib/python3.11/site-packages/httpx/_auth.py,87,async_auth_flow,6000,6000,0.021997613000000003,0.013742453111520229,0.041487538000000004
/opt/hostedtoolcache/Python/3.11.16/x64/lib/python3.11/site-packages/httpx/_exceptions.py,366,request_context,24000,24000,0.02182419,0.01363411147254516,0.02182419
/opt/hostedtoolcache/Python/3.11.16/x64/lib/python3.11/site-packages/httpx/_urls.py,498,multi_items,3000,3000,0.021738663000000002,0.013580680639514824,0.034571902
/home/runner/work/_temp/scanner-verification-il7_c53e/final/backend_metrics.py,95,snapshot,145,145,0.021666728,0.013535741065181137,0.386979793
~,0,<method 'load_verify_locations' of '_ssl._SSLContext' objects>,1,1,0.021645375,0.013522401317759891,0.021645375
/opt/hostedtoolcache/Python/3.11.16/x64/lib/python3.11/asyncio/timeouts.py,85,__aenter__,3000,3000,0.021433017000000002,0.01338973602094536,0.144269703
~,0,<method 'is_dir' of 'posix.DirEntry' objects>,24057,24057,0.021234844000000003,0.01326593244459963,0.021234844000000003
~,0,<built-in method builtins.anext>,10002,10002,0.021193285000000003,0.013239969509036501,0.06132504800000001
/opt/hostedtoolcache/Python/3.11.16/x64/lib/python3.11/pathlib.py,868,__new__,5015,5015,0.020889265,0.01305004069289793,0.426928968
/opt/hostedtoolcache/Python/3.11.16/x64/lib/python3.11/site-packages/httpx/_models.py,242,get,6000,6000,0.020791486,0.01298895573232556,0.21835427000000002
~,0,<built-in method _thread.get_ident>,19223,19223,0.020691359,0.012926403918058382,0.020691359
/home/runner/work/_temp/scanner-verification-il7_c53e/final/hybrid_backend.py,553,prepare_chain,4000,4000,0.020532463,0.012827137655413972,1.97986028
/opt/hostedtoolcache/Python/3.11.16/x64/lib/python3.11/site-packages/httpx/_models.py,252,get_list,3000,3000,0.020341714,0.0127079720355547,0.045604846000000004
/home/runner/work/_temp/scanner-verification-il7_c53e/final/tiktok_worker_scanner.py,2347,checkpoint,3000,3000,0.020296844,0.012679940636369985,0.185989811
/opt/hostedtoolcache/Python/3.11.16/x64/lib/python3.11/site-packages/httpx/_client.py,457,_build_request_auth,3000,3000,0.020094382,0.012553457615604748,0.072397901
/opt/hostedtoolcache/Python/3.11.16/x64/lib/python3.11/asyncio/locks.py,359,locked,6000,6000,0.01992555,0.01244798408792135,0.040798397
/opt/hostedtoolcache/Python/3.11.16/x64/lib/python3.11/enum.py,193,__get__,5333,5333,0.019834611,0.012391172244585958,0.026610712
/opt/hostedtoolcache/Python/3.11.16/x64/lib/python3.11/site-packages/httpx/_models.py,468,read,3000,3000,0.019824199,0.012384667610569663,0.10649118
/home/runner/work/_temp/scanner-verification-il7_c53e/final/avatar_cache.py,254,ensure,2006,2006,0.019801466,0.012370465743004114,0.257669209
/opt/hostedtoolcache/Python/3.11.16/x64/lib/python3.11/site-packages/httpx/_urlparse.py,167,authority,6000,6000,0.019775440000000002,0.01235420665686234,0.026375479
/home/runner/work/_temp/scanner-verification-il7_c53e/final/tiktok_worker_scanner.py,2865,open_user_store,5640,5640,0.019703203000000002,0.012309078415656493,0.587891335
/home/runner/work/_temp/scanner-verification-il7_c53e/final/tiktok_worker_scanner.py,1405,observe,3000,3000,0.019680166000000002,0.012294686631769301,0.027205664
/opt/hostedtoolcache/Python/3.11.16/x64/lib/python3.11/pathlib.py,94,join_parsed_parts,15106,15106,0.019636667,0.012267511730206206,0.019636667
/home/runner/work/_temp/scanner-verification-il7_c53e/final/tiktok_worker_scanner.py,1792,<genexpr>,9500,9500,0.01962724,0.012261622450061025,0.20389031300000002
/opt/hostedtoolcache/Python/3.11.16/x64/lib/python3.11/site-packages/httpx/_client.py,433,_merge_queryparams,3000,3000,0.019501684000000002,0.012183184510323198,0.186581816
/opt/hostedtoolcache/Python/3.11.16/x64/lib/python3.11/site-packages/httpx/_client.py,391,_merge_url,3000,3000,0.018936252,0.01182994514986381,1.4139106750000001
/opt/hostedtoolcache/Python/3.11.16/x64/lib/python3.11/asyncio/locks.py,400,release,6000,6000,0.018872654000000003,0.011790213905706254,0.025857104000000002
/home/runner/work/_temp/scanner-verification-il7_c53e/final/tiktok_worker_scanner.py,3509,recover,1,1,0.018857191000000002,0.011780553787016855,0.45813551300000005
/opt/hostedtoolcache/Python/3.11.16/x64/lib/python3.11/contextlib.py,332,helper,5001,5001,0.018844039,0.011772337407206793,0.05376303700000001
/opt/hostedtoolcache/Python/3.11.16/x64/lib/python3.11/site-packages/httpx/_models.py,348,<listcomp>,11005,11005,0.018817853000000002,0.011755978365106261,0.018817853000000002
/home/runner/work/_temp/scanner-verification-il7_c53e/final/tiktok_worker_scanner.py,2125,finish_list_result,2000,2000,0.018807231,0.01174934253889409,0.079389053
/opt/hostedtoolcache/Python/3.11.16/x64/lib/python3.11/asyncio/locks.py,182,set,8639,8639,0.018683067,0.011671774215997474,0.018698386
/opt/hostedtoolcache/Python/3.11.16/x64/lib/python3.11/urllib/parse.py,1080,_splittype,3000,3000,0.018470815,0.011539175140005622,0.034251132000000004
/opt/hostedtoolcache/Python/3.11.16/x64/lib/python3.11/asyncio/timeouts.py,129,timeout,3000,3000,0.018426392,0.01151142299278069,0.039950872000000005
/opt/hostedtoolcache/Python/3.11.16/x64/lib/python3.11/asyncio/timeouts.py,97,__aexit__,3000,3000,0.018294758,0.011429187976059473,0.051776086000000006
~,0,<method 'discard' of 'set' objects>,15153,15153,0.018156542,0.011342841021084774,0.018156542
/opt/hostedtoolcache/Python/3.11.16/x64/lib/python3.11/urllib/parse.py,119,_coerce_args,6008,6008,0.018051967000000002,0.011277510431164074,0.023147608
/home/runner/work/_temp/scanner-verification-il7_c53e/final/backend_metrics.py,39,begin,3000,3000,0.017856307000000002,0.011155276788095619,0.178473403
/opt/hostedtoolcache/Python/3.11.16/x64/lib/python3.11/asyncio/timeouts.py,50,reschedule,3000,3000,0.017817646,0.011131124304835524,0.10331957700000001
/opt/hostedtoolcache/Python/3.11.16/x64/lib/python3.11/site-packages/httpx/_urls.py,274,params,5000,5000,0.017439823,0.010895088928544747,0.373245841
/opt/hostedtoolcache/Python/3.11.16/x64/lib/python3.11/site-packages/httpx/_models.py,831,json,3000,3000,0.017405651,0.010873740834652612,0.203639281
/home/runner/work/_temp/scanner-verification-il7_c53e/final/report_generator.py,61,profile_for_report,2000,2000,0.017223647,0.010760038432664308,1.022836907
<frozen posixpath>,409,realpath,3015,3015,0.016995004,0.010617199493422248,0.7798976160000001
/opt/hostedtoolcache/Python/3.11.16/x64/lib/python3.11/_weakrefset.py,72,__len__,4357,4357,0.016759414,0.010470020591395787,0.025154486
~,0,<method 'remove' of 'collections.deque' objects>,16277,16277,0.016732858,0.010453430401140619,0.016732858
/home/runner/work/_temp/scanner-verification-il7_c53e/final/scan_statistics.py,48,request_started,3000,3000,0.016493066,0.010303626405747226,0.13850368000000002
/opt/hostedtoolcache/Python/3.11.16/x64/lib/python3.11/asyncio/locks.py,364,acquire,6000,6000,0.016400023,0.010245500141554143,0.05719842000000001
/home/runner/work/_temp/scanner-verification-il7_c53e/final/tiktok_worker_scanner.py,1107,text,6302,6302,0.016289167,0.010176245655527378,0.016289167
/home/runner/work/_temp/scanner-verification-il7_c53e/final/tiktok_worker_scanner.py,2374,count,2000,2000,0.016261291,0.010158830828612443,0.086080053
/opt/hostedtoolcache/Python/3.11.16/x64/lib/python3.11/asyncio/base_events.py,1854,_timer_handle_cancelled,11795,11795,0.016249296,0.010151337255329164,0.016249296
/home/runner/work/_temp/scanner-verification-il7_c53e/final/tests/benchmark_hybrid.py,72,total,12000,12000,0.016096506,0.010055885561960926,0.016096506
/opt/hostedtoolcache/Python/3.11.16/x64/lib/python3.11/pathlib.py,956,rglob,9022,9022,0.016083977,0.010048058385665287,0.48076028800000004
/opt/hostedtoolcache/Python/3.11.16/x64/lib/python3.11/site-packages/httpx/_models.py,231,multi_items,6000,6000,0.016075735,0.01004290940433967,0.12109673200000001
~,0,<method 'end' of 're.Match' objects>,18054,18054,0.016007218,0.01000010513917499,0.016007218
/opt/hostedtoolcache/Python/3.11.16/x64/lib/python3.11/site-packages/httpx/_urlparse.py,200,__str__,3000,3000,0.015815225000000002,0.009880162361736361,0.032723716
/opt/hostedtoolcache/Python/3.11.16/x64/lib/python3.11/pathlib.py,327,_select_from,18040,18040,0.01578823,0.009863297917319346,0.01578823
~,0,<method 'acquire' of '_thread.RLock' objects>,11533,11533,0.015743395,0.009835288383500607,0.015743395
/home/runner/work/_temp/scanner-verification-il7_c53e/final/report_generator.py,222,<dictcomp>,2000,2000,0.015614311,0.009754646414872127,0.015614311
/opt/hostedtoolcache/Python/3.11.16/x64/lib/python3.11/site-packages/httpx/_urls.py,623,__str__,3000,3000,0.015147076,0.009462753149927373,0.342273412
/opt/hostedtoolcache/Python/3.11.16/x64/lib/python3.11/typing.py,1602,__subclasscheck__,3000,3000,0.015008246000000001,0.009376022613960932,0.039130346
/opt/hostedtoolcache/Python/3.11.16/x64/lib/python3.11/site-packages/httpx/_urls.py,244,path,5000,5000,0.014938397,0.009332386215439576,0.034397824
/home/runner/work/_temp/scanner-verification-il7_c53e/final/tiktok_worker_scanner.py,1205,available,3001,3001,0.014620516,0.009133798089648693,0.020887715
/home/runner/work/_temp/scanner-verification-il7_c53e/final/tiktok_worker_scanner.py,3458,_add_job,1000,1000,0.014593506000000001,0.009116924274360545,0.264062158
/opt/hostedtoolcache/Python/3.11.16/x64/lib/python3.11/site-packages/httpx/_urlparse.py,422,validate_path,6001,6001,0.014544974,0.00908660513316971,0.021571184
/opt/hostedtoolcache/Python/3.11.16/x64/lib/python3.11/site-packages/httpx/_urls.py,168,host,6000,6000,0.014518321,0.009069954344614547,0.020893257000000002
/opt/hostedtoolcache/Python/3.11.16/x64/lib/python3.11/site-packages/httpx/_client.py,413,_merge_cookies,3000,3000,0.014329307000000001,0.008951872622183079,0.053004288000000004
/opt/hostedtoolcache/Python/3.11.16/x64/lib/python3.11/site-packages/httpx/_models.py,1228,__bool__,3000,3000,0.014221173,0.008884318636904713,0.03478942
~,0,<method 'release' of '_thread.RLock' objects>,11533,11533,0.014110671,0.008815285303436704,0.014110671
/home/runner/work/_temp/scanner-verification-il7_c53e/final/tiktok_worker_scanner.py,3712,summary,167,167,0.013948797,0.008714158610509877,0.061577620000000007
~,0,<method 'extend' of 'list' objects>,15357,15357,0.013947737000000002,0.008713496402283093,0.014024047000000001
~,0,<method 'startswith' of 'bytes' objects>,11018,11018,0.013939958,0.008708636668513138,0.013939958
~,0,<method 'find' of 'str' objects>,12050,12050,0.01390003,0.008683692659004615,0.01390003
/home/runner/work/_temp/scanner-verification-il7_c53e/final/tests/benchmark_hybrid.py,100,<listcomp>,2000,2000,0.013782220000000001,0.008610093837120249,0.034434147000000005
/home/runner/work/_temp/scanner-verification-il7_c53e/final/tiktok_worker_scanner.py,2146,<lambda>,2000,2000,0.013766452,0.008600243177384465,0.143833882
/opt/hostedtoolcache/Python/3.11.16/x64/lib/python3.11/site-packages/httpx/_models.py,619,reason_phrase,3000,3000,0.013758828,0.00859548027594956,0.043995074
/opt/hostedtoolcache/Python/3.11.16/x64/lib/python3.11/site-packages/httpx/_content.py,107,encode_content,2000,2000,0.013713186,0.008566966589263826,0.022659289000000003
/opt/hostedtoolcache/Python/3.11.16/x64/lib/python3.11/site-packages/httpx/_urls.py,150,username,3000,3000,0.013688555000000002,0.00855157899413749,0.028324601
/opt/hostedtoolcache/Python/3.11.16/x64/lib/python3.11/asyncio/locks.py,194,clear,11176,11176,0.013656796,0.0085317383610484,0.013656796
/opt/hostedtoolcache/Python/3.11.16/x64/lib/python3.11/pathlib.py,745,parts,3000,3000,0.013654250000000001,0.008530147811854634,0.013654250000000001
/opt/hostedtoolcache/Python/3.11.16/x64/lib/python3.11/site-packages/httpx/_models.py,876,read,3000,3000,0.013441993000000001,0.00839754561223907,0.537509682
/opt/hostedtoolcache/Python/3.11.16/x64/lib/python3.11/typing.py,1327,__instancecheck__,3000,3000,0.013417273,0.008382102416610672,0.052547619000000004
/opt/hostedtoolcache/Python/3.11.16/x64/lib/python3.11/site-packages/httpx/_status_codes.py,38,get_reason_phrase,3000,3000,0.013266140000000001,0.00828768589214034,0.030236246
<frozen posixpath>,394,abspath,3016,3016,0.013187570000000001,0.008238601269141829,0.062091967000000005
/opt/hostedtoolcache/Python/3.11.16/x64/lib/python3.11/site-packages/httpx/_urls.py,458,<dictcomp>,3000,3000,0.013147005000000002,0.008213259309972494,0.032914506
/opt/hostedtoolcache/Python/3.11.16/x64/lib/python3.11/re/_parser.py,516,_parse,117,298,0.013124164,0.008198989972134783,0.045523912
/home/runner/work/_temp/scanner-verification-il7_c53e/final/avatar_cache.py,178,key_lock,2000,2000,0.013070539,0.008165489107831676,0.025990034000000002
/opt/hostedtoolcache/Python/3.11.16/x64/lib/python3.11/site-packages/httpx/_models.py,635,content,6000,6000,0.013055785,0.008156271918984532,0.018909985
/opt/hostedtoolcache/Python/3.11.16/x64/lib/python3.11/email/message.py,156,__init__,6000,6000,0.012943963000000001,0.008086413948856754,0.012943963000000001
/home/runner/work/_temp/scanner-verification-il7_c53e/final/scan_statistics.py,71,account_finished,1000,1000,0.012666349,0.007912981614262016,0.082505796
/opt/hostedtoolcache/Python/3.11.16/x64/lib/python3.11/urllib/parse.py,1101,_splithost,3000,3000,0.012581069,0.007859705088243013,0.021642133
/home/runner/work/_temp/scanner-verification-il7_c53e/final/tiktok_worker_scanner.py,3257,sanitize_run_name,1000,1000,0.012566053,0.007850324221513402,0.040888678000000005
/opt/hostedtoolcache/Python/3.11.16/x64/lib/python3.11/site-packages/httpx/_urls.py,459,<listcomp>,5000,5000,0.012542938,0.007835883709096313,0.019767501
/opt/hostedtoolcache/Python/3.11.16/x64/lib/python3.11/_weakrefset.py,21,__enter__,4356,4356,0.01252403,0.007824071413669866,0.017366771
/opt/hostedtoolcache/Python/3.11.16/x64/lib/python3.11/site-packages/httpx/_decoders.py,233,__init__,6000,6000,0.012368835000000002,0.007727117257296521,0.012368835000000002
/home/runner/work/_temp/scanner-verification-il7_c53e/final/tiktok_worker_scanner.py,2361,cursor_seen,2000,2000,0.012342453000000001,0.007710635769146506,0.12323582200000001
/opt/hostedtoolcache/Python/3.11.16/x64/lib/python3.11/site-packages/httpx/_models.py,771,has_redirect_location,3000,3000,0.012287378000000002,0.007676229053967137,0.012287378000000002
/home/runner/work/_temp/scanner-verification-il7_c53e/final/tiktok_worker_scanner.py,2139,replay_committed_list,4000,4000,0.012203478,0.007623814648092438,0.249123901
~,0,<method 'rstrip' of 'bytes' objects>,11006,11006,0.012173101,0.007604837384597136,0.012173101
/opt/hostedtoolcache/Python/3.11.16/x64/lib/python3.11/site-packages/httpx/_content.py,35,__iter__,12000,12000,0.012118722,0.007570865477838373,0.012118722
/home/runner/work/_temp/scanner-verification-il7_c53e/final/tiktok_worker_scanner.py,1215,choose,3000,3000,0.012015579,0.007506429493748575,0.032904996
/opt/hostedtoolcache/Python/3.11.16/x64/lib/python3.11/pathlib.py,630,suffix,2014,2014,0.011784042000000002,0.007361782601102448,0.023975600000000003
/opt/hostedtoolcache/Python/3.11.16/x64/lib/python3.11/site-packages/httpx/_urls.py,233,netloc,3000,3000,0.011654551,0.007280886369503872,0.025500082
/home/runner/work/_temp/scanner-verification-il7_c53e/final/tiktok_worker_scanner.py,2045,<dictcomp>,2000,2000,0.011611604000000001,0.007254056315998501,0.018601867
~,0,<built-in method _json.encode_basestring_ascii>,11201,11201,0.011602737,0.007248516881708977,0.011602737
/opt/hostedtoolcache/Python/3.11.16/x64/lib/python3.11/re/__init__.py,178,sub,3001,3001,0.011483557,0.0071740621869277295,0.032669795
/opt/hostedtoolcache/Python/3.11.16/x64/lib/python3.11/email/_policybase.py,313,header_store_parse,12000,12000,0.011420019,0.007134368426254706,0.011420019
<frozen posixpath>,386,normpath,3016,3016,0.011382233,0.007110762577144083,0.020970805000000002
/opt/hostedtoolcache/Python/3.11.16/x64/lib/python3.11/urllib/parse.py,1059,unwrap,3000,3000,0.011168492,0.0069772332860110215,0.014284154
/opt/hostedtoolcache/Python/3.11.16/x64/lib/python3.11/pathlib.py,682,with_suffix,1008,1008,0.011165413,0.0069753097585296365,0.030287699
/opt/hostedtoolcache/Python/3.11.16/x64/lib/python3.11/email/_policybase.py,209,header_max_count,12000,12000,0.011138421,0.006958447188286848,0.011138421
/home/runner/work/_temp/scanner-verification-il7_c53e/final/tiktok_worker_scanner.py,538,output_file_path,2000,2000,0.011007154,0.006876441445546036,0.8336987520000001
/opt/hostedtoolcache/Python/3.11.16/x64/lib/python3.11/site-packages/httpx/_models.py,260,<listcomp>,3000,3000,0.010959296,0.00684654336883148,0.016505045
/opt/hostedtoolcache/Python/3.11.16/x64/lib/python3.11/site-packages/httpx/_decoders.py,237,decode,9000,9000,0.010854388000000001,0.006781004745571613,0.010854388000000001
~,0,<method 'setdefault' of 'dict' objects>,11077,11077,0.010699178,0.0066840412183271315,0.010699178
/opt/hostedtoolcache/Python/3.11.16/x64/lib/python3.11/site-packages/httpx/_urls.py,450,<dictcomp>,3000,3000,0.010683229,0.006674077483413001,0.015326601
/home/runner/work/_temp/scanner-verification-il7_c53e/final/tiktok_worker_scanner.py,533,output_file_name,2000,2000,0.010648651,0.006652475751275511,0.035631797
/opt/hostedtoolcache/Python/3.11.16/x64/lib/python3.11/enum.py,688,__call__,3240,3240,0.010609529000000001,0.006628035269909244,0.018010371
/opt/hostedtoolcache/Python/3.11.16/x64/lib/python3.11/functools.py,518,decorating_function,2007,2007,0.010523642000000001,0.006574379535971696,0.068023686
~,0,<method 'update' of 'dict' objects>,6954,6954,0.0105218,0.006573228792996472,0.0105218
/home/runner/work/_temp/scanner-verification-il7_c53e/final/tiktok_worker_scanner.py,3775,<genexpr>,1005,1005,0.010400723,0.00649758899537918,0.049252703
/opt/hostedtoolcache/Python/3.11.16/x64/lib/python3.11/random.py,520,uniform,3000,3000,0.010377305,0.006482959191365189,0.014055936000000002
~,0,<method 'move_to_end' of 'collections.OrderedDict' objects>,7490,7490,0.010347563,0.006464378628081217,0.010347563
/home/runner/work/_temp/scanner-verification-il7_c53e/final/tiktok_worker_scanner.py,232,finish,2000,2000,0.010299985000000001,0.006434655474294491,0.048120433000000004
/opt/hostedtoolcache/Python/3.11.16/x64/lib/python3.11/asyncio/tasks.py,35,current_task,3000,3000,0.010264059,0.00641221161320445,0.016577542
/opt/hostedtoolcache/Python/3.11.16/x64/lib/python3.11/site-packages/httpx/_urls.py,159,password,3000,3000,0.01020818,0.0063773026193323125,0.021554132
/opt/hostedtoolcache/Python/3.11.16/x64/lib/python3.11/site-packages/httpx/_urls.py,582,merge,3000,3000,0.009857451000000001,0.006158193535208033,0.12172779600000001
/opt/hostedtoolcache/Python/3.11.16/x64/lib/python3.11/http/cookiejar.py,1227,deepvalues,3000,3000,0.00983295,0.006142887154298187,0.012610421
<frozen codecs>,186,__init__,4082,4082,0.009788863,0.006115344914586651,0.009788863
/home/runner/work/_temp/scanner-verification-il7_c53e/final/avatar_cache.py,188,io,2006,2006,0.009699146,0.00605929648488629,0.140115813
~,0,<built-in method builtins.hash>,9141,9324,0.009417456,0.005883317772242143,0.009830358
/opt/hostedtoolcache/Python/3.11.16/x64/lib/python3.11/site-packages/httpx/_urls.py,374,__str__,3000,3000,0.009407537,0.005877121127523775,0.042131253
/home/runner/work/_temp/scanner-verification-il7_c53e/final/tiktok_worker_scanner.py,3778,write_json_array,6,6,0.009406853,0.0058766938158000765,1.37325829
/opt/hostedtoolcache/Python/3.11.16/x64/lib/python3.11/site-packages/httpx/_content.py,186,encode_request,3000,3000,0.009406206,0.005876289618891841,0.033288224000000005
/opt/hostedtoolcache/Python/3.11.16/x64/lib/python3.11/asyncio/timeouts.py,33,__init__,3000,3000,0.009390424000000001,0.005866430213009667,0.009390424000000001
/opt/hostedtoolcache/Python/3.11.16/x64/lib/python3.11/asyncio/tasks.py,65,_set_task_name,4006,4006,0.009315966,0.005819914458151283,0.013170341
/home/runner/work/_temp/scanner-verification-il7_c53e/final/tiktok_worker_scanner.py,2652,size_skip_result,1000,1000,0.00923882,0.005771719443185735,0.013210305
/home/runner/work/_temp/scanner-verification-il7_c53e/final/tiktok_worker_scanner.py,619,reconcile_complete_lists,1000,1000,0.009183581000000001,0.005737210273148639,0.027145959
/opt/hostedtoolcache/Python/3.11.16/x64/lib/python3.11/logging/__init__.py,1479,info,3000,3000,0.00912845,0.005702768573383703,0.013258343
/opt/hostedtoolcache/Python/3.11.16/x64/lib/python3.11/urllib/parse.py,1211,_splittag,3000,3000,0.009105565000000001,0.005688471747657333,0.012587971000000002
/opt/hostedtoolcache/Python/3.11.16/x64/lib/python3.11/_weakrefset.py,17,__init__,4356,4356,0.009080496,0.005672810523093891,0.009080496
/opt/hostedtoolcache/Python/3.11.16/x64/lib/python3.11/site-packages/httpx/_models.py,313,<listcomp>,6000,6000,0.008964622,0.005600421168310519,0.008964622
/home/runner/work/_temp/scanner-verification-il7_c53e/final/direct_protocol.py,95,verified,8500,8500,0.008920038,0.005572568440402085,0.008920038
/home/runner/work/_temp/scanner-verification-il7_c53e/final/tiktok_worker_scanner.py,2449,iter_members,2000,2000,0.008850231,0.005528958280319903,0.13006743
/opt/hostedtoolcache/Python/3.11.16/x64/lib/python3.11/site-packages/httpx/_content.py,221,encode_response,3000,3000,0.008690775000000001,0.005429342171819834,0.195708761
/opt/hostedtoolcache/Python/3.11.16/x64/lib/python3.11/site-packages/httpx/_urls.py,319,is_relative_url,3000,3000,0.008641077,0.005398294601579538,0.014939621
/home/runner/work/_temp/scanner-verification-il7_c53e/final/report_generator.py,26,open_database,2012,2012,0.008616503,0.005382942615763508,0.52834552
/opt/hostedtoolcache/Python/3.11.16/x64/lib/python3.11/pathlib.py,257,casefold_parts,9028,9028,0.008499084,0.005309588061253362,0.008499084
/opt/hostedtoolcache/Python/3.11.16/x64/lib/python3.11/functools.py,479,lru_cache,2007,2007,0.008462613,0.005286803725178797,0.010631128
/opt/hostedtoolcache/Python/3.11.16/x64/lib/python3.11/site-packages/httpx/_client.py,1474,_transport_for_url,3000,3000,0.008396371,0.0052454207088027316,0.011140220000000001
/opt/hostedtoolcache/Python/3.11.16/x64/lib/python3.11/site-packages/httpx/_content.py,32,__init__,6000,6000,0.008385026,0.005238333206601916,0.008385026
~,0,<method 'upper' of 'str' objects>,7286,7286,0.008371376,0.005229805713870215,0.008371376
/opt/hostedtoolcache/Python/3.11.16/x64/lib/python3.11/site-packages/httpx/_urls.py,435,<dictcomp>,6000,6000,0.008353377,0.005218561293234475,0.008353377
~,0,<built-in method builtins.print>,228,228,0.008201258,0.0051235287901682846,0.008201258
<string>,1,<lambda>,3008,3008,0.008193169,0.005118475391728232,0.012762365000000001
/opt/hostedtoolcache/Python/3.11.16/x64/lib/python3.11/site-packages/httpx/_models.py,610,http_version,3000,3000,0.008085421,0.005051162550200377,0.008085421
/home/runner/work/_temp/scanner-verification-il7_c53e/final/tiktok_worker_scanner.py,2057,parse_has_more,4000,4000,0.008078134,0.005046610181003609,0.011307218
/opt/hostedtoolcache/Python/3.11.16/x64/lib/python3.11/site-packages/httpx/_client.py,318,cookies,6000,6000,0.008017094,0.005008476982736724,0.008017094
/opt/hostedtoolcache/Python/3.11.16/x64/lib/python3.11/site-packages/httpx/_urlparse.py,177,netloc,3000,3000,0.007996576,0.004995658880475257,0.011085049000000001
/opt/hostedtoolcache/Python/3.11.16/x64/lib/python3.11/http/cookiejar.py,1753,__iter__,3000,3000,0.007957826000000001,0.004971450796713106,0.007957826000000001
/home/runner/work/_temp/scanner-verification-il7_c53e/final/report_generator.py,44,count_value,2000,2000,0.00791646,0.004945608433025229,0.013231322
/home/runner/work/_temp/scanner-verification-il7_c53e/final/tiktok_worker_scanner.py,1634,before_send,3000,3000,0.007906145,0.004939164397308929,0.019492947
/opt/hostedtoolcache/Python/3.11.16/x64/lib/python3.11/pathlib.py,934,_scandir,4012,4012,0.007898866000000001,0.004934617025910099,0.057927195
/opt/hostedtoolcache/Python/3.11.16/x64/lib/python3.11/site-packages/httpx/_models.py,1065,aclose,3000,3000,0.007888526,0.004928157372075243,0.011078117
~,0,<built-in method builtins.issubclass>,3149,3149,0.007771707000000001,0.004855177652410447,0.018702962
/opt/hostedtoolcache/Python/3.11.16/x64/lib/python3.11/re/_compiler.py,37,_compile,75,458,0.0075597830000000005,0.00472278348613405,0.021818369
/home/runner/work/_temp/scanner-verification-il7_c53e/final/tiktok_worker_scanner.py,1334,wake_capacity,3000,3000,0.007544017,0.004712934075847752,0.011361546
/opt/hostedtoolcache/Python/3.11.16/x64/lib/python3.11/site-packages/httpx/_models.py,974,aread,3000,3000,0.007510556000000001,0.004692030161247355,0.010694478
/opt/hostedtoolcache/Python/3.11.16/x64/lib/python3.11/site-packages/httpx/_config.py,132,as_dict,3000,3000,0.007273454,0.004543906675410611,0.007273454
/opt/hostedtoolcache/Python/3.11.16/x64/lib/python3.11/enum.py,1095,__new__,3240,3240,0.007262616,0.004537135908654116,0.007400842
/home/runner/work/_temp/scanner-verification-il7_c53e/final/avatar_cache.py,36,account_key,1000,1000,0.007257343,0.004533841735088236,0.028917156000000003
<string>,2,__init__,3000,3000,0.007240445000000001,0.004523285136393711,0.007240445000000001
/opt/hostedtoolcache/Python/3.11.16/x64/lib/python3.11/site-packages/httpx/_utils.py,15,primitive_value_to_str,5000,5000,0.007224563000000001,0.0045133632580373105,0.007224563000000001
~,0,<method 'send' of 'generator' objects>,3000,3000,0.007194125000000001,0.004494347886332733,0.010254349000000001
~,0,<built-in method marshal.loads>,76,76,0.007129669,0.004454080628346325,0.007129669
~,0,<method 'fileno' of '_io.TextIOWrapper' objects>,4091,4091,0.007091728,0.004430377946900653,0.007091728
/opt/hostedtoolcache/Python/3.11.16/x64/lib/python3.11/site-packages/httpx/_client.py,168,__init__,3000,3000,0.007065506,0.004413996414709397,0.007065506
/home/runner/work/_temp/scanner-verification-il7_c53e/final/avatar_cache.py,32,digest,1000,1000,0.0070604100000000005,0.004410812817422896,0.019201450000000002
/opt/hostedtoolcache/Python/3.11.16/x64/lib/python3.11/site-packages/httpx/_urlparse.py,395,normalize_port,6001,6001,0.0070427400000000005,0.004399773931227355,0.0070427400000000005
/opt/hostedtoolcache/Python/3.11.16/x64/lib/python3.11/asyncio/locks.py,409,_wake_up_next,6000,6000,0.0069844500000000006,0.004363358726001655,0.0069844500000000006
~,0,<built-in method _hashlib.openssl_sha256>,1002,1002,0.006940253,0.004335747766568472,0.006940253
/home/runner/work/_temp/scanner-verification-il7_c53e/final/avatar_cache.py,143,reference,2000,2000,0.00692905,0.004328748975281055,0.008977123
~,0,<built-in method _stat.S_ISREG>,8021,8021,0.0068856510000000004,0.004301636546192187,0.0068856510000000004
/opt/hostedtoolcache/Python/3.11.16/x64/lib/python3.11/site-packages/httpx/_urlparse.py,447,normalize_path,6000,6000,0.0068490600000000006,0.004278777243148551,0.0068490600000000006
/opt/hostedtoolcache/Python/3.11.16/x64/lib/python3.11/enum.py,1257,value,5332,5332,0.006776101,0.004233197950678799,0.006776101
/opt/hostedtoolcache/Python/3.11.16/x64/lib/python3.11/site-packages/httpx/_models.py,482,aread,3000,3000,0.006753542,0.004219104785218402,0.009507948
~,0,<method 'groups' of 're.Match' objects>,6001,6001,0.006730841,0.004204922908844606,0.006730841
~,0,<built-in method _stat.S_ISDIR>,5080,5080,0.00669212,0.004180732942099978,0.00669212
/opt/hostedtoolcache/Python/3.11.16/x64/lib/python3.11/site-packages/httpx/_urls.py,600,__getitem__,5000,5000,0.006688119,0.00417823341840624,0.006688119
/home/runner/work/_temp/scanner-verification-il7_c53e/final/tiktok_worker_scanner.py,2870,acquire,1000,1000,0.006645176,0.004151405863799838,1.498670683
/opt/hostedtoolcache/Python/3.11.16/x64/lib/python3.11/urllib/parse.py,421,_checknetloc,3008,3008,0.006606672,0.004127351462324278,0.009184224
/home/runner/work/_temp/scanner-verification-il7_c53e/final/tiktok_worker_scanner.py,2915,<lambda>,2000,2000,0.0065433190000000006,0.004087773275728572,0.0065433190000000006
/opt/hostedtoolcache/Python/3.11.16/x64/lib/python3.11/statistics.py,154,_sum,1,1,0.0065306190000000005,0.004079839271502008,0.017558021
~,0,<method 'pop' of 'list' objects>,4415,4415,0.006507433,0.0040653544036282204,0.006507433
/home/runner/work/_temp/scanner-verification-il7_c53e/final/scan_statistics.py,232,report_loop,449,449,0.006392055000000001,0.003993274912317006,0.734536077
/home/runner/work/_temp/scanner-verification-il7_c53e/final/tiktok_worker_scanner.py,3440,current_phase,3203,3203,0.0063825010000000005,0.003987306292129558,0.0063825010000000005
/opt/hostedtoolcache/Python/3.11.16/x64/lib/python3.11/site-packages/httpx/_urls.py,307,is_absolute_url,3000,3000,0.0062985440000000005,0.003934856276944551,0.0062985440000000005
<frozen abc>,121,__subclasscheck__,3022,3071,0.006289057000000001,0.003928929513314834,0.01157609
/opt/hostedtoolcache/Python/3.11.16/x64/lib/python3.11/asyncio/tasks.py,519,_on_completion,1001,1001,0.006256165,0.0039083810670927765,0.034648939000000004
/opt/hostedtoolcache/Python/3.11.16/x64/lib/python3.11/collections/__init__.py,601,__missing__,6886,6886,0.006231338,0.0038928710259169587,0.006231338
/home/runner/work/_temp/scanner-verification-il7_c53e/final/tiktok_worker_scanner.py,2049,<dictcomp>,2000,2000,0.006210638,0.0038799392237524022,0.006210638
/opt/hostedtoolcache/Python/3.11.16/x64/lib/python3.11/site-packages/httpx/_multipart.py,56,get_multipart_boundary_from_content_type,3000,3000,0.006173855000000001,0.003856959973558254,0.008928079
/opt/hostedtoolcache/Python/3.11.16/x64/lib/python3.11/re/_parser.py,261,get,3098,3098,0.006140955,0.003836406529538259,0.009744681
/opt/hostedtoolcache/Python/3.11.16/x64/lib/python3.11/asyncio/locks.py,362,<genexpr>,6000,6000,0.006051344,0.003780424320660576,0.006051344
~,0,<method 'keys' of 'dict' objects>,6031,6031,0.006028111,0.0037659100907239027,0.006028111
/home/runner/work/_temp/scanner-verification-il7_c53e/final/report_generator.py,52,certainty,1000,1000,0.006020515000000001,0.003761164681581779,0.016092479
~,0,<method 'getvalue' of '_io.BytesIO' objects>,6000,6000,0.0059811840000000005,0.0037365936327443798,0.0059811840000000005
/home/runner/work/_temp/scanner-verification-il7_c53e/final/tiktok_worker_scanner.py,1591,release_client,3000,3000,0.005980268,0.00373602138488048,0.005980268
/opt/hostedtoolcache/Python/3.11.16/x64/lib/python3.11/re/_parser.py,168,__getitem__,3014,3014,0.005955289000000001,0.0037204163855438393,0.008776455
/home/runner/work/_temp/scanner-verification-il7_c53e/final/tiktok_worker_scanner.py,2827,<dictcomp>,1000,1000,0.005910687,0.0036925524125900454,1.435674855
~,0,<method 'seek' of '_io.BytesIO' objects>,6000,6000,0.005813508,0.0036318422868630213,0.005813508
/opt/hostedtoolcache/Python/3.11.16/x64/lib/python3.11/site-packages/httpx/_urls.py,509,<listcomp>,5000,5000,0.005811823000000001,0.003630789625672332,0.005811823000000001
/opt/hostedtoolcache/Python/3.11.16/x64/lib/python3.11/site-packages/httpx/_auth.py,38,auth_flow,6000,6000,0.0058045250000000005,0.0036262303845033977,0.0058045250000000005
~,0,<built-in method posix.getpid>,3070,3070,0.005800300000000001,0.003623590922467396,0.005800300000000001
/home/runner/work/_temp/scanner-verification-il7_c53e/final/connection_metrics.py,4,__init__,3000,3000,0.005798674,0.0036225751200364984,0.005798674
~,0,<method 'set' of '_contextvars.ContextVar' objects>,3002,3002,0.0057752770000000005,0.003607958435242097,0.0057752770000000005
/home/runner/work/_temp/scanner-verification-il7_c53e/final/tiktok_worker_scanner.py,2365,close,1000,1000,0.005765359,0.0036017624152484694,0.47062728000000004
/home/runner/work/_temp/scanner-verification-il7_c53e/final/report_generator.py,53,<listcomp>,1000,1000,0.005560227,0.0034736113794214293,0.008942338000000001
/opt/hostedtoolcache/Python/3.11.16/x64/lib/python3.11/urllib/parse.py,108,_noop,6008,6008,0.005555308,0.003470538358414306,0.005555308
~,0,<built-in method builtins.setattr>,4642,4642,0.005505109000000001,0.003439177801078145,0.006252522
~,0,<method 'remove' of 'set' objects>,4356,4356,0.005479748,0.0034233341568899655,0.005479748
~,0,<method 'pop' of 'dict' objects>,5148,5148,0.005434497000000001,0.0033950647375784516,0.005434497000000001
~,0,<method 'stat' of 'posix.DirEntry' objects>,1002,1002,0.00540918,0.0033792485812789313,0.00540918
~,0,<method 'truncate' of '_io.BytesIO' objects>,6000,6000,0.005306362,0.0033150156327303643,0.005306362
/opt/hostedtoolcache/Python/3.11.16/x64/lib/python3.11/statistics.py,287,_exact_ratio,3000,3000,0.0051814140000000005,0.0032369575256358256,0.007922854
/home/runner/work/_temp/scanner-verification-il7_c53e/final/report_generator.py,239,<dictcomp>,1000,1000,0.005178681,0.0032352501529152584,0.008603714
~,0,<built-in method _abc._abc_subclasscheck>,3022,3071,0.0051782500000000006,0.0032349808965513494,0.005377102
/home/runner/work/_temp/scanner-verification-il7_c53e/final/tiktok_worker_scanner.py,565,explicit_restriction,2000,2000,0.005142874,0.0032128806340695456,0.006925054000000001
~,0,<method '__exit__' of 'posix.ScandirIterator' objects>,5015,5015,0.005104766,0.003189073623591917,0.005104766
/home/runner/work/_temp/scanner-verification-il7_c53e/final/tiktok_worker_scanner.py,2500,<dictcomp>,1000,1000,0.005075182,0.00317059176681722,1.4050849490000001
/home/runner/work/_temp/scanner-verification-il7_c53e/final/avatar_cache.py,82,embedded_avatar,1000,1000,0.0049761960000000004,0.0031087527634809514,0.009297195000000001
<frozen importlib._bootstrap_external>,1607,find_spec,244,244,0.00493064,0.0030802928031230517,0.022470334
/home/runner/work/_temp/scanner-verification-il7_c53e/final/scan_statistics.py,194,display,143,143,0.004895837,0.0030585505079185568,0.012324885
/home/runner/work/_temp/scanner-verification-il7_c53e/final/report_generator.py,269,encode,1001,1001,0.0048713820000000005,0.0030432728643468555,0.030449804
/home/runner/work/_temp/scanner-verification-il7_c53e/final/report_generator.py,234,<genexpr>,3000,3000,0.004783789,0.0029885513499990305,0.006508558
/home/runner/work/_temp/scanner-verification-il7_c53e/final/tiktok_worker_scanner.py,1637,response_headers,3000,3000,0.0046409,0.0028992850563038003,0.0046409
/home/runner/work/_temp/scanner-verification-il7_c53e/final/tiktok_worker_scanner.py,1594,get_client,3000,3000,0.0046123250000000005,0.002881433546794033,0.005469824000000001
~,0,<built-in method posix._path_normpath>,3016,3016,0.0045395850000000005,0.0028359910690428343,0.0045395850000000005
/home/runner/work/_temp/scanner-verification-il7_c53e/final/scan_statistics.py,107,<dictcomp>,290,290,0.004516298,0.0028214431039700794,0.00707536
/home/runner/work/_temp/scanner-verification-il7_c53e/final/tiktok_worker_scanner.py,2482,<genexpr>,3000,3000,0.004469667,0.002792311564514262,0.004469667
/home/runner/work/_temp/scanner-verification-il7_c53e/final/tiktok_worker_scanner.py,2001,approximate_count,2000,2000,0.004458702,0.002785461457715501,0.006605793
~,0,<built-in method io.text_encoding>,4104,4104,0.004442418,0.0027752884400127167,0.004442418
/opt/hostedtoolcache/Python/3.11.16/x64/lib/python3.11/re/_parser.py,240,__next,3749,3749,0.004435873000000001,0.002771199616574697,0.004435873000000001
~,0,<built-in method builtins.__build_class__>,316,321,0.004382081,0.0027375944232396338,0.021770347000000002
/opt/hostedtoolcache/Python/3.11.16/x64/lib/python3.11/urllib/request.py,360,data,3000,3000,0.004379527,0.002735998876247929,0.004379527
/opt/hostedtoolcache/Python/3.11.16/x64/lib/python3.11/site-packages/httpx/_client.py,584,_set_timeout,3000,3000,0.004366361,0.002727773750291478,0.004366361
~,0,<method 'rpartition' of 'str' objects>,3891,3891,0.0043435850000000005,0.0027135450195620125,0.0043435850000000005
/home/runner/work/_temp/scanner-verification-il7_c53e/final/tiktok_worker_scanner.py,2859,<dictcomp>,1000,1000,0.0043285730000000005,0.0027041666517313694,0.0043285730000000005
<frozen os>,806,fsencode,1025,1025,0.004266657,0.0026654861945902748,0.011647784
/opt/hostedtoolcache/Python/3.11.16/x64/lib/python3.11/asyncio/tasks.py,436,wait_for,431,431,0.004225545000000001,0.00263980251098693,0.025753106
/opt/hostedtoolcache/Python/3.11.16/x64/lib/python3.11/logging/__init__.py,1734,isEnabledFor,3001,3001,0.004141276,0.0025871575816823417,0.004153708
<frozen importlib._bootstrap_external>,126,_path_join,1272,1272,0.004113016000000001,0.002569502860466382,0.011739809
/home/runner/work/_temp/scanner-verification-il7_c53e/final/tiktok_worker_scanner.py,694,<listcomp>,3000,3000,0.004092544,0.002556713495543059,0.004092544
/home/runner/work/_temp/scanner-verification-il7_c53e/final/scan_statistics.py,102,metrics,290,290,0.004084157000000001,0.002551473929129816,0.018345177
<frozen importlib._bootstrap_external>,128,<listcomp>,1272,1272,0.004064914,0.0025394523509147163,0.006412428000000001
/home/runner/work/_temp/scanner-verification-il7_c53e/final/tiktok_worker_scanner.py,2833,<genexpr>,3000,3000,0.004055120000000001,0.002533333796789129,0.004055120000000001
/opt/hostedtoolcache/Python/3.11.16/x64/lib/python3.11/pathlib.py,266,make_uri,1006,1006,0.004049008,0.002529515479164502,0.030487326000000002
~,0,<built-in method builtins.exec>,4,122,0.004024293,0.002514075407159816,119.15033464300001
/opt/hostedtoolcache/Python/3.11.16/x64/lib/python3.11/site-packages/httpx/_client.py,329,params,3000,3000,0.003991182,0.0024933901462192067,0.003991182
/home/runner/work/_temp/scanner-verification-il7_c53e/final/tiktok_worker_scanner.py,2490,<genexpr>,3000,3000,0.003929054,0.002454577247432755,0.003929054
~,0,<method 'hexdigest' of '_hashlib.HASH' objects>,1001,1001,0.003928201,0.0024540443572276167,0.003928201
/opt/hostedtoolcache/Python/3.11.16/x64/lib/python3.11/site-packages/httpx/_client.py,298,headers,3000,3000,0.003904914,0.002439496392154862,0.003904914
/home/runner/work/_temp/scanner-verification-il7_c53e/final/tests/benchmark_hybrid.py,52,<genexpr>,1001,1001,0.0038569230000000004,0.0024095152270495863,0.0059831220000000004
~,0,<method 'set_name' of '_asyncio.Task' objects>,4004,4004,0.003854375,0.0024079234284063353,0.003854375
/opt/hostedtoolcache/Python/3.11.16/x64/lib/python3.11/site-packages/httpx/_urls.py,612,__bool__,3000,3000,0.0038469420000000003,0.002403279849397198,0.0038469420000000003
/opt/hostedtoolcache/Python/3.11.16/x64/lib/python3.11/http/cookiejar.py,44,_debug,3000,3000,0.0038031090000000003,0.0023758962897701933,0.0038031090000000003
~,0,<method 'release' of '_thread.lock' objects>,4017,4017,0.0037621160000000002,0.0023502869484111765,0.0037621160000000002
/home/runner/work/_temp/scanner-verification-il7_c53e/final/report_generator.py,86,iter_avatar_profiles,1001,1001,0.0036908440000000004,0.0023057615665815997,0.10525042600000001
~,0,<method 'random' of '_random.Random' objects>,3008,3008,0.003686805,0.0023032383033476556,0.003686805
/opt/hostedtoolcache/Python/3.11.16/x64/lib/python3.11/pathlib.py,563,as_uri,1006,1006,0.0036754830000000002,0.0022961651698159115,0.035462308000000005
/opt/hostedtoolcache/Python/3.11.16/x64/lib/python3.11/site-packages/httpx/_models.py,1267,__init__,3000,3000,0.0036167020000000003,0.0022594432247417676,0.0036167020000000003
~,0,<built-in method time.time>,3232,3232,0.003610453,0.0022555393198274527,0.003610453
/opt/hostedtoolcache/Python/3.11.16/x64/lib/python3.11/asyncio/locks.py,100,<genexpr>,3485,3485,0.0035443680000000004,0.002214254385235922,0.0035452500000000002
/opt/hostedtoolcache/Python/3.11.16/x64/lib/python3.11/site-packages/httpx/_models.py,595,request,3000,3000,0.0035325060000000004,0.0022068439003433632,0.0035325060000000004
/opt/hostedtoolcache/Python/3.11.16/x64/lib/python3.11/site-packages/httpx/_models.py,606,request,3000,3000,0.0035053370000000003,0.0021898707538211973,0.0035053370000000003
/opt/hostedtoolcache/Python/3.11.16/x64/lib/python3.11/urllib/request.py,337,full_url,3000,3000,0.0034968710000000004,0.002184581834153317,0.0034968710000000004
/home/runner/work/_temp/scanner-verification-il7_c53e/final/tiktok_worker_scanner.py,1207,<listcomp>,3001,3001,0.003483177,0.0021760268535329576,0.003483177
~,0,<built-in method builtins.round>,2123,2123,0.003439501,0.0021487413756904866,0.003439501
~,0,<method 'asend' of 'async_generator' objects>,3000,3000,0.003399486,0.0021237430151293895,0.003399486
/home/runner/work/_temp/scanner-verification-il7_c53e/final/tiktok_worker_scanner.py,2830,<genexpr>,3000,3000,0.003391723,0.0021188932769553095,0.003391723
/opt/hostedtoolcache/Python/3.11.16/x64/lib/python3.11/site-packages/httpx/_client.py,253,timeout,3000,3000,0.0033834800000000003,0.0021137436709049505,0.0033834800000000003
/home/runner/work/_temp/scanner-verification-il7_c53e/final/tiktok_worker_scanner.py,952,retry_after_seconds,3000,3000,0.003336889,0.002084637120438823,0.003336889
~,0,<method 'aclose' of 'async_generator' objects>,3000,3000,0.003328793,0.002079579348925574,0.003328793
/home/runner/work/_temp/scanner-verification-il7_c53e/final/tiktok_worker_scanner.py,1229,good_response,3000,3000,0.0033036750000000003,0.0020638875128497617,0.0033036750000000003
/home/runner/work/_temp/scanner-verification-il7_c53e/final/scan_statistics.py,100,rate,1450,1450,0.0032115750000000004,0.0020063503640886204,0.0057373500000000004
/home/runner/work/_temp/scanner-verification-il7_c53e/final/report_generator.py,248,<listcomp>,1000,1000,0.003199641,0.00199889489901462,0.004930946
/home/runner/work/_temp/scanner-verification-il7_c53e/final/report_generator.py,230,<listcomp>,1000,1000,0.0031559820000000003,0.001971620041492767,0.004864986
/opt/hostedtoolcache/Python/3.11.16/x64/lib/python3.11/site-packages/httpx/_types.py,99,close,3000,3000,0.0031539460000000004,0.0019703481019175476,0.0031539460000000004
/opt/hostedtoolcache/Python/3.11.16/x64/lib/python3.11/site-packages/httpx/_decoders.py,52,flush,3000,3000,0.003113325,0.0019449711581626472,0.003113325
/home/runner/work/_temp/scanner-verification-il7_c53e/final/tests/benchmark_hybrid.py,167,<genexpr>,1002,1002,0.0031114650000000003,0.0019438091701420642,0.154965923
/home/runner/work/_temp/scanner-verification-il7_c53e/final/tiktok_worker_scanner.py,3763,rows,11,11,0.0030784370000000003,0.0019231757613550613,0.004941639
/home/runner/work/_temp/scanner-verification-il7_c53e/final/tests/benchmark_hybrid.py,31,main,1,1,0.003063248,0.0019136868172450396,118.858096008
~,0,<method 'clear' of 'set' objects>,2,2,0.003056,0.0019091588123132184,0.003056
/opt/hostedtoolcache/Python/3.11.16/x64/lib/python3.11/pathlib.py,987,check_eloop,1003,1003,0.003052247,0.0019068142203555575,0.004248947
/home/runner/work/_temp/scanner-verification-il7_c53e/final/report_generator.py,245,<genexpr>,1000,1000,0.003048391,0.001904405281749445,0.004694776
~,0,<method 'isalpha' of 'str' objects>,3008,3008,0.003020698,0.0018871047794623407,0.003020698
~,0,<method 'rfind' of 'str' objects>,2224,2224,0.002982592,0.001863299018434197,0.002982592
/home/runner/work/_temp/scanner-verification-il7_c53e/final/report_generator.py,227,<genexpr>,3000,3000,0.002976446,0.0018594594601683344,0.002976446
~,0,<method 'cancelling' of '_asyncio.Task' objects>,3000,3000,0.002939567,0.00183642023639893,0.002939567
~,0,<built-in method posix.fstat>,1003,1003,0.002867071,0.0017911301914848399,0.002867071
/home/runner/work/_temp/scanner-verification-il7_c53e/final/tiktok_worker_scanner.py,2538,inspect_reusable_export,1000,1000,0.0027987050000000003,0.0017484202597562387,0.046986374000000004
/opt/hostedtoolcache/Python/3.11.16/x64/lib/python3.11/re/_compiler.py,243,_optimize_charset,215,215,0.002789795,0.0017428539623027992,0.005011066000000001
/opt/hostedtoolcache/Python/3.11.16/x64/lib/python3.11/site-packages/httpx/_decoders.py,49,decode,3000,3000,0.0027667580000000002,0.0017284621784156072,0.0027667580000000002
/opt/hostedtoolcache/Python/3.11.16/x64/lib/python3.11/pathlib.py,38,_ignore_error,1007,1007,0.0027481980000000003,0.0017168672871994643,0.0039703149999999994
~,0,<method 'as_integer_ratio' of 'float' objects>,3000,3000,0.0027414400000000004,0.001712645397391345,0.0027414400000000004
/home/runner/work/_temp/scanner-verification-il7_c53e/final/tiktok_worker_scanner.py,3453,add_jobs,1,1,0.002653588,0.0016577620793352776,0.27338360300000003
/opt/hostedtoolcache/Python/3.11.16/x64/lib/python3.11/re/_parser.py,178,getwidth,175,552,0.002583976,0.001614273740577834,0.003649554
/opt/hostedtoolcache/Python/3.11.16/x64/lib/python3.11/pathlib.py,555,__bytes__,1006,1006,0.002427045,0.001516235062051942,0.013957530000000001
~,0,<built-in method _imp.create_dynamic>,13,13,0.0023036460000000003,0.0014391446535831466,0.002522353
<frozen importlib._bootstrap>,1054,_find_spec,113,113,0.002285393,0.001427741552862874,0.032772405000000004
/opt/hostedtoolcache/Python/3.11.16/x64/lib/python3.11/collections/__init__.py,587,__init__,443,443,0.0022660090000000003,0.0014156318884591178,0.005243882
/opt/hostedtoolcache/Python/3.11.16/x64/lib/python3.11/re/_parser.py,456,_parse_sub,75,215,0.002264642,0.001414777889736463,0.047445498
~,0,<built-in method io.open_code>,115,115,0.002200066,0.0013744356647809857,0.002200066
/home/runner/work/_temp/scanner-verification-il7_c53e/final/tiktok_worker_scanner.py,2917,<lambda>,1000,1000,0.002154277,0.0013458301435581423,0.002154277
/home/runner/work/_temp/scanner-verification-il7_c53e/final/scan_statistics.py,212,<listcomp>,143,143,0.002145413,0.0013402925834428464,0.002490595
/opt/hostedtoolcache/Python/3.11.16/x64/lib/python3.11/asyncio/tasks.py,431,_release_waiter,583,583,0.002111303,0.00131898322248473,0.012342087000000002
/home/runner/work/_temp/scanner-verification-il7_c53e/final/report_generator.py,57,local_avatar,1000,1000,0.002081824,0.001300566961807969,0.011379019
/opt/hostedtoolcache/Python/3.11.16/x64/lib/python3.11/re/_parser.py,256,match,1420,1420,0.0019063790000000001,0.0011909621294040776,0.0024393590000000003
/opt/hostedtoolcache/Python/3.11.16/x64/lib/python3.11/re/_parser.py,164,__len__,1055,1055,0.0018723020000000002,0.0011696733843624553,0.002738761
/home/runner/work/_temp/scanner-verification-il7_c53e/final/tiktok_worker_scanner.py,3513,<setcomp>,1,1,0.001838842,0.0011487700944868007,0.0027701870000000003
/home/runner/work/_temp/scanner-verification-il7_c53e/final/tiktok_worker_scanner.py,2832,<listcomp>,1000,1000,0.001817851,0.00113565649742225,0.001817851
/home/runner/work/_temp/scanner-verification-il7_c53e/final/tests/benchmark_hybrid.py,162,<genexpr>,1001,1001,0.001809215,0.001130261374548187,0.002743517
/home/runner/work/_temp/scanner-verification-il7_c53e/final/tests/benchmark_hybrid.py,161,<genexpr>,1001,1001,0.0018057250000000002,0.0011280810851977377,0.002742828
/home/runner/work/_temp/scanner-verification-il7_c53e/final/tests/benchmark_hybrid.py,176,<genexpr>,1001,1001,0.0017866800000000001,0.0011161832024816037,0.002747453
/home/runner/work/_temp/scanner-verification-il7_c53e/final/tests/benchmark_hybrid.py,179,<genexpr>,1001,1001,0.001783948,0.001114476454485779,0.002718362
~,0,<method 'read' of '_io.BufferedReader' objects>,105,105,0.001696475,0.0010598299071070245,0.001696475
/home/runner/work/_temp/scanner-verification-il7_c53e/final/tiktok_worker_scanner.py,291,<genexpr>,960,960,0.0016668400000000002,0.001041316189370473,0.0024351620000000003
/opt/hostedtoolcache/Python/3.11.16/x64/lib/python3.11/dataclasses.py,664,_is_type,234,234,0.0016532110000000001,0.0010328018158583601,0.0030277470000000003
/opt/hostedtoolcache/Python/3.11.16/x64/lib/python3.11/json/encoder.py,224,floatstr,1010,1010,0.001632858,0.0010200867931793641,0.001632858
/opt/hostedtoolcache/Python/3.11.16/x64/lib/python3.11/typing.py,168,_type_check,162,162,0.0016279280000000003,0.0010170069002000761,0.004994089
<frozen importlib._bootstrap_external>,437,cache_from_source,188,188,0.001620502,0.0010123676942641344,0.006383464
<frozen importlib._bootstrap_external>,1007,get_code,94,94,0.0016195550000000002,0.0010117760799332248,0.10209331
/opt/hostedtoolcache/Python/3.11.16/x64/lib/python3.11/re/_parser.py,176,append,853,853,0.0015996000000000003,0.000999309697701644,0.002307511
/home/runner/work/_temp/scanner-verification-il7_c53e/final/tiktok_worker_scanner.py,3174,run_scan,17,17,0.001593723,0.000995638190391446,0.018015074000000002
<frozen importlib._bootstrap>,244,_verbose_message,1353,1353,0.0015699270000000003,0.0009807722404248868,0.0015699270000000003
<frozen importlib._bootstrap_external>,1467,_get_spec,113,113,0.001531596,0.0009568259163297368,0.025725300000000003
/opt/hostedtoolcache/Python/3.11.16/x64/lib/python3.11/asyncio/locks.py,200,wait,290,290,0.0015195780000000002,0.0009493179743773872,0.003023174
/home/runner/work/_temp/scanner-verification-il7_c53e/final/tiktok_worker_scanner.py,2835,<listcomp>,1000,1000,0.0015096080000000002,0.0009430894686971639,0.0015096080000000002
/opt/hostedtoolcache/Python/3.11.16/x64/lib/python3.11/asyncio/tasks.py,551,_cancel_and_wait,286,286,0.0014857190000000001,0.0009281654193295754,0.004803323
~,0,<method 'isdigit' of 'str' objects>,1000,1000,0.001447857,0.0009045120911385404,0.001447857
<frozen importlib._bootstrap>,493,_init_module_attrs,107,107,0.0014263980000000002,0.0008911061228946171,0.007294607
/opt/hostedtoolcache/Python/3.11.16/x64/lib/python3.11/enum.py,242,__set_name__,65,65,0.001402475,0.0008761608328857921,0.0029858180000000003
<frozen importlib._bootstrap>,1165,_find_and_load,13,115,0.001385787,0.0008657354263871393,0.296061236
/opt/hostedtoolcache/Python/3.11.16/x64/lib/python3.11/enum.py,1668,convert_class,3,3,0.001380895,0.0008626792729480567,0.004227276
/opt/hostedtoolcache/Python/3.11.16/x64/lib/python3.11/typing.py,1266,_is_dunder,570,570,0.001376531,0.0008599529741728818,0.002245769
/opt/hostedtoolcache/Python/3.11.16/x64/lib/python3.11/collections/__init__.py,694,subtract,89,89,0.0013598050000000002,0.0008495038281340234,0.002594386
<frozen genericpath>,87,samestat,1003,1003,0.0013480200000000001,0.000842141447046618,0.0013480200000000001
/opt/hostedtoolcache/Python/3.11.16/x64/lib/python3.11/asyncio/locks.py,78,__init__,1005,1005,0.001308624,0.0008175297911009727,0.001308624
/opt/hostedtoolcache/Python/3.11.16/x64/lib/python3.11/pathlib.py,792,is_absolute,1006,1006,0.001299499,0.0008118291778279499,0.001299499
/home/runner/work/_temp/scanner-verification-il7_c53e/final/report_generator.py,187,<genexpr>,1001,1001,0.001291363,0.0008067464173250114,0.001291363
/opt/hostedtoolcache/Python/3.11.16/x64/lib/python3.11/re/_parser.py,293,tell,668,668,0.001291323,0.0008067214283353214,0.001863913
/home/runner/work/_temp/scanner-verification-il7_c53e/final/connection_metrics.py,20,pool_snapshot,145,145,0.0012731560000000001,0.0007953720539428821,0.0019441130000000001
/opt/hostedtoolcache/Python/3.11.16/x64/lib/python3.11/enum.py,1507,_get_value,465,465,0.001224954,0.0007652590719169915,0.001945087
/opt/hostedtoolcache/Python/3.11.16/x64/lib/python3.11/typing.py,1320,__setattr__,503,503,0.001224307,0.0007648548750087563,0.0031684070000000003
/opt/hostedtoolcache/Python/3.11.16/x64/lib/python3.11/dataclasses.py,884,_process_class,7,7,0.0011943090000000002,0.0007461143821907683,0.018828591000000002
/opt/hostedtoolcache/Python/3.11.16/x64/lib/python3.11/contextlib.py,763,__init__,1000,1000,0.001188561,0.0007425234643723204,0.001188561
/home/runner/work/_temp/scanner-verification-il7_c53e/final/scan_statistics.py,31,iso,232,232,0.0011740630000000001,0.0007334662050591932,0.003153419
/home/runner/work/_temp/scanner-verification-il7_c53e/final/report_generator.py,208,<genexpr>,1001,1001,0.0011554150000000001,0.0007218163380657321,0.0011554150000000001
/home/runner/work/_temp/scanner-verification-il7_c53e/final/report_generator.py,191,<genexpr>,1002,1002,0.001122712,0.0007013859648199602,0.001122712
/opt/hostedtoolcache/Python/3.11.16/x64/lib/python3.11/dataclasses.py,723,_get_field,78,78,0.0011171870000000002,0.0006979343606190339,0.004023986
/home/runner/work/_temp/scanner-verification-il7_c53e/final/report_generator.py,202,<genexpr>,1001,1001,0.001114069,0.0006959864688727012,0.001114069
<frozen importlib._bootstrap_external>,140,_path_stat,509,509,0.001109474,0.0006931158586820665,0.0043563230000000005
/home/runner/work/_temp/scanner-verification-il7_c53e/final/tiktok_worker_scanner.py,3830,validate_scan_config,18,18,0.0010859700000000001,0.0006784323283402441,0.00894304
/opt/hostedtoolcache/Python/3.11.16/x64/lib/python3.11/re/_compiler.py,216,_compile_charset,215,215,0.0010779320000000002,0.0006734107908620459,0.0017806030000000002
/opt/hostedtoolcache/Python/3.11.16/x64/lib/python3.11/contextlib.py,769,__exit__,1000,1000,0.0010753960000000002,0.0006718264889157021,0.0010753960000000002
/home/runner/work/_temp/scanner-verification-il7_c53e/final/report_generator.py,197,<genexpr>,1001,1001,0.001049225,0.0006554768176863012,0.001049225
/opt/hostedtoolcache/Python/3.11.16/x64/lib/python3.11/contextlib.py,766,__enter__,1000,1000,0.0010489520000000001,0.0006553062678316672,0.0010489520000000001
/home/runner/work/_temp/scanner-verification-il7_c53e/final/tiktok_worker_scanner.py,1540,<genexpr>,1,1,0.001041433,0.0006506089624946963,0.106291859
/opt/hostedtoolcache/Python/3.11.16/x64/lib/python3.11/re/_compiler.py,511,_compile_info,75,75,0.001006656,0.0006288829101334997,0.005559408
/home/runner/work/_temp/scanner-verification-il7_c53e/final/tiktok_worker_scanner.py,2972,_run_scan,10,10,0.00100444,0.0006274985201046757,0.006189486
<frozen importlib._bootstrap>,1120,_find_and_load_unlocked,12,114,0.0010037730000000001,0.0006270818287015957,0.29530908400000005
~,0,<built-in method _collections._count_elements>,1,1,0.000981406,0.0006131086103917101,0.002272769
/opt/hostedtoolcache/Python/3.11.16/x64/lib/python3.11/enum.py,1525,__and__,150,150,0.0009808170000000001,0.0006127406475185255,0.0034860860000000002
/home/runner/work/_temp/scanner-verification-il7_c53e/final/report_generator.py,192,<genexpr>,1002,1002,0.0009718950000000001,0.0006071668533681791,0.0009718950000000001
<frozen importlib._bootstrap>,666,_load_unlocked,12,107,0.0009681350000000001,0.0006048178883373225,0.29089200300000007
/home/runner/work/_temp/scanner-verification-il7_c53e/final/tiktok_worker_scanner.py,3736,snapshot,18,18,0.0009600640000000001,0.0005997757349426301,0.16093573700000002
/home/runner/work/_temp/scanner-verification-il7_c53e/final/report_generator.py,193,<genexpr>,1002,1002,0.000959739,0.0005995726994013991,0.000959739
~,0,<method 'cancelled' of '_asyncio.Task' objects>,1008,1008,0.00093256,0.0005825933056318112,0.00093256
/home/runner/work/_temp/scanner-verification-il7_c53e/final/report_generator.py,194,<genexpr>,1002,1002,0.000929412,0.000580626672143211,0.000929412
/opt/hostedtoolcache/Python/3.11.16/x64/lib/python3.11/enum.py,367,__setitem__,81,81,0.000920778,0.0005752327987186323,0.003311248
~,0,<built-in method fromtimestamp>,232,232,0.00091863,0.0005738908899722813,0.00091863
/opt/hostedtoolcache/Python/3.11.16/x64/lib/python3.11/re/_compiler.py,740,compile,75,75,0.000917193,0.0005729931605176693,0.078502832
/opt/hostedtoolcache/Python/3.11.16/x64/lib/python3.11/typing.py,1376,__init__,69,69,0.000899067,0.0005616693998396623,0.006379191000000001
~,0,<built-in method _imp.exec_dynamic>,13,13,0.000896982,0.000560366848752073,0.000896982
~,0,<method 'exception' of '_asyncio.Task' objects>,1007,1007,0.00088845,0.0005550366972512038,0.00088845
<frozen importlib._bootstrap>,1026,__enter__,452,452,0.000883047,0.0005516613094688319,0.001272459
<frozen importlib._bootstrap>,1030,__exit__,452,452,0.000874075,0.0005460562790813731,0.0012618170000000001
<frozen importlib._bootstrap>,179,_get_module_lock,119,119,0.000865837,0.000540909796654725,0.0017118020000000001
~,0,<built-in method marshal.dumps>,7,7,0.0008582500000000001,0.0005361700100352813,0.0008582500000000001
/home/runner/work/_temp/scanner-verification-il7_c53e/final/tiktok_worker_scanner.py,3720,<genexpr>,167,167,0.0008513710000000001,0.0005318725285333498,0.001214618
<frozen importlib._bootstrap_external>,1127,get_data,112,112,0.0008247930000000001,0.0005152685943338534,0.005319361
~,0,<method 'isspace' of 'str' objects>,940,940,0.000768322,0.00047998976341430513,0.000768322
/home/runner/work/_temp/scanner-verification-il7_c53e/final/tiktok_worker_scanner.py,1472,<lambda>,145,145,0.0007439110000000001,0.0004647396077312627,0.0028239230000000003
<frozen importlib._bootstrap_external>,84,_unpack_uint32,240,240,0.0007336280000000001,0.00045831556320671525,0.001190124
<frozen importlib._bootstrap_external>,778,spec_from_file_location,107,107,0.0007181600000000001,0.0004486523208936064,0.0013154920000000001
/home/runner/work/_temp/scanner-verification-il7_c53e/final/report_generator.py,157,<setcomp>,1,1,0.000712519,0.0004451282486225792,0.000712519
/home/runner/work/_temp/scanner-verification-il7_c53e/final/tiktok_worker_scanner.py,1473,<lambda>,145,145,0.0006901780000000001,0.0004311712731559923,0.0010524
<frozen importlib._bootstrap_external>,132,_path_split,196,196,0.000658537,0.00041140435758648883,0.002184732
~,0,<method 'find' of 'bytearray' objects>,629,629,0.0006532590000000001,0.00040810706039689815,0.0006532590000000001
/opt/hostedtoolcache/Python/3.11.16/x64/lib/python3.11/re/_parser.py,83,groups,353,353,0.0006478990000000001,0.00040475853577844306,0.0009340430000000001
<frozen importlib._bootstrap>,233,_call_with_frames_removed,30,258,0.000641435,0.00040072031504454484,0.28547895900000003
<frozen importlib._bootstrap_external>,134,<genexpr>,392,392,0.000638557,0.000398922357236352,0.000854051
/opt/hostedtoolcache/Python/3.11.16/x64/lib/python3.11/re/_parser.py,979,parse,75,75,0.000637568,0.00039830450446626763,0.048914973
/opt/hostedtoolcache/Python/3.11.16/x64/lib/python3.11/re/_parser.py,376,_escape,179,179,0.0006371570000000001,0.00039804774259720324,0.0009861870000000001
~,0,<built-in method builtins.ord>,733,733,0.000622619,0.000388965494294386,0.000622619
<frozen importlib._bootstrap>,566,module_from_spec,107,107,0.0006222840000000001,0.0003887562115057326,0.01097803
/opt/hostedtoolcache/Python/3.11.16/x64/lib/python3.11/re/_compiler.py,398,_simple,200,200,0.0006179600000000001,0.00038605490172024756,0.002004614
~,0,<built-in method _imp.acquire_lock>,684,684,0.000613565,0.0003833092364780628,0.000613565
/opt/hostedtoolcache/Python/3.11.16/x64/lib/python3.11/re/_parser.py,113,__init__,525,525,0.000600041,0.00037486045906388605,0.000600041
~,0,<built-in method _imp.release_lock>,684,684,0.000599087,0.0003742644716597804,0.000599087
/home/runner/work/_temp/scanner-verification-il7_c53e/final/tiktok_worker_scanner.py,287,validate_worker_origin,20,20,0.0005916350000000001,0.00036960902288054025,0.006898349
/opt/hostedtoolcache/Python/3.11.16/x64/lib/python3.11/enum.py,828,__setattr__,214,214,0.000586482,0.00036638981628373066,0.0007778510000000001
/home/runner/work/_temp/scanner-verification-il7_c53e/final/hybrid_backend.py,26,validate,18,18,0.0005819320000000001,0.0003635473187064973,0.0009135070000000001
<frozen importlib._bootstrap>,125,release,119,119,0.0005766100000000001,0.0003602225336282477,0.0008163560000000001
/opt/hostedtoolcache/Python/3.11.16/x64/lib/python3.11/typing.py,251,_collect_parameters,72,72,0.0005743050000000001,0.0003587825430973635,0.001685349
<frozen importlib._bootstrap>,100,acquire,119,119,0.0005738890000000001,0.00035852265760458787,0.0008026950000000001
/opt/hostedtoolcache/Python/3.11.16/x64/lib/python3.11/typing.py,1388,__eq__,329,329,0.000565763,0.00035344614434907175,0.0008407670000000001
~,0,<built-in method builtins.chr>,690,690,0.000551133,0.00034430642136996757,0.000551133
/home/runner/work/_temp/scanner-verification-il7_c53e/final/backend_metrics.py,117,<genexpr>,435,435,0.000527461,0.0003295179372714471,0.000527461
/opt/hostedtoolcache/Python/3.11.16/x64/lib/python3.11/enum.py,79,_is_private,155,155,0.0005151880000000001,0.0003218506905098241,0.0008563430000000001
<frozen importlib._bootstrap_external>,727,_compile_bytecode,76,76,0.000509944,0.0003185746339614698,0.007888377
~,0,<method 'cancel' of '_asyncio.Task' objects>,144,144,0.0005099130000000001,0.00031855526749446016,0.0024486900000000003
<frozen importlib._bootstrap>,198,cb,113,113,0.000508429,0.00031762817597696247,0.000818991
~,0,<method 'get' of 'mappingproxy' objects>,555,555,0.000499056,0.0003117726309678617,0.000499056
<frozen importlib._bootstrap_external>,934,exec_module,11,94,0.0004961950000000001,0.0003099852934802871,0.289492403
/opt/hostedtoolcache/Python/3.11.16/x64/lib/python3.11/inspect.py,2669,__init__,85,85,0.000487826,0.00030475697211240446,0.000986974
/opt/hostedtoolcache/Python/3.11.16/x64/lib/python3.11/enum.py,38,_is_descriptor,146,146,0.000485733,0.0003034494232268771,0.000832644
/opt/hostedtoolcache/Python/3.11.16/x64/lib/python3.11/site-packages/_distutils_hack/__init__.py,101,find_spec,113,113,0.00047560500000000004,0.00029712221103737836,0.0008663200000000001
/opt/hostedtoolcache/Python/3.11.16/x64/lib/python3.11/re/_parser.py,86,opengroup,100,100,0.000473893,0.0002960526822786479,0.001111798
<frozen importlib._bootstrap_external>,1424,_path_importer_cache,288,288,0.000472558,0.00029521867474774534,0.001208684
/opt/hostedtoolcache/Python/3.11.16/x64/lib/python3.11/inspect.py,2331,_signature_from_function,7,7,0.00046075900000000004,0.00028784754751394833,0.002136104
<frozen importlib._bootstrap_external>,1602,_get_spec,107,107,0.0004607130000000001,0.00028781881017580493,0.001916273
/home/runner/work/_temp/scanner-verification-il7_c53e/final/backend_metrics.py,118,<genexpr>,435,435,0.000457958,0.0002860976935109086,0.000457958
/opt/hostedtoolcache/Python/3.11.16/x64/lib/python3.11/hmac.py,1,<module>,1,1,0.000451421,0.0002820138678708264,0.0009164990000000001
/opt/hostedtoolcache/Python/3.11.16/x64/lib/python3.11/inspect.py,2955,__init__,14,14,0.000432663,0.0002702952811557179,0.0009137730000000001
<frozen importlib._bootstrap>,405,parent,202,202,0.000429925,0.0002685847848114399,0.000599552
<frozen importlib._bootstrap_external>,567,_get_cached,107,107,0.00042938000000000004,0.0002682443098269142,0.003947938
/opt/hostedtoolcache/Python/3.11.16/x64/lib/python3.11/inspect.py,2756,__str__,78,78,0.00042619500000000004,0.00026625456152285084,0.00129833
<frozen importlib._bootstrap>,169,__enter__,114,114,0.000422313,0.00026382938007343983,0.002875857
~,0,<method 'group' of 're.Match' objects>,474,474,0.000422035,0.0002636557065950946,0.000422035
/opt/hostedtoolcache/Python/3.11.16/x64/lib/python3.11/re/_compiler.py,573,_code,75,75,0.000418303,0.000261324233857021,0.027859422000000002
~,0,<built-in method posix.listdir>,11,11,0.00041317000000000003,0.00025811752175505646,0.00041317000000000003
<frozen importlib._bootstrap_external>,642,_classify_pyc,82,82,0.00040434,0.00025260120228099694,0.0009608370000000001
/opt/hostedtoolcache/Python/3.11.16/x64/lib/python3.11/urllib/parse.py,164,hostname,60,60,0.00039842,0.00024890283180688233,0.001030389
/opt/hostedtoolcache/Python/3.11.16/x64/lib/python3.11/typing.py,916,__eq__,225,225,0.00039495800000000005,0.000246740034749216,0.0005883220000000001
/opt/hostedtoolcache/Python/3.11.16/x64/lib/python3.11/typing.py,1279,__init__,69,69,0.00039423,0.00024628523513685866,0.002085041
/opt/hostedtoolcache/Python/3.11.16/x64/lib/python3.11/inspect.py,1437,formatannotation,85,85,0.000391506,0.0002445834849389721,0.0006828660000000001
/opt/hostedtoolcache/Python/3.11.16/x64/lib/python3.11/typing.py,159,_type_convert,170,170,0.00038967200000000003,0.00024343773976168729,0.0011535100000000002
/opt/hostedtoolcache/Python/3.11.16/x64/lib/python3.11/asyncio/tasks.py,654,ensure_future,147,147,0.000389539,0.00024335465137096816,0.0072092910000000005
/opt/hostedtoolcache/Python/3.11.16/x64/lib/python3.11/urllib/parse.py,205,_hostinfo,80,80,0.000388803,0.00024289485396067283,0.00061164
<frozen importlib._bootstrap>,71,__init__,113,113,0.000388418,0.00024265433493490696,0.000617005
~,0,<built-in method _thread.start_new_thread>,5,5,0.000386741,0.00024160667154215522,0.000386741
/home/runner/work/_temp/scanner-verification-il7_c53e/final/tiktok_worker_scanner.py,1,<module>,1,1,0.000385983,0.00024113313018753042,0.037723458
/home/runner/work/_temp/scanner-verification-il7_c53e/final/report_generator.py,190,<listcomp>,2,2,0.00038466700000000005,0.00024031099242673065,0.00038466700000000005
<frozen importlib._bootstrap_external>,150,_path_is_mode_type,153,153,0.00038229400000000004,0.00023882852061337352,0.0018751890000000002
<frozen importlib._bootstrap>,392,cached,201,201,0.000378064,0.00023618593495365988,0.004326002000000001
/opt/hostedtoolcache/Python/3.11.16/x64/lib/python3.11/typing.py,1687,__eq__,200,200,0.000369578,0.00023088452079093408,0.0005488320000000001
/opt/hostedtoolcache/Python/3.11.16/x64/lib/python3.11/datetime.py,592,__new__,12,12,0.000366665,0.00022906469761676252,0.0006503650000000001
/opt/hostedtoolcache/Python/3.11.16/x64/lib/python3.11/inspect.py,3215,__str__,7,7,0.000359831,0.00022479532872823224,0.001902337
/home/runner/work/_temp/scanner-verification-il7_c53e/final/tests/benchmark_hybrid.py,1,<module>,1,1,0.000358394,0.00022389759927362026,119.13995725800001
/opt/hostedtoolcache/Python/3.11.16/x64/lib/python3.11/enum.py,48,_is_dunder,165,165,0.00035784200000000003,0.00022355275121589878,0.0004884290000000001
/opt/hostedtoolcache/Python/3.11.16/x64/lib/python3.11/collections/__init__.py,350,namedtuple,5,5,0.00035571800000000004,0.0002222258358633617,0.0008458270000000001
/opt/hostedtoolcache/Python/3.11.16/x64/lib/python3.11/typing.py,1695,__hash__,71,130,0.000346428,0.00021642214300786767,0.0007185090000000001
/home/runner/work/_temp/scanner-verification-il7_c53e/final/report_generator.py,138,build_data,1,1,0.000346366,0.00021638341007384823,2.1550730710000003
/opt/hostedtoolcache/Python/3.11.16/x64/lib/python3.11/typing.py,373,inner,100,102,0.000344251,0.0002150621172439914,0.013883697
/opt/hostedtoolcache/Python/3.11.16/x64/lib/python3.11/re/_compiler.py,436,_get_literal_prefix,62,78,0.000341855,0.00021356527676156257,0.000498425
/opt/hostedtoolcache/Python/3.11.16/x64/lib/python3.11/re/_parser.py,453,_uniq,113,113,0.00033873500000000006,0.00021161613556574545,0.0005162220000000001
<frozen importlib._bootstrap_external>,675,_validate_timestamp_pyc,82,82,0.000338549,0.00021149993676368708,0.001070582
/opt/hostedtoolcache/Python/3.11.16/x64/lib/python3.11/dataclasses.py,413,_create_fn,27,27,0.00033532900000000004,0.00020948832309364504,0.004169868
~,0,<method 'format' of 'str' objects>,240,240,0.00033486000000000003,0.0002091953271895302,0.00033486000000000003
/opt/hostedtoolcache/Python/3.11.16/x64/lib/python3.11/inspect.py,2435,_signature_from_callable,7,21,0.000333725,0.00020848626460707746,0.003878596
/opt/hostedtoolcache/Python/3.11.16/x64/lib/python3.11/enum.py,59,_is_sunder,155,155,0.00032079200000000003,0.00020040669951557,0.00044162300000000004
<frozen importlib._bootstrap_external>,159,_path_isfile,134,134,0.00031900900000000004,0.00019929281530013988,0.002011295
/opt/hostedtoolcache/Python/3.11.16/x64/lib/python3.11/typing.py,1394,__hash__,87,162,0.000312897,0.00019547449767551344,0.000969432
/opt/hostedtoolcache/Python/3.11.16/x64/lib/python3.11/re/_compiler.py,570,isstring,150,150,0.000311712,0.00019473419885594826,0.00043801500000000004
/home/runner/work/_temp/scanner-verification-il7_c53e/final/tiktok_worker_scanner.py,3358,__init__,1,1,0.00030491700000000004,0.00019048919423236572,0.0033034450000000003
<frozen importlib._bootstrap_external>,1499,find_spec,113,113,0.00030239000000000004,0.00018891051480870227,0.02602769
/opt/hostedtoolcache/Python/3.11.16/x64/lib/python3.11/re/_parser.py,231,__init__,75,75,0.000297833,0.00018606364415827315,0.00048221200000000004
/opt/hostedtoolcache/Python/3.11.16/x64/lib/python3.11/re/_parser.py,172,__setitem__,212,212,0.000290485,0.0001814731667522268,0.000410828
<frozen importlib._bootstrap_external>,599,_check_name_wrapper,91,95,0.00027898,0.00017428570859265107,0.005196010000000001
<frozen importlib._bootstrap>,920,find_spec,113,113,0.000272789,0.00017041803771338695,0.000652739
~,0,<built-in method builtins.eval>,5,5,0.000271466,0.00016959152687939138,0.000279321
/opt/hostedtoolcache/Python/3.11.16/x64/lib/python3.11/re/_parser.py,316,_class_escape,66,66,0.000270428,0.00016894306259693684,0.000472044
/home/runner/work/_temp/scanner-verification-il7_c53e/final/tiktok_worker_scanner.py,3876,save_scan_config,18,18,0.00027036500000000006,0.00016890370493817517,0.054806154
~,0,<built-in method fromkeys>,134,134,0.000264592,0.00016529716900117117,0.00063102
/opt/hostedtoolcache/Python/3.11.16/x64/lib/python3.11/enum.py,444,<genexpr>,186,186,0.000262587,0.00016404459589296173,0.000364588
<frozen importlib._bootstrap>,173,__exit__,114,114,0.000262089,0.00016373348297132168,0.0010506530000000001
/opt/hostedtoolcache/Python/3.11.16/x64/lib/python3.11/typing.py,679,Union,20,20,0.000260757,0.0001629013496146459,0.005375948
/opt/hostedtoolcache/Python/3.11.16/x64/lib/python3.11/re/_compiler.py,386,_mk_bitmap,41,41,0.00025954300000000005,0.00016214293377755552,0.000559941
~,0,<built-in method from_bytes>,241,241,0.00025906400000000004,0.0001618436906260182,0.00025906400000000004
~,0,<built-in method _thread.allocate_lock>,250,250,0.00025826200000000004,0.00016134266138273444,0.00025826200000000004
/opt/hostedtoolcache/Python/3.11.16/x64/lib/python3.11/re/_compiler.py,467,_get_charset_prefix,49,49,0.000256825,0.0001604449319281225,0.0004890090000000001
~,0,<method 'clear' of 'list' objects>,228,228,0.000254841,0.00015920547803950028,0.000254841
~,0,<method 'write' of '_io.FileIO' objects>,7,7,0.000249815,0.00015606561148495638,0.000249815
/opt/hostedtoolcache/Python/3.11.16/x64/lib/python3.11/inspect.py,2734,kind,276,276,0.00024766100000000004,0.00015471995439015184,0.00024766100000000004
<frozen importlib._bootstrap_external>,1146,path_stats,94,94,0.00024169000000000003,0.00015098972295418252,0.0009606540000000001
/opt/hostedtoolcache/Python/3.11.16/x64/lib/python3.11/dataclasses.py,528,_init_fn,7,7,0.00023494700000000003,0.00014677720401719692,0.002492139
<frozen importlib._bootstrap_external>,180,_path_isabs,117,117,0.00023472100000000002,0.0001466360162254486,0.00036451100000000003
/opt/hostedtoolcache/Python/3.11.16/x64/lib/python3.11/typing.py,1381,<genexpr>,257,257,0.000234638,0.00014658416407184192,0.000234638
<frozen importlib._bootstrap_external>,71,_relax_case,244,244,0.000232265,0.00014510169225848482,0.000232265
<frozen importlib._bootstrap>,748,find_spec,113,113,0.00023198,0.00014492364570694384,0.000405987
/opt/hostedtoolcache/Python/3.11.16/x64/lib/python3.11/hmac.py,20,<genexpr>,257,257,0.00022915400000000002,0.00014315817358534792,0.00022915400000000002
/opt/hostedtoolcache/Python/3.11.16/x64/lib/python3.11/re/_parser.py,98,closegroup,100,100,0.00022270700000000002,0.00013913057317206803,0.0018293780000000002
/home/runner/work/_temp/scanner-verification-il7_c53e/final/tiktok_worker_scanner.py,1473,<dictcomp>,145,145,0.000221272,0.00013823409316694057,0.000221272
/opt/hostedtoolcache/Python/3.11.16/x64/lib/python3.11/typing.py,1586,__getitem__,27,27,0.000220847,0.00013796858515148473,0.0032235930000000003
/opt/hostedtoolcache/Python/3.11.16/x64/lib/python3.11/dataclasses.py,368,field,78,78,0.000220005,0.00013744256691851099,0.000337637
/opt/hostedtoolcache/Python/3.11.16/x64/lib/python3.11/re/__init__.py,225,compile,97,97,0.00021908500000000002,0.00013686782015564182,0.077912191
/home/runner/work/_temp/scanner-verification-il7_c53e/final/tiktok_worker_scanner.py,1397,set_limit,62,62,0.00021897800000000002,0.00013680097460822119,0.000359535
/opt/hostedtoolcache/Python/3.11.16/x64/lib/python3.11/inspect.py,2075,_signature_is_functionlike,32,32,0.000218771,0.0001366716565865756,0.00044194400000000005
/opt/hostedtoolcache/Python/3.11.16/x64/lib/python3.11/site-packages/httpx/_status_codes.py,1,<module>,1,1,0.00021496900000000002,0.0001342964531165446,0.007349459
/opt/hostedtoolcache/Python/3.11.16/x64/lib/python3.11/hmac.py,19,<genexpr>,257,257,0.000214684,0.00013411840656500358,0.000214684
/opt/hostedtoolcache/Python/3.11.16/x64/lib/python3.11/re/_compiler.py,388,<listcomp>,41,41,0.000211794,0.00013231295205990372,0.000211794
/opt/hostedtoolcache/Python/3.11.16/x64/lib/python3.11/enum.py,499,__new__,5,5,0.00020883200000000002,0.0001304625173733619,0.003662582
~,0,<method 'read' of '_io.TextIOWrapper' objects>,12,12,0.00020593200000000003,0.00012865081562083957,0.000343789
~,0,<method 'result' of '_asyncio.Task' objects>,150,150,0.00020375700000000002,0.00012729203930644779,0.00020375700000000002
/opt/hostedtoolcache/Python/3.11.16/x64/lib/python3.11/argparse.py,1424,add_argument,11,11,0.00019933100000000002,0.00012452700759725332,0.001541966
/opt/hostedtoolcache/Python/3.11.16/x64/lib/python3.11/inspect.py,3002,<genexpr>,92,92,0.000199025,0.00012433584182612508,0.000273316
/opt/hostedtoolcache/Python/3.11.16/x64/lib/python3.11/unittest/mock.py,2113,_mock_set_magics,2,2,0.00019726500000000002,0.0001232363262797667,0.00039098000000000003
/opt/hostedtoolcache/Python/3.11.16/x64/lib/python3.11/re/_parser.py,274,getuntil,22,22,0.00019392700000000002,0.00012115099509013924,0.00034743
/opt/hostedtoolcache/Python/3.11.16/x64/lib/python3.11/typing.py,1310,__getattr__,67,67,0.00019340200000000002,0.00012082301460045846,0.000495071
/opt/hostedtoolcache/Python/3.11.16/x64/lib/python3.11/typing.py,334,_remove_dups_flatten,20,20,0.00018948100000000002,0.00011837346888609979,0.0007936110000000001
~,0,<built-in method _heapq.heapify>,31,31,0.00018946900000000003,0.00011836597218919279,0.000555248
/opt/hostedtoolcache/Python/3.11.16/x64/lib/python3.11/site-packages/httpx/__init__.py,1,<module>,1,1,0.00018943400000000002,0.00011834410682321408,0.12495627200000001
~,0,<built-in method _abc._abc_init>,26,26,0.00018737400000000003,0.00011705717385418094,0.00018737400000000003
/opt/hostedtoolcache/Python/3.11.16/x64/lib/python3.11/dataclasses.py,449,_field_init,78,78,0.000186903,0.00011676292850058161,0.00026834900000000003
<frozen importlib._bootstrap>,357,__init__,113,113,0.00017510600000000001,0.00010939305071626912,0.00017510600000000001
~,0,<built-in method _imp.is_builtin>,113,113,0.000174007,0.00010870647822453736,0.000174007
~,0,<built-in method builtins.delattr>,78,78,0.00017274300000000002,0.00010791682615033452,0.00028885600000000004
/opt/hostedtoolcache/Python/3.11.16/x64/lib/python3.11/re/_parser.py,963,fix_flags,75,75,0.000172642,0.00010785372895136735,0.000235475
/opt/hostedtoolcache/Python/3.11.16/x64/lib/python3.11/email/quoprimime.py,1,<module>,1,1,0.00017182000000000002,0.00010734020521323861,0.00037516000000000003
/opt/hostedtoolcache/Python/3.11.16/x64/lib/python3.11/json/__init__.py,120,dump,1,1,0.000171699,0.00010726461351942647,0.000782019
/opt/hostedtoolcache/Python/3.11.16/x64/lib/python3.11/dataclasses.py,646,_is_classvar,156,156,0.000171,0.00010682793092459434,0.000171
/opt/hostedtoolcache/Python/3.11.16/x64/lib/python3.11/dataclasses.py,654,_is_initvar,156,156,0.00016563100000000001,0.00010347378378345898,0.00016563100000000001
/opt/hostedtoolcache/Python/3.11.16/x64/lib/python3.11/types.py,164,__init__,74,74,0.00016499800000000002,0.00010307833302161532,0.00022984
/opt/hostedtoolcache/Python/3.11.16/x64/lib/python3.11/typing.py,715,<genexpr>,81,81,0.00016130200000000002,0.00010076935037426268,0.002085497
/opt/hostedtoolcache/Python/3.11.16/x64/lib/python3.11/shutil.py,710,rmtree,1,1,0.00016059100000000002,0.00010032517108252358,0.50136513
/opt/hostedtoolcache/Python/3.11.16/x64/lib/python3.11/inspect.py,391,_has_code_flag,26,26,0.000159375,9.956550579594868e-05,0.0007611310000000001
/opt/hostedtoolcache/Python/3.11.16/x64/lib/python3.11/inspect.py,2722,name,178,178,0.000156062,9.749579272487744e-05,0.000156062
<frozen importlib._bootstrap>,48,_new_module,94,94,0.000153765,9.606079999193127e-05,0.000153765
/opt/hostedtoolcache/Python/3.11.16/x64/lib/python3.11/site-packages/httpx/_status_codes.py,28,__new__,62,62,0.000152945,9.554852570328703e-05,0.00021145000000000002
/home/runner/work/_temp/scanner-verification-il7_c53e/final/backend_metrics.py,128,<dictcomp>,145,145,0.00015290100000000002,9.552103781462808e-05,0.00015290100000000002
/home/runner/work/_temp/scanner-verification-il7_c53e/final/tiktok_worker_scanner.py,3102,session_runtime,9,9,0.00014982,9.359626088375862e-05,0.0074068350000000005
~,0,<built-in method _imp.find_frozen>,113,113,0.000149089,9.313958709717455e-05,0.000149089
<frozen os>,674,__getitem__,43,43,0.000149044,9.311147448377333e-05,0.00037174
/opt/hostedtoolcache/Python/3.11.16/x64/lib/python3.11/http/__init__.py,26,__new__,62,62,0.000148054,9.249299698894673e-05,0.00020590200000000002
/opt/hostedtoolcache/Python/3.11.16/x64/lib/python3.11/dataclasses.py,660,_is_kw_only,156,156,0.00014759900000000002,9.220874723122341e-05,0.00014759900000000002
/opt/hostedtoolcache/Python/3.11.16/x64/lib/python3.11/typing.py,866,__init__,29,29,0.000147537,9.217001429720394e-05,0.000614974
/home/runner/work/_temp/scanner-verification-il7_c53e/final/scan_statistics.py,165,write,11,11,0.000146663,9.162400487247825e-05,0.102074102
~,0,<built-in method _sre.compile>,75,75,0.000145051,9.061694858797271e-05,0.000145051
<frozen importlib._bootstrap>,165,__init__,114,114,0.00014443500000000002,9.023211814674728e-05,0.00014443500000000002
/opt/hostedtoolcache/Python/3.11.16/x64/lib/python3.11/typing.py,1595,copy_with,41,41,0.00014439,9.020400553334606e-05,0.0033930180000000002
/opt/hostedtoolcache/Python/3.11.16/x64/lib/python3.11/enum.py,70,_is_internal_class,81,81,0.000141802,8.858721790040543e-05,0.000210964
<frozen importlib._bootstrap>,1207,_handle_fromlist,24,28,0.000141021,8.809930787670888e-05,0.010979382000000001
/opt/hostedtoolcache/Python/3.11.16/x64/lib/python3.11/dataclasses.py,425,<genexpr>,147,147,0.000139115,8.690858251798214e-05,0.000139115
/opt/hostedtoolcache/Python/3.11.16/x64/lib/python3.11/fractions.py,452,_add,14,14,0.000136713,8.540799368709981e-05,0.000263422
/opt/hostedtoolcache/Python/3.11.16/x64/lib/python3.11/re/_compiler.py,31,_combine_flags,128,128,0.000136567,8.531678387473144e-05,0.000136567
~,0,<built-in method builtins.repr>,136,136,0.000133571,8.344510854695316e-05,0.000135515
~,0,<built-in method math.isfinite>,146,146,0.000132704,8.290347219542321e-05,0.000132704
/opt/hostedtoolcache/Python/3.11.16/x64/lib/python3.11/enum.py,1151,__init__,139,139,0.000131177,8.194951751400884e-05,0.000131177
/opt/hostedtoolcache/Python/3.11.16/x64/lib/python3.11/threading.py,295,wait,10,10,0.00013064200000000001,8.161528977690559e-05,0.00039425900000000005
/opt/hostedtoolcache/Python/3.11.16/x64/lib/python3.11/re/_compiler.py,428,_get_iscased,127,127,0.00013063,8.160779307999858e-05,0.00013063
<frozen os>,756,encode,43,43,0.00012934000000000003,8.080189816249728e-05,0.000207007
/opt/hostedtoolcache/Python/3.11.16/x64/lib/python3.11/typing.py,1670,__getitem__,14,14,0.00012368,7.726595612136742e-05,0.002446942
<frozen importlib._bootstrap_external>,1097,__init__,94,94,0.00012299700000000002,7.68392691224113e-05,0.00012299700000000002
<frozen importlib._bootstrap_external>,931,create_module,94,94,0.000122792,7.671120055025023e-05,0.000122792
~,0,<method 'isidentifier' of 'str' objects>,134,134,0.000121372,7.582409141625652e-05,0.000121372
/opt/hostedtoolcache/Python/3.11.16/x64/lib/python3.11/datetime.py,1,<module>,1,1,0.00012088200000000001,7.551797629255448e-05,0.0019347490000000001
/opt/hostedtoolcache/Python/3.11.16/x64/lib/python3.11/dataclasses.py,827,_set_new_attribute,32,32,0.000119482,7.464336165340575e-05,0.000277626
/opt/hostedtoolcache/Python/3.11.16/x64/lib/python3.11/re/__init__.py,253,escape,41,41,0.000119272,7.451216945753344e-05,0.00019645300000000002
/opt/hostedtoolcache/Python/3.11.16/x64/lib/python3.11/dataclasses.py,287,__init__,78,78,0.000117632,7.348762088024492e-05,0.000117632
/opt/hostedtoolcache/Python/3.11.16/x64/lib/python3.11/argparse.py,164,__init__,11,11,0.0001167,7.290537742046877e-05,0.0006318000000000001
/opt/hostedtoolcache/Python/3.11.16/x64/lib/python3.11/enum.py,747,__delattr__,75,75,0.000116113,7.253866399676855e-05,0.000116113
~,0,<built-in method builtins.iter>,111,111,0.000115815,7.235249602357832e-05,0.000115815
/opt/hostedtoolcache/Python/3.11.16/x64/lib/python3.11/re/_parser.py,77,__init__,75,75,0.00011422,7.135606005969103e-05,0.00011422
/opt/hostedtoolcache/Python/3.11.16/x64/lib/python3.11/site-packages/httpx/_types.py,1,<module>,1,1,0.000112749,7.043708996384263e-05,0.009813485
/opt/hostedtoolcache/Python/3.11.16/x64/lib/python3.11/pathlib.py,1053,read_text,10,10,0.00011140200000000002,6.95955857360331e-05,0.0033789810000000005
/home/runner/work/_temp/scanner-verification-il7_c53e/final/tiktok_worker_scanner.py,3858,<genexpr>,54,54,0.000111378,6.958059234221912e-05,0.00014305900000000001
/opt/hostedtoolcache/Python/3.11.16/x64/lib/python3.11/dataclasses.py,392,_fields_in_init_order,7,7,0.00010789600000000001,6.74053007897078e-05,0.000213179
/opt/hostedtoolcache/Python/3.11.16/x64/lib/python3.11/site-packages/httpx/_urlparse.py,50,<listcomp>,1,1,0.00010788,6.739530519383181e-05,0.000177381
/opt/hostedtoolcache/Python/3.11.16/x64/lib/python3.11/shutil.py,1408,get_terminal_size,11,11,0.00010746400000000001,6.713541970105619e-05,0.00031185100000000003
<frozen importlib._bootstrap_external>,185,_write_atomic,7,7,0.00010633700000000001,6.643135491654146e-05,0.00104477
/opt/hostedtoolcache/Python/3.11.16/x64/lib/python3.11/typing.py,1591,<genexpr>,64,64,0.000106275,6.6392621982522e-05,0.000799649
<frozen abc>,105,__new__,26,26,0.000105924,6.617334359799258e-05,0.0009413680000000002
/home/runner/work/_temp/scanner-verification-il7_c53e/final/tests/benchmark_hybrid.py,115,run,18,18,0.00010474300000000001,6.543554367739641e-05,0.020020191
/opt/hostedtoolcache/Python/3.11.16/x64/lib/python3.11/fractions.py,62,__new__,29,29,0.00010466800000000001,6.538868932172773e-05,0.00014764900000000002
<frozen importlib._bootstrap>,413,has_location,107,107,0.000100798,6.297100456922375e-05,0.000100798
/opt/hostedtoolcache/Python/3.11.16/x64/lib/python3.11/threading.py,856,__init__,5,5,0.00010040400000000001,6.272486302077761e-05,0.000226552
/opt/hostedtoolcache/Python/3.11.16/x64/lib/python3.11/site-packages/httpx/_status_codes.py,8,codes,1,1,9.866200000000001e-05,6.16365925197797e-05,0.0032133220000000002
/opt/hostedtoolcache/Python/3.11.16/x64/lib/python3.11/gettext.py,479,find,3,3,9.761100000000001e-05,6.098000681567591e-05,0.00074491
~,0,<method '__contains__' of 'frozenset' objects>,112,112,9.759e-05,6.096688759608867e-05,9.759e-05
/opt/hostedtoolcache/Python/3.11.16/x64/lib/python3.11/argparse.py,1565,_get_optional_kwargs,11,11,9.550300000000001e-05,5.9663087059014824e-05,0.000155389
~,0,<built-in method builtins.locals>,56,56,9.531600000000001e-05,5.954626353221424e-05,9.531600000000001e-05
/opt/hostedtoolcache/Python/3.11.16/x64/lib/python3.11/urllib/parse.py,193,_userinfo,40,40,9.4635e-05,5.91208259827426e-05,0.00012956800000000002
/opt/hostedtoolcache/Python/3.11.16/x64/lib/python3.11/typing.py,2910,__new__,2,2,9.395200000000001e-05,5.8694138983786486e-05,0.0012723930000000001
<frozen importlib._bootstrap_external>,1122,get_filename,94,94,9.386400000000001e-05,5.863916320646857e-05,9.386400000000001e-05
<frozen importlib._bootstrap_external>,1658,_fill_cache,11,11,9.3493e-05,5.8407390327094145e-05,0.0005311220000000001
/opt/hostedtoolcache/Python/3.11.16/x64/lib/python3.11/site-packages/httpx/_client.py,1,<module>,1,1,9.346400000000001e-05,5.838927330956893e-05,0.12059045800000001
/opt/hostedtoolcache/Python/3.11.16/x64/lib/python3.11/dataclasses.py,509,_init_param,78,78,9.3174e-05,5.820810313431669e-05,9.3174e-05
/opt/hostedtoolcache/Python/3.11.16/x64/lib/python3.11/inspect.py,3059,_bind,1,1,9.283800000000001e-05,5.7998195620920995e-05,0.00015619100000000002
/opt/hostedtoolcache/Python/3.11.16/x64/lib/python3.11/dataclasses.py,573,<listcomp>,7,7,9.1963e-05,5.745156147145303e-05,0.000185137
/opt/hostedtoolcache/Python/3.11.16/x64/lib/python3.11/urllib/request.py,1,<module>,1,1,9.0152e-05,5.632018496323993e-05,0.032858692
<frozen importlib._bootstrap_external>,1562,__init__,10,10,8.9732e-05,5.605780057149532e-05,0.000312104
<frozen importlib._bootstrap_external>,740,_code_to_timestamp_pyc,7,7,8.9295e-05,5.578479585913247e-05,0.001079773
<frozen zipimport>,64,__init__,11,11,8.838300000000001e-05,5.5215046894201296e-05,0.000319807
/opt/hostedtoolcache/Python/3.11.16/x64/lib/python3.11/argparse.py,1918,_parse_known_args,1,1,8.787500000000001e-05,5.489768672513876e-05,0.000646506
/opt/hostedtoolcache/Python/3.11.16/x64/lib/python3.11/inspect.py,378,isfunction,47,47,8.6736e-05,5.418612524371705e-05,0.000125708
<frozen importlib._bootstrap_external>,1156,set_data,7,7,8.518800000000001e-05,5.3219051342715466e-05,0.001461728
/opt/hostedtoolcache/Python/3.11.16/x64/lib/python3.11/enum.py,229,__set_name__,74,74,8.5111e-05,5.317094753756228e-05,8.5111e-05
/opt/hostedtoolcache/Python/3.11.16/x64/lib/python3.11/typing.py,1679,<genexpr>,49,49,8.490900000000001e-05,5.304475313962796e-05,0.000962052
/opt/hostedtoolcache/Python/3.11.16/x64/lib/python3.11/site-packages/httpx/_urlparse.py,44,<listcomp>,1,1,8.4839e-05,5.300102240767053e-05,0.000154128
/opt/hostedtoolcache/Python/3.11.16/x64/lib/python3.11/dataclasses.py,820,_set_qualname,34,34,8.313400000000001e-05,5.1935866722135824e-05,0.00011424
/opt/hostedtoolcache/Python/3.11.16/x64/lib/python3.11/site-packages/httpx/_models.py,1,<module>,1,1,8.2539e-05,5.156415550049761e-05,0.07234897300000001
/opt/hostedtoolcache/Python/3.11.16/x64/lib/python3.11/inspect.py,1943,_signature_get_user_defined_method,21,21,8.1792e-05,5.109748611803755e-05,0.00041403400000000003
/opt/hostedtoolcache/Python/3.11.16/x64/lib/python3.11/site-packages/httpx/_urlparse.py,56,<listcomp>,1,1,8.148500000000001e-05,5.090569562216708e-05,0.000146964
/opt/hostedtoolcache/Python/3.11.16/x64/lib/python3.11/dataclasses.py,437,_field_assign,78,78,8.1446e-05,5.088133135721936e-05,8.1446e-05
/opt/hostedtoolcache/Python/3.11.16/x64/lib/python3.11/dataclasses.py,396,<genexpr>,85,85,8.0769e-05,5.0458392706716725e-05,8.0769e-05
/opt/hostedtoolcache/Python/3.11.16/x64/lib/python3.11/asyncio/coroutines.py,21,iscoroutinefunction,26,26,8.055800000000001e-05,5.032657578610218e-05,0.0009182410000000001
~,0,<built-in method _imp._fix_co_filename>,76,76,7.986100000000001e-05,4.989114264075456e-05,7.986100000000001e-05
/opt/hostedtoolcache/Python/3.11.16/x64/lib/python3.11/logging/__init__.py,1327,getLogger,10,10,7.9367e-05,4.9582528618083504e-05,0.000263604
/opt/hostedtoolcache/Python/3.11.16/x64/lib/python3.11/site-packages/httpx/_urlparse.py,67,<listcomp>,1,1,7.9122e-05,4.9429471056232483e-05,0.000136915
/opt/hostedtoolcache/Python/3.11.16/x64/lib/python3.11/site-packages/httpx/_urlparse.py,77,<listcomp>,1,1,7.8942e-05,4.9317020602627645e-05,0.000137226
~,0,<built-in method builtins.abs>,96,96,7.8887e-05,4.928266074180394e-05,7.8887e-05
/opt/hostedtoolcache/Python/3.11.16/x64/lib/python3.11/http/cookiejar.py,1,<module>,1,1,7.8824e-05,4.924330308304225e-05,0.024942034000000002
/opt/hostedtoolcache/Python/3.11.16/x64/lib/python3.11/site-packages/httpx/_urlparse.py,90,<listcomp>,1,1,7.8806e-05,4.923205803768176e-05,0.000137366
/opt/hostedtoolcache/Python/3.11.16/x64/lib/python3.11/inspect.py,292,isclass,45,45,7.773900000000001e-05,4.8565476737701996e-05,0.000115056
/opt/hostedtoolcache/Python/3.11.16/x64/lib/python3.11/dataclasses.py,1106,<genexpr>,85,85,7.751600000000001e-05,4.842616312018044e-05,7.751600000000001e-05
/opt/hostedtoolcache/Python/3.11.16/x64/lib/python3.11/gettext.py,224,_expand_lang,6,6,7.6846e-05,4.800759754287355e-05,0.00016988700000000002
/opt/hostedtoolcache/Python/3.11.16/x64/lib/python3.11/typing.py,1040,__init__,9,9,7.6497e-05,4.778956860782861e-05,0.00057241
<frozen importlib._bootstrap_external>,1568,<genexpr>,80,80,7.631e-05,4.767274508102804e-05,7.631e-05
~,0,<built-in method builtins.callable>,88,88,7.5677e-05,4.727729431918436e-05,7.5677e-05
~,0,<built-in method _sre.unicode_iscased>,84,84,7.518800000000001e-05,4.697180392022456e-05,7.518800000000001e-05
/opt/hostedtoolcache/Python/3.11.16/x64/lib/python3.11/argparse.py,1395,register,37,37,7.4115e-05,4.630147427179129e-05,0.00010498500000000001
/opt/hostedtoolcache/Python/3.11.16/x64/lib/python3.11/functools.py,660,_c3_merge,7,7,7.361100000000001e-05,4.5986613001697745e-05,0.000115154
/opt/hostedtoolcache/Python/3.11.16/x64/lib/python3.11/functools.py,687,_c3_mro,1,7,7.335000000000001e-05,4.5823559843970734e-05,0.00022823600000000002
/opt/hostedtoolcache/Python/3.11.16/x64/lib/python3.11/unittest/mock.py,2178,__init__,77,77,7.2068e-05,4.50226627244074e-05,7.2068e-05
/opt/hostedtoolcache/Python/3.11.16/x64/lib/python3.11/inspect.py,2726,default,79,79,7.1462e-05,4.464407953060445e-05,7.1462e-05
<frozen importlib._bootstrap_external>,1411,_path_hooks,10,10,7.1106e-05,4.442167752236378e-05,0.000736126
/opt/hostedtoolcache/Python/3.11.16/x64/lib/python3.11/typing.py,729,Literal,1,1,7.1105e-05,4.442105279762153e-05,0.00055248
/opt/hostedtoolcache/Python/3.11.16/x64/lib/python3.11/inspect.py,735,unwrap,14,14,7.071700000000001e-05,4.4178659597628886e-05,0.00011557300000000001
/home/runner/work/_temp/scanner-verification-il7_c53e/final/tiktok_worker_scanner.py,1454,__init__,1,1,7.0683e-05,4.415741895639241e-05,0.0020274620000000003
/opt/hostedtoolcache/Python/3.11.16/x64/lib/python3.11/site-packages/httpx/_config.py,201,Proxy,1,1,7.0472e-05,4.402560203577785e-05,7.0472e-05
/opt/hostedtoolcache/Python/3.11.16/x64/lib/python3.11/enum.py,798,<genexpr>,63,63,7.0416e-05,4.39906174502119e-05,7.0416e-05
<frozen importlib._bootstrap_external>,1231,create_module,13,13,7.0348e-05,4.394813616773896e-05,0.002685456
/opt/hostedtoolcache/Python/3.11.16/x64/lib/python3.11/inspect.py,2037,_signature_bound_method,7,7,7.0012e-05,4.3738228654343276e-05,0.000633272
/opt/hostedtoolcache/Python/3.11.16/x64/lib/python3.11/site-packages/httpx/_transports/default.py,1,<module>,1,1,6.877600000000001e-05,4.29660688729234e-05,0.001140998
/opt/hostedtoolcache/Python/3.11.16/x64/lib/python3.11/http/client.py,1,<module>,1,1,6.7978e-05,4.246753852860863e-05,0.022421984000000002
/opt/hostedtoolcache/Python/3.11.16/x64/lib/python3.11/urllib/parse.py,156,username,20,20,6.7893e-05,4.2414436925517445e-05,0.000137983
/opt/hostedtoolcache/Python/3.11.16/x64/lib/python3.11/subprocess.py,1791,_execute_child,1,1,6.769600000000001e-05,4.229136615129438e-05,0.0007628730000000001
/opt/hostedtoolcache/Python/3.11.16/x64/lib/python3.11/typing.py,1655,__getitem_inner__,7,7,6.6804e-05,4.173411168120819e-05,0.0010432570000000001
/opt/hostedtoolcache/Python/3.11.16/x64/lib/python3.11/argparse.py,1342,__init__,3,3,6.5683e-05,4.103379524514696e-05,0.00019906
~,0,<built-in method _posixsubprocess.fork_exec>,1,1,6.495100000000001e-05,4.0576496733820634e-05,6.495100000000001e-05
<frozen importlib._bootstrap_external>,999,source_to_code,18,18,6.474000000000001e-05,4.0444679813206075e-05,0.078074262
/opt/hostedtoolcache/Python/3.11.16/x64/lib/python3.11/sqlite3/dbapi2.py,1,<module>,1,1,6.455000000000001e-05,4.0325982112178744e-05,0.001446639
/opt/hostedtoolcache/Python/3.11.16/x64/lib/python3.11/argparse.py,1965,take_action,6,6,6.322000000000001e-05,3.949509820498746e-05,0.000323434
/opt/hostedtoolcache/Python/3.11.16/x64/lib/python3.11/site-packages/httpx/_multipart.py,26,<dictcomp>,1,1,6.2903e-05,3.9297060461694496e-05,0.00012835
/opt/hostedtoolcache/Python/3.11.16/x64/lib/python3.11/dataclasses.py,401,_tuple_str,16,16,6.2529e-05,3.906341340809333e-05,0.000117739
/opt/hostedtoolcache/Python/3.11.16/x64/lib/python3.11/subprocess.py,1880,<genexpr>,19,19,6.2258e-05,3.8894113002943825e-05,0.000382854
/opt/hostedtoolcache/Python/3.11.16/x64/lib/python3.11/zipfile.py,1,<module>,1,1,6.2124e-05,3.881039988748246e-05,0.000372304
/opt/hostedtoolcache/Python/3.11.16/x64/lib/python3.11/importlib/resources/_common.py,1,<module>,1,1,6.0804e-05,3.798576322771366e-05,0.002961664
/opt/hostedtoolcache/Python/3.11.16/x64/lib/python3.11/hashlib.py,126,__get_openssl_constructor,14,14,6.0376000000000006e-05,3.771838103803104e-05,0.00070691
/home/runner/work/_temp/scanner-verification-il7_c53e/final/report_generator.py,22,read_json,6,6,6.0245000000000003e-05,3.763654209679641e-05,0.003364685
/opt/hostedtoolcache/Python/3.11.16/x64/lib/python3.11/enum.py,239,__init__,65,65,5.9855e-05,3.739289944731927e-05,5.9855e-05
<frozen codecs>,319,decode,12,12,5.9272e-05,3.7028684922588045e-05,0.00013785700000000002
/opt/hostedtoolcache/Python/3.11.16/x64/lib/python3.11/unittest/mock.py,505,_mock_add_spec,1,1,5.9182000000000004e-05,3.6972459695785626e-05,0.0009856790000000002
/opt/hostedtoolcache/Python/3.11.16/x64/lib/python3.11/typing.py,500,__getitem__,20,22,5.8811e-05,3.6740686816411216e-05,0.005555314
/opt/hostedtoolcache/Python/3.11.16/x64/lib/python3.11/argparse.py,1485,_add_action,11,11,5.8681e-05,3.665947259991884e-05,0.000102021
<frozen importlib._bootstrap_external>,1699,path_hook_for_FileFinder,11,11,5.8576e-05,3.659387650198268e-05,0.00050317
<frozen _collections_abc>,771,get,20,20,5.8237000000000005e-05,3.638209481436024e-05,0.00025776
/opt/hostedtoolcache/Python/3.11.16/x64/lib/python3.11/threading.py,945,start,5,5,5.8198e-05,3.635773054941252e-05,0.000794533
/opt/hostedtoolcache/Python/3.11.16/x64/lib/python3.11/inspect.py,1790,_shadowed_dict,14,14,5.805e-05,3.626527128755966e-05,7.363e-05
/opt/hostedtoolcache/Python/3.11.16/x64/lib/python3.11/random.py,1,<module>,1,1,5.776800000000001e-05,3.608909891024542e-05,0.002287888
/opt/hostedtoolcache/Python/3.11.16/x64/lib/python3.11/site-packages/httpx/_urlparse.py,1,<module>,1,1,5.7237e-05,3.575737007211115e-05,0.010628145
/opt/hostedtoolcache/Python/3.11.16/x64/lib/python3.11/subprocess.py,807,__init__,1,1,5.7227000000000006e-05,3.575112282468866e-05,0.000993884
/opt/hostedtoolcache/Python/3.11.16/x64/lib/python3.11/inspect.py,167,get_annotations,7,7,5.7217000000000005e-05,3.574487557726617e-05,0.000100277
<frozen importlib._bootstrap_external>,1239,exec_module,13,13,5.677e-05,3.546562361748082e-05,0.001002001
/opt/hostedtoolcache/Python/3.11.16/x64/lib/python3.11/typing.py,284,_check_generic,27,27,5.6693e-05,3.5417519812327645e-05,8.0459e-05
<frozen abc>,7,abstractmethod,57,57,5.6593000000000005e-05,3.535504733810274e-05,5.6593000000000005e-05
/opt/hostedtoolcache/Python/3.11.16/x64/lib/python3.11/argparse.py,604,_format_args,11,11,5.6584000000000006e-05,3.53494248154225e-05,0.00011786000000000001
/opt/hostedtoolcache/Python/3.11.16/x64/lib/python3.11/email/_policybase.py,99,_extend_docstrings,1,1,5.6518e-05,3.530819298243406e-05,0.000134862
/opt/hostedtoolcache/Python/3.11.16/x64/lib/python3.11/argparse.py,1399,_registry_get,28,28,5.6475000000000004e-05,3.528132981851735e-05,8.152100000000001e-05
/opt/hostedtoolcache/Python/3.11.16/x64/lib/python3.11/inspect.py,1774,_check_class,14,14,5.6262000000000004e-05,3.514826344841829e-05,0.000145871
/opt/hostedtoolcache/Python/3.11.16/x64/lib/python3.11/site-packages/idna/core.py,1,<module>,1,1,5.6091e-05,3.50414355174937e-05,0.0038022810000000002
/opt/hostedtoolcache/Python/3.11.16/x64/lib/python3.11/dataclasses.py,588,_repr_fn,7,7,5.5663000000000006e-05,3.477405332781108e-05,0.001225776
/opt/hostedtoolcache/Python/3.11.16/x64/lib/python3.11/hashlib.py,1,<module>,1,1,5.5563e-05,3.471158085358617e-05,0.0019410400000000002
<frozen importlib._bootstrap_external>,79,_pack_uint32,21,21,5.5416000000000006e-05,3.461974631647556e-05,7.795000000000001e-05
/opt/hostedtoolcache/Python/3.11.16/x64/lib/python3.11/inspect.py,1762,_static_getmro,42,42,5.4351e-05,3.3954414465980275e-05,5.4351e-05
~,0,<method 'extend' of 'bytearray' objects>,28,28,5.4278000000000004e-05,3.39088095597961e-05,5.4278000000000004e-05
/opt/hostedtoolcache/Python/3.11.16/x64/lib/python3.11/email/quoprimime.py,55,<listcomp>,1,1,5.4091e-05,3.379198603299551e-05,5.4091e-05
/opt/hostedtoolcache/Python/3.11.16/x64/lib/python3.11/fnmatch.py,74,translate,2,2,5.3848000000000004e-05,3.3640177920628984e-05,0.000122408
/opt/hostedtoolcache/Python/3.11.16/x64/lib/python3.11/functools.py,65,wraps,28,28,5.3558000000000005e-05,3.3459007745376754e-05,5.3558000000000005e-05
/opt/hostedtoolcache/Python/3.11.16/x64/lib/python3.11/inspect.py,1804,getattr_static,14,14,5.3501e-05,3.342339843506855e-05,0.00025161000000000004
/opt/hostedtoolcache/Python/3.11.16/x64/lib/python3.11/inspect.py,409,iscoroutinefunction,26,26,5.3276e-05,3.32828353680625e-05,0.0008144070000000001
/opt/hostedtoolcache/Python/3.11.16/x64/lib/python3.11/re/_compiler.py,407,_generate_overlap_table,13,13,5.2915000000000004e-05,3.3057309736110585e-05,7.414800000000001e-05
~,0,<method 'translate' of 'bytearray' objects>,41,41,5.2896e-05,3.304543996600785e-05,5.2896e-05
/opt/hostedtoolcache/Python/3.11.16/x64/lib/python3.11/statistics.py,203,<genexpr>,15,15,5.2829000000000005e-05,3.300358340827716e-05,0.000144721
/home/runner/work/_temp/scanner-verification-il7_c53e/final/tiktok_worker_scanner.py,3774,export_rows,5,5,5.2650000000000006e-05,3.289175767941458e-05,1.3397745620000001
/opt/hostedtoolcache/Python/3.11.16/x64/lib/python3.11/typing.py,1877,__init_subclass__,8,8,5.235e-05,3.270434025673985e-05,0.000132078
/opt/hostedtoolcache/Python/3.11.16/x64/lib/python3.11/argparse.py,1599,_pop_action_class,11,11,5.2339e-05,3.269746828457511e-05,9.3996e-05
/opt/hostedtoolcache/Python/3.11.16/x64/lib/python3.11/encodings/__init__.py,43,normalize_encoding,2,2,5.188400000000001e-05,3.2413218526851775e-05,8.9847e-05
/opt/hostedtoolcache/Python/3.11.16/x64/lib/python3.11/typing.py,2071,__init_subclass__,5,5,5.1836e-05,3.238323173922382e-05,0.00011903300000000001
/opt/hostedtoolcache/Python/3.11.16/x64/lib/python3.11/statistics.py,1,<module>,1,1,5.1785000000000006e-05,3.235137077736912e-05,0.014217619
~,0,<built-in method builtins.divmod>,60,60,5.1716000000000004e-05,3.2308264770153925e-05,5.1716000000000004e-05
/opt/hostedtoolcache/Python/3.11.16/x64/lib/python3.11/site-packages/httpx/_content.py,1,<module>,1,1,5.1695000000000006e-05,3.22951455505667e-05,0.016836275
/opt/hostedtoolcache/Python/3.11.16/x64/lib/python3.11/uuid.py,1,<module>,1,1,5.1525000000000006e-05,3.218894234438435e-05,0.001306517
/opt/hostedtoolcache/Python/3.11.16/x64/lib/python3.11/asyncio/tasks.py,728,gather,5,5,5.1078e-05,3.1909690384599006e-05,0.000144601
/opt/hostedtoolcache/Python/3.11.16/x64/lib/python3.11/uuid.py,139,__init__,5,5,5.1068000000000006e-05,3.190344313717652e-05,7.8155e-05
/opt/hostedtoolcache/Python/3.11.16/x64/lib/python3.11/typing.py,1641,__getitem__,8,8,5.0885e-05,3.178911850934493e-05,0.0012045670000000001
/opt/hostedtoolcache/Python/3.11.16/x64/lib/python3.11/asyncio/base_events.py,618,run_until_complete,3,3,5.0784e-05,3.172602131037777e-05,114.48527933700001
/opt/hostedtoolcache/Python/3.11.16/x64/lib/python3.11/urllib/parse.py,175,port,20,20,5.0095e-05,3.129558596296815e-05,0.000191838
/opt/hostedtoolcache/Python/3.11.16/x64/lib/python3.11/site-packages/_distutils_hack/__init__.py,108,<lambda>,55,55,4.9903e-05,3.117563881245632e-05,4.9903e-05
/opt/hostedtoolcache/Python/3.11.16/x64/lib/python3.11/site-packages/httpx/_multipart.py,1,<module>,1,1,4.9885e-05,3.116439376709584e-05,0.015351936000000002
/opt/hostedtoolcache/Python/3.11.16/x64/lib/python3.11/typing.py,350,_flatten_literal_params,1,1,4.9881000000000006e-05,3.116189486812685e-05,9.3094e-05
/home/runner/work/_temp/scanner-verification-il7_c53e/final/tests/benchmark_hybrid.py,135,<genexpr>,16,16,4.9575000000000006e-05,3.0970729096998626e-05,6.3008e-05
/opt/hostedtoolcache/Python/3.11.16/x64/lib/python3.11/site-packages/httpx/_client.py,189,__init__,1,1,4.9291000000000006e-05,3.0793307270199886e-05,0.000754999
<frozen importlib._bootstrap_external>,164,_path_isdir,19,19,4.9081e-05,3.0662115074327575e-05,0.00023198400000000002
<frozen _collections_abc>,409,__subclasshook__,45,45,4.8450000000000005e-05,3.02679137619684e-05,4.8450000000000005e-05
<frozen codecs>,309,__init__,12,12,4.8143e-05,3.007612326609793e-05,6.4312e-05
~,0,<built-in method _sre.unicode_tolower>,57,57,4.785e-05,2.989307891661894e-05,4.785e-05
/opt/hostedtoolcache/Python/3.11.16/x64/lib/python3.11/inspect.py,300,ismethod,26,26,4.7513000000000004e-05,2.9682546678481e-05,7.0834e-05
/opt/hostedtoolcache/Python/3.11.16/x64/lib/python3.11/typing.py,306,_deduplicate,21,21,4.7331000000000005e-05,2.956884677539167e-05,0.0005008640000000001
~,0,<built-in method posix.cpu_count>,2,2,4.7069000000000006e-05,2.940516889292241e-05,4.7069000000000006e-05
/opt/hostedtoolcache/Python/3.11.16/x64/lib/python3.11/functools.py,421,_unwrap_partial,26,26,4.6965e-05,2.93401975197285e-05,6.851700000000001e-05
/opt/hostedtoolcache/Python/3.11.16/x64/lib/python3.11/re/_parser.py,304,checkgroupname,22,22,4.6909e-05,2.9305212934162552e-05,6.917200000000001e-05
/home/runner/work/_temp/scanner-verification-il7_c53e/final/tiktok_worker_scanner.py,3749,finalize,1,1,4.6734000000000004e-05,2.919588610426896e-05,1.386233132
/opt/hostedtoolcache/Python/3.11.16/x64/lib/python3.11/platform.py,1,<module>,1,1,4.6578e-05,2.90984290444781e-05,0.015626188000000003
/home/runner/work/_temp/scanner-verification-il7_c53e/final/tiktok_worker_scanner.py,1532,cache_saved_avatars,3,3,4.6457000000000006e-05,2.9022837350665966e-05,0.000297474
/opt/hostedtoolcache/Python/3.11.16/x64/lib/python3.11/threading.py,611,wait,5,5,4.6456000000000004e-05,2.9022212625923715e-05,0.00033893300000000003
/opt/hostedtoolcache/Python/3.11.16/x64/lib/python3.11/threading.py,1051,_stop,5,5,4.6021000000000005e-05,2.875045736304536e-05,0.000116416
/opt/hostedtoolcache/Python/3.11.16/x64/lib/python3.11/contextlib.py,272,contextmanager,8,8,4.5958e-05,2.8711099704283668e-05,0.00027866
/home/runner/work/_temp/scanner-verification-il7_c53e/final/scan_statistics.py,14,__init__,1,1,4.5875000000000004e-05,2.8659247550676994e-05,0.000106148
/opt/hostedtoolcache/Python/3.11.16/x64/lib/python3.11/fractions.py,357,forward,14,14,4.5498000000000004e-05,2.8423726322849086e-05,0.000315909
/opt/hostedtoolcache/Python/3.11.16/x64/lib/python3.11/urllib/parse.py,160,password,20,20,4.5338000000000005e-05,2.832377036408923e-05,0.00010481600000000001
/opt/hostedtoolcache/Python/3.11.16/x64/lib/python3.11/threading.py,971,run,5,5,4.5285000000000004e-05,2.829065995275003e-05,40.987832592
/opt/hostedtoolcache/Python/3.11.16/x64/lib/python3.11/site-packages/httpx/_api.py,1,<module>,1,1,4.4424e-05,2.775277194967356e-05,0.12216336200000001
~,0,<method 'translate' of 'str' objects>,41,41,4.4231000000000004e-05,2.7632200074419488e-05,4.4231000000000004e-05
/opt/hostedtoolcache/Python/3.11.16/x64/lib/python3.11/site-packages/httpx/_exceptions.py,1,<module>,1,1,4.3633e-05,2.7258614678554528e-05,0.00047934400000000004
/opt/hostedtoolcache/Python/3.11.16/x64/lib/python3.11/subprocess.py,506,run,1,1,4.3482e-05,2.716428124247492e-05,0.0011495750000000001
/opt/hostedtoolcache/Python/3.11.16/x64/lib/python3.11/calendar.py,1,<module>,1,1,4.3413000000000006e-05,2.7121175235259734e-05,0.000288989
/opt/hostedtoolcache/Python/3.11.16/x64/lib/python3.11/argparse.py,1880,parse_known_args,1,1,4.3341000000000004e-05,2.70761950538178e-05,0.0007150440000000001
~,0,<built-in method math.gcd>,43,43,4.2532000000000005e-05,2.6570792737338285e-05,4.2532000000000005e-05
/opt/hostedtoolcache/Python/3.11.16/x64/lib/python3.11/dataclasses.py,228,_recursive_repr,7,7,4.2448000000000004e-05,2.6518315858989367e-05,0.000258222
/opt/hostedtoolcache/Python/3.11.16/x64/lib/python3.11/logging/__init__.py,2074,getLogger,10,10,4.2246e-05,2.6392121461055044e-05,0.000314174
/opt/hostedtoolcache/Python/3.11.16/x64/lib/python3.11/enum.py,943,_get_mixins_,4,4,4.1699e-05,2.6050397027044792e-05,0.00012897
/opt/hostedtoolcache/Python/3.11.16/x64/lib/python3.11/site-packages/httpx/_auth.py,1,<module>,1,1,4.1557e-05,2.5961686113645422e-05,0.10866639600000001
/home/runner/work/_temp/scanner-verification-il7_c53e/final/tiktok_worker_scanner.py,712,_build_document_locked,2,2,4.1415e-05,2.5872975200246052e-05,0.00012971100000000002
/home/runner/work/_temp/scanner-verification-il7_c53e/final/tiktok_worker_scanner.py,775,finalize,1,1,4.1356e-05,2.5836116440453357e-05,0.002651655
/home/runner/work/_temp/scanner-verification-il7_c53e/final/tiktok_worker_scanner.py,3340,__exit__,1,1,4.0865e-05,2.552937659200905e-05,0.00030525
/opt/hostedtoolcache/Python/3.11.16/x64/lib/python3.11/site-packages/httpx/_multipart.py,29,<listcomp>,1,1,4.0801000000000005e-05,2.5489394208505112e-05,0.00019377200000000001
~,0,<built-in method _codecs.utf_8_decode>,12,12,4.0683e-05,2.5415676688919718e-05,4.0683e-05
/opt/hostedtoolcache/Python/3.11.16/x64/lib/python3.11/site-packages/httpx/_decoders.py,1,<module>,1,1,4.0604e-05,2.5366323434282036e-05,0.002125315
~,0,<built-in method builtins.__import__>,8,9,4.0236000000000006e-05,2.5136424729134378e-05,0.022584336000000003
/opt/hostedtoolcache/Python/3.11.16/x64/lib/python3.11/threading.py,1087,join,5,5,3.9973000000000005e-05,2.4972122121922866e-05,0.000291994
/home/runner/work/_temp/scanner-verification-il7_c53e/final/tiktok_worker_scanner.py,3810,default_scan_config,1,1,3.9661000000000005e-05,2.4777208002341147e-05,0.000972043
/home/runner/work/_temp/scanner-verification-il7_c53e/final/hybrid_backend.py,1,<module>,1,1,3.9345000000000004e-05,2.4579794983790437e-05,0.014485931
/opt/hostedtoolcache/Python/3.11.16/x64/lib/python3.11/argparse.py,1674,_add_action,11,11,3.9284000000000005e-05,2.4541686774513243e-05,0.00015078000000000002
<frozen runpy>,91,_run_module_code,1,1,3.8966e-05,2.434302430647803e-05,119.14006040000001
/opt/hostedtoolcache/Python/3.11.16/x64/lib/python3.11/enum.py,1377,_missing_,2,2,3.8949e-05,2.4332403985859797e-05,0.000136534
/opt/hostedtoolcache/Python/3.11.16/x64/lib/python3.11/argparse.py,1986,consume_optional,6,6,3.868e-05,2.4164353030194793e-05,0.0004920370000000001
/opt/hostedtoolcache/Python/3.11.16/x64/lib/python3.11/encodings/__init__.py,71,search_function,2,2,3.8444e-05,2.4016917991024005e-05,0.002336527
/opt/hostedtoolcache/Python/3.11.16/x64/lib/python3.11/platform.py,1119,python_version,1,1,3.8101e-05,2.3802637404432567e-05,7.2656e-05
/opt/hostedtoolcache/Python/3.11.16/x64/lib/python3.11/asyncio/runners.py,86,run,1,1,3.7721e-05,2.3565242002377914e-05,114.48498571900001
/opt/hostedtoolcache/Python/3.11.16/x64/lib/python3.11/dataclasses.py,410,<listcomp>,16,16,3.7389000000000004e-05,2.3357833387951216e-05,3.7389000000000004e-05
/opt/hostedtoolcache/Python/3.11.16/x64/lib/python3.11/threading.py,1125,_wait_for_tstate_lock,5,5,3.7211e-05,2.324663238383088e-05,0.000226321
/opt/hostedtoolcache/Python/3.11.16/x64/lib/python3.11/dataclasses.py,1221,wrap,7,7,3.6928e-05,2.3069835281774386e-05,0.018865519
/opt/hostedtoolcache/Python/3.11.16/x64/lib/python3.11/inspect.py,2063,_signature_is_builtin,7,7,3.6852000000000006e-05,2.3022356201363457e-05,9.510700000000001e-05
/opt/hostedtoolcache/Python/3.11.16/x64/lib/python3.11/re/_parser.py,265,getwhile,9,9,3.6780000000000004e-05,2.2977376019921523e-05,5.8370000000000005e-05
/opt/hostedtoolcache/Python/3.11.16/x64/lib/python3.11/site-packages/httpx/_transports/asgi.py,1,<module>,1,1,3.6408e-05,2.274497841580486e-05,0.0017111820000000001
/opt/hostedtoolcache/Python/3.11.16/x64/lib/python3.11/locale.py,396,normalize,6,6,3.6276e-05,2.2662514749827982e-05,5.7226000000000004e-05
/opt/hostedtoolcache/Python/3.11.16/x64/lib/python3.11/importlib/resources/_legacy.py,1,<module>,1,1,3.6157e-05,2.2588172505500337e-05,0.000409554
/opt/hostedtoolcache/Python/3.11.16/x64/lib/python3.11/email/errors.py,1,<module>,1,1,3.6096e-05,2.2550064296223144e-05,0.000405185
~,0,<method 'close' of '_io.TextIOWrapper' objects>,4,4,3.6008000000000005e-05,2.2495088518905226e-05,3.6008000000000005e-05
<frozen importlib._bootstrap_external>,1151,_cache_bytecode,7,7,3.5939e-05,2.2451982511690037e-05,0.001600669
/opt/hostedtoolcache/Python/3.11.16/x64/lib/python3.11/enum.py,979,_find_data_type_,4,4,3.5828e-05,2.2382638065300388e-05,5.1998000000000006e-05
/opt/hostedtoolcache/Python/3.11.16/x64/lib/python3.11/enum.py,484,__prepare__,2,2,3.5789e-05,2.2358273800352672e-05,0.00020547300000000002
/opt/hostedtoolcache/Python/3.11.16/x64/lib/python3.11/argparse.py,2205,_match_argument,6,6,3.5736000000000005e-05,2.2325163389013474e-05,0.00012445200000000002
/opt/hostedtoolcache/Python/3.11.16/x64/lib/python3.11/typing.py,1981,_caller,9,9,3.5509e-05,2.2183350872522928e-05,5.3060000000000004e-05
/opt/hostedtoolcache/Python/3.11.16/x64/lib/python3.11/unittest/mock.py,420,__new__,1,1,3.5355e-05,2.208714326221657e-05,0.000207567
/opt/hostedtoolcache/Python/3.11.16/x64/lib/python3.11/enum.py,933,_check_for_existing_members_,6,6,3.5095e-05,2.1924714829231803e-05,5.3767e-05
/opt/hostedtoolcache/Python/3.11.16/x64/lib/python3.11/importlib/resources/abc.py,1,<module>,1,1,3.5005e-05,2.1868489602429387e-05,0.0008543940000000001
/opt/hostedtoolcache/Python/3.11.16/x64/lib/python3.11/argparse.py,1742,__init__,1,1,3.4896e-05,2.1800394605524232e-05,0.00128644
/opt/hostedtoolcache/Python/3.11.16/x64/lib/python3.11/weakref.py,367,__init__,2,2,3.4674e-05,2.1661705712744937e-05,3.4674e-05
/opt/hostedtoolcache/Python/3.11.16/x64/lib/python3.11/email/header.py,1,<module>,1,1,3.4373000000000004e-05,2.1473663565327962e-05,0.0065967050000000005
/opt/hostedtoolcache/Python/3.11.16/x64/lib/python3.11/pathlib.py,703,relative_to,3,3,3.4105e-05,2.1306237334405203e-05,0.000238796
/opt/hostedtoolcache/Python/3.11.16/x64/lib/python3.11/unittest/mock.py,1425,__enter__,1,1,3.3913000000000005e-05,2.1186290183893384e-05,0.0017961000000000001
/opt/hostedtoolcache/Python/3.11.16/x64/lib/python3.11/argparse.py,2597,_get_formatter,11,11,3.3913000000000005e-05,2.1186290183893384e-05,0.0006657130000000001
/home/runner/work/_temp/scanner-verification-il7_c53e/final/tests/benchmark_hybrid.py,156,<lambda>,3,3,3.3866000000000004e-05,2.1156928121007676e-05,0.001045308
/opt/hostedtoolcache/Python/3.11.16/x64/lib/python3.11/enum.py,1514,__or__,5,5,3.3822e-05,2.1129440232348714e-05,0.000251257
/opt/hostedtoolcache/Python/3.11.16/x64/lib/python3.11/argparse.py,2475,_get_values,6,6,3.3723e-05,2.1067592482866056e-05,0.00022509
/home/runner/work/_temp/scanner-verification-il7_c53e/final/avatar_cache.py,125,__init__,2,2,3.3572e-05,2.0973259046786443e-05,0.001824934
<frozen zipimport>,401,_read_directory,1,1,3.3533e-05,2.0948894781838724e-05,0.000108102
/opt/hostedtoolcache/Python/3.11.16/x64/lib/python3.11/logging/__init__.py,1447,__init__,7,7,3.3312e-05,2.081083061380168e-05,6.1705e-05
/home/runner/work/_temp/scanner-verification-il7_c53e/final/tiktok_worker_scanner.py,3306,__enter__,1,1,3.2923e-05,2.056781268906678e-05,0.00044108300000000005
/opt/hostedtoolcache/Python/3.11.16/x64/lib/python3.11/site-packages/httpx/_urls.py,1,<module>,1,1,3.2768e-05,2.0470980354018172e-05,0.017403101
/opt/hostedtoolcache/Python/3.11.16/x64/lib/python3.11/tempfile.py,1,<module>,1,1,3.2761e-05,2.0466607280822427e-05,0.000168374
/home/runner/work/_temp/scanner-verification-il7_c53e/final/scan_runtime.py,52,__init__,1,1,3.2226e-05,2.0132379543719166e-05,0.000130533
/opt/hostedtoolcache/Python/3.11.16/x64/lib/python3.11/encodings/utf_8_sig.py,54,_buffer_decode,5,5,3.203e-05,2.0009933494238344e-05,4.9412e-05
/opt/hostedtoolcache/Python/3.11.16/x64/lib/python3.11/ssl.py,745,create_default_context,1,1,3.1941000000000005e-05,1.995433299217818e-05,0.02304735
/opt/hostedtoolcache/Python/3.11.16/x64/lib/python3.11/site-packages/httpx/_transports/__init__.py,1,<module>,1,1,3.1709000000000004e-05,1.9809396851976387e-05,0.005855542
/opt/hostedtoolcache/Python/3.11.16/x64/lib/python3.11/site-packages/httpx/_config.py,1,<module>,1,1,3.1521000000000005e-05,1.969194860043356e-05,0.000208549
<frozen genericpath>,16,exists,12,12,3.1357000000000005e-05,1.958949374270471e-05,7.855500000000001e-05
/opt/hostedtoolcache/Python/3.11.16/x64/lib/python3.11/logging/__init__.py,1378,_fixupParents,7,7,3.1248e-05,1.9521398745799558e-05,4.8501e-05
/opt/hostedtoolcache/Python/3.11.16/x64/lib/python3.11/typing.py,1636,copy_with,7,7,3.1085000000000005e-05,1.9419568612812957e-05,0.0006622850000000001
/opt/hostedtoolcache/Python/3.11.16/x64/lib/python3.11/http/__init__.py,1,<module>,1,1,3.1058e-05,1.940270104477223e-05,0.004048051
/opt/hostedtoolcache/Python/3.11.16/x64/lib/python3.11/asyncio/runners.py,65,close,1,1,3.0787e-05,1.9233400639622725e-05,0.0007377960000000001
/opt/hostedtoolcache/Python/3.11.16/x64/lib/python3.11/inspect.py,3007,from_callable,7,7,3.0604e-05,1.911907601179114e-05,0.0039092
/home/runner/work/_temp/scanner-verification-il7_c53e/final/tests/benchmark_hybrid.py,135,<dictcomp>,2,2,3.0277e-05,1.891479102107569e-05,9.328500000000001e-05
<frozen abc>,146,update_abstractmethods,7,7,3.0208000000000003e-05,1.88716850138605e-05,3.9094e-05
/opt/hostedtoolcache/Python/3.11.16/x64/lib/python3.11/importlib/resources/_legacy.py,15,deprecated,7,7,2.9796e-05,1.8614298420053878e-05,0.00023225300000000003
/opt/hostedtoolcache/Python/3.11.16/x64/lib/python3.11/pathlib.py,1230,exists,7,7,2.9722000000000004e-05,1.8568068789127446e-05,0.00028719400000000006
/opt/hostedtoolcache/Python/3.11.16/x64/lib/python3.11/inspect.py,1783,_is_type,14,14,2.9446000000000002e-05,1.8395644760266698e-05,5.2238000000000004e-05
/opt/hostedtoolcache/Python/3.11.16/x64/lib/python3.11/contextlib.py,305,asynccontextmanager,6,6,2.9086000000000002e-05,1.8170743853057025e-05,0.000190926
/opt/hostedtoolcache/Python/3.11.16/x64/lib/python3.11/mimetypes.py,1,<module>,1,1,2.8804e-05,1.799457147574278e-05,0.001355279
/opt/hostedtoolcache/Python/3.11.16/x64/lib/python3.11/concurrent/futures/thread.py,1,<module>,1,1,2.8555e-05,1.7839015014922756e-05,0.00010961500000000001
/opt/hostedtoolcache/Python/3.11.16/x64/lib/python3.11/pathlib.py,281,_make_selector,2,4,2.8533000000000003e-05,1.782527107059328e-05,0.0013347200000000002
<frozen os>,619,get_exec_path,1,1,2.8453e-05,1.777529309121335e-05,9.4145e-05
/opt/hostedtoolcache/Python/3.11.16/x64/lib/python3.11/datetime.py,515,_check_date_fields,5,5,2.8422000000000003e-05,1.7755926624203632e-05,4.6887e-05
/opt/hostedtoolcache/Python/3.11.16/x64/lib/python3.11/email/feedparser.py,1,<module>,1,1,2.8382e-05,1.7730937634513663e-05,0.015910368
/opt/hostedtoolcache/Python/3.11.16/x64/lib/python3.11/typing.py,1721,<genexpr>,28,28,2.8323000000000003e-05,1.769407887472097e-05,2.8323000000000003e-05
~,0,<built-in method _operator.index>,35,35,2.8287000000000002e-05,1.7671588784000004e-05,2.8287000000000002e-05
~,0,<built-in method posix.get_terminal_size>,11,11,2.8132e-05,1.7574756448951392e-05,2.8132e-05
~,0,<built-in method _socket.socketpair>,1,1,2.7732e-05,1.7324866552051756e-05,2.7732e-05
/opt/hostedtoolcache/Python/3.11.16/x64/lib/python3.11/asyncio/runners.py,160,run,1,1,2.7652000000000002e-05,1.727488857267183e-05,114.486200916
/opt/hostedtoolcache/Python/3.11.16/x64/lib/python3.11/unittest/mock.py,1130,_increment_mock_call,1,1,2.7422000000000003e-05,1.713120188195454e-05,7.4459e-05
~,0,<function Random.seed at 0x7f5039db4f40>,2,2,2.7170000000000002e-05,1.697377124690777e-05,2.7170000000000002e-05
/opt/hostedtoolcache/Python/3.11.16/x64/lib/python3.11/fractions.py,257,numerator,29,29,2.7139000000000002e-05,1.695440477989805e-05,2.7139000000000002e-05
/opt/hostedtoolcache/Python/3.11.16/x64/lib/python3.11/queue.py,1,<module>,1,1,2.712e-05,1.6942535009795314e-05,0.000837692
/opt/hostedtoolcache/Python/3.11.16/x64/lib/python3.11/platform.py,1187,platform,1,1,2.7110000000000003e-05,1.6936287762372824e-05,0.0013322050000000002
/home/runner/work/_temp/scanner-verification-il7_c53e/final/tests/benchmark_hybrid.py,133,process_io,2,2,2.7078e-05,1.6916296570620853e-05,0.00042738700000000005
/opt/hostedtoolcache/Python/3.11.16/x64/lib/python3.11/site-packages/httpx/_client.py,188,BaseClient,1,1,2.7061e-05,1.6905676250002615e-05,3.4555000000000004e-05
/home/runner/work/_temp/scanner-verification-il7_c53e/final/report_generator.py,1,<module>,1,1,2.705e-05,1.6898804277837875e-05,0.004567069
/opt/hostedtoolcache/Python/3.11.16/x64/lib/python3.11/dataclasses.py,548,<dictcomp>,7,7,2.705e-05,1.6898804277837875e-05,2.705e-05
/opt/hostedtoolcache/Python/3.11.16/x64/lib/python3.11/collections/__init__.py,424,<genexpr>,27,27,2.7041e-05,1.6893181755157636e-05,2.7041e-05
/opt/hostedtoolcache/Python/3.11.16/x64/lib/python3.11/email/message.py,1,<module>,1,1,2.7029e-05,1.6885685058250648e-05,0.0023462960000000003
/opt/hostedtoolcache/Python/3.11.16/x64/lib/python3.11/pathlib.py,260,compile_pattern,2,2,2.7001e-05,1.6868192765467673e-05,0.001265581
/opt/hostedtoolcache/Python/3.11.16/x64/lib/python3.11/argparse.py,2531,_get_value,6,6,2.6909000000000003e-05,1.681071808918076e-05,0.000179876
/opt/hostedtoolcache/Python/3.11.16/x64/lib/python3.11/email/_policybase.py,1,<module>,1,1,2.6870000000000002e-05,1.678635382423304e-05,0.011651504
/opt/hostedtoolcache/Python/3.11.16/x64/lib/python3.11/typing.py,757,<genexpr>,28,28,2.6808e-05,1.67476208902136e-05,2.6808e-05
/opt/hostedtoolcache/Python/3.11.16/x64/lib/python3.11/asyncio/tasks.py,764,_done_callback,3,3,2.68e-05,1.6742623092275604e-05,8.276400000000001e-05
/opt/hostedtoolcache/Python/3.11.16/x64/lib/python3.11/sqlite3/__init__.py,1,<module>,1,1,2.672e-05,1.6692645112895678e-05,0.002944373
/opt/hostedtoolcache/Python/3.11.16/x64/lib/python3.11/fractions.py,277,_operator_fallbacks,7,7,2.6620000000000003e-05,1.663017263867077e-05,2.6620000000000003e-05
/opt/hostedtoolcache/Python/3.11.16/x64/lib/python3.11/functools.py,668,<listcomp>,24,24,2.6445000000000002e-05,1.6520845808777178e-05,2.6445000000000002e-05
<frozen runpy>,262,run_path,1,1,2.6319000000000003e-05,1.6442130491253795e-05,119.14307048500001
/opt/hostedtoolcache/Python/3.11.16/x64/lib/python3.11/argparse.py,1853,_add_action,11,11,2.6012e-05,1.6250339995383323e-05,0.00017679200000000002
/opt/hostedtoolcache/Python/3.11.16/x64/lib/python3.11/inspect.py,2426,_descriptor_get,7,7,2.5947e-05,1.620973288713713e-05,5.1395000000000005e-05
/opt/hostedtoolcache/Python/3.11.16/x64/lib/python3.11/email/utils.py,1,<module>,1,1,2.5928000000000003e-05,1.61978631170344e-05,0.0036609090000000004
/opt/hostedtoolcache/Python/3.11.16/x64/lib/python3.11/typing.py,1664,<genexpr>,15,15,2.5881000000000002e-05,1.6168501054148694e-05,6.7528e-05
/home/runner/work/_temp/scanner-verification-il7_c53e/final/direct_protocol.py,1,<module>,1,1,2.5858000000000002e-05,1.6154132385076962e-05,0.007445299000000001
/opt/hostedtoolcache/Python/3.11.16/x64/lib/python3.11/fractions.py,261,denominator,29,29,2.5770000000000002e-05,1.6099156607759045e-05,2.5770000000000002e-05
/opt/hostedtoolcache/Python/3.11.16/x64/lib/python3.11/threading.py,283,_acquire_restore,10,10,2.5741000000000003e-05,1.608103959023382e-05,3.7612000000000005e-05
/opt/hostedtoolcache/Python/3.11.16/x64/lib/python3.11/asyncio/selector_events.py,49,__init__,1,1,2.5679000000000003e-05,1.6042306656214375e-05,0.00033488400000000003
/opt/hostedtoolcache/Python/3.11.16/x64/lib/python3.11/logging/__init__.py,228,_acquireLock,11,11,2.5667e-05,1.6034809959307384e-05,3.7481e-05
/home/runner/work/_temp/scanner-verification-il7_c53e/final/vendor/tiktok_sign.py,1,<module>,1,1,2.5638e-05,1.6016692941782165e-05,3.4324000000000005e-05
/opt/hostedtoolcache/Python/3.11.16/x64/lib/python3.11/email/charset.py,1,<module>,1,1,2.5319000000000003e-05,1.5817405749004702e-05,0.001276842
/home/runner/work/_temp/scanner-verification-il7_c53e/final/tests/benchmark_hybrid.py,109,transport,1,1,2.5319000000000003e-05,1.5817405749004702e-05,0.0008190480000000001
/opt/hostedtoolcache/Python/3.11.16/x64/lib/python3.11/importlib/resources/readers.py,1,<module>,1,1,2.5208e-05,1.5748061302615056e-05,0.003450105
/opt/hostedtoolcache/Python/3.11.16/x64/lib/python3.11/pathlib.py,1046,read_bytes,1,1,2.5177000000000003e-05,1.5728694835605335e-05,0.00010725
/opt/hostedtoolcache/Python/3.11.16/x64/lib/python3.11/datetime.py,1673,__new__,3,3,2.5096e-05,1.567809213148316e-05,8.602e-05
/opt/hostedtoolcache/Python/3.11.16/x64/lib/python3.11/asyncio/base_events.py,390,__init__,1,1,2.5045e-05,1.5646231169628452e-05,6.537100000000001e-05
/opt/hostedtoolcache/Python/3.11.16/x64/lib/python3.11/inspect.py,3023,replace,7,7,2.4978e-05,1.5604374611897765e-05,0.0005347770000000001
/opt/hostedtoolcache/Python/3.11.16/x64/lib/python3.11/asyncio/base_events.py,181,_run_until_complete_cb,3,3,2.4869000000000002e-05,1.5536279614992613e-05,4.6798e-05
/opt/hostedtoolcache/Python/3.11.16/x64/lib/python3.11/inspect.py,3261,signature,7,7,2.4717e-05,1.5441321454170753e-05,0.003933917
/opt/hostedtoolcache/Python/3.11.16/x64/lib/python3.11/subprocess.py,417,check_output,1,1,2.4715000000000003e-05,1.5440072004686252e-05,0.001178959
/opt/hostedtoolcache/Python/3.11.16/x64/lib/python3.11/http/__init__.py,163,__new__,9,9,2.4676000000000002e-05,1.541570773973854e-05,3.3773000000000003e-05
/opt/hostedtoolcache/Python/3.11.16/x64/lib/python3.11/site-packages/httpx/_models.py,515,Response,1,1,2.4657e-05,1.5403837969635804e-05,2.8073e-05
/opt/hostedtoolcache/Python/3.11.16/x64/lib/python3.11/dataclasses.py,397,<genexpr>,7,7,2.4514000000000003e-05,1.5314502331494187e-05,2.4514000000000003e-05
/opt/hostedtoolcache/Python/3.11.16/x64/lib/python3.11/typing.py,966,__init__,9,9,2.4496e-05,1.53032572861337e-05,0.000433799
<frozen _collections_abc>,78,_check_methods,9,9,2.4447e-05,1.5272645773763496e-05,2.4447e-05
/opt/hostedtoolcache/Python/3.11.16/x64/lib/python3.11/fractions.py,38,Fraction,1,1,2.4446000000000003e-05,1.527202104902125e-05,5.1066e-05
/home/runner/work/_temp/scanner-verification-il7_c53e/final/tiktok_worker_scanner.py,1504,__aexit__,3,3,2.4336000000000002e-05,1.5203301327373848e-05,0.00019653700000000002
/opt/hostedtoolcache/Python/3.11.16/x64/lib/python3.11/typing.py,2893,<dictcomp>,2,2,2.4287000000000003e-05,1.5172689815003643e-05,0.0007475950000000001
/opt/hostedtoolcache/Python/3.11.16/x64/lib/python3.11/site-packages/httpx/_client.py,1353,__init__,1,1,2.4224e-05,1.5133332156241948e-05,0.000786406
/opt/hostedtoolcache/Python/3.11.16/x64/lib/python3.11/datetime.py,528,_check_time_fields,5,5,2.4093e-05,1.5051493215007319e-05,4.0136e-05
/opt/hostedtoolcache/Python/3.11.16/x64/lib/python3.11/site-packages/httpx/_config.py,86,__init__,3,3,2.3914000000000002e-05,1.4939667486144733e-05,4.0195000000000004e-05
/opt/hostedtoolcache/Python/3.11.16/x64/lib/python3.11/typing.py,925,__hash__,12,12,2.3778000000000002e-05,1.4854704921198857e-05,3.4555000000000004e-05
/opt/hostedtoolcache/Python/3.11.16/x64/lib/python3.11/argparse.py,929,__init__,8,8,2.3646e-05,1.4772241255221977e-05,3.609e-05
/home/runner/work/_temp/scanner-verification-il7_c53e/final/tiktok_worker_scanner.py,3095,statistics_summary,3,3,2.3615e-05,1.4752874788212253e-05,0.0008398170000000001
/home/runner/work/_temp/scanner-verification-il7_c53e/final/avatar_cache.py,1,<module>,1,1,2.3484e-05,1.4671035846977624e-05,0.0016191900000000002
/opt/hostedtoolcache/Python/3.11.16/x64/lib/python3.11/concurrent/futures/thread.py,216,shutdown,2,2,2.3393e-05,1.4614185895432957e-05,0.00027933
/opt/hostedtoolcache/Python/3.11.16/x64/lib/python3.11/threading.py,562,__init__,5,5,2.3324000000000002e-05,1.4571079888217769e-05,6.349800000000001e-05
~,0,<method 'insert' of 'list' objects>,22,22,2.3304000000000003e-05,1.4558585393372789e-05,2.3304000000000003e-05
<frozen importlib._bootstrap>,216,_lock_unlock_module,5,5,2.3295000000000003e-05,1.4552962870692548e-05,0.00011203999999999999
/opt/hostedtoolcache/Python/3.11.16/x64/lib/python3.11/site-packages/idna/__init__.py,1,<module>,1,1,2.3274e-05,1.4539843651105316e-05,0.005030593000000001
/opt/hostedtoolcache/Python/3.11.16/x64/lib/python3.11/importlib/resources/__init__.py,1,<module>,1,1,2.3184e-05,1.4483618424302895e-05,0.004669301000000001
/opt/hostedtoolcache/Python/3.11.16/x64/lib/python3.11/argparse.py,597,format,11,11,2.3163e-05,1.4470499204715666e-05,3.3100000000000005e-05
/opt/hostedtoolcache/Python/3.11.16/x64/lib/python3.11/logging/__init__.py,237,_releaseLock,11,11,2.2961000000000003e-05,1.434430480678135e-05,3.2800000000000004e-05
/home/runner/work/_temp/scanner-verification-il7_c53e/final/tiktok_worker_scanner.py,1526,fill,3,3,2.2905000000000002e-05,1.43093202212154e-05,0.000321611
/opt/hostedtoolcache/Python/3.11.16/x64/lib/python3.11/dataclasses.py,624,_cmp_fn,7,7,2.2871000000000002e-05,1.4288079579978933e-05,0.0009836040000000001
/opt/hostedtoolcache/Python/3.11.16/x64/lib/python3.11/numbers.py,32,Complex,1,1,2.2734000000000003e-05,1.4202492290290806e-05,3.791e-05
/opt/hostedtoolcache/Python/3.11.16/x64/lib/python3.11/importlib/resources/_itertools.py,1,<module>,1,1,2.2562000000000002e-05,1.4095039634623964e-05,0.000682243
~,0,<method 'to_bytes' of 'int' objects>,21,21,2.2534e-05,1.4077547341840989e-05,2.2534e-05
~,0,<built-in method posix.pipe>,2,2,2.2523e-05,1.4070675369676248e-05,2.2523e-05
/opt/hostedtoolcache/Python/3.11.16/x64/lib/python3.11/email/_policybase.py,94,_append_doc,6,6,2.2494000000000002e-05,1.4052558352151026e-05,3.5616e-05
/opt/hostedtoolcache/Python/3.11.16/x64/lib/python3.11/email/_encoded_words.py,73,_QByteMap,1,1,2.2482000000000003e-05,1.4045061655244036e-05,2.4556e-05
<frozen runpy>,250,_get_code_from_file,1,1,2.2452e-05,1.4026319912976563e-05,0.002799601
/opt/hostedtoolcache/Python/3.11.16/x64/lib/python3.11/importlib/resources/_adapters.py,1,<module>,1,1,2.2432e-05,1.4013825418131583e-05,0.000266147
/home/runner/work/_temp/scanner-verification-il7_c53e/final/tiktok_worker_scanner.py,1271,__init__,1,1,2.2321000000000002e-05,1.3944480971741934e-05,3.2120000000000004e-05
/opt/hostedtoolcache/Python/3.11.16/x64/lib/python3.11/email/charset.py,206,__init__,2,2,2.2219000000000002e-05,1.3880759048032525e-05,3.6688000000000005e-05
/opt/hostedtoolcache/Python/3.11.16/x64/lib/python3.11/encodings/utf_8_sig.py,50,__init__,5,5,2.2189000000000004e-05,1.3862017305765054e-05,4.4942000000000004e-05
/opt/hostedtoolcache/Python/3.11.16/x64/lib/python3.11/site-packages/httpx/_transports/wsgi.py,1,<module>,1,1,2.2123e-05,1.3820785472776612e-05,8.016e-05
/opt/hostedtoolcache/Python/3.11.16/x64/lib/python3.11/threading.py,280,_release_save,10,10,2.2039e-05,1.3768308594427689e-05,3.1026000000000004e-05
~,0,<function socket.close at 0x7f503a640ae0>,2,2,2.18e-05,1.3618999381030157e-05,2.18e-05
/opt/hostedtoolcache/Python/3.11.16/x64/lib/python3.11/threading.py,829,_maintain_shutdown_locks,4,4,2.1751000000000002e-05,1.3588387868659951e-05,5.4874000000000004e-05
/opt/hostedtoolcache/Python/3.11.16/x64/lib/python3.11/gettext.py,519,translation,3,3,2.165e-05,1.3525290669692795e-05,0.00076656
<frozen importlib._bootstrap_external>,579,_calc_mode,7,7,2.146e-05,1.3406592968665467e-05,0.000103002
/home/runner/work/_temp/scanner-verification-il7_c53e/final/tiktok_worker_scanner.py,3394,<setcomp>,2,2,2.1360000000000002e-05,1.3344120494440558e-05,2.1360000000000002e-05
/opt/hostedtoolcache/Python/3.11.16/x64/lib/python3.11/urllib/parse.py,833,__getattr__,7,7,2.1313e-05,1.3314758431554849e-05,2.1313e-05
/opt/hostedtoolcache/Python/3.11.16/x64/lib/python3.11/typing.py,1298,__mro_entries__,3,3,2.125e-05,1.3275400772793157e-05,3.7961000000000005e-05
/opt/hostedtoolcache/Python/3.11.16/x64/lib/python3.11/site-packages/httpx/_utils.py,1,<module>,1,1,2.1190000000000002e-05,1.3237917288258213e-05,4.2109e-05
/opt/hostedtoolcache/Python/3.11.16/x64/lib/python3.11/http/cookiejar.py,1246,CookieJar,1,1,2.1179000000000002e-05,1.3231045316093472e-05,0.001987988
/opt/hostedtoolcache/Python/3.11.16/x64/lib/python3.11/asyncio/base_events.py,587,_check_running,6,6,2.1101e-05,1.3182316786198043e-05,3.3283e-05
/home/runner/work/_temp/scanner-verification-il7_c53e/final/report_generator.py,205,<dictcomp>,1,1,2.109e-05,1.31754448140333e-05,3.6919000000000003e-05
/opt/hostedtoolcache/Python/3.11.16/x64/lib/python3.11/platform.py,825,uname,2,2,2.088e-05,1.3044252618160993e-05,3.8192e-05
/opt/hostedtoolcache/Python/3.11.16/x64/lib/python3.11/site-packages/httpx/_transports/base.py,1,<module>,1,1,2.0778e-05,1.2980530694451586e-05,0.00023555
/opt/hostedtoolcache/Python/3.11.16/x64/lib/python3.11/argparse.py,844,__init__,11,11,2.0578000000000002e-05,1.285558574600177e-05,2.0578000000000002e-05
/opt/hostedtoolcache/Python/3.11.16/x64/lib/python3.11/dataclasses.py,603,<genexpr>,12,12,2.048e-05,1.2794362721261357e-05,2.9656000000000002e-05
/opt/hostedtoolcache/Python/3.11.16/x64/lib/python3.11/contextlib.py,558,__exit__,2,2,2.0469e-05,1.2787490749096618e-05,3.4465e-05
/opt/hostedtoolcache/Python/3.11.16/x64/lib/python3.11/site-packages/httpx/_transports/mock.py,1,<module>,1,1,2.0368000000000002e-05,1.272439355012946e-05,0.000463625
/opt/hostedtoolcache/Python/3.11.16/x64/lib/python3.11/email/parser.py,1,<module>,1,1,2.0278e-05,1.2668168323327042e-05,0.016532328000000002
/home/runner/work/_temp/scanner-verification-il7_c53e/final/scan_runtime.py,1,<module>,1,1,2.0277000000000003e-05,1.2667543598584795e-05,0.002185227
/opt/hostedtoolcache/Python/3.11.16/x64/lib/python3.11/random.py,493,<listcomp>,1,1,2.0187000000000002e-05,1.2611318371782374e-05,3.5336e-05
/home/runner/work/_temp/scanner-verification-il7_c53e/final/tiktok_worker_scanner.py,761,_persist_locked,2,2,2.012e-05,1.2569461814051684e-05,0.0024380770000000003
/opt/hostedtoolcache/Python/3.11.16/x64/lib/python3.11/subprocess.py,1282,_close_pipe_fds,1,1,1.9867e-05,1.2411406454262666e-05,7.0321e-05
/home/runner/work/_temp/scanner-verification-il7_c53e/final/avatar_cache.py,166,__init__,1,1,1.9677e-05,1.229270875323534e-05,0.0012979010000000002
/opt/hostedtoolcache/Python/3.11.16/x64/lib/python3.11/platform.py,1002,_sys_version,1,1,1.9616e-05,1.2254600543958145e-05,3.4555000000000004e-05
/opt/hostedtoolcache/Python/3.11.16/x64/lib/python3.11/dataclasses.py,592,<listcomp>,7,7,1.9605000000000003e-05,1.2247728571793407e-05,1.9605000000000003e-05
/home/runner/work/_temp/scanner-verification-il7_c53e/final/scan_runtime.py,30,runtime_ceiling,1,1,1.9577000000000002e-05,1.223023627901043e-05,0.000939762
/home/runner/work/_temp/scanner-verification-il7_c53e/final/tiktok_worker_scanner.py,1574,trust_store,1,1,1.9557000000000003e-05,1.2217741784165449e-05,0.035928638
/opt/hostedtoolcache/Python/3.11.16/x64/lib/python3.11/mimetypes.py,405,_default_mime_types,1,1,1.9557000000000003e-05,1.2217741784165449e-05,1.9557000000000003e-05
/opt/hostedtoolcache/Python/3.11.16/x64/lib/python3.11/unittest/mock.py,762,__setattr__,4,5,1.9555e-05,1.2216492334680951e-05,4.9382e-05
/opt/hostedtoolcache/Python/3.11.16/x64/lib/python3.11/enum.py,1357,_iter_member_by_value_,6,6,1.9526000000000002e-05,1.2198375317155727e-05,3.4774e-05
~,0,<method 'setter' of 'property' objects>,16,16,1.9476e-05,1.2167139080043273e-05,1.9476e-05
/opt/hostedtoolcache/Python/3.11.16/x64/lib/python3.11/pkgutil.py,407,get_importer,1,1,1.9295e-05,1.2054063901696185e-05,0.000182041
~,0,<method 'endswith' of 'bytes' objects>,19,19,1.9286e-05,1.2048441379015945e-05,1.9286e-05
~,0,<built-in method _sre.ascii_iscased>,22,22,1.9103e-05,1.1934116751184361e-05,1.9103e-05
/opt/hostedtoolcache/Python/3.11.16/x64/lib/python3.11/re/__init__.py,163,match,6,6,1.9095000000000003e-05,1.192911895324637e-05,4.7469e-05
/opt/hostedtoolcache/Python/3.11.16/x64/lib/python3.11/argparse.py,2342,_get_nargs_pattern,6,6,1.9059e-05,1.1906628862525402e-05,3.0338000000000003e-05
/opt/hostedtoolcache/Python/3.11.16/x64/lib/python3.11/__future__.py,1,<module>,1,1,1.9054e-05,1.1903505238814156e-05,4.6036000000000004e-05
/opt/hostedtoolcache/Python/3.11.16/x64/lib/python3.11/argparse.py,588,_metavar_formatter,11,11,1.9047000000000002e-05,1.1899132165618414e-05,2.2093e-05
/opt/hostedtoolcache/Python/3.11.16/x64/lib/python3.11/socket.py,651,socketpair,1,1,1.8936e-05,1.1829787719228763e-05,5.9521e-05
/opt/hostedtoolcache/Python/3.11.16/x64/lib/python3.11/typing.py,2891,_make_nmtuple,2,2,1.8924e-05,1.1822291022321774e-05,0.001157719
/opt/hostedtoolcache/Python/3.11.16/x64/lib/python3.11/dataclasses.py,1017,<listcomp>,7,7,1.8855e-05,1.1779185015106588e-05,1.8855e-05
/opt/hostedtoolcache/Python/3.11.16/x64/lib/python3.11/numbers.py,1,<module>,1,1,1.8525e-05,1.1573025850164387e-05,0.00029985
/opt/hostedtoolcache/Python/3.11.16/x64/lib/python3.11/datetime.py,1665,datetime,1,1,1.8505e-05,1.1560531355319405e-05,1.8505e-05
/opt/hostedtoolcache/Python/3.11.16/x64/lib/python3.11/threading.py,839,<listcomp>,4,4,1.8465e-05,1.1535542365629442e-05,2.7391000000000003e-05
/opt/hostedtoolcache/Python/3.11.16/x64/lib/python3.11/functools.py,725,<listcomp>,1,7,1.8204e-05,1.137248920790243e-05,0.000179915
/opt/hostedtoolcache/Python/3.11.16/x64/lib/python3.11/asyncio/queues.py,33,__init__,2,2,1.8156e-05,1.1342502420274474e-05,2.6851e-05
/opt/hostedtoolcache/Python/3.11.16/x64/lib/python3.11/site-packages/httpx/_client.py,1307,AsyncClient,1,1,1.8124e-05,1.1322511228522502e-05,5.1005000000000004e-05
/home/runner/work/_temp/scanner-verification-il7_c53e/final/scan_runtime.py,147,__aexit__,2,2,1.8064000000000002e-05,1.1285027743987557e-05,0.00036998900000000004
~,0,<method 'values' of 'mappingproxy' objects>,16,16,1.7801e-05,1.1120725136776048e-05,1.7801e-05
/opt/hostedtoolcache/Python/3.11.16/x64/lib/python3.11/site-packages/httpx/_client.py,594,Client,1,1,1.7784e-05,1.1110104816157812e-05,5.3120000000000006e-05
/opt/hostedtoolcache/Python/3.11.16/x64/lib/python3.11/email/message.py,141,Message,1,1,1.7783000000000002e-05,1.1109480091415565e-05,0.0005906420000000001
/opt/hostedtoolcache/Python/3.11.16/x64/lib/python3.11/asyncio/selector_events.py,105,_make_self_pipe,1,1,1.7753e-05,1.109073834914809e-05,0.000175748
/opt/hostedtoolcache/Python/3.11.16/x64/lib/python3.11/dataclasses.py,1204,dataclass,7,7,1.7684000000000002e-05,1.1047632341932905e-05,0.014951730000000002
/home/runner/work/_temp/scanner-verification-il7_c53e/final/backend_metrics.py,10,__init__,1,1,1.7664000000000002e-05,1.1035137847087921e-05,6.199600000000001e-05
/opt/hostedtoolcache/Python/3.11.16/x64/lib/python3.11/subprocess.py,1688,_get_handles,1,1,1.7654e-05,1.102889059966543e-05,7.682400000000001e-05
/opt/hostedtoolcache/Python/3.11.16/x64/lib/python3.11/pathlib.py,736,is_relative_to,3,3,1.7623e-05,1.1009524132655708e-05,0.000256419
/opt/hostedtoolcache/Python/3.11.16/x64/lib/python3.11/tempfile.py,361,mkdtemp,1,1,1.7531000000000002e-05,1.0952049456368794e-05,0.000274552
/opt/hostedtoolcache/Python/3.11.16/x64/lib/python3.11/numbers.py,294,Integral,1,1,1.7431e-05,1.0889576982143883e-05,2.9314e-05
/opt/hostedtoolcache/Python/3.11.16/x64/lib/python3.11/asyncio/selector_events.py,265,_add_reader,1,1,1.7423000000000002e-05,1.0884579184205892e-05,9.3775e-05
/opt/hostedtoolcache/Python/3.11.16/x64/lib/python3.11/email/_policybase.py,104,<genexpr>,10,10,1.7123000000000002e-05,1.0697161761531165e-05,2.18e-05
<frozen importlib._bootstrap_external>,1220,__init__,13,13,1.7071e-05,1.066467607493421e-05,1.7071e-05
/opt/hostedtoolcache/Python/3.11.16/x64/lib/python3.11/asyncio/selector_events.py,86,close,1,1,1.7023e-05,1.0634689287306254e-05,0.00016500800000000002
/opt/hostedtoolcache/Python/3.11.16/x64/lib/python3.11/secrets.py,1,<module>,1,1,1.6993e-05,1.0615947545038783e-05,0.0017195180000000002
/home/runner/work/_temp/scanner-verification-il7_c53e/final/tiktok_worker_scanner.py,582,__init__,1,1,1.6921e-05,1.0570967363596847e-05,0.001207221
/opt/hostedtoolcache/Python/3.11.16/x64/lib/python3.11/email/_encoded_words.py,1,<module>,1,1,1.6902000000000002e-05,1.0559097593494116e-05,0.000628823
/opt/hostedtoolcache/Python/3.11.16/x64/lib/python3.11/dataclasses.py,1043,<listcomp>,7,7,1.6901e-05,1.0558472868751865e-05,1.6901e-05
/opt/hostedtoolcache/Python/3.11.16/x64/lib/python3.11/importlib/resources/abc.py,56,Traversable,1,1,1.685e-05,1.052661190689716e-05,0.000218447
/opt/hostedtoolcache/Python/3.11.16/x64/lib/python3.11/statistics.py,414,mean,1,1,1.677e-05,1.0476633927517234e-05,0.017617131
~,0,<built-in method _sre.ascii_tolower>,21,21,1.6758e-05,1.0469137230610247e-05,1.6758e-05
/opt/hostedtoolcache/Python/3.11.16/x64/lib/python3.11/unittest/mock.py,1102,__init__,1,1,1.6701e-05,1.0433527920302047e-05,0.0010479950000000001
/opt/hostedtoolcache/Python/3.11.16/x64/lib/python3.11/argparse.py,1652,__init__,2,2,1.6671e-05,1.0414786178034574e-05,0.000146042
/opt/hostedtoolcache/Python/3.11.16/x64/lib/python3.11/fractions.py,1,<module>,1,1,1.6630000000000002e-05,1.0389172463602363e-05,0.008745092000000001
/opt/hostedtoolcache/Python/3.11.16/x64/lib/python3.11/random.py,128,seed,2,2,1.6590000000000002e-05,1.03641834739124e-05,4.834e-05
/home/runner/work/_temp/scanner-verification-il7_c53e/final/tiktok_worker_scanner.py,3437,_set_control,3,3,1.6583e-05,1.0359810400716655e-05,9.521800000000001e-05
/opt/hostedtoolcache/Python/3.11.16/x64/lib/python3.11/gettext.py,578,dgettext,3,3,1.6511e-05,1.0314830219274721e-05,0.000785807
/opt/hostedtoolcache/Python/3.11.16/x64/lib/python3.11/concurrent/futures/thread.py,123,__init__,2,2,1.6392e-05,1.024048797494708e-05,4.0827e-05
<frozen codecs>,260,__init__,12,12,1.6169e-05,1.0101174357425532e-05,1.6169e-05
/opt/hostedtoolcache/Python/3.11.16/x64/lib/python3.11/decimal.py,1,<module>,1,1,1.6151000000000002e-05,1.008992931206505e-05,0.001097387
/opt/hostedtoolcache/Python/3.11.16/x64/lib/python3.11/argparse.py,1612,_check_conflict,11,11,1.6040000000000002e-05,1.00205848656754e-05,1.6040000000000002e-05
/opt/hostedtoolcache/Python/3.11.16/x64/lib/python3.11/asyncio/events.py,754,_init_event_loop_policy,1,1,1.5989000000000002e-05,9.988723903820697e-06,3.8963e-05
/opt/hostedtoolcache/Python/3.11.16/x64/lib/python3.11/re/_compiler.py,391,_bytes_to_codes,2,2,1.5949000000000003e-05,9.963734914130734e-06,2.8282e-05
/opt/hostedtoolcache/Python/3.11.16/x64/lib/python3.11/dataclasses.py,599,_frozen_get_del_attr,2,2,1.5649000000000002e-05,9.776317491456005e-06,0.00053571
/opt/hostedtoolcache/Python/3.11.16/x64/lib/python3.11/datetime.py,1336,__new__,2,2,1.5639e-05,9.770070244033514e-06,3.8603e-05
/home/runner/work/_temp/scanner-verification-il7_c53e/final/tiktok_worker_scanner.py,3433,_control,3,3,1.562e-05,9.758200473930781e-06,4.9512e-05
/opt/hostedtoolcache/Python/3.11.16/x64/lib/python3.11/threading.py,1324,_make_invoke_excepthook,5,5,1.5490000000000002e-05,9.6769862574384e-06,1.5490000000000002e-05
/opt/hostedtoolcache/Python/3.11.16/x64/lib/python3.11/typing.py,1552,__mro_entries__,3,3,1.5399e-05,9.620136305893731e-06,5.6917000000000004e-05
/home/runner/work/_temp/scanner-verification-il7_c53e/final/hybrid_backend.py,549,create_client,1,1,1.5379e-05,9.607641811048751e-06,0.0020446130000000002
/opt/hostedtoolcache/Python/3.11.16/x64/lib/python3.11/numbers.py,147,Real,1,1,1.537e-05,9.602019288368509e-06,2.5508e-05
/opt/hostedtoolcache/Python/3.11.16/x64/lib/python3.11/typing.py,723,Optional,2,2,1.5348000000000003e-05,9.588275344039031e-06,0.00047820200000000005
/opt/hostedtoolcache/Python/3.11.16/x64/lib/python3.11/asyncio/selector_events.py,97,_close_self_pipe,1,1,1.5328e-05,9.575780849194048e-06,0.000117088
/opt/hostedtoolcache/Python/3.11.16/x64/lib/python3.11/functools.py,800,singledispatch,1,1,1.5318e-05,9.569533601771556e-06,7.1233e-05
/home/runner/work/_temp/scanner-verification-il7_c53e/final/tiktok_worker_scanner.py,3762,export_discoveries,1,1,1.5299e-05,9.557663831668824e-06,0.037057114
/opt/hostedtoolcache/Python/3.11.16/x64/lib/python3.11/site-packages/certifi/core.py,21,where,1,1,1.5278000000000002e-05,9.544544612081593e-06,0.005302080000000001
/opt/hostedtoolcache/Python/3.11.16/x64/lib/python3.11/asyncio/tasks.py,707,__init__,3,3,1.4998000000000001e-05,9.369621684251848e-06,1.8064000000000002e-05
~,0,<built-in method _abc._abc_register>,5,5,1.4957000000000001e-05,9.344007969819636e-06,0.00012862
~,0,<built-in method posix.waitpid>,1,1,1.4878e-05,9.294654715181957e-06,1.4878e-05
/opt/hostedtoolcache/Python/3.11.16/x64/lib/python3.11/selectors.py,180,get_key,2,2,1.4738e-05,9.207193251267084e-06,5.0082000000000006e-05
<frozen io>,61,__getattr__,5,5,1.4676000000000001e-05,9.168460317247641e-06,1.4676000000000001e-05
/opt/hostedtoolcache/Python/3.11.16/x64/lib/python3.11/inspect.py,3015,parameters,15,15,1.4657e-05,9.156590547144909e-06,1.4657e-05
/opt/hostedtoolcache/Python/3.11.16/x64/lib/python3.11/site-packages/httpx/_models.py,328,__delitem__,2,2,1.4626e-05,9.137224080135187e-06,3.6799000000000005e-05
/opt/hostedtoolcache/Python/3.11.16/x64/lib/python3.11/urllib/request.py,317,Request,1,1,1.4586e-05,9.112235090445222e-06,1.9376000000000002e-05
/opt/hostedtoolcache/Python/3.11.16/x64/lib/python3.11/functools.py,852,register,2,2,1.4546000000000001e-05,9.08724610075526e-06,4.8650000000000003e-05
/opt/hostedtoolcache/Python/3.11.16/x64/lib/python3.11/asyncio/locks.py,167,__init__,8,8,1.4538e-05,9.082248302817268e-06,1.4538e-05
/opt/hostedtoolcache/Python/3.11.16/x64/lib/python3.11/selectors.py,347,__init__,1,1,1.4537000000000002e-05,9.081623578075019e-06,2.1339e-05
/opt/hostedtoolcache/Python/3.11.16/x64/lib/python3.11/logging/__init__.py,202,_checkLevel,7,7,1.4525e-05,9.074126881168029e-06,2.0268e-05
/opt/hostedtoolcache/Python/3.11.16/x64/lib/python3.11/functools.py,732,_compose_mro,1,1,1.4507e-05,9.062881835807545e-06,0.000250507
/opt/hostedtoolcache/Python/3.11.16/x64/lib/python3.11/argparse.py,2243,_parse_optional,12,12,1.4447e-05,9.0253983512726e-06,1.4447e-05
~,0,<method 'items' of 'mappingproxy' objects>,11,11,1.4437000000000001e-05,9.019151103850108e-06,1.4437000000000001e-05
/opt/hostedtoolcache/Python/3.11.16/x64/lib/python3.11/pathlib.py,349,__init__,2,2,1.4417000000000001e-05,9.006656609005128e-06,0.0012847560000000002
/opt/hostedtoolcache/Python/3.11.16/x64/lib/python3.11/inspect.py,310,ismethoddescriptor,7,7,1.4226e-05,8.887334183235551e-06,3.1769e-05
/opt/hostedtoolcache/Python/3.11.16/x64/lib/python3.11/unittest/mock.py,2107,__init__,1,1,1.4166000000000001e-05,8.849850698700605e-06,0.001453141
/opt/hostedtoolcache/Python/3.11.16/x64/lib/python3.11/platform.py,753,from_subprocess,1,1,1.4137e-05,8.831733681175381e-06,0.001194448
/opt/hostedtoolcache/Python/3.11.16/x64/lib/python3.11/enum.py,1008,_find_new_,2,2,1.4075000000000002e-05,8.793000747155939e-06,2.9693000000000002e-05
/opt/hostedtoolcache/Python/3.11.16/x64/lib/python3.11/dataclasses.py,1052,<listcomp>,7,7,1.4055e-05,8.780506252310957e-06,1.4055e-05
/home/runner/work/_temp/scanner-verification-il7_c53e/final/tiktok_worker_scanner.py,696,_profiles_locked,2,2,1.3996000000000001e-05,8.743647492518262e-06,1.9597000000000002e-05
/opt/hostedtoolcache/Python/3.11.16/x64/lib/python3.11/uuid.py,85,UUID,1,1,1.3996000000000001e-05,8.743647492518262e-06,1.5679e-05
/opt/hostedtoolcache/Python/3.11.16/x64/lib/python3.11/signal.py,56,signal,2,2,1.3945000000000001e-05,8.711786530663557e-06,3.7500000000000003e-05
/opt/hostedtoolcache/Python/3.11.16/x64/lib/python3.11/random.py,119,__init__,3,3,1.3885e-05,8.67430304612861e-06,6.349800000000001e-05
/opt/hostedtoolcache/Python/3.11.16/x64/lib/python3.11/site-packages/httpx/_models.py,139,Headers,1,1,1.3825e-05,8.636819561593666e-06,1.5318e-05
/opt/hostedtoolcache/Python/3.11.16/x64/lib/python3.11/pathlib.py,304,__init__,2,4,1.3806000000000001e-05,8.624949791490934e-06,0.0013124990000000002
/opt/hostedtoolcache/Python/3.11.16/x64/lib/python3.11/argparse.py,206,__init__,11,11,1.3726e-05,8.574971812111006e-06,1.3726e-05
/opt/hostedtoolcache/Python/3.11.16/x64/lib/python3.11/selectors.py,69,__getitem__,2,2,1.3694000000000001e-05,8.554980620359037e-06,3.0666e-05
/opt/hostedtoolcache/Python/3.11.16/x64/lib/python3.11/platform.py,543,_platform,1,1,1.3675e-05,8.543110850256303e-06,4.7428e-05
/opt/hostedtoolcache/Python/3.11.16/x64/lib/python3.11/unittest/mock.py,1119,__call__,1,1,1.3516e-05,8.443779616238697e-06,0.0021756180000000003
/opt/hostedtoolcache/Python/3.11.16/x64/lib/python3.11/asyncio/selector_events.py,281,_remove_reader,1,1,1.3505e-05,8.436907644073958e-06,6.2717e-05
~,0,<built-in method sys.getrecursionlimit>,14,14,1.3446000000000001e-05,8.40004888428126e-06,1.3446000000000001e-05
/opt/hostedtoolcache/Python/3.11.16/x64/lib/python3.11/inspect.py,505,isbuiltin,7,7,1.3441e-05,8.396925260570016e-06,1.9334e-05
/opt/hostedtoolcache/Python/3.11.16/x64/lib/python3.11/threading.py,1206,daemon,9,9,1.3397e-05,8.369437371911055e-06,1.3397e-05
/opt/hostedtoolcache/Python/3.11.16/x64/lib/python3.11/contextlib.py,521,callback,2,2,1.3374000000000001e-05,8.355068702839327e-06,2.2522000000000002e-05
/home/runner/work/_temp/scanner-verification-il7_c53e/final/tiktok_worker_scanner.py,1252,summary,1,1,1.3336e-05,8.331329162633862e-06,3.201e-05
~,0,<method 'locked' of '_thread.lock' objects>,16,16,1.3295e-05,8.305715448201648e-06,1.3295e-05
/opt/hostedtoolcache/Python/3.11.16/x64/lib/python3.11/weakref.py,427,__setitem__,5,5,1.3284000000000002e-05,8.29884347603691e-06,1.3284000000000002e-05
<frozen os>,773,getenv,5,5,1.3234e-05,8.267607238924453e-06,7.5339e-05
/opt/hostedtoolcache/Python/3.11.16/x64/lib/python3.11/http/cookiejar.py,92,<listcomp>,1,1,1.3194000000000001e-05,8.24261824923449e-06,2.3123000000000002e-05
/opt/hostedtoolcache/Python/3.11.16/x64/lib/python3.11/zipfile.py,1246,ZipFile,1,1,1.3175e-05,8.230748479131758e-06,1.4718e-05
/opt/hostedtoolcache/Python/3.11.16/x64/lib/python3.11/inspect.py,3019,return_annotation,14,14,1.3167000000000001e-05,8.225750681193764e-06,1.3167000000000001e-05
/opt/hostedtoolcache/Python/3.11.16/x64/lib/python3.11/platform.py,796,__iter__,1,1,1.3155e-05,8.218253984286776e-06,0.001242859
/opt/hostedtoolcache/Python/3.11.16/x64/lib/python3.11/unittest/mock.py,1571,__exit__,1,1,1.3104e-05,8.186393022432071e-06,2.5788e-05
/opt/hostedtoolcache/Python/3.11.16/x64/lib/python3.11/http/cookiejar.py,874,DefaultCookiePolicy,1,1,1.3104e-05,8.186393022432071e-06,1.3104e-05
~,0,<built-in method builtins.globals>,15,15,1.3073e-05,8.167026555422349e-06,1.3073e-05
/opt/hostedtoolcache/Python/3.11.16/x64/lib/python3.11/enum.py,1367,_iter_member_by_def_,6,6,1.3056e-05,8.156406234804116e-06,8.0723e-05
/opt/hostedtoolcache/Python/3.11.16/x64/lib/python3.11/functools.py,981,__get__,1,1,1.3044e-05,8.148909537897127e-06,0.001229704
/opt/hostedtoolcache/Python/3.11.16/x64/lib/python3.11/asyncio/runners.py,131,_lazy_init,2,2,1.3043e-05,8.148284813154878e-06,0.00042606400000000003
/home/runner/work/_temp/scanner-verification-il7_c53e/final/scan_statistics.py,1,<module>,1,1,1.2994000000000001e-05,8.117673300784672e-06,4.6527000000000004e-05
/opt/hostedtoolcache/Python/3.11.16/x64/lib/python3.11/signal.py,36,_enum_to_int,4,4,1.2974000000000001e-05,8.10517880593969e-06,1.2974000000000001e-05
/opt/hostedtoolcache/Python/3.11.16/x64/lib/python3.11/tempfile.py,682,SpooledTemporaryFile,1,1,1.2934e-05,8.080189816249728e-06,1.2934e-05
~,0,<method 'isalnum' of 'str' objects>,13,13,1.2864e-05,8.03645908429229e-06,1.2864e-05
/opt/hostedtoolcache/Python/3.11.16/x64/lib/python3.11/site-packages/httpx/_urls.py,15,URL,1,1,1.2694e-05,7.930255878109945e-06,1.2694e-05
/opt/hostedtoolcache/Python/3.11.16/x64/lib/python3.11/argparse.py,1475,add_argument_group,2,2,1.2683e-05,7.923383905945205e-06,0.000160569
/opt/hostedtoolcache/Python/3.11.16/x64/lib/python3.11/dataclasses.py,1046,<listcomp>,7,7,1.2623000000000001e-05,7.88590042141026e-06,1.2623000000000001e-05
<frozen abc>,110,register,5,5,1.2603000000000001e-05,7.873405926565279e-06,0.000141223
/opt/hostedtoolcache/Python/3.11.16/x64/lib/python3.11/site-packages/certifi/core.py,1,<module>,1,1,1.2573000000000001e-05,7.854664184297806e-06,0.005286512
/opt/hostedtoolcache/Python/3.11.16/x64/lib/python3.11/enum.py,772,__getattr__,3,3,1.2474000000000001e-05,7.792816434815146e-06,2.2561000000000003e-05
/opt/hostedtoolcache/Python/3.11.16/x64/lib/python3.11/tempfile.py,154,__next__,1,1,1.2463e-05,7.785944462650405e-06,9.7652e-05
/opt/hostedtoolcache/Python/3.11.16/x64/lib/python3.11/subprocess.py,2021,_wait,2,2,1.2422e-05,7.760330748218193e-06,4.1046e-05
/opt/hostedtoolcache/Python/3.11.16/x64/lib/python3.11/dataclasses.py,327,__set_name__,5,5,1.2405e-05,7.749710427599959e-06,2.0770000000000003e-05
<frozen _collections_abc>,907,pop,2,2,1.2371e-05,7.72846978636349e-06,8.3084e-05
~,0,<built-in method sys._getframe>,12,12,1.2362000000000001e-05,7.722847263683249e-06,1.2362000000000001e-05
/opt/hostedtoolcache/Python/3.11.16/x64/lib/python3.11/argparse.py,958,__call__,6,6,1.2334e-05,7.705354970900274e-06,1.8735000000000003e-05
/opt/hostedtoolcache/Python/3.11.16/x64/lib/python3.11/email/_policybase.py,112,Policy,1,1,1.2333e-05,7.704730246158025e-06,1.8094e-05
/opt/hostedtoolcache/Python/3.11.16/x64/lib/python3.11/pathlib.py,1141,unlink,2,2,1.2264000000000002e-05,7.661624238942836e-06,6.1435e-05
/opt/hostedtoolcache/Python/3.11.16/x64/lib/python3.11/asyncio/events.py,803,set_event_loop,2,2,1.2233000000000001e-05,7.642257771933114e-06,3.4033000000000004e-05
/opt/hostedtoolcache/Python/3.11.16/x64/lib/python3.11/unittest/mock.py,436,__init__,1,1,1.2132e-05,7.579160572965956e-06,0.0009989130000000001
/opt/hostedtoolcache/Python/3.11.16/x64/lib/python3.11/inspect.py,3197,bind_partial,1,1,1.2033000000000002e-05,7.517312823483298e-06,0.00016822400000000002
~,0,<built-in method sys.set_asyncgen_hooks>,6,6,1.2013e-05,7.504818328638315e-06,1.2013e-05
/opt/hostedtoolcache/Python/3.11.16/x64/lib/python3.11/threading.py,575,is_set,10,10,1.1963e-05,7.47358209152586e-06,1.1963e-05
<frozen posixpath>,150,dirname,2,2,1.1952e-05,7.466710119361121e-06,2.4016000000000002e-05
/opt/hostedtoolcache/Python/3.11.16/x64/lib/python3.11/platform.py,549,<genexpr>,6,6,1.1912e-05,7.441721129671158e-06,1.6079e-05
/opt/hostedtoolcache/Python/3.11.16/x64/lib/python3.11/datetime.py,893,date,1,1,1.1902e-05,7.435473882248666e-06,1.1902e-05
/home/runner/work/_temp/scanner-verification-il7_c53e/final/backend_metrics.py,1,<module>,1,1,1.1902e-05,7.435473882248666e-06,7.618200000000001e-05
/opt/hostedtoolcache/Python/3.11.16/x64/lib/python3.11/encodings/utf_8_sig.py,1,<module>,1,1,1.184e-05,7.396740948229222e-06,7.8677e-05
/opt/hostedtoolcache/Python/3.11.16/x64/lib/python3.11/unittest/mock.py,1176,_execute_mock_call,1,1,1.1802000000000002e-05,7.373001408023758e-06,0.002081453
/opt/hostedtoolcache/Python/3.11.16/x64/lib/python3.11/functools.py,774,_find_impl,1,1,1.1691e-05,7.303656961634108e-06,0.000264293
/opt/hostedtoolcache/Python/3.11.16/x64/lib/python3.11/importlib/resources/_adapters.py,146,_reader,1,1,1.1622000000000002e-05,7.2605509544189215e-06,0.004857621
/opt/hostedtoolcache/Python/3.11.16/x64/lib/python3.11/subprocess.py,1165,communicate,1,1,1.1541e-05,7.209948250296744e-06,9.370500000000001e-05
~,0,<built-in method builtins.dir>,1,1,1.1451000000000001e-05,7.153723023494327e-06,1.1451000000000001e-05
/opt/hostedtoolcache/Python/3.11.16/x64/lib/python3.11/signal.py,62,getsignal,2,2,1.144e-05,7.146851051329587e-06,2.222e-05
<frozen _collections_abc>,156,__subclasshook__,4,4,1.1372e-05,7.104369768856649e-06,2.2172e-05
/opt/hostedtoolcache/Python/3.11.16/x64/lib/python3.11/functools.py,818,dispatch,1,1,1.1301e-05,7.060014312156963e-06,0.000280082
/opt/hostedtoolcache/Python/3.11.16/x64/lib/python3.11/selectors.py,215,_fileobj_lookup,4,4,1.1292000000000001e-05,7.0543917894767215e-06,2.4255e-05
/opt/hostedtoolcache/Python/3.11.16/x64/lib/python3.11/datetime.py,923,__new__,2,2,1.129e-05,7.053142339992223e-06,3.3322000000000004e-05
/opt/hostedtoolcache/Python/3.11.16/x64/lib/python3.11/pathlib.py,313,select_from,2,2,1.1191e-05,6.9912945905095635e-06,9.780300000000001e-05
/opt/hostedtoolcache/Python/3.11.16/x64/lib/python3.11/subprocess.py,1259,wait,2,2,1.1152000000000001e-05,6.966930325561849e-06,5.2198000000000004e-05
/opt/hostedtoolcache/Python/3.11.16/x64/lib/python3.11/dataclasses.py,845,_hash_add,2,2,1.1141e-05,6.960058353397109e-06,0.000192198
~,0,<built-in method _asyncio._set_running_loop>,6,6,1.0981e-05,6.860102394637255e-06,1.0981e-05
/opt/hostedtoolcache/Python/3.11.16/x64/lib/python3.11/dataclasses.py,346,__init__,7,7,1.0849e-05,6.777638728660374e-06,1.0849e-05
/opt/hostedtoolcache/Python/3.11.16/x64/lib/python3.11/__future__.py,83,__init__,10,10,1.0841e-05,6.772640930722381e-06,1.0841e-05
/opt/hostedtoolcache/Python/3.11.16/x64/lib/python3.11/importlib/resources/abc.py,14,ResourceReader,1,1,1.0811e-05,6.753899188454909e-06,0.000125224
/opt/hostedtoolcache/Python/3.11.16/x64/lib/python3.11/typing.py,2076,<genexpr>,10,10,1.0779000000000001e-05,6.733907996702939e-06,1.0779000000000001e-05
<frozen os>,760,decode,4,4,1.0769000000000001e-05,6.727660749280448e-06,1.5689000000000002e-05
/opt/hostedtoolcache/Python/3.11.16/x64/lib/python3.11/site-packages/httpx/_models.py,334,<listcomp>,2,2,1.0742000000000002e-05,6.710793181239723e-06,1.6772e-05
/opt/hostedtoolcache/Python/3.11.16/x64/lib/python3.11/pathlib.py,1070,write_text,1,1,1.0689e-05,6.67768276990052e-06,0.000131545
/opt/hostedtoolcache/Python/3.11.16/x64/lib/python3.11/mimetypes.py,64,MimeTypes,1,1,1.063e-05,6.6408240101078236e-06,1.063e-05
/opt/hostedtoolcache/Python/3.11.16/x64/lib/python3.11/datetime.py,2293,timezone,1,1,1.0601e-05,6.6227069925826e-06,0.000136715
/opt/hostedtoolcache/Python/3.11.16/x64/lib/python3.11/socket.py,220,__init__,2,2,1.0479e-05,6.546490574028211e-06,1.0479e-05
/opt/hostedtoolcache/Python/3.11.16/x64/lib/python3.11/site-packages/certifi/__init__.py,1,<module>,1,1,1.0468e-05,6.539618601863471e-06,0.006132218
/opt/hostedtoolcache/Python/3.11.16/x64/lib/python3.11/site-packages/httpx/_client.py,1978,aclose,1,1,1.022e-05,6.384686865785698e-06,1.2213000000000001e-05
~,0,<built-in method _struct.calcsize>,5,5,1.019e-05,6.3659451235182256e-06,1.019e-05
<frozen _collections_abc>,315,__subclasshook__,6,6,1.019e-05,6.3659451235182256e-06,1.019e-05
/opt/hostedtoolcache/Python/3.11.16/x64/lib/python3.11/asyncio/base_events.py,697,is_running,9,9,1.0149e-05,6.340331409086012e-06,1.0149e-05
/home/runner/work/_temp/scanner-verification-il7_c53e/final/tests/benchmark_hybrid.py,183,<dictcomp>,1,1,1.01e-05,6.3097198967158065e-06,1.6912e-05
/opt/hostedtoolcache/Python/3.11.16/x64/lib/python3.11/enum.py,360,__init__,2,2,1.0089000000000001e-05,6.302847924551067e-06,1.0089000000000001e-05
/opt/hostedtoolcache/Python/3.11.16/x64/lib/python3.11/asyncio/unix_events.py,67,close,1,1,1.0059000000000001e-05,6.2841061822835946e-06,0.000177982
/opt/hostedtoolcache/Python/3.11.16/x64/lib/python3.11/site-packages/httpx/_client.py,305,headers,1,1,1.0008000000000001e-05,6.25224522042889e-06,0.00031817300000000005
/opt/hostedtoolcache/Python/3.11.16/x64/lib/python3.11/email/_parseaddr.py,1,<module>,1,1,9.967000000000001e-06,6.2266315059966775e-06,0.0012434890000000002
/opt/hostedtoolcache/Python/3.11.16/x64/lib/python3.11/asyncio/unix_events.py,1440,set_event_loop,2,2,9.948e-06,6.214761735893945e-06,1.9606e-05
/opt/hostedtoolcache/Python/3.11.16/x64/lib/python3.11/unittest/mock.py,1280,__init__,1,1,9.877e-06,6.170406279194259e-06,1.8113e-05
/home/runner/work/_temp/scanner-verification-il7_c53e/final/rate_limit_control.py,1,<module>,1,1,9.798e-06,6.1210530245565815e-06,4.8981000000000004e-05
/opt/hostedtoolcache/Python/3.11.16/x64/lib/python3.11/importlib/readers.py,1,<module>,1,1,9.737e-06,6.0829448152793865e-06,0.004124843
/opt/hostedtoolcache/Python/3.11.16/x64/lib/python3.11/urllib/error.py,1,<module>,1,1,9.717e-06,6.070450320434405e-06,0.000623212
/opt/hostedtoolcache/Python/3.11.16/x64/lib/python3.11/site-packages/httpx/_main.py,1,<module>,1,1,9.668000000000001e-06,6.0398388080641995e-06,0.0006673450000000001
/home/runner/work/_temp/scanner-verification-il7_c53e/final/tiktok_worker_scanner.py,3356,DurableScanState,1,1,9.608e-06,6.002355323529254e-06,9.608e-06
/home/runner/work/_temp/scanner-verification-il7_c53e/final/tiktok_worker_scanner.py,1540,take,1,1,9.568e-06,5.9773663338392905e-06,0.106301427
/opt/hostedtoolcache/Python/3.11.16/x64/lib/python3.11/zipfile.py,2358,Path,1,1,9.558e-06,5.9711190864168e-06,9.558e-06
/opt/hostedtoolcache/Python/3.11.16/x64/lib/python3.11/hashlib.py,82,__get_builtin_constructor,2,2,9.506e-06,5.938633399819847e-06,0.0005837780000000001
/opt/hostedtoolcache/Python/3.11.16/x64/lib/python3.11/http/client.py,258,HTTPResponse,1,1,9.488000000000001e-06,5.927388354459364e-06,9.488000000000001e-06
/opt/hostedtoolcache/Python/3.11.16/x64/lib/python3.11/enum.py,117,_iter_bits_lsb,6,6,9.468e-06,5.9148938596143815e-06,1.1581000000000001e-05
/opt/hostedtoolcache/Python/3.11.16/x64/lib/python3.11/http/client.py,840,HTTPConnection,1,1,9.447000000000001e-06,5.901774640027151e-06,9.447000000000001e-06
/opt/hostedtoolcache/Python/3.11.16/x64/lib/python3.11/platform.py,914,system,1,1,9.408e-06,5.877410375079436e-06,4.5776000000000004e-05
/opt/hostedtoolcache/Python/3.11.16/x64/lib/python3.11/unittest/mock.py,150,_callable,2,2,9.398e-06,5.871163127656946e-06,1.5649000000000002e-05
/opt/hostedtoolcache/Python/3.11.16/x64/lib/python3.11/pathlib.py,380,__init__,2,2,9.337e-06,5.833054918379751e-06,0.001321836
/home/runner/work/_temp/scanner-verification-il7_c53e/final/report_generator.py,206,<dictcomp>,1,1,9.298e-06,5.808690653432036e-06,9.298e-06
/opt/hostedtoolcache/Python/3.11.16/x64/lib/python3.11/site-packages/httpx/_models.py,1079,Cookies,1,1,9.266e-06,5.788699461680066e-06,4.0134000000000006e-05
/opt/hostedtoolcache/Python/3.11.16/x64/lib/python3.11/selectors.py,21,_fileobj_to_fd,4,4,9.266e-06,5.788699461680066e-06,1.2963000000000001e-05
/opt/hostedtoolcache/Python/3.11.16/x64/lib/python3.11/gettext.py,616,gettext,3,3,9.246000000000001e-06,5.776204966835084e-06,0.0007950530000000001
<frozen codecs>,94,__new__,2,2,9.207000000000002e-06,5.75184070188737e-06,1.1952e-05
/opt/hostedtoolcache/Python/3.11.16/x64/lib/python3.11/asyncio/base_events.py,1939,_set_coroutine_origin_tracking,6,6,9.207e-06,5.751840701887369e-06,9.207e-06
/opt/hostedtoolcache/Python/3.11.16/x64/lib/python3.11/argparse.py,2105,<listcomp>,6,6,9.206000000000001e-06,5.751215977145121e-06,9.206000000000001e-06
/opt/hostedtoolcache/Python/3.11.16/x64/lib/python3.11/asyncio/base_events.py,664,close,1,1,9.107000000000001e-06,5.68936822766246e-06,1.2283e-05
/opt/hostedtoolcache/Python/3.11.16/x64/lib/python3.11/statistics.py,549,median,1,1,9.068e-06,5.665003962714746e-06,0.000382544
/opt/hostedtoolcache/Python/3.11.16/x64/lib/python3.11/typing.py,1049,<genexpr>,9,9,9.054e-06,5.656257816323258e-06,9.054e-06
/home/runner/work/_temp/scanner-verification-il7_c53e/final/tests/benchmark_hybrid.py,108,factory,1,1,9.049000000000001e-06,5.653134192612014e-06,0.0020556050000000003
/opt/hostedtoolcache/Python/3.11.16/x64/lib/python3.11/bisect.py,1,<module>,1,1,9.037e-06,5.645637495705024e-06,0.000550888
/opt/hostedtoolcache/Python/3.11.16/x64/lib/python3.11/selectors.py,351,register,1,1,9.027e-06,5.639390248282533e-06,3.1559e-05
/opt/hostedtoolcache/Python/3.11.16/x64/lib/python3.11/unittest/mock.py,2486,__new__,2,2,9.026000000000001e-06,5.638765523540285e-06,1.4406e-05
/opt/hostedtoolcache/Python/3.11.16/x64/lib/python3.11/signal.py,24,_int_to_enum,4,4,8.968000000000001e-06,5.6025314884898375e-06,1.3787e-05
/opt/hostedtoolcache/Python/3.11.16/x64/lib/python3.11/http/cookiejar.py,1261,__init__,1,1,8.897000000000001e-06,5.558176031790152e-06,1.5039000000000001e-05
/home/runner/work/_temp/scanner-verification-il7_c53e/final/tiktok_worker_scanner.py,1092,__init__,2,2,8.867e-06,5.539434289522679e-06,1.4287e-05
/opt/hostedtoolcache/Python/3.11.16/x64/lib/python3.11/unittest/mock.py,1620,_patch_object,1,1,8.817e-06,5.508198052410224e-06,2.693e-05
/opt/hostedtoolcache/Python/3.11.16/x64/lib/python3.11/selectors.py,365,unregister,1,1,8.777e-06,5.483209062720261e-06,2.4426000000000003e-05
<frozen os>,1081,__subclasshook__,3,3,8.764000000000001e-06,5.4750876410710236e-06,1.6619e-05
/opt/hostedtoolcache/Python/3.11.16/x64/lib/python3.11/datetime.py,1311,time,1,1,8.736e-06,5.4575953482880485e-06,8.736e-06
/opt/hostedtoolcache/Python/3.11.16/x64/lib/python3.11/socket.py,495,_real_close,2,2,8.718e-06,5.446350302927564e-06,3.0518e-05
~,0,<built-in method maketrans>,2,2,8.686000000000001e-06,5.426359111175594e-06,8.686000000000001e-06
/opt/hostedtoolcache/Python/3.11.16/x64/lib/python3.11/asyncio/events.py,686,set_event_loop,2,2,8.646e-06,5.401370121485629e-06,9.658000000000001e-06
/opt/hostedtoolcache/Python/3.11.16/x64/lib/python3.11/numbers.py,283,__float__,1,1,8.635000000000001e-06,5.3944981493208905e-06,1.0509e-05
/opt/hostedtoolcache/Python/3.11.16/x64/lib/python3.11/concurrent/futures/__init__.py,40,__getattr__,1,1,8.615000000000001e-06,5.382003654475909e-06,0.002112581
/opt/hostedtoolcache/Python/3.11.16/x64/lib/python3.11/pathlib.py,578,__eq__,1,1,8.566e-06,5.3513921421057036e-06,2.3704000000000002e-05
/opt/hostedtoolcache/Python/3.11.16/x64/lib/python3.11/re/_parser.py,903,_parse_flags,2,2,8.546000000000001e-06,5.338897647260721e-06,1.5389e-05
/opt/hostedtoolcache/Python/3.11.16/x64/lib/python3.11/statistics.py,333,_convert,1,1,8.457e-06,5.283297145200552e-06,2.0088e-05
<frozen runpy>,65,_run_code,1,1,8.445000000000001e-06,5.275800448293563e-06,119.13999630100001
/home/runner/work/_temp/scanner-verification-il7_c53e/final/tiktok_worker_scanner.py,1089,CredentialRedactor,1,1,8.436e-06,5.270177925613321e-06,0.0012019930000000002
/opt/hostedtoolcache/Python/3.11.16/x64/lib/python3.11/threading.py,429,__init__,2,2,8.426e-06,5.26393067819083e-06,2.2412e-05
/opt/hostedtoolcache/Python/3.11.16/x64/lib/python3.11/weakref.py,104,__init__,1,1,8.366000000000001e-06,5.226447193655885e-06,1.7773e-05
/opt/hostedtoolcache/Python/3.11.16/x64/lib/python3.11/site-packages/httpx/_client.py,125,ClientState,1,1,8.343000000000001e-06,5.212078524584156e-06,0.000149869
/opt/hostedtoolcache/Python/3.11.16/x64/lib/python3.11/dataclasses.py,638,_hash_fn,2,2,8.317e-06,5.195835681285679e-06,0.00017005700000000002
/opt/hostedtoolcache/Python/3.11.16/x64/lib/python3.11/zipfile.py,1162,_ZipWriteFile,1,1,8.315000000000001e-06,5.194586231801181e-06,8.315000000000001e-06
/opt/hostedtoolcache/Python/3.11.16/x64/lib/python3.11/fractions.py,500,_div,1,1,8.314e-06,5.193961507058932e-06,1.615e-05
/opt/hostedtoolcache/Python/3.11.16/x64/lib/python3.11/unittest/mock.py,53,_is_async_obj,1,1,8.296e-06,5.182716461698448e-06,8.8826e-05
/opt/hostedtoolcache/Python/3.11.16/x64/lib/python3.11/http/client.py,108,<dictcomp>,1,1,8.265000000000001e-06,5.163349994688727e-06,8.265000000000001e-06
/opt/hostedtoolcache/Python/3.11.16/x64/lib/python3.11/statistics.py,1170,NormalDist,1,1,8.235e-06,5.144608252421254e-06,8.235e-06
/opt/hostedtoolcache/Python/3.11.16/x64/lib/python3.11/uuid.py,721,uuid4,1,1,8.215e-06,5.1321137575762714e-06,2.8463000000000002e-05
~,0,<method 'seek' of '_io.BufferedReader' objects>,4,4,8.176000000000001e-06,5.107749492628558e-06,8.176000000000001e-06
/opt/hostedtoolcache/Python/3.11.16/x64/lib/python3.11/urllib/response.py,1,<module>,1,1,8.175e-06,5.107124767886309e-06,7.522e-05
/opt/hostedtoolcache/Python/3.11.16/x64/lib/python3.11/unittest/mock.py,68,_is_instance_mock,4,4,8.175e-06,5.107124767886309e-06,1.1732e-05
/opt/hostedtoolcache/Python/3.11.16/x64/lib/python3.11/logging/__init__.py,795,__init__,7,7,8.125000000000001e-06,5.075888530773854e-06,8.125000000000001e-06
/home/runner/work/_temp/scanner-verification-il7_c53e/final/tests/benchmark_hybrid.py,147,<genexpr>,2,2,8.124e-06,5.075263806031605e-06,1.13e-05
/opt/hostedtoolcache/Python/3.11.16/x64/lib/python3.11/importlib/resources/_common.py,59,from_package,1,1,8.095000000000001e-06,5.057146788506382e-06,0.004887947
/opt/hostedtoolcache/Python/3.11.16/x64/lib/python3.11/fractions.py,369,reverse,1,1,8.054000000000001e-06,5.03153307407417e-06,6.0873000000000005e-05
/opt/hostedtoolcache/Python/3.11.16/x64/lib/python3.11/platform.py,792,processor,1,1,8.015e-06,5.007168809126454e-06,0.001213854
/opt/hostedtoolcache/Python/3.11.16/x64/lib/python3.11/queue.py,28,Queue,1,1,7.985e-06,4.988427066858982e-06,7.985e-06
/opt/hostedtoolcache/Python/3.11.16/x64/lib/python3.11/argparse.py,1603,_get_handler,3,3,7.955000000000001e-06,4.969685324591509e-06,1.2203000000000002e-05
/home/runner/work/_temp/scanner-verification-il7_c53e/final/tiktok_worker_scanner.py,1263,AsyncRequestGate,1,1,7.934e-06,4.956566105004279e-06,4.1216e-05
/opt/hostedtoolcache/Python/3.11.16/x64/lib/python3.11/sqlite3/dbapi2.py,54,register_adapters_and_converters,1,1,7.926e-06,4.951568307066285e-06,1.4077000000000001e-05
/opt/hostedtoolcache/Python/3.11.16/x64/lib/python3.11/tempfile.py,86,_infer_return_type,1,1,7.896e-06,4.932826564798812e-06,6.3679e-05
~,0,<built-in method _hashlib.openssl_md5>,1,1,7.875e-06,4.919707345211582e-06,7.875e-06
/opt/hostedtoolcache/Python/3.11.16/x64/lib/python3.11/warnings.py,182,_add_filter,1,1,7.835e-06,4.894718355521618e-06,1.2112e-05
/home/runner/work/_temp/scanner-verification-il7_c53e/final/scan_statistics.py,13,ScanStatistics,1,1,7.814e-06,4.881599135934387e-06,7.814e-06
~,0,<built-in method _hashlib.openssl_sha3_224>,1,1,7.814e-06,4.881599135934387e-06,7.814e-06
/opt/hostedtoolcache/Python/3.11.16/x64/lib/python3.11/site-packages/httpx/_client.py,234,_enforce_trailing_slash,1,1,7.796000000000001e-06,4.870354090573904e-06,1.4067000000000001e-05
/home/runner/work/_temp/scanner-verification-il7_c53e/final/tiktok_worker_scanner.py,3446,close,1,1,7.774e-06,4.856610146244424e-06,0.002525058
~,0,<method 'disable' of '_lsprof.Profiler' objects>,6,6,7.744e-06,4.837868403976951e-06,7.744e-06
/opt/hostedtoolcache/Python/3.11.16/x64/lib/python3.11/encodings/utf_8.py,33,getregentry,1,1,7.734e-06,4.83162115655446e-06,1.3665e-05
/opt/hostedtoolcache/Python/3.11.16/x64/lib/python3.11/email/message.py,979,MIMEPart,1,1,7.724000000000001e-06,4.82537390913197e-06,7.724000000000001e-06
/opt/hostedtoolcache/Python/3.11.16/x64/lib/python3.11/functools.py,841,_is_union_type,1,1,7.614e-06,4.756654187484569e-06,1.5539e-05
/opt/hostedtoolcache/Python/3.11.16/x64/lib/python3.11/datetime.py,573,timedelta,1,1,7.5940000000000005e-06,4.744159692639587e-06,7.5940000000000005e-06
/home/runner/work/_temp/scanner-verification-il7_c53e/final/tiktok_worker_scanner.py,202,ListExportResult,1,1,7.574000000000001e-06,4.7316651977946065e-06,1.2343e-05
/opt/hostedtoolcache/Python/3.11.16/x64/lib/python3.11/email/encoders.py,1,<module>,1,1,7.564000000000001e-06,4.725417950372115e-06,0.000773232
/opt/hostedtoolcache/Python/3.11.16/x64/lib/python3.11/importlib/resources/_common.py,47,get_package,1,1,7.563e-06,4.724793225629866e-06,4.6947e-05
/opt/hostedtoolcache/Python/3.11.16/x64/lib/python3.11/tempfile.py,143,rng,1,1,7.544e-06,4.712923455527133e-06,4.0716e-05
/opt/hostedtoolcache/Python/3.11.16/x64/lib/python3.11/platform.py,778,uname_result,1,1,7.525000000000001e-06,4.701053685424401e-06,9.959e-06
/opt/hostedtoolcache/Python/3.11.16/x64/lib/python3.11/platform.py,736,get,1,1,7.463e-06,4.662320751404957e-06,0.0012045860000000001
/home/runner/work/_temp/scanner-verification-il7_c53e/final/tiktok_worker_scanner.py,3686,advance_phase,1,1,7.433000000000001e-06,4.643579009137484e-06,2.188e-05
/opt/hostedtoolcache/Python/3.11.16/x64/lib/python3.11/pathlib.py,440,__getitem__,1,1,7.415e-06,4.6323339637770004e-06,2.4116e-05
/home/runner/work/_temp/scanner-verification-il7_c53e/final/tiktok_worker_scanner.py,1447,WorkerApiClient,1,1,7.354e-06,4.594225754499805e-06,7.354e-06
~,0,<method 'rsplit' of 'str' objects>,6,6,7.353000000000001e-06,4.593601029757557e-06,7.353000000000001e-06
/opt/hostedtoolcache/Python/3.11.16/x64/lib/python3.11/site-packages/httpx/_auth.py,175,DigestAuth,1,1,7.283e-06,4.549870297800121e-06,7.283e-06
/opt/hostedtoolcache/Python/3.11.16/x64/lib/python3.11/selectors.py,234,register,1,1,7.264e-06,4.538000527697388e-06,1.611e-05
/opt/hostedtoolcache/Python/3.11.16/x64/lib/python3.11/email/iterators.py,1,<module>,1,1,7.253000000000001e-06,4.531128555532648e-06,9.848000000000001e-06
~,0,<built-in method time.get_clock_info>,1,1,7.233e-06,4.518634060687666e-06,7.233e-06
~,0,<method '__init_subclass__' of 'object' objects>,8,8,7.232000000000001e-06,4.518009335945418e-06,7.232000000000001e-06
/opt/hostedtoolcache/Python/3.11.16/x64/lib/python3.11/tempfile.py,857,TemporaryDirectory,1,1,7.204000000000001e-06,4.500517043162443e-06,7.204000000000001e-06
<frozen importlib._bootstrap_external>,1136,get_resource_reader,1,1,7.184e-06,4.4880225483174604e-06,0.004838876000000001
/home/runner/work/_temp/scanner-verification-il7_c53e/final/tiktok_worker_scanner.py,1010,ProxyConfig,1,1,7.1830000000000005e-06,4.4873978235752115e-06,1.617e-05
/opt/hostedtoolcache/Python/3.11.16/x64/lib/python3.11/datetime.py,2313,_create,3,3,7.174e-06,4.48177530089497e-06,9.989e-06
/opt/hostedtoolcache/Python/3.11.16/x64/lib/python3.11/functools.py,723,<listcomp>,7,7,7.173000000000001e-06,4.481150576152721e-06,7.173000000000001e-06
/opt/hostedtoolcache/Python/3.11.16/x64/lib/python3.11/socket.py,499,close,2,2,7.143e-06,4.462408833885248e-06,3.7661000000000004e-05
/opt/hostedtoolcache/Python/3.11.16/x64/lib/python3.11/contextlib.py,403,__exit__,1,1,7.113e-06,4.4436670916177755e-06,1.1041000000000002e-05
/home/runner/work/_temp/scanner-verification-il7_c53e/final/tiktok_worker_scanner.py,1982,__init__,2,2,7.062e-06,4.411806129763072e-06,1.3865e-05
~,0,<method 'rfind' of 'bytes' objects>,2,2,7.0540000000000006e-06,4.406808331825079e-06,7.0540000000000006e-06
/opt/hostedtoolcache/Python/3.11.16/x64/lib/python3.11/random.py,480,choices,1,1,7.053e-06,4.4061836070828294e-06,4.3361e-05
~,0,<built-in method _functools.reduce>,1,1,7.0420000000000005e-06,4.3993116349180906e-06,8.696000000000001e-06
/opt/hostedtoolcache/Python/3.11.16/x64/lib/python3.11/argparse.py,2076,consume_positionals,1,1,7.024000000000001e-06,4.388066589557606e-06,1.1642000000000001e-05
~,0,<built-in method posix.uname>,1,1,7.0130000000000004e-06,4.3811946173928665e-06,7.0130000000000004e-06
/opt/hostedtoolcache/Python/3.11.16/x64/lib/python3.11/site-packages/httpx/_models.py,1084,__init__,1,1,6.982e-06,4.3618281503831445e-06,2.2993e-05
~,0,<built-in method math.floor>,8,8,6.975e-06,4.357455077187401e-06,6.975e-06
/opt/hostedtoolcache/Python/3.11.16/x64/lib/python3.11/importlib/resources/_adapters.py,42,CompatibilityFiles,1,1,6.9740000000000005e-06,4.356830352445152e-06,0.000164026
/opt/hostedtoolcache/Python/3.11.16/x64/lib/python3.11/argparse.py,1873,parse_args,1,1,6.973000000000001e-06,4.356205627702903e-06,0.000722017
/opt/hostedtoolcache/Python/3.11.16/x64/lib/python3.11/email/base64mime.py,1,<module>,1,1,6.953e-06,4.343711132857921e-06,6.953e-06
/opt/hostedtoolcache/Python/3.11.16/x64/lib/python3.11/platform.py,161,libc_ver,1,1,6.9130000000000006e-06,4.3187221431679575e-06,1.1972000000000002e-05
/opt/hostedtoolcache/Python/3.11.16/x64/lib/python3.11/urllib/request.py,1699,URLopener,1,1,6.853e-06,4.281238658633012e-06,6.853e-06
/opt/hostedtoolcache/Python/3.11.16/x64/lib/python3.11/warnings.py,467,__enter__,1,1,6.812e-06,4.255624944200799e-06,8.045e-06
/opt/hostedtoolcache/Python/3.11.16/x64/lib/python3.11/functools.py,904,wrapper,1,1,6.7940000000000005e-06,4.244379898840316e-06,0.00029564200000000004
/opt/hostedtoolcache/Python/3.11.16/x64/lib/python3.11/random.py,103,Random,1,1,6.7720000000000006e-06,4.230635954510836e-06,6.7720000000000006e-06
/opt/hostedtoolcache/Python/3.11.16/x64/lib/python3.11/asyncio/runners.py,62,__exit__,1,1,6.733000000000001e-06,4.206271689563121e-06,0.0007445290000000001
/opt/hostedtoolcache/Python/3.11.16/x64/lib/python3.11/argparse.py,987,__init__,2,2,6.723000000000001e-06,4.20002444214063e-06,1.6721e-05
/opt/hostedtoolcache/Python/3.11.16/x64/lib/python3.11/importlib/resources/abc.py,131,TraversableResources,1,1,6.713000000000001e-06,4.1937771947181396e-06,0.00012871
/opt/hostedtoolcache/Python/3.11.16/x64/lib/python3.11/unittest/mock.py,74,_is_exception,2,2,6.685e-06,4.176284901935165e-06,1.0310000000000001e-05
/opt/hostedtoolcache/Python/3.11.16/x64/lib/python3.11/enum.py,965,_find_data_repr_,2,2,6.683e-06,4.1750354524506665e-06,8.517e-06
/opt/hostedtoolcache/Python/3.11.16/x64/lib/python3.11/unittest/mock.py,332,_get,3,3,6.664e-06,4.163165682347934e-06,1.0671e-05
/opt/hostedtoolcache/Python/3.11.16/x64/lib/python3.11/calendar.py,54,<listcomp>,1,1,6.662000000000001e-06,4.161916232863436e-06,6.662000000000001e-06
/opt/hostedtoolcache/Python/3.11.16/x64/lib/python3.11/concurrent/futures/thread.py,46,_WorkItem,1,1,6.632e-06,4.143174490595964e-06,6.632e-06
/opt/hostedtoolcache/Python/3.11.16/x64/lib/python3.11/asyncio/events.py,762,get_event_loop_policy,3,3,6.622e-06,4.136927243173472e-06,4.5585000000000005e-05
~,0,<method 'count' of 'list' objects>,6,6,6.603e-06,4.12505747307074e-06,6.603e-06
/opt/hostedtoolcache/Python/3.11.16/x64/lib/python3.11/tempfile.py,230,_get_candidate_names,1,1,6.592000000000001e-06,4.118185500906e-06,9.197e-06
/opt/hostedtoolcache/Python/3.11.16/x64/lib/python3.11/ssl.py,740,verify_mode,1,1,6.542e-06,4.086949263793546e-06,6.542e-06
/opt/hostedtoolcache/Python/3.11.16/x64/lib/python3.11/functools.py,724,<listcomp>,7,7,6.531000000000001e-06,4.080077291628806e-06,6.531000000000001e-06
/opt/hostedtoolcache/Python/3.11.16/x64/lib/python3.11/asyncio/locks.py,229,__init__,1,1,6.503e-06,4.062584998845831e-06,8.326000000000001e-06
~,0,<built-in method _hashlib.openssl_sha1>,1,1,6.492000000000001e-06,4.055713026681091e-06,6.492000000000001e-06
/opt/hostedtoolcache/Python/3.11.16/x64/lib/python3.11/zipfile.py,363,ZipInfo,1,1,6.4220000000000005e-06,4.011982294723655e-06,6.4220000000000005e-06
/opt/hostedtoolcache/Python/3.11.16/x64/lib/python3.11/concurrent/futures/thread.py,118,ThreadPoolExecutor,1,1,6.4220000000000005e-06,4.011982294723655e-06,6.4220000000000005e-06
~,0,<method 'register' of 'select.epoll' objects>,1,1,6.4220000000000005e-06,4.011982294723655e-06,6.4220000000000005e-06
/opt/hostedtoolcache/Python/3.11.16/x64/lib/python3.11/email/feedparser.py,134,FeedParser,1,1,6.412000000000001e-06,4.005735047301164e-06,6.412000000000001e-06
/opt/hostedtoolcache/Python/3.11.16/x64/lib/python3.11/argparse.py,2557,_check_value,6,6,6.3930000000000005e-06,3.993865277198431e-06,6.3930000000000005e-06
/opt/hostedtoolcache/Python/3.11.16/x64/lib/python3.11/importlib/resources/readers.py,16,__init__,1,1,6.361000000000001e-06,3.97387408544646e-06,9.7972e-05
/opt/hostedtoolcache/Python/3.11.16/x64/lib/python3.11/weakref.py,289,update,1,1,6.361000000000001e-06,3.97387408544646e-06,9.407e-06
/opt/hostedtoolcache/Python/3.11.16/x64/lib/python3.11/asyncio/runners.py,49,__init__,1,1,6.352e-06,3.968251562766218e-06,6.352e-06
/home/runner/work/_temp/scanner-verification-il7_c53e/final/tiktok_worker_scanner.py,2265,UserStore,1,1,6.311e-06,3.942637848334005e-06,6.311e-06
/opt/hostedtoolcache/Python/3.11.16/x64/lib/python3.11/site-packages/httpx/_transports/default.py,135,HTTPTransport,1,1,6.292e-06,3.930768078231272e-06,6.292e-06
/opt/hostedtoolcache/Python/3.11.16/x64/lib/python3.11/encodings/utf_8_sig.py,121,getregentry,1,1,6.282e-06,3.924520830808782e-06,1.2303e-05
/opt/hostedtoolcache/Python/3.11.16/x64/lib/python3.11/calendar.py,52,_localized_month,1,1,6.2520000000000004e-06,3.9057790885413094e-06,1.3946000000000002e-05
~,0,<method 'tolist' of 'memoryview' objects>,2,2,6.251000000000001e-06,3.9051543637990604e-06,6.251000000000001e-06
/opt/hostedtoolcache/Python/3.11.16/x64/lib/python3.11/selectors.py,483,close,1,1,6.2420000000000005e-06,3.899531841118819e-06,1.615e-05
/opt/hostedtoolcache/Python/3.11.16/x64/lib/python3.11/datetime.py,51,_days_in_month,5,5,6.221e-06,3.886412621531587e-06,6.221e-06
/opt/hostedtoolcache/Python/3.11.16/x64/lib/python3.11/json/__init__.py,274,load,1,1,6.211e-06,3.880165374109097e-06,5.8088000000000004e-05
/opt/hostedtoolcache/Python/3.11.16/x64/lib/python3.11/platform.py,772,_unknown_as_blank,6,6,6.173e-06,3.856425833903631e-06,6.173e-06
/opt/hostedtoolcache/Python/3.11.16/x64/lib/python3.11/importlib/resources/_adapters.py,165,wrap_spec,2,2,6.171000000000001e-06,3.855176384419133e-06,1.4477e-05
/home/runner/work/_temp/scanner-verification-il7_c53e/final/tiktok_worker_scanner.py,3732,all_complete,1,1,6.142000000000001e-06,3.83705936689391e-06,0.00022249500000000002
~,0,<built-in method math.exp>,1,1,6.141e-06,3.83643464215166e-06,6.141e-06
/home/runner/work/_temp/scanner-verification-il7_c53e/final/tiktok_worker_scanner.py,1200,__init__,1,1,6.131e-06,3.830187394729169e-06,7.374e-06
/opt/hostedtoolcache/Python/3.11.16/x64/lib/python3.11/importlib/resources/_adapters.py,12,__init__,2,2,6.122e-06,3.824564872048927e-06,8.306e-06
<frozen runpy>,60,__exit__,1,1,6.082e-06,3.799575882358964e-06,6.082e-06
/opt/hostedtoolcache/Python/3.11.16/x64/lib/python3.11/quopri.py,1,<module>,1,1,6.0620000000000006e-06,3.7870813875139826e-06,6.0620000000000006e-06
/opt/hostedtoolcache/Python/3.11.16/x64/lib/python3.11/asyncio/coroutines.py,11,_is_debug_mode,1,1,6.0620000000000006e-06,3.7870813875139826e-06,2.4406000000000003e-05
/opt/hostedtoolcache/Python/3.11.16/x64/lib/python3.11/contextlib.py,398,__enter__,1,1,6.053e-06,3.78145886483374e-06,9.538e-06
/opt/hostedtoolcache/Python/3.11.16/x64/lib/python3.11/warnings.py,166,simplefilter,1,1,6.032e-06,3.768339645246509e-06,1.9045e-05
/home/runner/work/_temp/scanner-verification-il7_c53e/final/tiktok_worker_scanner.py,1519,start_avatar_backfill,1,1,6.001000000000001e-06,3.748973178236788e-06,4.867e-05
/opt/hostedtoolcache/Python/3.11.16/x64/lib/python3.11/site-packages/idna/intranges.py,1,<module>,1,1,5.991000000000001e-06,3.7427259308142973e-06,5.991000000000001e-06
/opt/hostedtoolcache/Python/3.11.16/x64/lib/python3.11/unittest/mock.py,585,__set_side_effect,1,1,5.961e-06,3.723984188546824e-06,2.7021e-05
~,0,<built-in method sys.audit>,5,5,5.961e-06,3.723984188546824e-06,5.961e-06
<frozen os>,818,fsdecode,2,2,5.932e-06,3.7058671710216e-06,9.628e-06
/opt/hostedtoolcache/Python/3.11.16/x64/lib/python3.11/importlib/resources/readers.py,31,ZipReader,1,1,5.9310000000000005e-06,3.7052424462793516e-06,5.9310000000000005e-06
/opt/hostedtoolcache/Python/3.11.16/x64/lib/python3.11/datetime.py,765,__neg__,2,2,5.850000000000001e-06,3.6546397421571755e-06,0.000127557
/opt/hostedtoolcache/Python/3.11.16/x64/lib/python3.11/urllib/error.py,35,HTTPError,1,1,5.842e-06,3.649641944219182e-06,7.384000000000001e-06
/opt/hostedtoolcache/Python/3.11.16/x64/lib/python3.11/datetime.py,545,_check_tzinfo_arg,5,5,5.8120000000000004e-06,3.6309002019517097e-06,6.693e-06
/opt/hostedtoolcache/Python/3.11.16/x64/lib/python3.11/unittest/mock.py,1085,_try_iter,1,1,5.801e-06,3.624028229786969e-06,1.8976000000000003e-05
/opt/hostedtoolcache/Python/3.11.16/x64/lib/python3.11/typing.py,506,__getitem__,1,1,5.792000000000001e-06,3.6184057071067283e-06,0.0005655850000000001
/opt/hostedtoolcache/Python/3.11.16/x64/lib/python3.11/site-packages/httpx/_client.py,139,BoundSyncStream,1,1,5.781e-06,3.6115337349419877e-06,5.781e-06
/opt/hostedtoolcache/Python/3.11.16/x64/lib/python3.11/inspect.py,449,isawaitable,1,1,5.7800000000000006e-06,3.610909010199739e-06,4.4773e-05
/home/runner/work/_temp/scanner-verification-il7_c53e/final/tiktok_worker_scanner.py,579,SuccessRecorder,1,1,5.761e-06,3.5990392400970063e-06,5.761e-06
<frozen posixpath>,140,basename,1,1,5.7510000000000005e-06,3.592791992674515e-06,1.1191e-05
~,0,<method 'difference_update' of 'set' objects>,4,4,5.732e-06,3.5809222225717826e-06,5.732e-06
/opt/hostedtoolcache/Python/3.11.16/x64/lib/python3.11/asyncio/runners.py,58,__enter__,1,1,5.691e-06,3.5553085081395695e-06,0.00043005200000000005
/home/runner/work/_temp/scanner-verification-il7_c53e/final/scan_runtime.py,160,__init__,1,1,5.680000000000001e-06,3.5484365359748297e-06,7.454e-06
/opt/hostedtoolcache/Python/3.11.16/x64/lib/python3.11/asyncio/events.py,693,new_event_loop,1,1,5.651000000000001e-06,3.530319518449606e-06,0.00034580500000000003
/opt/hostedtoolcache/Python/3.11.16/x64/lib/python3.11/email/_parseaddr.py,211,AddrlistClass,1,1,5.551000000000001e-06,3.4678470442246976e-06,5.551000000000001e-06
/home/runner/work/_temp/scanner-verification-il7_c53e/final/scan_statistics.py,85,stop,1,1,5.54e-06,3.460975072059957e-06,2.3013e-05
~,0,<built-in method sys.get_asyncgen_hooks>,3,3,5.54e-06,3.460975072059957e-06,5.54e-06
/opt/hostedtoolcache/Python/3.11.16/x64/lib/python3.11/subprocess.py,1135,_get_devnull,1,1,5.482e-06,3.4247410370095097e-06,1.5078e-05
/home/runner/work/_temp/scanner-verification-il7_c53e/final/backend_metrics.py,12,<dictcomp>,1,1,5.47e-06,3.4172443401025206e-06,1.5098e-05
/opt/hostedtoolcache/Python/3.11.16/x64/lib/python3.11/calendar.py,150,Calendar,1,1,5.47e-06,3.4172443401025206e-06,5.47e-06
/opt/hostedtoolcache/Python/3.11.16/x64/lib/python3.11/subprocess.py,1961,_handle_exitstatus,1,1,5.45e-06,3.404749845257539e-06,7.554000000000001e-06
~,0,<method 'unregister' of 'select.epoll' objects>,1,1,5.45e-06,3.404749845257539e-06,5.45e-06
/home/runner/work/_temp/scanner-verification-il7_c53e/final/avatar_cache.py,200,close,1,1,5.449000000000001e-06,3.40412512051529e-06,6.9620000000000004e-06
/opt/hostedtoolcache/Python/3.11.16/x64/lib/python3.11/importlib/resources/_common.py,42,resolve,1,1,5.4300000000000005e-06,3.3922553504125577e-06,2.7742000000000003e-05
/opt/hostedtoolcache/Python/3.11.16/x64/lib/python3.11/importlib/resources/_common.py,17,files,1,1,5.421e-06,3.3866328277323155e-06,0.004940315000000001
/home/runner/work/_temp/scanner-verification-il7_c53e/final/hybrid_backend.py,50,BackendGate,1,1,5.36e-06,3.348524618455121e-06,3.8542000000000005e-05
/opt/hostedtoolcache/Python/3.11.16/x64/lib/python3.11/tempfile.py,115,_sanitize_params,1,1,5.320000000000001e-06,3.3235356287651576e-06,6.899900000000001e-05
~,0,<built-in method sys.exc_info>,2,2,5.2990000000000004e-06,3.3104164091779267e-06,5.2990000000000004e-06
/opt/hostedtoolcache/Python/3.11.16/x64/lib/python3.11/site-packages/httpx/_models.py,382,Request,1,1,5.2890000000000005e-06,3.3041691617554355e-06,5.2890000000000005e-06
<frozen importlib._bootstrap>,1192,_gcd_import,1,1,5.28e-06,3.298546639075194e-06,1.5398e-05
/opt/hostedtoolcache/Python/3.11.16/x64/lib/python3.11/ssl.py,492,__new__,1,1,5.27e-06,3.292299391652703e-06,0.00134036
/opt/hostedtoolcache/Python/3.11.16/x64/lib/python3.11/asyncio/unix_events.py,63,__init__,1,1,5.27e-06,3.292299391652703e-06,0.000340154
/home/runner/work/_temp/scanner-verification-il7_c53e/final/backend_metrics.py,9,BackendMetrics,1,1,5.240000000000001e-06,3.2735576493852305e-06,3.8261000000000005e-05
/opt/hostedtoolcache/Python/3.11.16/x64/lib/python3.11/asyncio/events.py,667,__init__,1,1,5.240000000000001e-06,3.2735576493852305e-06,5.240000000000001e-06
/opt/hostedtoolcache/Python/3.11.16/x64/lib/python3.11/asyncio/locks.py,346,__init__,3,3,5.239e-06,3.272932924642981e-06,5.239e-06
/opt/hostedtoolcache/Python/3.11.16/x64/lib/python3.11/unittest/mock.py,1127,_mock_call,1,1,5.229e-06,3.26668567722049e-06,0.0020866820000000003
/opt/hostedtoolcache/Python/3.11.16/x64/lib/python3.11/importlib/resources/_adapters.py,28,get_resource_reader,1,1,5.219e-06,3.2604384297979996e-06,0.0048699830000000005
/opt/hostedtoolcache/Python/3.11.16/x64/lib/python3.11/asyncio/events.py,808,new_event_loop,1,1,5.21e-06,3.2548159071177574e-06,0.00039440600000000003
<frozen _collections_abc>,933,clear,1,1,5.1990000000000005e-06,3.2479439349530173e-06,1.1181e-05
/opt/hostedtoolcache/Python/3.11.16/x64/lib/python3.11/argparse.py,964,__init__,2,2,5.19e-06,3.242321412272776e-06,9.998e-06
/opt/hostedtoolcache/Python/3.11.16/x64/lib/python3.11/pathlib.py,434,__len__,2,2,5.1600000000000006e-06,3.2235796700053034e-06,6.873e-06
/opt/hostedtoolcache/Python/3.11.16/x64/lib/python3.11/logging/__init__.py,1467,debug,1,1,5.159e-06,3.222954945263054e-06,2.8974e-05
/opt/hostedtoolcache/Python/3.11.16/x64/lib/python3.11/subprocess.py,2008,_try_wait,1,1,5.139e-06,3.2104604504180725e-06,2.0017e-05
/opt/hostedtoolcache/Python/3.11.16/x64/lib/python3.11/subprocess.py,1233,poll,1,1,5.13e-06,3.2048379277378303e-06,6.262e-06
/opt/hostedtoolcache/Python/3.11.16/x64/lib/python3.11/urllib/request.py,1080,AbstractDigestAuthHandler,1,1,5.1e-06,3.1860961854703577e-06,5.1e-06
/home/runner/work/_temp/scanner-verification-il7_c53e/final/tiktok_worker_scanner.py,1183,ProxyState,1,1,5.099000000000001e-06,3.185471460728109e-06,9.838000000000001e-06
/opt/hostedtoolcache/Python/3.11.16/x64/lib/python3.11/argparse.py,1109,__init__,1,1,5.09e-06,3.1798489380478666e-06,8.416e-06
/home/runner/work/_temp/scanner-verification-il7_c53e/final/tiktok_worker_scanner.py,271,ProfileProcessResult,1,1,5.089e-06,3.179224213305617e-06,9.838000000000001e-06
<frozen runpy>,42,__exit__,1,1,5.089e-06,3.179224213305617e-06,5.089e-06
/opt/hostedtoolcache/Python/3.11.16/x64/lib/python3.11/asyncio/unix_events.py,1431,__init__,1,1,5.060000000000001e-06,3.1611071957803944e-06,1.0300000000000001e-05
/opt/hostedtoolcache/Python/3.11.16/x64/lib/python3.11/selectors.py,209,__init__,1,1,5.0580000000000005e-06,3.159857746295896e-06,6.802e-06
/home/runner/work/_temp/scanner-verification-il7_c53e/final/tiktok_worker_scanner.py,3286,__init__,1,1,5.049e-06,3.1542352236156547e-06,5.049e-06
/opt/hostedtoolcache/Python/3.11.16/x64/lib/python3.11/site-packages/httpx/_multipart.py,224,MultipartStream,1,1,5.0190000000000006e-06,3.135493481348181e-06,5.0190000000000006e-06
~,0,<built-in method _signal.signal>,2,2,5e-06,3.1236237112454487e-06,5e-06
/opt/hostedtoolcache/Python/3.11.16/x64/lib/python3.11/typing.py,2443,get_origin,1,1,4.980000000000001e-06,3.1111292164004673e-06,7.925000000000001e-06
/home/runner/work/_temp/scanner-verification-il7_c53e/final/hybrid_backend.py,390,HybridClient,1,1,4.95e-06,3.0923874741329942e-06,4.95e-06
/opt/hostedtoolcache/Python/3.11.16/x64/lib/python3.11/selectors.py,268,close,1,1,4.908e-06,3.0661490349585325e-06,6.151e-06
/opt/hostedtoolcache/Python/3.11.16/x64/lib/python3.11/unittest/mock.py,337,_set,3,3,4.890000000000001e-06,3.054903989598049e-06,4.890000000000001e-06
/opt/hostedtoolcache/Python/3.11.16/x64/lib/python3.11/importlib/__init__.py,108,import_module,1,1,4.881e-06,3.0492814669178073e-06,2.125e-05
/opt/hostedtoolcache/Python/3.11.16/x64/lib/python3.11/threading.py,1516,_register_atexit,1,1,4.8780000000000006e-06,3.04740729269106e-06,5.9310000000000005e-06
/opt/hostedtoolcache/Python/3.11.16/x64/lib/python3.11/importlib/resources/_adapters.py,151,_native,1,1,4.868000000000001e-06,3.041160045268569e-06,0.004863702
/opt/hostedtoolcache/Python/3.11.16/x64/lib/python3.11/logging/__init__.py,764,__init__,2,2,4.86e-06,3.036162247330576e-06,6.803000000000001e-06
/opt/hostedtoolcache/Python/3.11.16/x64/lib/python3.11/site-packages/httpx/_transports/base.py,14,BaseTransport,1,1,4.859e-06,3.0355375225883274e-06,4.859e-06
/opt/hostedtoolcache/Python/3.11.16/x64/lib/python3.11/enum.py,1652,_simple_enum,3,3,4.84e-06,3.023667752485594e-06,4.84e-06
/opt/hostedtoolcache/Python/3.11.16/x64/lib/python3.11/site-packages/httpx/_urls.py,420,QueryParams,1,1,4.839000000000001e-06,3.0230430277433455e-06,4.839000000000001e-06
/opt/hostedtoolcache/Python/3.11.16/x64/lib/python3.11/re/_parser.py,100,checkgroup,2,2,4.7880000000000006e-06,2.9911820658886416e-06,9.928e-06
/opt/hostedtoolcache/Python/3.11.16/x64/lib/python3.11/logging/__init__.py,801,addFilter,2,2,4.7810000000000005e-06,2.9868089926928983e-06,6.5630000000000005e-06
/opt/hostedtoolcache/Python/3.11.16/x64/lib/python3.11/zipfile.py,2274,CompleteDirs,1,1,4.769e-06,2.979312295785909e-06,4.769e-06
/opt/hostedtoolcache/Python/3.11.16/x64/lib/python3.11/numbers.py,267,Rational,1,1,4.7590000000000005e-06,2.9730650483634184e-06,6.722e-06
~,0,<method 'sort' of 'list' objects>,3,3,4.68e-06,2.92371179372574e-06,4.68e-06
~,0,<method 'mro' of 'type' objects>,5,5,4.677e-06,2.921837619498993e-06,4.677e-06
/opt/hostedtoolcache/Python/3.11.16/x64/lib/python3.11/urllib/request.py,939,AbstractBasicAuthHandler,1,1,4.668e-06,2.9162150968187508e-06,0.0018775920000000002
/home/runner/work/_temp/scanner-verification-il7_c53e/final/tiktok_worker_scanner.py,1139,configured_proxy_path,1,1,4.65e-06,2.9049700514582673e-06,1.8535e-05
/opt/hostedtoolcache/Python/3.11.16/x64/lib/python3.11/functools.py,745,<listcomp>,1,1,4.648e-06,2.9037206019737693e-06,6.732e-06
/opt/hostedtoolcache/Python/3.11.16/x64/lib/python3.11/contextlib.py,539,_push_exit_callback,2,2,4.6400000000000005e-06,2.8987228040357766e-06,6.4830000000000004e-06
/opt/hostedtoolcache/Python/3.11.16/x64/lib/python3.11/dataclasses.py,842,_hash_set_none,5,5,4.628e-06,2.8912261071287874e-06,4.628e-06
/home/runner/work/_temp/scanner-verification-il7_c53e/final/avatar_cache.py,165,AvatarCache,1,1,4.608000000000001e-06,2.8787316122838056e-06,3.745e-05
/opt/hostedtoolcache/Python/3.11.16/x64/lib/python3.11/http/cookiejar.py,1859,LWPCookieJar,1,1,4.559e-06,2.8481200999135996e-06,4.559e-06
/opt/hostedtoolcache/Python/3.11.16/x64/lib/python3.11/pathlib.py,787,parents,1,1,4.539e-06,2.8356256050686186e-06,6.673e-06
/opt/hostedtoolcache/Python/3.11.16/x64/lib/python3.11/subprocess.py,1092,__exit__,1,1,4.526e-06,2.8275041834193805e-06,9.106e-06
~,0,<method 'tell' of '_io.BufferedReader' objects>,3,3,4.478e-06,2.797517395791424e-06,4.478e-06
/opt/hostedtoolcache/Python/3.11.16/x64/lib/python3.11/http/__init__.py,6,HTTPStatus,1,1,4.4480000000000004e-06,2.7787756535239514e-06,4.4480000000000004e-06
/opt/hostedtoolcache/Python/3.11.16/x64/lib/python3.11/weakref.py,495,popitem,1,1,4.428000000000001e-06,2.76628115867897e-06,5.9820000000000005e-06
/opt/hostedtoolcache/Python/3.11.16/x64/lib/python3.11/http/cookiejar.py,884,__init__,1,1,4.398e-06,2.747539416411497e-06,4.398e-06
/opt/hostedtoolcache/Python/3.11.16/x64/lib/python3.11/contextlib.py,472,__init__,2,2,4.397e-06,2.746914691669248e-06,4.397e-06
/opt/hostedtoolcache/Python/3.11.16/x64/lib/python3.11/calendar.py,412,HTMLCalendar,1,1,4.369e-06,2.729422398886273e-06,4.369e-06
/opt/hostedtoolcache/Python/3.11.16/x64/lib/python3.11/selectors.py,247,unregister,1,1,4.368e-06,2.7287976741440243e-06,1.0199e-05
/opt/hostedtoolcache/Python/3.11.16/x64/lib/python3.11/zipfile.py,833,ZipExtFile,1,1,4.338000000000001e-06,2.7100559318765516e-06,4.338000000000001e-06
/home/runner/work/_temp/scanner-verification-il7_c53e/final/scan_runtime.py,67,__aenter__,1,1,4.318e-06,2.6975614370315693e-06,4.6326e-05
/opt/hostedtoolcache/Python/3.11.16/x64/lib/python3.11/importlib/resources/_adapters.py,16,__getattr__,2,2,4.298e-06,2.685066942186588e-06,6.032e-06
/opt/hostedtoolcache/Python/3.11.16/x64/lib/python3.11/typing.py,2916,<genexpr>,4,4,4.257e-06,2.6594532277543747e-06,4.257e-06
/home/runner/work/_temp/scanner-verification-il7_c53e/final/tiktok_worker_scanner.py,1197,ProxyPool,1,1,4.248000000000001e-06,2.653830705074134e-06,4.248000000000001e-06
/opt/hostedtoolcache/Python/3.11.16/x64/lib/python3.11/email/errors.py,85,HeaderDefect,1,1,4.228e-06,2.641336210229151e-06,4.228e-06
~,0,<built-in method posix.urandom>,1,1,4.208e-06,2.6288417153841696e-06,4.208e-06
/opt/hostedtoolcache/Python/3.11.16/x64/lib/python3.11/site-packages/idna/idnadata.py,1,<module>,1,1,4.2070000000000005e-06,2.6282169906419206e-06,4.2070000000000005e-06
~,0,<built-in method resource.getrusage>,1,1,4.198e-06,2.622594467961679e-06,4.198e-06
/opt/hostedtoolcache/Python/3.11.16/x64/lib/python3.11/enum.py,1374,<lambda>,4,4,4.196e-06,2.6213450184771805e-06,4.196e-06
/opt/hostedtoolcache/Python/3.11.16/x64/lib/python3.11/contextlib.py,468,_exit_wrapper,2,2,4.177e-06,2.609475248374448e-06,6.843e-06
/opt/hostedtoolcache/Python/3.11.16/x64/lib/python3.11/dataclasses.py,846,<listcomp>,2,2,4.148e-06,2.591358230849224e-06,4.148e-06
/home/runner/work/_temp/scanner-verification-il7_c53e/final/connection_metrics.py,1,<module>,1,1,4.138e-06,2.5851109834267333e-06,1.9797e-05
/opt/hostedtoolcache/Python/3.11.16/x64/lib/python3.11/zipfile.py,773,_SharedFile,1,1,4.118e-06,2.572616488581752e-06,4.118e-06
/home/runner/work/_temp/scanner-verification-il7_c53e/final/avatar_cache.py,138,close,2,2,4.0880000000000005e-06,2.553874746314279e-06,4.0880000000000005e-06
/home/runner/work/_temp/scanner-verification-il7_c53e/final/scan_runtime.py,211,close,1,1,4.048e-06,2.5288857566243154e-06,5.621e-06
~,0,<built-in method fromisoformat>,2,2,4.048e-06,2.5288857566243154e-06,4.048e-06
/opt/hostedtoolcache/Python/3.11.16/x64/lib/python3.11/site-packages/httpx/_exceptions.py,74,HTTPError,1,1,4.048e-06,2.5288857566243154e-06,5.611e-06
/opt/hostedtoolcache/Python/3.11.16/x64/lib/python3.11/unittest/mock.py,1401,get_original,1,1,4.047e-06,2.5282610318820664e-06,4.9390000000000005e-06
/opt/hostedtoolcache/Python/3.11.16/x64/lib/python3.11/typing.py,2892,<listcomp>,2,2,4.008e-06,2.5038967669343517e-06,4.008e-06
/home/runner/work/_temp/scanner-verification-il7_c53e/final/backend_metrics.py,15,<dictcomp>,1,1,4.007e-06,2.5032720421921022e-06,1.1230000000000001e-05
/opt/hostedtoolcache/Python/3.11.16/x64/lib/python3.11/http/cookiejar.py,743,Cookie,1,1,4.007e-06,2.5032720421921022e-06,4.007e-06
~,0,<built-in method posix.read>,1,1,3.987e-06,2.4907775473471208e-06,3.987e-06
/opt/hostedtoolcache/Python/3.11.16/x64/lib/python3.11/queue.py,258,_PySimpleQueue,1,1,3.977e-06,2.48453029992463e-06,3.977e-06
/opt/hostedtoolcache/Python/3.11.16/x64/lib/python3.11/functools.py,845,_is_valid_dispatch_type,2,2,3.9470000000000005e-06,2.4657885576571574e-06,5.621e-06
/home/runner/work/_temp/scanner-verification-il7_c53e/final/tiktok_worker_scanner.py,3130,reporter_done,1,1,3.9080000000000005e-06,2.441424292709443e-06,5.791e-06
/opt/hostedtoolcache/Python/3.11.16/x64/lib/python3.11/datetime.py,46,_days_before_year,3,3,3.877e-06,2.422057825699721e-06,3.877e-06
/opt/hostedtoolcache/Python/3.11.16/x64/lib/python3.11/calendar.py,71,_localized_day,1,1,3.867e-06,2.41581057827723e-06,7.534e-06
/opt/hostedtoolcache/Python/3.11.16/x64/lib/python3.11/platform.py,735,_Processor,1,1,3.847000000000001e-06,2.4033160834322485e-06,3.847000000000001e-06
/home/runner/work/_temp/scanner-verification-il7_c53e/final/tiktok_worker_scanner.py,414,configured_input_path,1,1,3.7970000000000002e-06,2.3720798463197936e-06,1.8585000000000002e-05
~,0,<method 'setblocking' of '_socket.socket' objects>,2,2,3.767e-06,2.353338104052321e-06,3.767e-06
/opt/hostedtoolcache/Python/3.11.16/x64/lib/python3.11/site-packages/httpx/_urlparse.py,158,ParseResult,1,1,3.757e-06,2.34709085662983e-06,3.757e-06
/opt/hostedtoolcache/Python/3.11.16/x64/lib/python3.11/asyncio/base_events.py,1957,set_debug,1,1,3.757e-06,2.34709085662983e-06,5.060000000000001e-06
~,0,<method 'close' of 'select.epoll' objects>,1,1,3.757e-06,2.34709085662983e-06,3.757e-06
~,0,<method 'splitlines' of 'str' objects>,2,2,3.738e-06,2.3352210865270973e-06,3.738e-06
/opt/hostedtoolcache/Python/3.11.16/x64/lib/python3.11/hmac.py,27,HMAC,1,1,3.727e-06,2.3283491143623576e-06,3.727e-06
/home/runner/work/_temp/scanner-verification-il7_c53e/final/backend_metrics.py,14,<dictcomp>,1,1,3.727e-06,2.3283491143623576e-06,3.727e-06
~,0,<method 'reset' of '_contextvars.ContextVar' objects>,2,2,3.716e-06,2.3214771421976175e-06,3.716e-06
/opt/hostedtoolcache/Python/3.11.16/x64/lib/python3.11/site-packages/httpx/_auth.py,22,Auth,1,1,3.7070000000000003e-06,2.3158546195173757e-06,3.7070000000000003e-06
<frozen runpy>,33,__enter__,1,1,3.706e-06,2.3152298947751267e-06,4.7080000000000005e-06
/home/runner/work/_temp/scanner-verification-il7_c53e/final/tests/benchmark_hybrid.py,110,<dictcomp>,1,1,3.677e-06,2.2971128772499027e-06,3.677e-06
/opt/hostedtoolcache/Python/3.11.16/x64/lib/python3.11/calendar.py,74,<listcomp>,1,1,3.6670000000000002e-06,2.290865629827412e-06,3.6670000000000002e-06
/opt/hostedtoolcache/Python/3.11.16/x64/lib/python3.11/site-packages/httpx/_types.py,106,AsyncByteStream,1,1,3.6390000000000002e-06,2.2733733370444377e-06,9.8916e-05
/opt/hostedtoolcache/Python/3.11.16/x64/lib/python3.11/asyncio/base_events.py,656,stop,3,3,3.6360000000000004e-06,2.2714991628176908e-06,3.6360000000000004e-06
/opt/hostedtoolcache/Python/3.11.16/x64/lib/python3.11/_weakrefset.py,37,__init__,1,1,3.627e-06,2.2658766401374486e-06,3.627e-06
/opt/hostedtoolcache/Python/3.11.16/x64/lib/python3.11/uuid.py,334,hex,1,1,3.547e-06,2.215898660757521e-06,3.547e-06
~,0,<built-in method posix.register_at_fork>,2,2,3.537e-06,2.2096514133350304e-06,3.537e-06
/opt/hostedtoolcache/Python/3.11.16/x64/lib/python3.11/random.py,215,__init_subclass__,1,1,3.497e-06,2.1846624236450666e-06,3.497e-06
/opt/hostedtoolcache/Python/3.11.16/x64/lib/python3.11/urllib/request.py,834,HTTPPasswordMgr,1,1,3.496e-06,2.1840376989028176e-06,3.496e-06
/opt/hostedtoolcache/Python/3.11.16/x64/lib/python3.11/urllib/request.py,2144,FancyURLopener,1,1,3.496e-06,2.1840376989028176e-06,3.496e-06
/opt/hostedtoolcache/Python/3.11.16/x64/lib/python3.11/typing.py,1676,<genexpr>,2,2,3.4360000000000002e-06,2.1465542143678724e-06,4.1808000000000004e-05
/home/runner/work/_temp/scanner-verification-il7_c53e/final/tiktok_worker_scanner.py,830,ScanStateRecorder,1,1,3.406e-06,2.1278124721003994e-06,3.406e-06
/opt/hostedtoolcache/Python/3.11.16/x64/lib/python3.11/pkgutil.py,40,read_code,1,1,3.406e-06,2.1278124721003994e-06,6.983000000000001e-06
/opt/hostedtoolcache/Python/3.11.16/x64/lib/python3.11/enum.py,806,__members__,2,2,3.305e-06,2.0647152731332414e-06,3.305e-06
/opt/hostedtoolcache/Python/3.11.16/x64/lib/python3.11/site-packages/httpx/_urls.py,282,raw_path,1,1,3.2960000000000003e-06,2.059092750453e-06,4.5280000000000005e-06
~,0,<built-in method _hashlib.openssl_sha3_256>,1,1,3.2960000000000003e-06,2.059092750453e-06,3.2960000000000003e-06
/opt/hostedtoolcache/Python/3.11.16/x64/lib/python3.11/argparse.py,626,<listcomp>,3,3,3.277e-06,2.047222980350267e-06,3.277e-06
/opt/hostedtoolcache/Python/3.11.16/x64/lib/python3.11/importlib/resources/readers.py,53,MultiplexedPath,1,1,3.266e-06,2.040351008185527e-06,3.266e-06
/opt/hostedtoolcache/Python/3.11.16/x64/lib/python3.11/asyncio/runners.py,193,_cancel_all_tasks,1,1,3.265e-06,2.039726283443278e-06,5.595400000000001e-05
~,0,<built-in method _hashlib.openssl_sha224>,1,1,3.2560000000000003e-06,2.0341037607630363e-06,3.2560000000000003e-06
/opt/hostedtoolcache/Python/3.11.16/x64/lib/python3.11/typing.py,2261,runtime_checkable,1,1,3.2450000000000003e-06,2.027231788598296e-06,4.1270000000000005e-06
/opt/hostedtoolcache/Python/3.11.16/x64/lib/python3.11/site-packages/httpx/_decoders.py,267,TextChunker,1,1,3.2450000000000003e-06,2.027231788598296e-06,3.2450000000000003e-06
~,0,<built-in method _hashlib.openssl_sha384>,1,1,3.237e-06,2.0222339906603034e-06,3.237e-06
/opt/hostedtoolcache/Python/3.11.16/x64/lib/python3.11/typing.py,479,__repr__,2,2,3.236e-06,2.0216092659180544e-06,3.236e-06
/opt/hostedtoolcache/Python/3.11.16/x64/lib/python3.11/selectors.py,272,get_map,2,2,3.2350000000000004e-06,2.0209845411758054e-06,3.2350000000000004e-06
/opt/hostedtoolcache/Python/3.11.16/x64/lib/python3.11/site-packages/httpx/_types.py,92,SyncByteStream,1,1,3.227e-06,2.0159867432378127e-06,9.563e-05
/opt/hostedtoolcache/Python/3.11.16/x64/lib/python3.11/subprocess.py,1120,__del__,1,1,3.227e-06,2.0159867432378127e-06,4.6690000000000005e-06
/opt/hostedtoolcache/Python/3.11.16/x64/lib/python3.11/sqlite3/dbapi2.py,48,<listcomp>,1,1,3.2060000000000003e-06,2.002867523650582e-06,3.2060000000000003e-06
/opt/hostedtoolcache/Python/3.11.16/x64/lib/python3.11/logging/__init__.py,1720,getEffectiveLevel,1,1,3.2060000000000003e-06,2.002867523650582e-06,3.2060000000000003e-06
/opt/hostedtoolcache/Python/3.11.16/x64/lib/python3.11/unittest/mock.py,2518,__init__,2,2,3.2060000000000003e-06,2.002867523650582e-06,3.2060000000000003e-06
/opt/hostedtoolcache/Python/3.11.16/x64/lib/python3.11/urllib/request.py,1531,FTPHandler,1,1,3.186e-06,1.9903730288056e-06,3.186e-06
/opt/hostedtoolcache/Python/3.11.16/x64/lib/python3.11/site-packages/httpx/_client.py,223,is_closed,1,1,3.176e-06,1.984125781383109e-06,3.176e-06
/home/runner/work/_temp/scanner-verification-il7_c53e/final/tiktok_worker_scanner.py,2884,__init__,1,1,3.1560000000000004e-06,1.9716312865381273e-06,4.4380000000000005e-06
~,0,<method 'union' of 'set' objects>,1,1,3.146e-06,1.965384039115636e-06,3.146e-06
/opt/hostedtoolcache/Python/3.11.16/x64/lib/python3.11/site-packages/httpx/_config.py,173,__init__,2,2,3.1260000000000002e-06,1.9528895442706547e-06,3.1260000000000002e-06
/opt/hostedtoolcache/Python/3.11.16/x64/lib/python3.11/warnings.py,488,__exit__,1,1,3.086e-06,1.927900554580691e-06,4.018e-06
/home/runner/work/_temp/scanner-verification-il7_c53e/final/tests/benchmark_hybrid.py,58,__init__,2,2,3.085e-06,1.927275829838442e-06,3.085e-06
/opt/hostedtoolcache/Python/3.11.16/x64/lib/python3.11/argparse.py,1865,_get_positional_actions,1,1,3.085e-06,1.927275829838442e-06,4.959e-06
~,0,<built-in method _sqlite3.register_converter>,2,2,3.0760000000000003e-06,1.9216533071582002e-06,3.0760000000000003e-06
~,0,<built-in method _sqlite3.register_adapter>,2,2,3.075e-06,1.9210285824159512e-06,3.075e-06
/opt/hostedtoolcache/Python/3.11.16/x64/lib/python3.11/site-packages/httpx/_exceptions.py,280,CookieConflict,1,1,3.0650000000000003e-06,1.91478133499346e-06,3.0650000000000003e-06
/home/runner/work/_temp/scanner-verification-il7_c53e/final/hybrid_backend.py,138,ApiBackend,1,1,3.056e-06,1.9091588123132183e-06,3.056e-06
/opt/hostedtoolcache/Python/3.11.16/x64/lib/python3.11/pathlib.py,43,_is_wildcard_pattern,2,2,3.046e-06,1.9029115648907274e-06,3.046e-06
~,0,<built-in method _warnings._filters_mutated>,3,3,2.996e-06,1.871675327778273e-06,2.996e-06
~,0,<built-in method _hashlib.openssl_sha3_512>,1,1,2.995e-06,1.8710506030360237e-06,2.995e-06
~,0,<built-in method _hashlib.openssl_sha3_384>,1,1,2.9860000000000003e-06,1.8654280803557822e-06,2.9860000000000003e-06
/opt/hostedtoolcache/Python/3.11.16/x64/lib/python3.11/importlib/resources/_adapters.py,48,SpecPath,1,1,2.956e-06,1.8466863380883094e-06,2.956e-06
/opt/hostedtoolcache/Python/3.11.16/x64/lib/python3.11/http/cookiejar.py,1776,FileCookieJar,1,1,2.955e-06,1.8460616133460604e-06,2.955e-06
/opt/hostedtoolcache/Python/3.11.16/x64/lib/python3.11/typing.py,2974,_namedtuple_mro_entries,2,2,2.945e-06,1.8398143659235692e-06,2.945e-06
/home/runner/work/_temp/scanner-verification-il7_c53e/final/tests/benchmark_hybrid.py,57,MeasuredLock,1,1,2.9360000000000003e-06,1.8341918432433277e-06,2.9360000000000003e-06
/home/runner/work/_temp/scanner-verification-il7_c53e/final/tiktok_worker_scanner.py,3284,RunLog,1,1,2.9350000000000003e-06,1.8335671185010785e-06,2.9350000000000003e-06
~,0,<built-in method _hashlib.openssl_shake_128>,1,1,2.9350000000000003e-06,1.8335671185010785e-06,2.9350000000000003e-06
~,0,<built-in method sys.is_finalizing>,1,1,2.915e-06,1.8210726236560964e-06,2.915e-06
/opt/hostedtoolcache/Python/3.11.16/x64/lib/python3.11/enum.py,1453,<listcomp>,2,2,2.905e-06,1.8148253762336057e-06,2.905e-06
/opt/hostedtoolcache/Python/3.11.16/x64/lib/python3.11/asyncio/base_events.py,540,shutdown_asyncgens,1,1,2.8960000000000003e-06,1.8092028535533641e-06,1.0199e-05
~,0,<built-in method _hashlib.openssl_shake_256>,1,1,2.8950000000000002e-06,1.808578128811115e-06,2.8950000000000002e-06
~,0,<built-in method _asyncio._get_event_loop>,2,2,2.8850000000000003e-06,1.802330881388624e-06,2.8850000000000003e-06
/opt/hostedtoolcache/Python/3.11.16/x64/lib/python3.11/argparse.py,2227,_match_arguments_partial,1,1,2.8850000000000003e-06,1.802330881388624e-06,3.7370000000000004e-06
<frozen _collections_abc>,113,__subclasshook__,1,1,2.8850000000000003e-06,1.802330881388624e-06,6.0620000000000006e-06
/opt/hostedtoolcache/Python/3.11.16/x64/lib/python3.11/calendar.py,156,__init__,1,1,2.855e-06,1.7835891391211512e-06,4.027000000000001e-06
~,0,<method 'index' of 'tuple' objects>,3,3,2.8460000000000004e-06,1.7779666164409096e-06,2.8460000000000004e-06
/opt/hostedtoolcache/Python/3.11.16/x64/lib/python3.11/site-packages/httpx/_utils.py,120,URLPattern,1,1,2.826e-06,1.7654721215959278e-06,2.826e-06
~,0,<method 'copy' of 'dict' objects>,1,1,2.825e-06,1.7648473968536784e-06,2.825e-06
/home/runner/work/_temp/scanner-verification-il7_c53e/final/tiktok_worker_scanner.py,182,ProfileSnapshot,1,1,2.815e-06,1.7586001494311876e-06,2.815e-06
/opt/hostedtoolcache/Python/3.11.16/x64/lib/python3.11/site-packages/idna/core.py,70,IDNAError,1,1,2.815e-06,1.7586001494311876e-06,2.815e-06
/opt/hostedtoolcache/Python/3.11.16/x64/lib/python3.11/http/client.py,1583,LineTooLong,1,1,2.815e-06,1.7586001494311876e-06,2.815e-06
/opt/hostedtoolcache/Python/3.11.16/x64/lib/python3.11/tempfile.py,433,_TemporaryFileCloser,1,1,2.785e-06,1.7398584071637148e-06,2.785e-06
~,0,<built-in method _hashlib.openssl_sha512>,1,1,2.785e-06,1.7398584071637148e-06,2.785e-06
/opt/hostedtoolcache/Python/3.11.16/x64/lib/python3.11/email/charset.py,162,Charset,1,1,2.7660000000000003e-06,1.7279886370609821e-06,2.7660000000000003e-06
/opt/hostedtoolcache/Python/3.11.16/x64/lib/python3.11/email/feedparser.py,44,BufferedSubFile,1,1,2.765e-06,1.7273639123187331e-06,2.765e-06
/opt/hostedtoolcache/Python/3.11.16/x64/lib/python3.11/datetime.py,1280,IsoCalendarDate,1,1,2.7550000000000003e-06,1.7211166648962424e-06,2.7550000000000003e-06
/opt/hostedtoolcache/Python/3.11.16/x64/lib/python3.11/site-packages/httpx/_multipart.py,70,DataField,1,1,2.735e-06,1.7086221700512603e-06,2.735e-06
/opt/hostedtoolcache/Python/3.11.16/x64/lib/python3.11/email/header.py,536,_Accumulator,1,1,2.685e-06,1.677385932938806e-06,2.685e-06
~,0,<method 'cast' of 'memoryview' objects>,2,2,2.685e-06,1.677385932938806e-06,2.685e-06
<frozen _collections_abc>,262,__subclasshook__,1,1,2.6750000000000002e-06,1.6711386855163149e-06,5.29e-06
/home/runner/work/_temp/scanner-verification-il7_c53e/final/rate_limit_control.py,21,RateLimitController,1,1,2.674e-06,1.6705139607740659e-06,2.674e-06
/opt/hostedtoolcache/Python/3.11.16/x64/lib/python3.11/contextlib.py,466,_create_cb_wrapper,2,2,2.6650000000000003e-06,1.6648914380938244e-06,2.6650000000000003e-06
/opt/hostedtoolcache/Python/3.11.16/x64/lib/python3.11/warnings.py,441,__init__,1,1,2.635e-06,1.6461496958263515e-06,2.635e-06
/opt/hostedtoolcache/Python/3.11.16/x64/lib/python3.11/http/client.py,1467,HTTPSConnection,1,1,2.605e-06,1.6274079535588787e-06,2.605e-06
/opt/hostedtoolcache/Python/3.11.16/x64/lib/python3.11/asyncio/queues.py,47,_init,2,2,2.584e-06,1.6142887339716478e-06,2.584e-06
/opt/hostedtoolcache/Python/3.11.16/x64/lib/python3.11/subprocess.py,1973,_internal_poll,2,2,2.5740000000000003e-06,1.6080414865491571e-06,2.5740000000000003e-06
~,0,<built-in method math.log>,2,2,2.5740000000000003e-06,1.6080414865491571e-06,2.5740000000000003e-06
~,0,<built-in method _signal.getsignal>,2,2,2.5740000000000003e-06,1.6080414865491571e-06,2.5740000000000003e-06
/opt/hostedtoolcache/Python/3.11.16/x64/lib/python3.11/functools.py,861,<lambda>,1,1,2.556e-06,1.5967964411886734e-06,4.1528e-05
/opt/hostedtoolcache/Python/3.11.16/x64/lib/python3.11/urllib/request.py,426,OpenerDirector,1,1,2.555e-06,1.5961717164464244e-06,2.555e-06
/opt/hostedtoolcache/Python/3.11.16/x64/lib/python3.11/tempfile.py,133,_RandomNameSequence,1,1,2.525e-06,1.5774299741789516e-06,2.525e-06
/opt/hostedtoolcache/Python/3.11.16/x64/lib/python3.11/site-packages/httpx/_multipart.py,115,FileField,1,1,2.4840000000000003e-06,1.551816259746739e-06,2.4840000000000003e-06
/opt/hostedtoolcache/Python/3.11.16/x64/lib/python3.11/site-packages/httpx/_models.py,1243,_CookieCompatRequest,1,1,2.474e-06,1.545569012324248e-06,2.474e-06
/opt/hostedtoolcache/Python/3.11.16/x64/lib/python3.11/site-packages/httpx/_config.py,72,Timeout,1,1,2.464e-06,1.5393217649017572e-06,2.464e-06
<frozen runpy>,28,__init__,1,1,2.4440000000000002e-06,1.5268272700567755e-06,2.4440000000000002e-06
/opt/hostedtoolcache/Python/3.11.16/x64/lib/python3.11/http/cookiejar.py,841,CookiePolicy,1,1,2.4340000000000003e-06,1.5205800226342846e-06,2.4340000000000003e-06
/opt/hostedtoolcache/Python/3.11.16/x64/lib/python3.11/functools.py,966,__init__,1,1,2.4340000000000003e-06,1.5205800226342846e-06,2.4340000000000003e-06
~,0,<built-in method math.sqrt>,2,2,2.4330000000000003e-06,1.5199552978920354e-06,2.4330000000000003e-06
/opt/hostedtoolcache/Python/3.11.16/x64/lib/python3.11/calendar.py,76,__init__,2,2,2.424e-06,1.5143327752117936e-06,2.424e-06
/opt/hostedtoolcache/Python/3.11.16/x64/lib/python3.11/email/header.py,175,Header,1,1,2.4050000000000003e-06,1.502463005109061e-06,2.4050000000000003e-06
/opt/hostedtoolcache/Python/3.11.16/x64/lib/python3.11/weakref.py,414,__getitem__,1,1,2.404e-06,1.5018382803668118e-06,2.404e-06
~,0,<method 'total_seconds' of 'datetime.timedelta' objects>,1,1,2.404e-06,1.5018382803668118e-06,2.404e-06
/opt/hostedtoolcache/Python/3.11.16/x64/lib/python3.11/email/_policybase.py,18,_PolicyBase,1,1,2.404e-06,1.5018382803668118e-06,2.404e-06
/opt/hostedtoolcache/Python/3.11.16/x64/lib/python3.11/calendar.py,295,TextCalendar,1,1,2.384e-06,1.4893437855218299e-06,2.384e-06
~,0,<method 'detach' of '_socket.socket' objects>,2,2,2.374e-06,1.483096538099339e-06,2.374e-06
/opt/hostedtoolcache/Python/3.11.16/x64/lib/python3.11/re/_parser.py,103,checklookbehindgroup,2,2,2.3650000000000002e-06,1.4774740154190974e-06,2.3650000000000002e-06
~,0,<method 'deleter' of 'property' objects>,2,2,2.3650000000000002e-06,1.4774740154190974e-06,2.3650000000000002e-06
/opt/hostedtoolcache/Python/3.11.16/x64/lib/python3.11/typing.py,2928,<listcomp>,2,2,2.3550000000000003e-06,1.4712267679966065e-06,2.3550000000000003e-06
/opt/hostedtoolcache/Python/3.11.16/x64/lib/python3.11/importlib/resources/_adapters.py,83,ChildPath,1,1,2.3540000000000002e-06,1.4706020432543575e-06,2.3540000000000002e-06
/opt/hostedtoolcache/Python/3.11.16/x64/lib/python3.11/urllib/response.py,68,addinfourl,1,1,2.3540000000000002e-06,1.4706020432543575e-06,2.3540000000000002e-06
/home/runner/work/_temp/scanner-verification-il7_c53e/final/tiktok_worker_scanner.py,719,<listcomp>,2,2,2.3450000000000004e-06,1.4649795205741155e-06,2.3450000000000004e-06
/opt/hostedtoolcache/Python/3.11.16/x64/lib/python3.11/pathlib.py,757,joinpath,1,1,2.345e-06,1.4649795205741155e-06,3.3583e-05
/opt/hostedtoolcache/Python/3.11.16/x64/lib/python3.11/site-packages/httpx/_transports/base.py,65,AsyncBaseTransport,1,1,2.3440000000000003e-06,1.4643547958318665e-06,2.3440000000000003e-06
/opt/hostedtoolcache/Python/3.11.16/x64/lib/python3.11/site-packages/httpx/_auth.py,126,BasicAuth,1,1,2.334e-06,1.4581075484093754e-06,2.334e-06
~,0,<method 'fileno' of '_socket.socket' objects>,2,2,2.314e-06,1.4456130535643937e-06,2.314e-06
/opt/hostedtoolcache/Python/3.11.16/x64/lib/python3.11/contextlib.py,393,__init__,1,1,2.305e-06,1.4399905308841518e-06,2.305e-06
/opt/hostedtoolcache/Python/3.11.16/x64/lib/python3.11/site-packages/httpx/_auth.py,145,NetRCAuth,1,1,2.3040000000000003e-06,1.4393658061419028e-06,2.3040000000000003e-06
/opt/hostedtoolcache/Python/3.11.16/x64/lib/python3.11/email/_policybase.py,279,Compat32,1,1,2.3040000000000003e-06,1.4393658061419028e-06,2.3040000000000003e-06
/opt/hostedtoolcache/Python/3.11.16/x64/lib/python3.11/importlib/resources/_adapters.py,7,SpecLoaderAdapter,1,1,2.294e-06,1.4331185587194118e-06,2.294e-06
/home/runner/work/_temp/scanner-verification-il7_c53e/final/scan_runtime.py,46,DiskLane,1,1,2.284e-06,1.426871311296921e-06,2.284e-06
/opt/hostedtoolcache/Python/3.11.16/x64/lib/python3.11/email/header.py,408,_ValueFormatter,1,1,2.284e-06,1.426871311296921e-06,2.284e-06
/opt/hostedtoolcache/Python/3.11.16/x64/lib/python3.11/email/_policybase.py,41,__init__,1,1,2.284e-06,1.426871311296921e-06,3.226e-06
/home/runner/work/_temp/scanner-verification-il7_c53e/final/tiktok_worker_scanner.py,931,WorkerApiError,1,1,2.274e-06,1.4206240638744302e-06,2.274e-06
~,0,<built-in method resource.getrlimit>,1,1,2.274e-06,1.4206240638744302e-06,2.274e-06
~,0,<method 'remove' of 'list' objects>,1,1,2.254e-06,1.4081295690294483e-06,2.254e-06
~,0,<built-in method posix.confstr>,1,1,2.234e-06,1.3956350741844664e-06,2.234e-06
/opt/hostedtoolcache/Python/3.11.16/x64/lib/python3.11/unittest/mock.py,648,__getattr__,1,1,2.233e-06,1.3950103494422174e-06,2.233e-06
<frozen importlib._bootstrap>,1101,_sanity_check,1,1,2.223e-06,1.3887631020197265e-06,3.045e-06
/opt/hostedtoolcache/Python/3.11.16/x64/lib/python3.11/enum.py,794,__iter__,1,1,2.2140000000000003e-06,1.383140579339485e-06,2.2140000000000003e-06
/opt/hostedtoolcache/Python/3.11.16/x64/lib/python3.11/urllib/request.py,2404,ftpwrapper,1,1,2.204e-06,1.3768933319169936e-06,2.204e-06
/opt/hostedtoolcache/Python/3.11.16/x64/lib/python3.11/http/__init__.py,154,HTTPMethod,1,1,2.1850000000000003e-06,1.3650235618142611e-06,2.1850000000000003e-06
/opt/hostedtoolcache/Python/3.11.16/x64/lib/python3.11/importlib/resources/_adapters.py,25,__init__,2,2,2.184e-06,1.3643988370720121e-06,2.184e-06
/opt/hostedtoolcache/Python/3.11.16/x64/lib/python3.11/subprocess.py,481,__init__,1,1,2.164e-06,1.3519043422270302e-06,2.164e-06
/opt/hostedtoolcache/Python/3.11.16/x64/lib/python3.11/http/cookiejar.py,1982,MozillaCookieJar,1,1,2.154e-06,1.3456570948045393e-06,2.154e-06
/home/runner/work/_temp/scanner-verification-il7_c53e/final/tiktok_worker_scanner.py,262,ProfileJob,1,1,2.144e-06,1.3394098473820484e-06,2.144e-06
/home/runner/work/_temp/scanner-verification-il7_c53e/final/tiktok_worker_scanner.py,254,BatchResponse,1,1,2.144e-06,1.3394098473820484e-06,2.144e-06
/opt/hostedtoolcache/Python/3.11.16/x64/lib/python3.11/unittest/mock.py,1266,_check_spec_arg_typos,1,1,2.144e-06,1.3394098473820484e-06,2.144e-06
/opt/hostedtoolcache/Python/3.11.16/x64/lib/python3.11/pathlib.py,427,__init__,1,1,2.1340000000000002e-06,1.3331625999595576e-06,2.1340000000000002e-06
/opt/hostedtoolcache/Python/3.11.16/x64/lib/python3.11/importlib/resources/_adapters.py,114,OrphanPath,1,1,2.1240000000000003e-06,1.326915352537067e-06,2.1240000000000003e-06
/opt/hostedtoolcache/Python/3.11.16/x64/lib/python3.11/urllib/response.py,14,addbase,1,1,2.1240000000000003e-06,1.326915352537067e-06,2.1240000000000003e-06
/opt/hostedtoolcache/Python/3.11.16/x64/lib/python3.11/urllib/request.py,645,HTTPRedirectHandler,1,1,2.1240000000000003e-06,1.326915352537067e-06,2.1240000000000003e-06
/opt/hostedtoolcache/Python/3.11.16/x64/lib/python3.11/email/__init__.py,1,<module>,1,1,2.1240000000000003e-06,1.326915352537067e-06,2.1240000000000003e-06
/opt/hostedtoolcache/Python/3.11.16/x64/lib/python3.11/asyncio/base_events.py,565,shutdown_default_executor,1,1,2.1240000000000003e-06,1.326915352537067e-06,2.1240000000000003e-06
/opt/hostedtoolcache/Python/3.11.16/x64/lib/python3.11/sqlite3/dbapi2.py,49,<listcomp>,1,1,2.114e-06,1.3206681051145755e-06,2.114e-06
/opt/hostedtoolcache/Python/3.11.16/x64/lib/python3.11/site-packages/httpx/_transports/default.py,279,AsyncHTTPTransport,1,1,2.114e-06,1.3206681051145755e-06,2.114e-06
/opt/hostedtoolcache/Python/3.11.16/x64/lib/python3.11/functools.py,741,is_related,2,2,2.0840000000000003e-06,1.3019263628471031e-06,2.0840000000000003e-06
<frozen runpy>,50,__init__,1,1,2.0730000000000003e-06,1.2950543906823632e-06,2.0730000000000003e-06
/home/runner/work/_temp/scanner-verification-il7_c53e/final/backend_metrics.py,13,<dictcomp>,1,1,2.064e-06,1.2894318680021213e-06,2.064e-06
/opt/hostedtoolcache/Python/3.11.16/x64/lib/python3.11/calendar.py,57,__init__,2,2,2.063e-06,1.288807143259872e-06,2.063e-06
/opt/hostedtoolcache/Python/3.11.16/x64/lib/python3.11/subprocess.py,268,_cleanup,1,1,2.054e-06,1.2831846205796303e-06,2.054e-06
/opt/hostedtoolcache/Python/3.11.16/x64/lib/python3.11/random.py,787,SystemRandom,1,1,2.0440000000000003e-06,1.2769373731571396e-06,2.0440000000000003e-06
/opt/hostedtoolcache/Python/3.11.16/x64/lib/python3.11/encodings/utf_8_sig.py,26,IncrementalEncoder,1,1,2.024e-06,1.2644428783121577e-06,2.024e-06
/opt/hostedtoolcache/Python/3.11.16/x64/lib/python3.11/site-packages/httpx/_client.py,162,BoundAsyncStream,1,1,2.024e-06,1.2644428783121577e-06,2.024e-06
/opt/hostedtoolcache/Python/3.11.16/x64/lib/python3.11/subprocess.py,1311,_on_error_fd_closer,2,2,2.024e-06,1.2644428783121577e-06,2.024e-06
/home/runner/work/_temp/scanner-verification-il7_c53e/final/tiktok_worker_scanner.py,749,<genexpr>,2,2,2.014e-06,1.2581956308896668e-06,2.014e-06
/opt/hostedtoolcache/Python/3.11.16/x64/lib/python3.11/urllib/request.py,908,HTTPPasswordMgrWithPriorAuth,1,1,2.004e-06,1.2519483834671758e-06,2.004e-06
/opt/hostedtoolcache/Python/3.11.16/x64/lib/python3.11/zipfile.py,2042,PyZipFile,1,1,1.974e-06,1.233206641199703e-06,1.974e-06
~,0,<method 'pop' of 'set' objects>,2,2,1.963e-06,1.226334669034963e-06,1.963e-06
/opt/hostedtoolcache/Python/3.11.16/x64/lib/python3.11/datetime.py,1219,tzinfo,1,1,1.953e-06,1.2200874216124723e-06,1.953e-06
/opt/hostedtoolcache/Python/3.11.16/x64/lib/python3.11/dataclasses.py,179,__repr__,2,2,1.944e-06,1.2144648989322304e-06,1.944e-06
/opt/hostedtoolcache/Python/3.11.16/x64/lib/python3.11/site-packages/httpx/_config.py,159,Limits,1,1,1.9430000000000003e-06,1.2138401741899816e-06,1.9430000000000003e-06
/home/runner/work/_temp/scanner-verification-il7_c53e/final/avatar_cache.py,123,AvatarReader,1,1,1.9140000000000002e-06,1.1957231566647578e-06,1.9140000000000002e-06
/opt/hostedtoolcache/Python/3.11.16/x64/lib/python3.11/argparse.py,592,<listcomp>,1,1,1.9140000000000002e-06,1.1957231566647578e-06,1.9140000000000002e-06
/opt/hostedtoolcache/Python/3.11.16/x64/lib/python3.11/email/parser.py,16,Parser,1,1,1.913e-06,1.1950984319225088e-06,1.913e-06
<frozen runpy>,54,__enter__,1,1,1.912e-06,1.1944737071802596e-06,1.912e-06
/opt/hostedtoolcache/Python/3.11.16/x64/lib/python3.11/tempfile.py,476,_TemporaryFileWrapper,1,1,1.903e-06,1.1888511845000176e-06,1.903e-06
/home/runner/work/_temp/scanner-verification-il7_c53e/final/tiktok_worker_scanner.py,1981,SecretLogFilter,1,1,1.8940000000000002e-06,1.1832286618197761e-06,1.8940000000000002e-06
/opt/hostedtoolcache/Python/3.11.16/x64/lib/python3.11/site-packages/httpx/_content.py,42,IteratorByteStream,1,1,1.8940000000000002e-06,1.1832286618197761e-06,1.8940000000000002e-06
/opt/hostedtoolcache/Python/3.11.16/x64/lib/python3.11/__future__.py,81,_Feature,1,1,1.8940000000000002e-06,1.1832286618197761e-06,1.8940000000000002e-06
/opt/hostedtoolcache/Python/3.11.16/x64/lib/python3.11/zipfile.py,2334,FastLookup,1,1,1.884e-06,1.176981414397285e-06,1.884e-06
/home/runner/work/_temp/scanner-verification-il7_c53e/final/tiktok_worker_scanner.py,3223,ScanLock,1,1,1.884e-06,1.176981414397285e-06,1.884e-06
/opt/hostedtoolcache/Python/3.11.16/x64/lib/python3.11/email/_parseaddr.py,512,AddressList,1,1,1.884e-06,1.176981414397285e-06,1.884e-06
/opt/hostedtoolcache/Python/3.11.16/x64/lib/python3.11/argparse.py,1866,<listcomp>,1,1,1.8740000000000002e-06,1.1707341669747942e-06,1.8740000000000002e-06
~,0,<method 'pop' of 'collections.deque' objects>,2,2,1.8540000000000002e-06,1.1582396721298124e-06,1.8540000000000002e-06
/opt/hostedtoolcache/Python/3.11.16/x64/lib/python3.11/calendar.py,573,LocaleTextCalendar,1,1,1.853e-06,1.1576149473875634e-06,1.853e-06
/opt/hostedtoolcache/Python/3.11.16/x64/lib/python3.11/urllib/request.py,1588,CacheFTPHandler,1,1,1.844e-06,1.1519924247073214e-06,1.844e-06
/home/runner/work/_temp/scanner-verification-il7_c53e/final/tiktok_worker_scanner.py,752,<genexpr>,2,2,1.8240000000000002e-06,1.1394979298623397e-06,1.8240000000000002e-06
/home/runner/work/_temp/scanner-verification-il7_c53e/final/scan_runtime.py,154,RetryQueue,1,1,1.824e-06,1.1394979298623397e-06,1.824e-06
/opt/hostedtoolcache/Python/3.11.16/x64/lib/python3.11/queue.py,223,PriorityQueue,1,1,1.8030000000000001e-06,1.1263787102751089e-06,1.8030000000000001e-06
/opt/hostedtoolcache/Python/3.11.16/x64/lib/python3.11/queue.py,242,LifoQueue,1,1,1.8030000000000001e-06,1.1263787102751089e-06,1.8030000000000001e-06
/opt/hostedtoolcache/Python/3.11.16/x64/lib/python3.11/site-packages/httpx/_transports/mock.py,16,__init__,1,1,1.8030000000000001e-06,1.1263787102751089e-06,1.8030000000000001e-06
/opt/hostedtoolcache/Python/3.11.16/x64/lib/python3.11/urllib/request.py,1398,HTTPCookieProcessor,1,1,1.8030000000000001e-06,1.1263787102751089e-06,1.8030000000000001e-06
/opt/hostedtoolcache/Python/3.11.16/x64/lib/python3.11/urllib/request.py,1374,HTTPHandler,1,1,1.8030000000000001e-06,1.1263787102751089e-06,1.8030000000000001e-06
/opt/hostedtoolcache/Python/3.11.16/x64/lib/python3.11/inspect.py,2814,__init__,1,1,1.794e-06,1.1207561875948671e-06,1.794e-06
/home/runner/work/_temp/scanner-verification-il7_c53e/final/rate_limit_control.py,15,BackendPaused,1,1,1.7840000000000002e-06,1.1145089401723762e-06,1.7840000000000002e-06
/opt/hostedtoolcache/Python/3.11.16/x64/lib/python3.11/unittest/mock.py,1642,<lambda>,2,2,1.7840000000000002e-06,1.1145089401723762e-06,1.7840000000000002e-06
/opt/hostedtoolcache/Python/3.11.16/x64/lib/python3.11/urllib/response.py,37,addclosehook,1,1,1.7830000000000001e-06,1.1138842154301272e-06,1.7830000000000001e-06
/opt/hostedtoolcache/Python/3.11.16/x64/lib/python3.11/site-packages/httpx/_auth.py,113,FunctionAuth,1,1,1.774e-06,1.1082616927498853e-06,1.774e-06
/opt/hostedtoolcache/Python/3.11.16/x64/lib/python3.11/encodings/utf_8_sig.py,49,IncrementalDecoder,1,1,1.773e-06,1.107636968007636e-06,1.773e-06
/home/runner/work/_temp/scanner-verification-il7_c53e/final/direct_protocol.py,22,ProtocolError,1,1,1.773e-06,1.107636968007636e-06,1.773e-06
/opt/hostedtoolcache/Python/3.11.16/x64/lib/python3.11/zipfile.py,649,LZMACompressor,1,1,1.7530000000000002e-06,1.0951424731626544e-06,1.7530000000000002e-06
/opt/hostedtoolcache/Python/3.11.16/x64/lib/python3.11/selectors.py,63,__init__,1,1,1.7440000000000002e-06,1.0895199504824126e-06,1.7440000000000002e-06
/opt/hostedtoolcache/Python/3.11.16/x64/lib/python3.11/site-packages/httpx/_transports/mock.py,15,MockTransport,1,1,1.7330000000000002e-06,1.0826479783176725e-06,1.7330000000000002e-06
/opt/hostedtoolcache/Python/3.11.16/x64/lib/python3.11/site-packages/httpx/_auth.py,343,_DigestAuthChallenge,1,1,1.7330000000000002e-06,1.0826479783176725e-06,1.7330000000000002e-06
/home/runner/work/_temp/scanner-verification-il7_c53e/final/scan_runtime.py,218,ShutdownGuard,1,1,1.723e-06,1.0764007308951818e-06,1.723e-06
/opt/hostedtoolcache/Python/3.11.16/x64/lib/python3.11/http/client.py,1550,IncompleteRead,1,1,1.7040000000000001e-06,1.064530960792449e-06,1.7040000000000001e-06
/opt/hostedtoolcache/Python/3.11.16/x64/lib/python3.11/site-packages/httpx/_models.py,1261,_CookieCompatResponse,1,1,1.703e-06,1.0639062360501997e-06,1.703e-06
/opt/hostedtoolcache/Python/3.11.16/x64/lib/python3.11/urllib/request.py,1256,AbstractHTTPHandler,1,1,1.703e-06,1.0639062360501997e-06,1.703e-06
/opt/hostedtoolcache/Python/3.11.16/x64/lib/python3.11/logging/__init__.py,1319,disable,1,1,1.6930000000000001e-06,1.057658988627709e-06,1.6930000000000001e-06
/opt/hostedtoolcache/Python/3.11.16/x64/lib/python3.11/site-packages/httpx/_content.py,31,ByteStream,1,1,1.692e-06,1.0570342638854598e-06,1.692e-06
/opt/hostedtoolcache/Python/3.11.16/x64/lib/python3.11/importlib/resources/readers.py,15,FileReader,1,1,1.683e-06,1.051411741205218e-06,1.683e-06
/opt/hostedtoolcache/Python/3.11.16/x64/lib/python3.11/typing.py,1720,_value_and_type_iter,1,1,1.683e-06,1.051411741205218e-06,1.683e-06
/opt/hostedtoolcache/Python/3.11.16/x64/lib/python3.11/site-packages/httpx/_content.py,67,AsyncIteratorByteStream,1,1,1.672e-06,1.044539769040478e-06,1.672e-06
/home/runner/work/_temp/scanner-verification-il7_c53e/final/tiktok_worker_scanner.py,942,InvalidWorkerResponse,1,1,1.663e-06,1.0389172463602361e-06,1.663e-06
/opt/hostedtoolcache/Python/3.11.16/x64/lib/python3.11/site-packages/httpx/_transports/default.py,121,ResponseStream,1,1,1.663e-06,1.0389172463602361e-06,1.663e-06
/opt/hostedtoolcache/Python/3.11.16/x64/lib/python3.11/statistics.py,256,_coerce,1,1,1.6540000000000002e-06,1.0332947236799944e-06,1.6540000000000002e-06
/opt/hostedtoolcache/Python/3.11.16/x64/lib/python3.11/zipfile.py,813,_Tellable,1,1,1.653e-06,1.0326699989377454e-06,1.653e-06
/opt/hostedtoolcache/Python/3.11.16/x64/lib/python3.11/site-packages/httpx/_transports/wsgi.py,44,WSGITransport,1,1,1.653e-06,1.0326699989377454e-06,1.653e-06
/opt/hostedtoolcache/Python/3.11.16/x64/lib/python3.11/urllib/request.py,1474,FileHandler,1,1,1.652e-06,1.0320452741954962e-06,1.652e-06
/opt/hostedtoolcache/Python/3.11.16/x64/lib/python3.11/site-packages/httpx/_decoders.py,56,DeflateDecoder,1,1,1.633e-06,1.0201755040927635e-06,1.633e-06
/opt/hostedtoolcache/Python/3.11.16/x64/lib/python3.11/site-packages/httpx/_client.py,121,<listcomp>,1,1,1.6230000000000002e-06,1.0139282566702728e-06,1.6230000000000002e-06
/opt/hostedtoolcache/Python/3.11.16/x64/lib/python3.11/site-packages/httpx/_decoders.py,228,ByteChunker,1,1,1.613e-06,1.0076810092477818e-06,1.613e-06
/opt/hostedtoolcache/Python/3.11.16/x64/lib/python3.11/site-packages/httpx/_transports/wsgi.py,30,WSGIByteStream,1,1,1.6120000000000002e-06,1.0070562845055326e-06,1.6120000000000002e-06
/opt/hostedtoolcache/Python/3.11.16/x64/lib/python3.11/urllib/response.py,57,addinfo,1,1,1.6030000000000002e-06,1.001433761825291e-06,1.6030000000000002e-06
/opt/hostedtoolcache/Python/3.11.16/x64/lib/python3.11/importlib/resources/readers.py,107,NamespaceReader,1,1,1.5940000000000001e-06,9.95811239145049e-07,1.5940000000000001e-06
/opt/hostedtoolcache/Python/3.11.16/x64/lib/python3.11/site-packages/httpx/_decoders.py,36,ContentDecoder,1,1,1.5920000000000002e-06,9.94561789660551e-07,1.5920000000000002e-06
/opt/hostedtoolcache/Python/3.11.16/x64/lib/python3.11/site-packages/httpx/_exceptions.py,107,RequestError,1,1,1.5830000000000001e-06,9.889392669803092e-07,1.5830000000000001e-06
/opt/hostedtoolcache/Python/3.11.16/x64/lib/python3.11/site-packages/httpx/_transports/asgi.py,63,ASGITransport,1,1,1.573e-06,9.82692019557818e-07,1.573e-06
/opt/hostedtoolcache/Python/3.11.16/x64/lib/python3.11/email/errors.py,97,NonPrintableDefect,1,1,1.573e-06,9.82692019557818e-07,1.573e-06
/opt/hostedtoolcache/Python/3.11.16/x64/lib/python3.11/site-packages/httpx/_transports/asgi.py,55,ASGIResponseStream,1,1,1.5630000000000001e-06,9.764447721353274e-07,1.5630000000000001e-06
~,0,<method 'popitem' of 'dict' objects>,1,1,1.554e-06,9.708222494550854e-07,1.554e-06
/home/runner/work/_temp/scanner-verification-il7_c53e/final/tiktok_worker_scanner.py,2883,SharedScanControl,1,1,1.553e-06,9.701975247128364e-07,1.553e-06
/opt/hostedtoolcache/Python/3.11.16/x64/lib/python3.11/site-packages/httpx/_decoders.py,203,MultiDecoder,1,1,1.551e-06,9.689480752283382e-07,1.551e-06
<string>,1,<module>,1,1,1.543e-06,9.639502772903455e-07,1.543e-06
/home/runner/work/_temp/scanner-verification-il7_c53e/final/connection_metrics.py,3,RequestTrace,1,1,1.543e-06,9.639502772903455e-07,1.543e-06
/opt/hostedtoolcache/Python/3.11.16/x64/lib/python3.11/urllib/request.py,1226,HTTPDigestAuthHandler,1,1,1.543e-06,9.639502772903455e-07,1.543e-06
/opt/hostedtoolcache/Python/3.11.16/x64/lib/python3.11/email/errors.py,37,MessageDefect,1,1,1.543e-06,9.639502772903455e-07,1.543e-06
/opt/hostedtoolcache/Python/3.11.16/x64/lib/python3.11/http/client.py,195,HTTPMessage,1,1,1.543e-06,9.639502772903455e-07,1.543e-06
/opt/hostedtoolcache/Python/3.11.16/x64/lib/python3.11/site-packages/httpx/_decoders.py,306,TextDecoder,1,1,1.5330000000000002e-06,9.577030298678545e-07,1.5330000000000002e-06
/opt/hostedtoolcache/Python/3.11.16/x64/lib/python3.11/urllib/error.py,19,URLError,1,1,1.523e-06,9.514557824453637e-07,1.523e-06
/opt/hostedtoolcache/Python/3.11.16/x64/lib/python3.11/calendar.py,594,LocaleHTMLCalendar,1,1,1.5130000000000002e-06,9.452085350228729e-07,1.5130000000000002e-06
/opt/hostedtoolcache/Python/3.11.16/x64/lib/python3.11/urllib/request.py,1383,HTTPSHandler,1,1,1.503e-06,9.389612876003818e-07,1.503e-06
/opt/hostedtoolcache/Python/3.11.16/x64/lib/python3.11/email/feedparser.py,530,BytesFeedParser,1,1,1.503e-06,9.389612876003818e-07,1.503e-06
/opt/hostedtoolcache/Python/3.11.16/x64/lib/python3.11/calendar.py,33,IllegalWeekdayError,1,1,1.503e-06,9.389612876003818e-07,1.503e-06
/opt/hostedtoolcache/Python/3.11.16/x64/lib/python3.11/email/message.py,1202,EmailMessage,1,1,1.4930000000000001e-06,9.327140401778911e-07,1.4930000000000001e-06
/home/runner/work/_temp/scanner-verification-il7_c53e/final/tiktok_worker_scanner.py,1553,<listcomp>,1,1,1.4930000000000001e-06,9.327140401778911e-07,1.4930000000000001e-06
/opt/hostedtoolcache/Python/3.11.16/x64/lib/python3.11/site-packages/httpx/_decoders.py,108,BrotliDecoder,1,1,1.4840000000000001e-06,9.270915174976491e-07,1.4840000000000001e-06
/opt/hostedtoolcache/Python/3.11.16/x64/lib/python3.11/site-packages/httpx/_transports/default.py,265,AsyncResponseStream,1,1,1.483e-06,9.264667927554e-07,1.483e-06
/opt/hostedtoolcache/Python/3.11.16/x64/lib/python3.11/urllib/request.py,605,BaseHandler,1,1,1.483e-06,9.264667927554e-07,1.483e-06
/opt/hostedtoolcache/Python/3.11.16/x64/lib/python3.11/contextlib.py,440,__init__,1,1,1.4820000000000002e-06,9.258420680131512e-07,1.4820000000000002e-06
/opt/hostedtoolcache/Python/3.11.16/x64/lib/python3.11/calendar.py,548,different_locale,1,1,1.4820000000000002e-06,9.258420680131512e-07,1.4820000000000002e-06
/home/runner/work/_temp/scanner-verification-il7_c53e/final/direct_protocol.py,50,Session,1,1,1.4730000000000001e-06,9.202195453329092e-07,1.4730000000000001e-06
/opt/hostedtoolcache/Python/3.11.16/x64/lib/python3.11/urllib/request.py,1050,HTTPBasicAuthHandler,1,1,1.4730000000000001e-06,9.202195453329092e-07,1.4730000000000001e-06
/opt/hostedtoolcache/Python/3.11.16/x64/lib/python3.11/calendar.py,26,IllegalMonthError,1,1,1.472e-06,9.195948205906601e-07,1.472e-06
/opt/hostedtoolcache/Python/3.11.16/x64/lib/python3.11/email/parser.py,78,BytesParser,1,1,1.4620000000000001e-06,9.133475731681692e-07,1.4620000000000001e-06
/opt/hostedtoolcache/Python/3.11.16/x64/lib/python3.11/site-packages/httpx/__version__.py,1,<module>,1,1,1.433e-06,8.952305556429457e-07,1.433e-06
/opt/hostedtoolcache/Python/3.11.16/x64/lib/python3.11/uuid.py,78,SafeUUID,1,1,1.432e-06,8.946058309006966e-07,1.432e-06
/opt/hostedtoolcache/Python/3.11.16/x64/lib/python3.11/importlib/resources/_adapters.py,20,TraversableResourcesLoader,1,1,1.4230000000000002e-06,8.889833082204548e-07,1.4230000000000002e-06
/opt/hostedtoolcache/Python/3.11.16/x64/lib/python3.11/site-packages/httpx/_decoders.py,161,ZStandardDecoder,1,1,1.4140000000000001e-06,8.83360785540213e-07,1.4140000000000001e-06
/opt/hostedtoolcache/Python/3.11.16/x64/lib/python3.11/site-packages/httpx/_decoders.py,85,GZipDecoder,1,1,1.413e-06,8.827360607979639e-07,1.413e-06
/opt/hostedtoolcache/Python/3.11.16/x64/lib/python3.11/site-packages/httpx/_decoders.py,44,IdentityDecoder,1,1,1.413e-06,8.827360607979639e-07,1.413e-06
/opt/hostedtoolcache/Python/3.11.16/x64/lib/python3.11/email/parser.py,70,HeaderParser,1,1,1.402e-06,8.75864088633224e-07,1.402e-06
/opt/hostedtoolcache/Python/3.11.16/x64/lib/python3.11/urllib/request.py,624,HTTPErrorProcessor,1,1,1.393e-06,8.70241565952982e-07,1.393e-06
/opt/hostedtoolcache/Python/3.11.16/x64/lib/python3.11/site-packages/httpx/_decoders.py,321,LineDecoder,1,1,1.384e-06,8.646190432727402e-07,1.384e-06
/opt/hostedtoolcache/Python/3.11.16/x64/lib/python3.11/encodings/utf_8_sig.py,85,StreamWriter,1,1,1.3830000000000001e-06,8.639943185304911e-07,1.3830000000000001e-06
/opt/hostedtoolcache/Python/3.11.16/x64/lib/python3.11/site-packages/httpx/_content.py,92,UnattachedStream,1,1,1.374e-06,8.583717958502493e-07,1.374e-06
/opt/hostedtoolcache/Python/3.11.16/x64/lib/python3.11/urllib/request.py,791,ProxyHandler,1,1,1.3720000000000002e-06,8.571223463657512e-07,1.3720000000000002e-06
/opt/hostedtoolcache/Python/3.11.16/x64/lib/python3.11/site-packages/httpx/_exceptions.py,258,HTTPStatusError,1,1,1.362e-06,8.508750989432602e-07,1.362e-06
/opt/hostedtoolcache/Python/3.11.16/x64/lib/python3.11/numbers.py,12,Number,1,1,1.362e-06,8.508750989432602e-07,1.362e-06
/opt/hostedtoolcache/Python/3.11.16/x64/lib/python3.11/http/client.py,1576,BadStatusLine,1,1,1.343e-06,8.390053288405276e-07,1.343e-06
/opt/hostedtoolcache/Python/3.11.16/x64/lib/python3.11/urllib/request.py,1641,DataHandler,1,1,1.3320000000000001e-06,8.321333566757876e-07,1.3320000000000001e-06
/opt/hostedtoolcache/Python/3.11.16/x64/lib/python3.11/urllib/error.py,70,ContentTooShortError,1,1,1.312e-06,8.196388618308058e-07,1.312e-06
/opt/hostedtoolcache/Python/3.11.16/x64/lib/python3.11/email/parser.py,125,BytesHeaderParser,1,1,1.303e-06,8.140163391505639e-07,1.303e-06
/home/runner/work/_temp/scanner-verification-il7_c53e/final/tiktok_worker_scanner.py,947,ScanCancelled,1,1,1.302e-06,8.133916144083148e-07,1.302e-06
/opt/hostedtoolcache/Python/3.11.16/x64/lib/python3.11/http/client.py,1588,RemoteDisconnected,1,1,1.302e-06,8.133916144083148e-07,1.302e-06
~,0,<built-in method atexit.register>,1,1,1.2930000000000002e-06,8.077690917280731e-07,1.2930000000000002e-06
/opt/hostedtoolcache/Python/3.11.16/x64/lib/python3.11/zipfile.py,672,LZMADecompressor,1,1,1.292e-06,8.071443669858239e-07,1.292e-06
/opt/hostedtoolcache/Python/3.11.16/x64/lib/python3.11/queue.py,23,Full,1,1,1.292e-06,8.071443669858239e-07,1.292e-06
/opt/hostedtoolcache/Python/3.11.16/x64/lib/python3.11/urllib/request.py,1244,ProxyDigestAuthHandler,1,1,1.292e-06,8.071443669858239e-07,1.292e-06
/opt/hostedtoolcache/Python/3.11.16/x64/lib/python3.11/email/errors.py,116,InvalidDateDefect,1,1,1.292e-06,8.071443669858239e-07,1.292e-06
/opt/hostedtoolcache/Python/3.11.16/x64/lib/python3.11/site-packages/httpx/_exceptions.py,271,InvalidURL,1,1,1.2820000000000002e-06,8.008971195633332e-07,1.2820000000000002e-06
/opt/hostedtoolcache/Python/3.11.16/x64/lib/python3.11/random.py,814,seed,1,1,1.2730000000000001e-06,7.952745968830912e-07,1.2730000000000001e-06
/opt/hostedtoolcache/Python/3.11.16/x64/lib/python3.11/urllib/request.py,1061,ProxyBasicAuthHandler,1,1,1.272e-06,7.946498721408421e-07,1.272e-06
/opt/hostedtoolcache/Python/3.11.16/x64/lib/python3.11/site-packages/httpx/_client.py,94,UseClientDefault,1,1,1.2620000000000002e-06,7.884026247183512e-07,1.2620000000000002e-06
/opt/hostedtoolcache/Python/3.11.16/x64/lib/python3.11/email/errors.py,8,MessageError,1,1,1.2620000000000002e-06,7.884026247183512e-07,1.2620000000000002e-06
/opt/hostedtoolcache/Python/3.11.16/x64/lib/python3.11/unittest/mock.py,574,__get_side_effect,1,1,1.2620000000000002e-06,7.884026247183512e-07,1.2620000000000002e-06
/opt/hostedtoolcache/Python/3.11.16/x64/lib/python3.11/zipfile.py,44,BadZipFile,1,1,1.2530000000000001e-06,7.827801020381095e-07,1.2530000000000001e-06
/opt/hostedtoolcache/Python/3.11.16/x64/lib/python3.11/functools.py,972,__set_name__,1,1,1.2530000000000001e-06,7.827801020381095e-07,1.2530000000000001e-06
/home/runner/work/_temp/scanner-verification-il7_c53e/final/tiktok_worker_scanner.py,170,ExporterError,1,1,1.252e-06,7.821553772958604e-07,1.252e-06
/home/runner/work/_temp/scanner-verification-il7_c53e/final/tiktok_worker_scanner.py,1201,<listcomp>,1,1,1.243e-06,7.765328546156186e-07,1.243e-06
~,0,<method 'clear' of 'dict' objects>,1,1,1.243e-06,7.765328546156186e-07,1.243e-06
/opt/hostedtoolcache/Python/3.11.16/x64/lib/python3.11/argparse.py,1327,__init__,1,1,1.2420000000000001e-06,7.759081298733695e-07,1.2420000000000001e-06
/home/runner/work/_temp/scanner-verification-il7_c53e/final/report_generator.py,150,<dictcomp>,1,1,1.232e-06,7.696608824508786e-07,1.232e-06
/opt/hostedtoolcache/Python/3.11.16/x64/lib/python3.11/site-packages/httpx/_config.py,16,UnsetType,1,1,1.232e-06,7.696608824508786e-07,1.232e-06
/opt/hostedtoolcache/Python/3.11.16/x64/lib/python3.11/urllib/request.py,1416,UnknownHandler,1,1,1.232e-06,7.696608824508786e-07,1.232e-06
/home/runner/work/_temp/scanner-verification-il7_c53e/final/tiktok_worker_scanner.py,802,<listcomp>,1,1,1.2220000000000001e-06,7.634136350283878e-07,1.2220000000000001e-06
/opt/hostedtoolcache/Python/3.11.16/x64/lib/python3.11/http/client.py,1547,UnimplementedFileMode,1,1,1.2220000000000001e-06,7.634136350283878e-07,1.2220000000000001e-06
/opt/hostedtoolcache/Python/3.11.16/x64/lib/python3.11/statistics.py,148,StatisticsError,1,1,1.2220000000000001e-06,7.634136350283878e-07,1.2220000000000001e-06
/opt/hostedtoolcache/Python/3.11.16/x64/lib/python3.11/site-packages/httpx/_client.py,1432,_init_transport,1,1,1.212e-06,7.571663876058968e-07,1.212e-06
/opt/hostedtoolcache/Python/3.11.16/x64/lib/python3.11/site-packages/httpx/_exceptions.py,297,StreamError,1,1,1.202e-06,7.509191401834059e-07,1.202e-06
/opt/hostedtoolcache/Python/3.11.16/x64/lib/python3.11/site-packages/httpx/_exceptions.py,309,StreamConsumed,1,1,1.202e-06,7.509191401834059e-07,1.202e-06
/opt/hostedtoolcache/Python/3.11.16/x64/lib/python3.11/site-packages/httpx/_exceptions.py,167,NetworkError,1,1,1.202e-06,7.509191401834059e-07,1.202e-06
/opt/hostedtoolcache/Python/3.11.16/x64/lib/python3.11/http/cookiejar.py,1244,Absent,1,1,1.202e-06,7.509191401834059e-07,1.202e-06
/opt/hostedtoolcache/Python/3.11.16/x64/lib/python3.11/email/errors.py,12,MessageParseError,1,1,1.202e-06,7.509191401834059e-07,1.202e-06
<string>,1,__create_fn__,1,1,1.192e-06,7.446718927609149e-07,1.192e-06
/opt/hostedtoolcache/Python/3.11.16/x64/lib/python3.11/urllib/request.py,898,HTTPPasswordMgrWithDefaultRealm,1,1,1.1830000000000002e-06,7.390493700806732e-07,1.1830000000000002e-06
/opt/hostedtoolcache/Python/3.11.16/x64/lib/python3.11/http/client.py,1539,UnknownProtocol,1,1,1.182e-06,7.384246453384241e-07,1.182e-06
/opt/hostedtoolcache/Python/3.11.16/x64/lib/python3.11/calendar.py,162,setfirstweekday,1,1,1.1720000000000002e-06,7.321773979159333e-07,1.1720000000000002e-06
/opt/hostedtoolcache/Python/3.11.16/x64/lib/python3.11/zipfile.py,48,LargeZipFile,1,1,1.1630000000000001e-06,7.265548752356914e-07,1.1630000000000001e-06
/opt/hostedtoolcache/Python/3.11.16/x64/lib/python3.11/encodings/utf_8_sig.py,97,StreamReader,1,1,1.162e-06,7.259301504934423e-07,1.162e-06
/opt/hostedtoolcache/Python/3.11.16/x64/lib/python3.11/site-packages/httpx/_exceptions.py,340,ResponseNotRead,1,1,1.162e-06,7.259301504934423e-07,1.162e-06
/opt/hostedtoolcache/Python/3.11.16/x64/lib/python3.11/site-packages/httpx/_exceptions.py,353,RequestNotRead,1,1,1.162e-06,7.259301504934423e-07,1.162e-06
/opt/hostedtoolcache/Python/3.11.16/x64/lib/python3.11/http/cookiejar.py,1774,LoadError,1,1,1.162e-06,7.259301504934423e-07,1.162e-06
/opt/hostedtoolcache/Python/3.11.16/x64/lib/python3.11/email/errors.py,91,InvalidHeaderDefect,1,1,1.162e-06,7.259301504934423e-07,1.162e-06
/opt/hostedtoolcache/Python/3.11.16/x64/lib/python3.11/site-packages/idna/core.py,110,IDNABidiError,1,1,1.153e-06,7.203076278132004e-07,1.153e-06
/opt/hostedtoolcache/Python/3.11.16/x64/lib/python3.11/threading.py,1597,main_thread,1,1,1.153e-06,7.203076278132004e-07,1.153e-06
/opt/hostedtoolcache/Python/3.11.16/x64/lib/python3.11/site-packages/httpx/_exceptions.py,327,StreamClosed,1,1,1.1520000000000002e-06,7.196829030709514e-07,1.1520000000000002e-06
/opt/hostedtoolcache/Python/3.11.16/x64/lib/python3.11/site-packages/idna/package_data.py,1,<module>,1,1,1.151e-06,7.190581783287023e-07,1.151e-06
/opt/hostedtoolcache/Python/3.11.16/x64/lib/python3.11/concurrent/futures/thread.py,112,BrokenThreadPool,1,1,1.142e-06,7.134356556484604e-07,1.142e-06
/home/runner/work/_temp/scanner-verification-il7_c53e/final/tiktok_worker_scanner.py,174,MissingDependency,1,1,1.142e-06,7.134356556484604e-07,1.142e-06
/opt/hostedtoolcache/Python/3.11.16/x64/lib/python3.11/email/errors.py,16,HeaderParseError,1,1,1.142e-06,7.134356556484604e-07,1.142e-06
/opt/hostedtoolcache/Python/3.11.16/x64/lib/python3.11/email/errors.py,45,NoBoundaryInMultipartDefect,1,1,1.133e-06,7.078131329682187e-07,1.133e-06
/home/runner/work/_temp/scanner-verification-il7_c53e/final/tiktok_worker_scanner.py,178,PublicProfileRequired,1,1,1.122e-06,7.009411608034787e-07,1.122e-06
/opt/hostedtoolcache/Python/3.11.16/x64/lib/python3.11/urllib/request.py,641,HTTPDefaultErrorHandler,1,1,1.122e-06,7.009411608034787e-07,1.122e-06
~,0,<method 'clear' of 'collections.deque' objects>,1,1,1.122e-06,7.009411608034787e-07,1.122e-06
/opt/hostedtoolcache/Python/3.11.16/x64/lib/python3.11/contextlib.py,446,__exit__,1,1,1.1120000000000001e-06,6.946939133809878e-07,1.1120000000000001e-06
/opt/hostedtoolcache/Python/3.11.16/x64/lib/python3.11/site-packages/httpx/_exceptions.py,216,ProtocolError,1,1,1.1120000000000001e-06,6.946939133809878e-07,1.1120000000000001e-06
/opt/hostedtoolcache/Python/3.11.16/x64/lib/python3.11/site-packages/httpx/_exceptions.py,123,TransportError,1,1,1.111e-06,6.940691886387387e-07,1.111e-06
/opt/hostedtoolcache/Python/3.11.16/x64/lib/python3.11/email/errors.py,20,BoundaryError,1,1,1.102e-06,6.884466659584968e-07,1.102e-06
/opt/hostedtoolcache/Python/3.11.16/x64/lib/python3.11/email/errors.py,28,CharsetError,1,1,1.102e-06,6.884466659584968e-07,1.102e-06
/opt/hostedtoolcache/Python/3.11.16/x64/lib/python3.11/unittest/mock.py,404,__init__,1,1,1.102e-06,6.884466659584968e-07,1.102e-06
/opt/hostedtoolcache/Python/3.11.16/x64/lib/python3.11/http/client.py,1528,HTTPException,1,1,1.0930000000000002e-06,6.828241432782552e-07,1.0930000000000002e-06
/opt/hostedtoolcache/Python/3.11.16/x64/lib/python3.11/site-packages/httpx/_transports/base.py,85,aclose,1,1,1.091e-06,6.815746937937569e-07,1.091e-06
/opt/hostedtoolcache/Python/3.11.16/x64/lib/python3.11/email/errors.py,32,HeaderWriteError,1,1,1.091e-06,6.815746937937569e-07,1.091e-06
/opt/hostedtoolcache/Python/3.11.16/x64/lib/python3.11/site-packages/idna/core.py,114,InvalidCodepoint,1,1,1.082e-06,6.759521711135151e-07,1.082e-06
/opt/hostedtoolcache/Python/3.11.16/x64/lib/python3.11/email/errors.py,108,ObsoleteHeaderDefect,1,1,1.082e-06,6.759521711135151e-07,1.082e-06
/opt/hostedtoolcache/Python/3.11.16/x64/lib/python3.11/site-packages/httpx/_client.py,1412,<dictcomp>,1,1,1.0730000000000001e-06,6.703296484332734e-07,1.0730000000000001e-06
/opt/hostedtoolcache/Python/3.11.16/x64/lib/python3.11/site-packages/httpx/_exceptions.py,187,ConnectError,1,1,1.072e-06,6.697049236910242e-07,1.072e-06
/opt/hostedtoolcache/Python/3.11.16/x64/lib/python3.11/email/errors.py,24,MultipartConversionError,1,1,1.072e-06,6.697049236910242e-07,1.072e-06
/opt/hostedtoolcache/Python/3.11.16/x64/lib/python3.11/site-packages/httpx/_exceptions.py,222,LocalProtocolError,1,1,1.071e-06,6.690801989487751e-07,1.071e-06
/opt/hostedtoolcache/Python/3.11.16/x64/lib/python3.11/importlib/resources/_adapters.py,143,__init__,1,1,1.0620000000000002e-06,6.634576762685335e-07,1.0620000000000002e-06
/opt/hostedtoolcache/Python/3.11.16/x64/lib/python3.11/site-packages/httpx/_exceptions.py,132,TimeoutException,1,1,1.0620000000000002e-06,6.634576762685335e-07,1.0620000000000002e-06
/opt/hostedtoolcache/Python/3.11.16/x64/lib/python3.11/site-packages/httpx/_exceptions.py,146,ReadTimeout,1,1,1.0620000000000002e-06,6.634576762685335e-07,1.0620000000000002e-06
/opt/hostedtoolcache/Python/3.11.16/x64/lib/python3.11/http/client.py,1544,UnknownTransferEncoding,1,1,1.0620000000000002e-06,6.634576762685335e-07,1.0620000000000002e-06
/opt/hostedtoolcache/Python/3.11.16/x64/lib/python3.11/email/errors.py,54,FirstHeaderLineIsContinuationDefect,1,1,1.0620000000000002e-06,6.634576762685335e-07,1.0620000000000002e-06
~,0,<built-in method posix.waitstatus_to_exitcode>,1,1,1.0620000000000002e-06,6.634576762685335e-07,1.0620000000000002e-06
/opt/hostedtoolcache/Python/3.11.16/x64/lib/python3.11/email/errors.py,51,CloseBoundaryNotFoundDefect,1,1,1.0530000000000001e-06,6.578351535882915e-07,1.0530000000000001e-06
/opt/hostedtoolcache/Python/3.11.16/x64/lib/python3.11/email/errors.py,111,NonASCIILocalPartDefect,1,1,1.052e-06,6.572104288460424e-07,1.052e-06
/opt/hostedtoolcache/Python/3.11.16/x64/lib/python3.11/site-packages/httpx/_client.py,445,_build_auth,1,1,1.052e-06,6.572104288460424e-07,1.052e-06
/opt/hostedtoolcache/Python/3.11.16/x64/lib/python3.11/site-packages/httpx/_exceptions.py,152,WriteTimeout,1,1,1.051e-06,6.565857041037932e-07,1.051e-06
/opt/hostedtoolcache/Python/3.11.16/x64/lib/python3.11/site-packages/httpx/_client.py,239,_get_proxy_map,1,1,1.051e-06,6.565857041037932e-07,1.051e-06
/home/runner/work/_temp/scanner-verification-il7_c53e/final/tiktok_worker_scanner.py,1482,<genexpr>,1,1,1.0420000000000001e-06,6.509631814235516e-07,1.0420000000000001e-06
/opt/hostedtoolcache/Python/3.11.16/x64/lib/python3.11/site-packages/httpx/_exceptions.py,158,PoolTimeout,1,1,1.0420000000000001e-06,6.509631814235516e-07,1.0420000000000001e-06
/opt/hostedtoolcache/Python/3.11.16/x64/lib/python3.11/email/errors.py,80,InvalidBase64LengthDefect,1,1,1.0420000000000001e-06,6.509631814235516e-07,1.0420000000000001e-06
~,0,<built-in method posix.WIFSTOPPED>,1,1,1.0420000000000001e-06,6.509631814235516e-07,1.0420000000000001e-06
/home/runner/work/_temp/scanner-verification-il7_c53e/final/tiktok_worker_scanner.py,1555,<genexpr>,1,1,1.041e-06,6.503384566813025e-07,1.041e-06
/opt/hostedtoolcache/Python/3.11.16/x64/lib/python3.11/functools.py,753,<listcomp>,1,1,1.032e-06,6.447159340010606e-07,1.032e-06
/opt/hostedtoolcache/Python/3.11.16/x64/lib/python3.11/site-packages/httpx/_exceptions.py,140,ConnectTimeout,1,1,1.032e-06,6.447159340010606e-07,1.032e-06
~,0,<method 'toordinal' of 'datetime.date' objects>,1,1,1.032e-06,6.447159340010606e-07,1.032e-06
/opt/hostedtoolcache/Python/3.11.16/x64/lib/python3.11/email/errors.py,71,UndecodableBytesDefect,1,1,1.032e-06,6.447159340010606e-07,1.032e-06
~,0,<method 'index' of 'list' objects>,1,1,1.032e-06,6.447159340010606e-07,1.032e-06
/opt/hostedtoolcache/Python/3.11.16/x64/lib/python3.11/site-packages/idna/core.py,118,InvalidCodepointContext,1,1,1.0220000000000001e-06,6.384686865785698e-07,1.0220000000000001e-06
/opt/hostedtoolcache/Python/3.11.16/x64/lib/python3.11/http/client.py,1573,ResponseNotReady,1,1,1.0220000000000001e-06,6.384686865785698e-07,1.0220000000000001e-06
/opt/hostedtoolcache/Python/3.11.16/x64/lib/python3.11/email/errors.py,48,StartBoundaryNotFoundDefect,1,1,1.0220000000000001e-06,6.384686865785698e-07,1.0220000000000001e-06
/opt/hostedtoolcache/Python/3.11.16/x64/lib/python3.11/email/errors.py,74,InvalidBase64PaddingDefect,1,1,1.0220000000000001e-06,6.384686865785698e-07,1.0220000000000001e-06
/opt/hostedtoolcache/Python/3.11.16/x64/lib/python3.11/email/errors.py,77,InvalidBase64CharactersDefect,1,1,1.0220000000000001e-06,6.384686865785698e-07,1.0220000000000001e-06
/opt/hostedtoolcache/Python/3.11.16/x64/lib/python3.11/email/errors.py,94,HeaderMissingRequiredValue,1,1,1.0220000000000001e-06,6.384686865785698e-07,1.0220000000000001e-06
/home/runner/work/_temp/scanner-verification-il7_c53e/final/tiktok_worker_scanner.py,1501,__aenter__,1,1,1.012e-06,6.322214391560789e-07,1.012e-06
/opt/hostedtoolcache/Python/3.11.16/x64/lib/python3.11/http/client.py,1564,ImproperConnectionState,1,1,1.012e-06,6.322214391560789e-07,1.012e-06
/opt/hostedtoolcache/Python/3.11.16/x64/lib/python3.11/email/errors.py,57,MisplacedEnvelopeHeaderDefect,1,1,1.012e-06,6.322214391560789e-07,1.012e-06
/opt/hostedtoolcache/Python/3.11.16/x64/lib/python3.11/email/errors.py,68,InvalidMultipartContentTransferEncodingDefect,1,1,1.012e-06,6.322214391560789e-07,1.012e-06
/home/runner/work/_temp/scanner-verification-il7_c53e/final/tiktok_worker_scanner.py,815,<genexpr>,1,1,1.0110000000000001e-06,6.315967144138299e-07,1.0110000000000001e-06
/home/runner/work/_temp/scanner-verification-il7_c53e/final/tiktok_worker_scanner.py,1257,<listcomp>,1,1,1.0110000000000001e-06,6.315967144138299e-07,1.0110000000000001e-06
/opt/hostedtoolcache/Python/3.11.16/x64/lib/python3.11/importlib/resources/readers.py,27,files,1,1,1.002e-06,6.259741917335879e-07,1.002e-06
/home/runner/work/_temp/scanner-verification-il7_c53e/final/tiktok_worker_scanner.py,1254,<genexpr>,1,1,1.002e-06,6.259741917335879e-07,1.002e-06
/opt/hostedtoolcache/Python/3.11.16/x64/lib/python3.11/site-packages/httpx/_exceptions.py,175,ReadError,1,1,1.002e-06,6.259741917335879e-07,1.002e-06
/opt/hostedtoolcache/Python/3.11.16/x64/lib/python3.11/site-packages/httpx/_exceptions.py,181,WriteError,1,1,1.002e-06,6.259741917335879e-07,1.002e-06
/opt/hostedtoolcache/Python/3.11.16/x64/lib/python3.11/site-packages/httpx/_exceptions.py,249,TooManyRedirects,1,1,1.002e-06,6.259741917335879e-07,1.002e-06
/opt/hostedtoolcache/Python/3.11.16/x64/lib/python3.11/http/client.py,1533,NotConnected,1,1,1.002e-06,6.259741917335879e-07,1.002e-06
/opt/hostedtoolcache/Python/3.11.16/x64/lib/python3.11/email/errors.py,65,MultipartInvariantViolationDefect,1,1,1.002e-06,6.259741917335879e-07,1.002e-06
/opt/hostedtoolcache/Python/3.11.16/x64/lib/python3.11/site-packages/httpx/_exceptions.py,232,RemoteProtocolError,1,1,9.910000000000001e-07,6.19102219568848e-07,9.910000000000001e-07
/opt/hostedtoolcache/Python/3.11.16/x64/lib/python3.11/http/client.py,1567,CannotSendRequest,1,1,9.910000000000001e-07,6.19102219568848e-07,9.910000000000001e-07
/opt/hostedtoolcache/Python/3.11.16/x64/lib/python3.11/site-packages/httpx/_exceptions.py,193,CloseError,1,1,9.82e-07,6.134796968886061e-07,9.82e-07
/opt/hostedtoolcache/Python/3.11.16/x64/lib/python3.11/site-packages/httpx/_exceptions.py,202,ProxyError,1,1,9.82e-07,6.134796968886061e-07,9.82e-07
/opt/hostedtoolcache/Python/3.11.16/x64/lib/python3.11/site-packages/httpx/_exceptions.py,208,UnsupportedProtocol,1,1,9.82e-07,6.134796968886061e-07,9.82e-07
/opt/hostedtoolcache/Python/3.11.16/x64/lib/python3.11/email/errors.py,60,MissingHeaderBodySeparatorDefect,1,1,9.82e-07,6.134796968886061e-07,9.82e-07
/opt/hostedtoolcache/Python/3.11.16/x64/lib/python3.11/site-packages/httpx/_exceptions.py,243,DecodingError,1,1,9.72e-07,6.072324494661152e-07,9.72e-07
/opt/hostedtoolcache/Python/3.11.16/x64/lib/python3.11/subprocess.py,1089,__enter__,1,1,9.72e-07,6.072324494661152e-07,9.72e-07
/opt/hostedtoolcache/Python/3.11.16/x64/lib/python3.11/http/client.py,1536,InvalidURL,1,1,9.62e-07,6.009852020436244e-07,9.62e-07
/opt/hostedtoolcache/Python/3.11.16/x64/lib/python3.11/unittest/mock.py,1114,_mock_check_sig,1,1,9.61e-07,6.003604773013753e-07,9.61e-07
/opt/hostedtoolcache/Python/3.11.16/x64/lib/python3.11/contextlib.py,555,__enter__,1,1,9.520000000000001e-07,5.947379546211335e-07,9.520000000000001e-07
/opt/hostedtoolcache/Python/3.11.16/x64/lib/python3.11/contextlib.py,443,__enter__,1,1,9.42e-07,5.884907071986425e-07,9.42e-07
/home/runner/work/_temp/scanner-verification-il7_c53e/final/tiktok_worker_scanner.py,1255,<genexpr>,1,1,9.42e-07,5.884907071986425e-07,9.42e-07
/opt/hostedtoolcache/Python/3.11.16/x64/lib/python3.11/http/client.py,1570,CannotSendHeader,1,1,9.32e-07,5.822434597761516e-07,9.32e-07
/home/runner/work/_temp/scanner-verification-il7_c53e/final/vendor/__init__.py,1,<module>,1,1,9.310000000000001e-07,5.816187350339027e-07,9.310000000000001e-07
/opt/hostedtoolcache/Python/3.11.16/x64/lib/python3.11/importlib/resources/_common.py,101,_,1,1,9.11e-07,5.691242401889208e-07,9.11e-07
/home/runner/work/_temp/scanner-verification-il7_c53e/final/tiktok_worker_scanner.py,818,<genexpr>,1,1,9.02e-07,5.635017175086789e-07,9.02e-07
/opt/hostedtoolcache/Python/3.11.16/x64/lib/python3.11/argparse.py,1782,identity,1,1,9.02e-07,5.635017175086789e-07,9.02e-07
