file,line,function,primitive_calls,calls,exclusive_cpu_seconds,percent_of_profiled_cpu,cumulative_cpu_seconds
/home/runner/work/_temp/scanner-verification-il7_c53e/final/tests/benchmark_hybrid.py,123,<genexpr>,3193131,3193131,11.097871046,7.152262021105488,18.803132694000002
/opt/hostedtoolcache/Python/3.11.16/x64/lib/python3.11/asyncio/tasks.py,61,<setcomp>,4238,4238,8.504238423,5.480739615655554,22.41497614
/home/runner/work/_temp/scanner-verification-il7_c53e/first_hybrid/tiktok_worker_scanner.py,1105,clean,35077,1119046,8.301628189,5.35016308654299,13.345446622
~,0,<built-in method builtins.isinstance>,7546731,7552731,7.406054422000001,4.772991283567214,9.530180738000002
/opt/hostedtoolcache/Python/3.11.16/x64/lib/python3.11/asyncio/futures.py,299,_get_loop,4324519,4324519,7.362745808000001,4.745080114495687,10.725862659
~,0,<method 'done' of '_asyncio.Task' objects>,8166897,8166897,6.378822034000001,4.1109692466297805,6.378822034000001
/opt/hostedtoolcache/Python/3.11.16/x64/lib/python3.11/dataclasses.py,1289,_asdict_inner,15000,708000,5.443489296,3.508173918465898,16.738307727
~,0,<method 'execute' of 'sqlite3.Connection' objects>,69845,69845,4.0112978980000005,2.5851673255427086,4.0112978980000005
/opt/hostedtoolcache/Python/3.11.16/x64/lib/python3.11/_weakrefset.py,63,__iter__,4274267,4274267,3.8821251460000004,2.5019191633986484,3.963042622
/opt/hostedtoolcache/Python/3.11.16/x64/lib/python3.11/asyncio/tasks.py,42,all_tasks,4238,4238,3.748552579,2.4158354457147957,30.157034109
~,0,<method 'get_loop' of '_asyncio.Future' objects>,4324519,4324519,3.363116851,2.167433089305621,3.363116851
/opt/hostedtoolcache/Python/3.11.16/x64/lib/python3.11/copy.py,128,deepcopy,661000,661000,3.1824686490000005,2.051010464732841,5.413700179000001
~,0,<built-in method builtins.sum>,6919,6919,2.831198315,1.8246267323398806,22.421840392
~,0,<method 'startswith' of 'str' objects>,3255416,3255416,2.81177401,1.8121083206227127,2.81177401
/opt/hostedtoolcache/Python/3.11.16/x64/lib/python3.11/asyncio/tasks.py,507,_wait,2486,2486,2.640333077,1.7016195188627798,5.342967206
~,0,<method 'get_name' of '_asyncio.Task' objects>,3188894,3188894,2.503323811,1.6133209464888887,2.503323811
/opt/hostedtoolcache/Python/3.11.16/x64/lib/python3.11/asyncio/base_events.py,1859,_run_once,115909,115909,2.060406153,1.3278731222476636,107.650260908
~,0,<method 'get' of '_queue.SimpleQueue' objects>,27240,27240,1.7723682360000002,1.1422408828876682,1.7723682360000002
~,0,<method 'get' of 'dict' objects>,2018525,2018525,1.711878821,1.1032571765722732,1.711878821
/opt/hostedtoolcache/Python/3.11.16/x64/lib/python3.11/json/encoder.py,334,_iterencode_dict,441549,809219,1.475070053,0.9506406656567273,1.84599016
/opt/hostedtoolcache/Python/3.11.16/x64/lib/python3.11/asyncio/tasks.py,424,<genexpr>,739765,739765,1.3842210000000001,0.8920910367475413,6.123756919000001
~,0,<method 'poll' of 'select.epoll' objects>,115909,115909,1.3703835990000002,0.883173225643692,1.3703835990000002
<frozen abc>,117,__instancecheck__,784935,784935,1.342003851,0.864883285803194,2.077790476
/opt/hostedtoolcache/Python/3.11.16/x64/lib/python3.11/dataclasses.py,1253,_is_dataclass_instance,723000,723000,1.334944284,0.8603335958013671,2.1519002910000005
/opt/hostedtoolcache/Python/3.11.16/x64/lib/python3.11/asyncio/coroutines.py,34,iscoroutine,739908,739908,1.32607249,0.8546159770777163,4.7540815720000005
~,0,<built-in method builtins.any>,28502,28502,1.145599474,0.7383062548957847,9.117483914000001
~,0,<built-in method builtins.hasattr>,948210,948229,1.0831750980000001,0.6980755212888258,1.085911703
~,0,<method 'casefold' of 'str' objects>,1109025,1109025,1.0238135750000001,0.6598187092653245,1.0238135750000001
~,0,<method 'replace' of 'str' objects>,1113269,1113269,0.9671636240000001,0.6233094282189544,0.9671636240000001
~,0,<method 'commit' of 'sqlite3.Connection' objects>,6002,6002,0.82155319,0.5294676478758449,0.82155319
/opt/hostedtoolcache/Python/3.11.16/x64/lib/python3.11/selectors.py,451,select,115909,115909,0.820613248,0.528861882009511,2.5507421960000003
~,0,<method 'add_done_callback' of '_asyncio.Task' objects>,738817,738817,0.810378833,0.5222660928343326,0.8104592230000001
/opt/hostedtoolcache/Python/3.11.16/x64/lib/python3.11/json/encoder.py,414,_iterencode,458549,458549,0.8059427920000001,0.5194071906686057,2.721508665
/opt/hostedtoolcache/Python/3.11.16/x64/lib/python3.11/asyncio/base_events.py,781,_call_soon,189978,189978,0.7651041740000001,0.49308786371795493,1.749762435
/opt/hostedtoolcache/Python/3.11.16/x64/lib/python3.11/json/encoder.py,205,iterencode,36084,36084,0.760618362,0.4901968855593122,0.80021962
~,0,<built-in method _abc._abc_instancecheck>,784935,784935,0.7353014200000001,0.47388083701210965,0.735786625
/opt/hostedtoolcache/Python/3.11.16/x64/lib/python3.11/json/encoder.py,183,encode,50083,50083,0.6952111550000001,0.4480438022703063,4.352889888000001
/opt/hostedtoolcache/Python/3.11.16/x64/lib/python3.11/site-packages/httpx/_urlparse.py,273,<genexpr>,259890,259890,0.6534954420000001,0.42115921255606786,1.0419851370000002
~,0,<method 'remove_done_callback' of '_asyncio.Task' objects>,738803,738803,0.6486503840000001,0.4180367105752989,0.6486503840000001
~,0,<method 'run' of '_contextvars.Context' objects>,223160,223160,0.646384523,0.4165764276518237,100.92087578
/opt/hostedtoolcache/Python/3.11.16/x64/lib/python3.11/asyncio/events.py,35,__init__,201598,201598,0.642783765,0.41425584160573925,0.8926408920000001
~,0,<method 'add' of 'set' objects>,769985,769985,0.641467929,0.4134078227551152,0.649780302
/opt/hostedtoolcache/Python/3.11.16/x64/lib/python3.11/asyncio/events.py,82,_run,223160,223160,0.624278695,0.4023298506827682,101.545154475
/opt/hostedtoolcache/Python/3.11.16/x64/lib/python3.11/dataclasses.py,1323,<genexpr>,113000,198000,0.594933849,0.3834179326499274,7.703010874
~,0,<method '__exit__' of 'sqlite3.Connection' objects>,6003,6003,0.5884016479999999,0.37920811502518875,0.5884016479999999
~,0,<built-in method builtins.id>,670358,670358,0.570873431,0.36791167805748937,0.570873431
/opt/hostedtoolcache/Python/3.11.16/x64/lib/python3.11/asyncio/base_events.py,752,call_soon,162741,162741,0.57067533,0.36778400760134783,2.1318402180000002
/opt/hostedtoolcache/Python/3.11.16/x64/lib/python3.11/threading.py,271,__enter__,245136,245136,0.570460256,0.3676453985297925,0.8898700250000001
/opt/hostedtoolcache/Python/3.11.16/x64/lib/python3.11/copy.py,182,_deepcopy_atomic,661000,661000,0.57039519,0.3676034653447035,0.57039519
~,0,<built-in method builtins.len>,566121,566683,0.550349331,0.35468447976522954,0.551389884
~,0,<method 'append' of 'list' objects>,622951,622951,0.548758324,0.35365912103703323,0.548758324
/opt/hostedtoolcache/Python/3.11.16/x64/lib/python3.11/threading.py,274,__exit__,245136,245136,0.544431852,0.3508708329732492,0.785296784
~,0,<method 'close' of 'sqlite3.Connection' objects>,2007,2007,0.5061556660000001,0.32620292051455824,0.5061556660000001
/home/runner/work/_temp/scanner-verification-il7_c53e/first_hybrid/scan_runtime.py,75,independent,50996,50996,0.505167037,0.3255657772624556,4.400195012
~,0,<method 'recv' of '_socket.socket' objects>,51185,51185,0.468423966,0.30188591378568524,0.468423966
~,0,<built-in method io.open>,4092,4092,0.45986103000000006,0.296367345252306,0.5243374290000001
~,0,<built-in method posix.fsync>,8149,8149,0.459042464,0.2958398027633636,0.459042464
/opt/hostedtoolcache/Python/3.11.16/x64/lib/python3.11/site-packages/httpx/_urlparse.py,223,<genexpr>,176001,176001,0.45616146900000004,0.2939830834848564,0.7266139610000001
~,0,<method 'send' of '_socket.socket' objects>,27237,27237,0.43141902200000004,0.2780372806138546,0.43141902200000004
/opt/hostedtoolcache/Python/3.11.16/x64/lib/python3.11/asyncio/base_futures.py,14,isfuture,192061,192061,0.40469449500000004,0.26081408359689146,0.6377672010000001
~,0,<built-in method builtins.getattr>,406233,406233,0.402726052,0.2595454781092934,0.40275146
/opt/hostedtoolcache/Python/3.11.16/x64/lib/python3.11/dataclasses.py,1235,fields,15000,15000,0.399541099,0.25749286655105075,0.7707012690000001
/opt/hostedtoolcache/Python/3.11.16/x64/lib/python3.11/pathlib.py,56,parse_parts,26207,26207,0.38306013000000005,0.24687135111253766,0.710142405
~,0,<method 'set_result' of '_asyncio.Future' objects>,99815,99815,0.38184549,0.24608855020366902,2.40288058
/home/runner/work/_temp/scanner-verification-il7_c53e/first_hybrid/tiktok_worker_scanner.py,1420,disk_call,72217,72217,0.34703881000000003,0.223656635612762,6.101155240000001
/opt/hostedtoolcache/Python/3.11.16/x64/lib/python3.11/concurrent/futures/thread.py,161,submit,27237,27237,0.343337726,0.22127139231516016,1.3236472060000002
/opt/hostedtoolcache/Python/3.11.16/x64/lib/python3.11/dataclasses.py,1250,<genexpr>,340000,340000,0.34069810700000003,0.2195702329985998,0.34069810700000003
/opt/hostedtoolcache/Python/3.11.16/x64/lib/python3.11/asyncio/base_events.py,701,time,156563,156563,0.34020020500000003,0.21924934933090603,0.49410157400000004
~,0,<method 'isascii' of 'str' objects>,430919,430919,0.33785971000000004,0.21774096691866665,0.33785971000000004
~,0,<method 'isprintable' of 'str' objects>,417890,417890,0.33236986100000004,0.21420291549046447,0.33236986100000004
/opt/hostedtoolcache/Python/3.11.16/x64/lib/python3.11/asyncio/base_events.py,1954,get_debug,317326,317326,0.31958526500000006,0.20596360724413787,0.31958526500000006
/opt/hostedtoolcache/Python/3.11.16/x64/lib/python3.11/asyncio/base_events.py,426,create_future,99950,99950,0.30876806100000004,0.19899222714582288,0.410083046
/opt/hostedtoolcache/Python/3.11.16/x64/lib/python3.11/asyncio/futures.py,365,_chain_future,27237,27237,0.303506708,0.19560143488615858,1.109140127
/opt/hostedtoolcache/Python/3.11.16/x64/lib/python3.11/site-packages/httpx/_models.py,166,encoding,140016,140016,0.299613619,0.19309244983091056,0.5297331270000001
~,0,<built-in method builtins.max>,218049,218049,0.28274684200000005,0.18222229211727992,0.283540826
/opt/hostedtoolcache/Python/3.11.16/x64/lib/python3.11/concurrent/futures/thread.py,53,run,27237,27237,0.280240154,0.18060680304673218,40.144801603000005
/opt/hostedtoolcache/Python/3.11.16/x64/lib/python3.11/asyncio/futures.py,345,_copy_future_state,27237,27237,0.279141332,0.17989864354244708,2.409807251
/opt/hostedtoolcache/Python/3.11.16/x64/lib/python3.11/concurrent/futures/_base.py,537,set_result,27237,27237,0.27088825200000005,0.17457976838193415,2.0684072430000002
~,0,<built-in method _sqlite3.connect>,2007,2007,0.269719536,0.1738265641839748,0.36198961500000004
~,0,<built-in method posix.unlink>,7019,7019,0.26598160000000004,0.17141757082125605,0.265990397
/opt/hostedtoolcache/Python/3.11.16/x64/lib/python3.11/site-packages/httpx/_models.py,284,__getitem__,40002,40002,0.265525146,0.1711233992098677,0.769711323
/home/runner/work/_temp/scanner-verification-il7_c53e/first_hybrid/tiktok_worker_scanner.py,3360,discover,2000,2000,0.257189231,0.16575113924950777,4.607281878
/opt/hostedtoolcache/Python/3.11.16/x64/lib/python3.11/json/__init__.py,183,dumps,50083,50083,0.25611957900000004,0.165061778979985,4.672637119
/opt/hostedtoolcache/Python/3.11.16/x64/lib/python3.11/site-packages/httpx/_urlparse.py,213,urlparse,6001,6001,0.25078997000000003,0.16162699767102565,3.1903068680000004
/home/runner/work/_temp/scanner-verification-il7_c53e/first_hybrid/tiktok_worker_scanner.py,2608,process_profile,45202,45202,0.247620739,0.1595845184943028,17.441821327
~,0,<method '__enter__' of '_thread.RLock' objects>,190659,190659,0.24502161500000003,0.15790945705267218,0.24502161500000003
/opt/hostedtoolcache/Python/3.11.16/x64/lib/python3.11/asyncio/base_events.py,518,_check_closed,232994,232994,0.24397007800000003,0.1572317713850596,0.24397007800000003
/opt/hostedtoolcache/Python/3.11.16/x64/lib/python3.11/asyncio/tasks.py,851,shield,27239,27239,0.23933619,0.15424536245896178,0.636443815
~,0,<method 'append' of 'collections.deque' objects>,260045,260045,0.23921508300000002,0.15416731244441398,0.23921508300000002
/opt/hostedtoolcache/Python/3.11.16/x64/lib/python3.11/collections/__init__.py,660,update,24448,24448,0.239119666,0.15410581890367636,0.49376652000000004
/opt/hostedtoolcache/Python/3.11.16/x64/lib/python3.11/concurrent/futures/thread.py,69,_worker,3,3,0.237762748,0.15323132387332977,42.778894011000006
/home/runner/work/_temp/scanner-verification-il7_c53e/first_hybrid/tiktok_worker_scanner.py,2041,normalize_member,7500,7500,0.23640321800000003,0.15235514548332602,0.501396945
~,0,<built-in method posix.replace>,4077,4077,0.233007652,0.15016679984105885,0.30575980700000005
/opt/hostedtoolcache/Python/3.11.16/x64/lib/python3.11/threading.py,487,release,27237,27237,0.22980708500000002,0.1481041255042225,0.6239581280000001
~,0,<method 'popleft' of 'collections.deque' objects>,242485,242485,0.22430964900000003,0.14456118447046182,0.22430964900000003
~,0,<built-in method posix.stat>,26651,26651,0.224087274,0.14441787011220777,0.39782537800000006
/opt/hostedtoolcache/Python/3.11.16/x64/lib/python3.11/asyncio/selector_events.py,737,_process_events,115909,115909,0.221118006,0.1425042613976302,0.308295872
/opt/hostedtoolcache/Python/3.11.16/x64/lib/python3.11/asyncio/locks.py,248,wait,33992,33992,0.213680384,0.13771092570851962,0.477641079
~,0,<method 'decode' of 'bytes' objects>,232035,232035,0.213133649,0.13735857056221265,0.213133649
~,0,<built-in method time.monotonic>,220466,220466,0.21224310500000002,0.13678464030091098,0.21224310500000002
/home/runner/work/_temp/scanner-verification-il7_c53e/first_hybrid/tiktok_worker_scanner.py,2208,__init__,1000,1000,0.20519650900000003,0.13224330973940304,1.8337025800000002
/opt/hostedtoolcache/Python/3.11.16/x64/lib/python3.11/pathlib.py,536,__str__,59619,59619,0.20427646700000002,0.13165036885667455,0.361573641
<frozen posixpath>,71,join,33166,33166,0.197952165,0.12757453622020642,0.39146192
/home/runner/work/_temp/scanner-verification-il7_c53e/first_hybrid/direct_protocol.py,134,normalize_page,2000,2000,0.19577038000000002,0.12616843788575677,0.377564349
/opt/hostedtoolcache/Python/3.11.16/x64/lib/python3.11/asyncio/selector_events.py,116,_read_from_self,25564,25564,0.195551006,0.12602705758658816,0.705707178
/opt/hostedtoolcache/Python/3.11.16/x64/lib/python3.11/asyncio/futures.py,409,wrap_future,27237,27237,0.19224795,0.12389833200629775,1.563644575
/opt/hostedtoolcache/Python/3.11.16/x64/lib/python3.11/site-packages/httpx/_models.py,144,__init__,15003,15003,0.191351676,0.12332070892308353,0.519734775
~,0,<method 'flush' of '_io.TextIOWrapper' objects>,4367,4367,0.18998675,0.12244105296466096,0.18998675
~,0,<built-in method posix.mkdir>,5077,5077,0.187968034,0.12114004795943502,0.26607569799999997
/opt/hostedtoolcache/Python/3.11.16/x64/lib/python3.11/re/__init__.py,272,_compile,49278,49278,0.18696847500000002,0.12049586063342255,0.37683189100000003
~,0,<method '__exit__' of '_thread.RLock' objects>,190664,190664,0.184738212,0.11905851960775561,0.184738212
/opt/hostedtoolcache/Python/3.11.16/x64/lib/python3.11/asyncio/events.py,123,__lt__,88985,88985,0.183278205,0.11811758665103218,0.258816888
/opt/hostedtoolcache/Python/3.11.16/x64/lib/python3.11/concurrent/futures/_base.py,497,set_running_or_notify_cancel,27237,27237,0.17831754700000002,0.11492058376047498,0.406870041
/opt/hostedtoolcache/Python/3.11.16/x64/lib/python3.11/asyncio/base_events.py,594,run_forever,3,3,0.177301229,0.1142655957359578,107.827615558
/opt/hostedtoolcache/Python/3.11.16/x64/lib/python3.11/asyncio/tasks.py,891,_inner_done_callback,27238,27238,0.17526407900000002,0.11295271054240111,1.06823253
~,0,<method 'put' of '_queue.SimpleQueue' objects>,27242,27242,0.17415811700000003,0.11223994951133498,0.17415811700000003
/opt/hostedtoolcache/Python/3.11.16/x64/lib/python3.11/asyncio/base_events.py,816,run_in_executor,27237,27237,0.166286973,0.10716722123214457,3.080535829
~,0,<method 'items' of 'dict' objects>,176347,176347,0.161907553,0.10434480968936859,0.161907553
/home/runner/work/_temp/scanner-verification-il7_c53e/first_hybrid/tiktok_worker_scanner.py,2814,worker_loop,48946,48946,0.16107553400000002,0.10380859712482605,18.222938395
~,0,<built-in method posix.lstat>,25117,25117,0.160713333,0.10357516888930515,0.16071704
/opt/hostedtoolcache/Python/3.11.16/x64/lib/python3.11/pathlib.py,484,_parse_args,23136,23136,0.158303163,0.10202188292265832,0.893870594
/opt/hostedtoolcache/Python/3.11.16/x64/lib/python3.11/asyncio/futures.py,394,_call_set_state,27237,27237,0.157205404,0.10131440849161807,1.2698404330000002
/opt/hostedtoolcache/Python/3.11.16/x64/lib/python3.11/pathlib.py,546,__fspath__,57590,57590,0.156452477,0.10082916846995593,0.515154854
/home/runner/work/_temp/scanner-verification-il7_c53e/first_hybrid/tiktok_worker_scanner.py,1655,request_json,6196,6196,0.154729862,0.09971899213159169,1.202433788
/opt/hostedtoolcache/Python/3.11.16/x64/lib/python3.11/concurrent/futures/_base.py,408,add_done_callback,27237,27237,0.15346251300000002,0.09890222177242872,0.34634394
~,0,<method 'join' of 'str' objects>,142420,142420,0.152838159,0.09849984338981677,0.153049938
/opt/hostedtoolcache/Python/3.11.16/x64/lib/python3.11/asyncio/base_events.py,805,call_soon_threadsafe,27237,27237,0.149413754,0.09629291183286637,1.056222956
/opt/hostedtoolcache/Python/3.11.16/x64/lib/python3.11/threading.py,440,acquire,27237,27237,0.14878401800000002,0.09588706490443713,0.35157818
/opt/hostedtoolcache/Python/3.11.16/x64/lib/python3.11/concurrent/futures/_base.py,428,result,27237,27237,0.14854673100000002,0.09573414018660903,0.341331274
/home/runner/work/_temp/scanner-verification-il7_c53e/first_hybrid/tiktok_worker_scanner.py,350,atomic_write_json,3066,3066,0.14603554200000002,0.09411575034966896,3.7044694780000005
/home/runner/work/_temp/scanner-verification-il7_c53e/first_hybrid/tiktok_worker_scanner.py,2107,export_one_list,27953,27953,0.145762107,0.09393952927468667,6.288169075000001
/opt/hostedtoolcache/Python/3.11.16/x64/lib/python3.11/site-packages/httpx/_urlparse.py,497,quote,21002,21002,0.145587133,0.09382676351180352,0.489285636
/opt/hostedtoolcache/Python/3.11.16/x64/lib/python3.11/threading.py,366,notify,54474,54474,0.14444743200000001,0.09309225865551815,0.281417225
/opt/hostedtoolcache/Python/3.11.16/x64/lib/python3.11/asyncio/locks.py,125,release,62063,62063,0.144359903,0.09303584870627198,0.21537824000000003
<frozen posixpath>,418,_joinrealpath,3015,3015,0.143762413,0.09265078340705582,0.666786144
~,0,<built-in method _json.encode_basestring>,143002,143002,0.138754926,0.08942360055884745,0.138754926
/opt/hostedtoolcache/Python/3.11.16/x64/lib/python3.11/concurrent/futures/_base.py,393,done,27237,27237,0.138332501,0.08915135966942438,0.330988461
/home/runner/work/_temp/scanner-verification-il7_c53e/first_hybrid/tiktok_worker_scanner.py,381,parse_username,11517,11517,0.136242845,0.08780463585329551,0.244475236
/opt/hostedtoolcache/Python/3.11.16/x64/lib/python3.11/site-packages/httpx/_models.py,293,<listcomp>,40002,40002,0.135335897,0.0872201336808851,0.191155726
/opt/hostedtoolcache/Python/3.11.16/x64/lib/python3.11/asyncio/locks.py,285,wait_for,33996,33996,0.134059276,0.08639738778162213,0.655662963
/home/runner/work/_temp/scanner-verification-il7_c53e/first_hybrid/scan_runtime.py,69,call,21221,21221,0.133551848,0.0860703648780578,0.98882261
/home/runner/work/_temp/scanner-verification-il7_c53e/final/tests/benchmark_hybrid.py,75,handle,6000,6000,0.128077099,0.08254204497007883,2.279921297
~,0,<method 'cancelled' of '_asyncio.Future' objects>,143487,143487,0.12786967100000002,0.08240836352790272,0.12786967100000002
/opt/hostedtoolcache/Python/3.11.16/x64/lib/python3.11/asyncio/locks.py,14,__aenter__,48337,48337,0.12727185800000002,0.0820230900643798,0.24247273900000002
~,0,<method 'fetchall' of 'sqlite3.Cursor' objects>,7506,7506,0.124417211,0.08018335132195481,0.124417211
/opt/hostedtoolcache/Python/3.11.16/x64/lib/python3.11/threading.py,243,__init__,27242,27242,0.12406021700000001,0.07995327884973207,0.168349135
/opt/hostedtoolcache/Python/3.11.16/x64/lib/python3.11/json/decoder.py,343,raw_decode,9027,9027,0.122331686,0.07883928981774924,0.122331686
~,0,<method '__exit__' of '_thread.lock' objects>,114354,114354,0.118662788,0.0764747894810682,0.118662788
/home/runner/work/_temp/scanner-verification-il7_c53e/first_hybrid/tiktok_worker_scanner.py,2402,write_final_json,1000,1000,0.118022231,0.0760619687261267,9.184946457
~,0,<method 'fullmatch' of 're.Pattern' objects>,69074,69074,0.11668653600000001,0.07520115131523022,0.11668653600000001
/home/runner/work/_temp/scanner-verification-il7_c53e/first_hybrid/scan_runtime.py,110,_run,18563,18563,0.11604351800000001,0.07478674451583381,1.7885792150000002
/opt/hostedtoolcache/Python/3.11.16/x64/lib/python3.11/concurrent/futures/_base.py,463,exception,27237,27237,0.11458196500000001,0.07384481520611268,0.27190564100000003
/opt/hostedtoolcache/Python/3.11.16/x64/lib/python3.11/site-packages/httpx/_urls.py,425,__init__,14001,14001,0.11394610200000001,0.07343501960057035,0.530974457
/opt/hostedtoolcache/Python/3.11.16/x64/lib/python3.11/pathlib.py,523,_format_parsed_parts,35374,35374,0.113133806,0.072911517948171,0.15729717399999998
/home/runner/work/_temp/scanner-verification-il7_c53e/first_hybrid/scan_runtime.py,13,await_durable,54474,54474,0.112130719,0.07226505692657259,0.74854049
/home/runner/work/_temp/scanner-verification-il7_c53e/first_hybrid/tiktok_worker_scanner.py,2315,save_batch,2000,2000,0.11210104700000001,0.07224593416709821,3.468524577
/opt/hostedtoolcache/Python/3.11.16/x64/lib/python3.11/threading.py,396,notify_all,27237,27237,0.110346859,0.07111540992886596,0.23510118600000002
~,0,<method 'isoformat' of 'datetime.datetime' objects>,18420,18420,0.10851929900000001,0.06993759952495045,0.10851929900000001
/home/runner/work/_temp/scanner-verification-il7_c53e/first_hybrid/tiktok_worker_scanner.py,299,utc_iso,18178,18178,0.10764274200000001,0.0693726834870502,0.297569015
/opt/hostedtoolcache/Python/3.11.16/x64/lib/python3.11/asyncio/locks.py,20,__aexit__,48067,48067,0.10762521000000001,0.06936138461204668,0.278627202
/opt/hostedtoolcache/Python/3.11.16/x64/lib/python3.11/concurrent/futures/_base.py,383,cancelled,27237,27237,0.10575708900000001,0.06815743379807992,0.263501042
~,0,<method 'write' of '_io.TextIOWrapper' objects>,65041,65041,0.10336407000000002,0.06661520116278069,0.10336407000000002
/opt/hostedtoolcache/Python/3.11.16/x64/lib/python3.11/asyncio/futures.py,381,_set_state,27237,27237,0.102934023,0.06633804811129528,2.6131080200000003
~,0,<method 'sub' of 're.Pattern' objects>,27014,27014,0.10258418,0.06611258425504048,0.10258418
/opt/hostedtoolcache/Python/3.11.16/x64/lib/python3.11/asyncio/queues.py,149,get,18563,18563,0.10058040500000001,0.06482120829906322,0.31606168900000003
~,0,<method 'encode' of 'str' objects>,101101,101101,0.10046535300000001,0.06474706055967776,0.10046535300000001
~,0,<method 'match' of 're.Pattern' objects>,48309,48309,0.098762609,0.06364969051524436,0.098762609
~,0,<built-in method sys.intern>,89423,89423,0.098312286,0.06335947015885526,0.098312286
/opt/hostedtoolcache/Python/3.11.16/x64/lib/python3.11/concurrent/futures/_base.py,328,__init__,27237,27237,0.097347364,0.06273760539350312,0.26566427800000003
~,0,<method 'done' of '_asyncio.Future' objects>,109583,109583,0.096508575,0.06219702975664858,0.096508575
/opt/hostedtoolcache/Python/3.11.16/x64/lib/python3.11/asyncio/locks.py,298,notify,17000,17000,0.09545479100000001,0.06151789596149017,0.387486231
/opt/hostedtoolcache/Python/3.11.16/x64/lib/python3.11/pathlib.py,515,_from_parsed_parts,38357,38357,0.095127931,0.061307243994592316,0.139303365
/opt/hostedtoolcache/Python/3.11.16/x64/lib/python3.11/site-packages/httpx/_client.py,1717,_send_single_request,6000,6000,0.093982226,0.06056886973119302,4.371295241
/opt/hostedtoolcache/Python/3.11.16/x64/lib/python3.11/pathlib.py,239,splitroot,56228,56228,0.092959025,0.059909445809080066,0.11550599300000002
/home/runner/work/_temp/scanner-verification-il7_c53e/final/tests/benchmark_hybrid.py,117,ticker,4238,4238,0.092639935,0.05970380138603218,52.217330190000006
/home/runner/work/_temp/scanner-verification-il7_c53e/final/tests/benchmark_hybrid.py,59,__enter__,12507,12507,0.091879316,0.05921360408930002,0.145785709
/opt/hostedtoolcache/Python/3.11.16/x64/lib/python3.11/asyncio/locks.py,93,acquire,62333,62333,0.091511483,0.05897654619007731,0.10749810300000001
/opt/hostedtoolcache/Python/3.11.16/x64/lib/python3.11/concurrent/futures/thread.py,180,_adjust_thread_count,27237,27237,0.090039191,0.05802769590051003,0.44230882000000005
/home/runner/work/_temp/scanner-verification-il7_c53e/first_hybrid/tiktok_worker_scanner.py,307,console,5152,5152,0.089218555,0.05749881935548409,0.558868793
/opt/hostedtoolcache/Python/3.11.16/x64/lib/python3.11/pathlib.py,530,_make_child,15103,15103,0.089170245,0.0574676849354852,0.500013664
~,0,<method 'lower' of 'str' objects>,99158,99158,0.088269971,0.05688748396611914,0.088269971
/home/runner/work/_temp/scanner-verification-il7_c53e/first_hybrid/tiktok_worker_scanner.py,2396,write_json_property,9000,9000,0.086838684,0.05596506023196594,4.875603804000001
/opt/hostedtoolcache/Python/3.11.16/x64/lib/python3.11/concurrent/futures/_base.py,337,_invoke_callbacks,27237,27237,0.08591103500000001,0.05536721685424821,1.355701294
/opt/hostedtoolcache/Python/3.11.16/x64/lib/python3.11/asyncio/selector_events.py,128,_write_to_self,27237,27237,0.085763499,0.055272134101423634,0.517182521
~,0,<method 'add_done_callback' of '_asyncio.Future' objects>,81712,81712,0.08526971300000001,0.05495390307858016,0.08526971300000001
/opt/hostedtoolcache/Python/3.11.16/x64/lib/python3.11/pathlib.py,353,_select_from,11026,11026,0.08481511200000001,0.05466092567295168,0.20278490400000002
/opt/hostedtoolcache/Python/3.11.16/x64/lib/python3.11/urllib/parse.py,469,urlsplit,3009,3009,0.084550833,0.05449060537937094,0.201906011
/opt/hostedtoolcache/Python/3.11.16/x64/lib/python3.11/site-packages/httpx/_models.py,200,<listcomp>,16002,16002,0.079954355,0.05152830613350828,0.079954355
/opt/hostedtoolcache/Python/3.11.16/x64/lib/python3.11/asyncio/base_events.py,734,call_at,11619,11619,0.07966052600000001,0.05133894170598082,0.41076656100000003
/opt/hostedtoolcache/Python/3.11.16/x64/lib/python3.11/json/decoder.py,332,decode,9027,9027,0.07778406700000001,0.05012961728833057,0.25573115900000004
/opt/hostedtoolcache/Python/3.11.16/x64/lib/python3.11/site-packages/httpx/_models.py,203,<dictcomp>,6001,6001,0.077345938,0.04984725561787537,0.28602255200000004
/opt/hostedtoolcache/Python/3.11.16/x64/lib/python3.11/urllib/parse.py,745,parse_qsl,5001,5001,0.075098106,0.04839859187175801,0.274845649
~,0,<built-in method _asyncio.get_running_loop>,53105,53105,0.07491872000000001,0.048282982700449395,0.07491872000000001
~,0,<method '__enter__' of '_thread.lock' objects>,54477,54477,0.07438815400000001,0.04794104801443973,0.07438815400000001
~,0,<built-in method builtins.compile>,42,42,0.07343501499999999,0.04732677705721936,0.07343501499999999
/opt/hostedtoolcache/Python/3.11.16/x64/lib/python3.11/site-packages/httpx/_urls.py,77,__init__,6001,6001,0.073155255,0.04714647969975947,3.700203833
/opt/hostedtoolcache/Python/3.11.16/x64/lib/python3.11/asyncio/tasks.py,637,sleep,14474,14474,0.073138969,0.047135983836292236,0.548019048
<frozen posixpath>,41,_get_sep,39200,39200,0.072480716,0.04671175851301498,0.109799703
/opt/hostedtoolcache/Python/3.11.16/x64/lib/python3.11/asyncio/queues.py,137,put_nowait,10238,10238,0.071646992,0.04617444712450021,0.35174665000000005
/opt/hostedtoolcache/Python/3.11.16/x64/lib/python3.11/urllib/parse.py,675,unquote,32000,32000,0.071370573,0.04599630294644864,0.10101618000000001
/opt/hostedtoolcache/Python/3.11.16/x64/lib/python3.11/re/__init__.py,168,fullmatch,20019,20019,0.071352832,0.04598486937689368,0.19090089400000004
/opt/hostedtoolcache/Python/3.11.16/x64/lib/python3.11/site-packages/httpx/_models.py,884,iter_bytes,6000,6000,0.070680133,0.045551334017779034,0.484112164
/opt/hostedtoolcache/Python/3.11.16/x64/lib/python3.11/threading.py,286,_is_owned,27244,27244,0.070254356,0.04527693285976073,0.11097480500000001
~,0,<built-in method _heapq.heappop>,8740,8740,0.070129416,0.04519641258580791,0.207320417
~,0,<built-in method __new__ of type object at 0x7f7cc80496e0>,58563,58628,0.06999461500000001,0.04510953717801927,0.073113488
/home/runner/work/_temp/scanner-verification-il7_c53e/first_hybrid/tiktok_worker_scanner.py,2373,iter_encoded_members,9500,9500,0.069916984,0.045059506208055836,0.26120599099999997
/opt/hostedtoolcache/Python/3.11.16/x64/lib/python3.11/shutil.py,641,_rmtree_safe_fd,1,1003,0.069852147,0.04501772060694908,0.5050594270000001
/home/runner/work/_temp/scanner-verification-il7_c53e/first_hybrid/tiktok_worker_scanner.py,312,<genexpr>,70436,70436,0.06951992500000001,0.04480361298366469,0.06951992500000001
/opt/hostedtoolcache/Python/3.11.16/x64/lib/python3.11/re/__init__.py,218,finditer,21002,21002,0.069476278,0.04477548373444731,0.23596723000000003
/opt/hostedtoolcache/Python/3.11.16/x64/lib/python3.11/urllib/parse.py,939,quote_from_bytes,11006,11006,0.069451174,0.04475930492095835,0.12019492700000001
/opt/hostedtoolcache/Python/3.11.16/x64/lib/python3.11/dataclasses.py,1265,asdict,15000,15000,0.06905495,0.0445039498303014,16.860234425
/home/runner/work/_temp/scanner-verification-il7_c53e/first_hybrid/tiktok_worker_scanner.py,1688,send_request,6000,6000,0.068021258,0.04383776475728369,10.600753699
~,0,<built-in method _heapq.heappush>,11619,11619,0.067982491,0.04381278052917157,0.189189508
~,0,<built-in method posix.fspath>,69697,69697,0.06769677700000001,0.04362864598817467,0.112124481
/opt/hostedtoolcache/Python/3.11.16/x64/lib/python3.11/site-packages/httpx/_models.py,1249,__init__,3000,3000,0.06751219600000001,0.04350968878722633,1.392398929
/opt/hostedtoolcache/Python/3.11.16/x64/lib/python3.11/asyncio/mixins.py,12,_get_loop,26479,26479,0.066345655,0.04275788631486208,0.10431498500000001
/opt/hostedtoolcache/Python/3.11.16/x64/lib/python3.11/asyncio/locks.py,142,_wake_up_first,62063,62063,0.065993174,0.04253072234269014,0.071018337
/home/runner/work/_temp/scanner-verification-il7_c53e/first_hybrid/tiktok_worker_scanner.py,1122,<listcomp>,25019,25019,0.065852043,0.0424397674300662,1.219243435
/home/runner/work/_temp/scanner-verification-il7_c53e/first_hybrid/report_generator.py,251,generate_report,1,1,0.06450393,0.041570946971611344,2.276548591
/home/runner/work/_temp/scanner-verification-il7_c53e/first_hybrid/tiktok_worker_scanner.py,3520,record,1000,1000,0.06449302600000001,0.04156391965396143,6.25257005
~,0,<built-in method posix.open>,5079,5079,0.06427830500000001,0.04142553808085896,0.119272888
/opt/hostedtoolcache/Python/3.11.16/x64/lib/python3.11/site-packages/httpx/_models.py,346,__contains__,11005,11005,0.064096888,0.04130861998785674,0.17843601
~,0,<method '__exit__' of '_io._IOBase' objects>,4188,4188,0.063899261,0.041181255011224174,0.063899261
/opt/hostedtoolcache/Python/3.11.16/x64/lib/python3.11/json/encoder.py,105,__init__,37080,37080,0.063629215,0.04100721805028403,0.063629215
/opt/hostedtoolcache/Python/3.11.16/x64/lib/python3.11/asyncio/queues.py,86,qsize,31460,31460,0.063582629,0.04097719469921659,0.091347378
/opt/hostedtoolcache/Python/3.11.16/x64/lib/python3.11/contextlib.py,104,__init__,17009,17009,0.063450959,0.040892337131813304,0.082433964
/opt/hostedtoolcache/Python/3.11.16/x64/lib/python3.11/asyncio/base_events.py,1844,_add_callback,25564,25564,0.06332599500000001,0.04081180139054358,0.087177866
/opt/hostedtoolcache/Python/3.11.16/x64/lib/python3.11/site-packages/httpx/_models.py,935,iter_raw,6000,6000,0.063198846,0.040729857478963405,0.240600593
~,0,<built-in method builtins.next>,30290,30290,0.06268153800000001,0.04039646719660402,0.614912472
~,0,<method 'fetchone' of 'sqlite3.Cursor' objects>,13328,13328,0.06215462200000001,0.040056884831707905,0.06215462200000001
/opt/hostedtoolcache/Python/3.11.16/x64/lib/python3.11/asyncio/events.py,151,cancel,12619,12619,0.062121007000000006,0.040035220920959354,0.123724073
/home/runner/work/_temp/scanner-verification-il7_c53e/first_hybrid/scan_statistics.py,35,add,7000,7000,0.061805286,0.03983174772252285,0.346122649
/opt/hostedtoolcache/Python/3.11.16/x64/lib/python3.11/asyncio/tasks.py,662,_ensure_future,27393,27393,0.061524140000000005,0.039650557127511345,0.14952542300000002
/opt/hostedtoolcache/Python/3.11.16/x64/lib/python3.11/site-packages/httpx/_models.py,383,__init__,3000,3000,0.060354580000000005,0.03889680899557399,3.3320898970000004
/opt/hostedtoolcache/Python/3.11.16/x64/lib/python3.11/urllib/request.py,319,__init__,3000,3000,0.060063584,0.038709270355913566,0.578978581
/opt/hostedtoolcache/Python/3.11.16/x64/lib/python3.11/pathlib.py,1008,stat,26142,26142,0.059749443000000006,0.03850681542250705,0.45460586300000005
/opt/hostedtoolcache/Python/3.11.16/x64/lib/python3.11/site-packages/httpx/_models.py,237,<listcomp>,6000,6000,0.059465661,0.03832392600052147,0.10386930000000001
/opt/hostedtoolcache/Python/3.11.16/x64/lib/python3.11/site-packages/httpx/_models.py,67,_normalize_header_key,30009,30009,0.058163598000000004,0.03748478345638971,0.085168872
/opt/hostedtoolcache/Python/3.11.16/x64/lib/python3.11/asyncio/tasks.py,908,_outer_done_callback,27238,27238,0.05802007000000001,0.03739228374548929,0.08204649500000001
/home/runner/work/_temp/scanner-verification-il7_c53e/first_hybrid/tiktok_worker_scanner.py,2287,save_checkpoint,5000,5000,0.057990417,0.03737317323097413,3.128006097
/opt/hostedtoolcache/Python/3.11.16/x64/lib/python3.11/asyncio/futures.py,387,_call_check_cancel,27237,27237,0.057635214000000004,0.03714425500727587,0.081636342
/opt/hostedtoolcache/Python/3.11.16/x64/lib/python3.11/site-packages/httpx/_models.py,74,_normalize_header_value,30009,30009,0.057307221000000005,0.03693287285412551,0.08458104200000001
/opt/hostedtoolcache/Python/3.11.16/x64/lib/python3.11/json/__init__.py,299,loads,9027,9027,0.057112203,0.036807189303735485,0.37663788600000003
/home/runner/work/_temp/scanner-verification-il7_c53e/first_hybrid/tiktok_worker_scanner.py,2576,numeric_uid,8500,8500,0.056397843,0.03634680461587786,0.15767527
/opt/hostedtoolcache/Python/3.11.16/x64/lib/python3.11/urllib/request.py,401,add_header,28000,28000,0.056358380000000007,0.036321371835575315,0.08440112500000001
/opt/hostedtoolcache/Python/3.11.16/x64/lib/python3.11/pathlib.py,383,_iterate_directories,2008,8016,0.056137621000000006,0.036179098943326646,0.10478238200000001
~,0,<built-in method now>,18179,18179,0.056117163000000005,0.03616591434460304,0.056117163000000005
/opt/hostedtoolcache/Python/3.11.16/x64/lib/python3.11/urllib/parse.py,818,unquote_plus,18000,18000,0.055766261000000004,0.03593976799298955,0.125181878
/home/runner/work/_temp/scanner-verification-il7_c53e/first_hybrid/tiktok_worker_scanner.py,1897,save_raw,13301,13301,0.055617065,0.035843615417411955,1.6203313700000002
/home/runner/work/_temp/scanner-verification-il7_c53e/first_hybrid/tiktok_worker_scanner.py,1927,fetch_page,10658,10658,0.054603079000000006,0.03519013030052131,2.0139768510000002
/home/runner/work/_temp/scanner-verification-il7_c53e/first_hybrid/tiktok_worker_scanner.py,1970,parse_profile_response,1000,1000,0.054102442,0.03486748400317126,0.13961779600000002
/home/runner/work/_temp/scanner-verification-il7_c53e/first_hybrid/tiktok_worker_scanner.py,3217,write,5153,5153,0.054086813000000004,0.03485741155750447,0.281940297
/opt/hostedtoolcache/Python/3.11.16/x64/lib/python3.11/email/message.py,427,__setitem__,12000,12000,0.053724166000000004,0.03462369588767763,0.08610870100000001
/opt/hostedtoolcache/Python/3.11.16/x64/lib/python3.11/pathlib.py,777,parent,8149,8149,0.05346657200000001,0.03445768388632817,0.10053566300000001
/opt/hostedtoolcache/Python/3.11.16/x64/lib/python3.11/asyncio/base_events.py,710,call_later,8619,8619,0.053136846,0.03424518486400253,0.416786667
/home/runner/work/_temp/scanner-verification-il7_c53e/first_hybrid/tiktok_worker_scanner.py,3552,phase_summary,1324,1324,0.052935159,0.03411520333292584,0.121627445
/opt/hostedtoolcache/Python/3.11.16/x64/lib/python3.11/site-packages/httpx/_models.py,304,__setitem__,6000,6000,0.052879918000000005,0.03407960208069735,0.08325658200000001
/opt/hostedtoolcache/Python/3.11.16/x64/lib/python3.11/site-packages/httpx/_client.py,340,build_request,3000,3000,0.052680205,0.0339508927364366,5.3114748050000005
/opt/hostedtoolcache/Python/3.11.16/x64/lib/python3.11/asyncio/queues.py,99,full,21223,21223,0.052640024,0.0339249972255698,0.11572219700000001
/opt/hostedtoolcache/Python/3.11.16/x64/lib/python3.11/asyncio/queues.py,58,_wakeup_next,20476,20476,0.05251949,0.03384731649321324,0.21261769300000002
/home/runner/work/_temp/scanner-verification-il7_c53e/first_hybrid/tiktok_worker_scanner.py,2246,commit_page,2000,2000,0.052409209000000005,0.0337762435275354,6.394644487000001
/opt/hostedtoolcache/Python/3.11.16/x64/lib/python3.11/urllib/parse.py,959,urlencode,3000,3000,0.05152147,0.03320412100889768,0.286621016
/home/runner/work/_temp/scanner-verification-il7_c53e/first_hybrid/report_generator.py,146,_build_data,1,1,0.051412094000000005,0.03313363128996168,2.123023927
~,0,<built-in method builtins.min>,39548,39548,0.050858310000000004,0.032776733263783636,0.050858310000000004
/home/runner/work/_temp/scanner-verification-il7_c53e/first_hybrid/report_generator.py,217,make_row,1000,1000,0.050507239,0.032550477996480226,0.19015974300000002
/opt/hostedtoolcache/Python/3.11.16/x64/lib/python3.11/site-packages/httpx/_client.py,1645,_send_handling_auth,6000,6000,0.04919313,0.031703572148202186,4.563724404
/opt/hostedtoolcache/Python/3.11.16/x64/lib/python3.11/asyncio/queues.py,175,get_nowait,10238,10238,0.048810595000000005,0.03145703922842838,0.11401279900000001
/opt/hostedtoolcache/Python/3.11.16/x64/lib/python3.11/site-packages/httpx/_models.py,441,_prepare,3000,3000,0.048634094,0.03134328935750677,0.550386378
/opt/hostedtoolcache/Python/3.11.16/x64/lib/python3.11/site-packages/httpx/_models.py,1270,info,6000,6000,0.048575365,0.03130544018855387,0.26562114200000003
/home/runner/work/_temp/scanner-verification-il7_c53e/first_hybrid/tiktok_worker_scanner.py,3510,claim,2000,2000,0.047500271000000004,0.03061257270492152,0.42038127900000005
~,0,<built-in method _contextvars.copy_context>,38858,38858,0.047437554,0.03057215338347524,0.047437554
/opt/hostedtoolcache/Python/3.11.16/x64/lib/python3.11/site-packages/httpx/_client.py,1594,send,6000,6000,0.047143031,0.03038234169270043,4.708941898
/opt/hostedtoolcache/Python/3.11.16/x64/lib/python3.11/asyncio/events.py,107,__init__,11619,11619,0.046914066000000004,0.030234780267011253,0.12992821000000002
/home/runner/work/_temp/scanner-verification-il7_c53e/first_hybrid/tiktok_worker_scanner.py,1332,slot,6000,6000,0.046524744,0.0299838733189093,0.159905591
~,0,<method 'split' of 'str' objects>,39098,39098,0.046203082000000006,0.029776571315065777,0.046203082000000006
~,0,<method 'acquire' of '_thread.lock' objects>,31270,31270,0.046146649000000005,0.02974020185276404,0.046146649000000005
/opt/hostedtoolcache/Python/3.11.16/x64/lib/python3.11/asyncio/queues.py,110,put,10985,10985,0.044635770000000005,0.02876648333996147,0.46739120500000003
/opt/hostedtoolcache/Python/3.11.16/x64/lib/python3.11/selectors.py,275,_key_from_fd,25564,25564,0.044386129,0.028605596820753417,0.044386129
/opt/hostedtoolcache/Python/3.11.16/x64/lib/python3.11/pathlib.py,583,__hash__,18040,18040,0.044363709,0.02859114776887233,0.08936817000000001
/opt/hostedtoolcache/Python/3.11.16/x64/lib/python3.11/threading.py,90,RLock,27239,27239,0.044292756,0.028545420579839408,0.044292756
/home/runner/work/_temp/scanner-verification-il7_c53e/first_hybrid/scan_runtime.py,84,<lambda>,33996,33996,0.043962608,0.028332649590524745,0.043962608
/opt/hostedtoolcache/Python/3.11.16/x64/lib/python3.11/urllib/parse.py,863,quote,10000,10000,0.043507013000000004,0.02803903158018753,0.16941107200000002
/opt/hostedtoolcache/Python/3.11.16/x64/lib/python3.11/site-packages/httpx/_models.py,195,raw,16002,16002,0.043173709000000005,0.027824226638699063,0.12312806400000001
/opt/hostedtoolcache/Python/3.11.16/x64/lib/python3.11/pathlib.py,402,_select_from,9022,9022,0.043005121,0.027715576471057338,0.460193126
/opt/hostedtoolcache/Python/3.11.16/x64/lib/python3.11/site-packages/httpx/_urlparse.py,348,encode_host,6001,6001,0.042697431,0.0275172790235422,0.22062667200000002
/opt/hostedtoolcache/Python/3.11.16/x64/lib/python3.11/asyncio/unix_events.py,81,_process_self_data,25621,25621,0.041732206,0.026895218983314057,0.041732206
/opt/hostedtoolcache/Python/3.11.16/x64/lib/python3.11/site-packages/httpx/_client.py,1679,_send_handling_redirects,6000,6000,0.041640318,0.02683599978263392,4.448792353
/opt/hostedtoolcache/Python/3.11.16/x64/lib/python3.11/concurrent/futures/thread.py,47,__init__,27237,27237,0.041335777000000004,0.02663973177599182,0.041335777000000004
~,0,<method 'partition' of 'str' objects>,40325,40325,0.041198417,0.026551207165537535,0.041198417
/opt/hostedtoolcache/Python/3.11.16/x64/lib/python3.11/asyncio/base_events.py,430,create_task,4153,4153,0.03941217,0.025400021814269792,0.11571210400000001
/opt/hostedtoolcache/Python/3.11.16/x64/lib/python3.11/json/encoder.py,278,_iterencode_list,17029,17029,0.038730458999999995,0.024960678477655037,0.055564010000000004
/opt/hostedtoolcache/Python/3.11.16/x64/lib/python3.11/urllib/parse.py,781,_unquote,18000,18000,0.038358913,0.024721227655611886,0.16354079100000002
~,0,<built-in method _asyncio._get_running_loop>,26487,26487,0.037972655,0.024472295368302248,0.037972655
~,0,<built-in method time.perf_counter>,38259,38259,0.037795616000000004,0.024358198771693224,0.037795616000000004
~,0,<method 'get' of '_contextvars.ContextVar' objects>,30239,30239,0.037729564,0.024315630137667837,0.037729564
/home/runner/work/_temp/scanner-verification-il7_c53e/first_hybrid/tiktok_worker_scanner.py,1364,pace,3000,3000,0.037358902,0.024076749028464236,0.09423998500000001
/home/runner/work/_temp/scanner-verification-il7_c53e/first_hybrid/tiktok_worker_scanner.py,2073,finish_list_result,4000,4000,0.037268601,0.024018552604114844,0.14053911400000002
~,0,<method 'lower' of 'bytes' objects>,42016,42016,0.036906096,0.02378492844924639,0.036906096
/home/runner/work/_temp/scanner-verification-il7_c53e/final/tests/benchmark_hybrid.py,64,__exit__,12507,12507,0.03684029900000001,0.023742524155463192,0.051124897
/home/runner/work/_temp/scanner-verification-il7_c53e/first_hybrid/tiktok_worker_scanner.py,340,fsync_directory,4072,4072,0.03670185,0.023653297715504062,0.283305345
/home/runner/work/_temp/scanner-verification-il7_c53e/first_hybrid/tiktok_worker_scanner.py,1308,check,15000,15000,0.036647117,0.023618023854816855,0.051391019
/opt/hostedtoolcache/Python/3.11.16/x64/lib/python3.11/contextlib.py,299,helper,13008,13008,0.036080073,0.02325258013604545,0.09560943000000001
/opt/hostedtoolcache/Python/3.11.16/x64/lib/python3.11/urllib/parse.py,374,urlparse,3000,3000,0.035716721,0.023018410113784343,0.262525679
/opt/hostedtoolcache/Python/3.11.16/x64/lib/python3.11/asyncio/queues.py,186,task_done,10238,10238,0.035595056,0.02294000048411835,0.050845279
/opt/hostedtoolcache/Python/3.11.16/x64/lib/python3.11/asyncio/events.py,68,cancel,12620,12620,0.035571209,0.022924631771352604,0.047240182000000006
~,0,<method 'rstrip' of 'str' objects>,30221,30221,0.035428259000000004,0.02283250456500112,0.035428259000000004
~,0,<method 'search' of 're.Pattern' objects>,5153,5153,0.035248333,0.022716547379061994,0.035248333
/opt/hostedtoolcache/Python/3.11.16/x64/lib/python3.11/contextlib.py,141,__exit__,13007,13007,0.035199680000000004,0.022685191905325593,0.121691091
/home/runner/work/_temp/scanner-verification-il7_c53e/first_hybrid/tiktok_worker_scanner.py,976,check_worker_error,6000,6000,0.035191464000000006,0.022679896927169707,0.057343401
/home/runner/work/_temp/scanner-verification-il7_c53e/first_hybrid/direct_protocol.py,111,normalize_profile,1000,1000,0.035147237000000005,0.02265139388446032,0.072756048
/opt/hostedtoolcache/Python/3.11.16/x64/lib/python3.11/site-packages/httpx/_urlparse.py,482,percent_encoded,15000,15000,0.035132722000000005,0.02264203938008682,0.05680421
~,0,<method 'endswith' of 'str' objects>,36693,36693,0.034910542,0.022498850693782702,0.034910542
/opt/hostedtoolcache/Python/3.11.16/x64/lib/python3.11/pathlib.py,765,__truediv__,15102,15102,0.034796034,0.022425053546913896,0.5347787500000001
/home/runner/work/_temp/scanner-verification-il7_c53e/first_hybrid/tiktok_worker_scanner.py,1550,borrow_client,3196,3196,0.03475019,0.02239550839372762,0.102229757
~,0,<built-in method posix.close>,5079,5079,0.034454527,0.022204962005399537,0.034454527
/opt/hostedtoolcache/Python/3.11.16/x64/lib/python3.11/json/encoder.py,260,_make_iterencode,6068,6068,0.034078211000000004,0.02196243705412031,0.039601258
/home/runner/work/_temp/scanner-verification-il7_c53e/first_hybrid/tiktok_worker_scanner.py,2926,dispatch_profiles,1243,1243,0.033943705000000005,0.021875751765435363,12.240338341000001
/opt/hostedtoolcache/Python/3.11.16/x64/lib/python3.11/_weakrefset.py,85,add,11157,11157,0.033695073,0.02171551551800911,0.046593401
/opt/hostedtoolcache/Python/3.11.16/x64/lib/python3.11/asyncio/locks.py,89,locked,33996,33996,0.03369221,0.021713670395995928,0.03369221
/opt/hostedtoolcache/Python/3.11.16/x64/lib/python3.11/concurrent/futures/_base.py,398,__get_result,27237,27237,0.033473363,0.021572629733327835,0.033473363
/opt/hostedtoolcache/Python/3.11.16/x64/lib/python3.11/pathlib.py,504,_from_parts,8030,8030,0.033229337000000005,0.02141536192180543,0.596873962
/home/runner/work/_temp/scanner-verification-il7_c53e/first_hybrid/tiktok_worker_scanner.py,680,found_lists_for,3000,3000,0.033222388000000005,0.021410883489088144,0.08770161400000001
~,0,<method 'finditer' of 're.Pattern' objects>,21002,21002,0.03321279,0.021404697851266793,0.03321279
/opt/hostedtoolcache/Python/3.11.16/x64/lib/python3.11/pathlib.py,1111,mkdir,5073,5075,0.033108661000000005,0.021337589674490485,0.4256162660000001
/opt/hostedtoolcache/Python/3.11.16/x64/lib/python3.11/site-packages/httpx/_models.py,516,__init__,3000,3000,0.033039476000000005,0.02129300191113667,1.006581999
/opt/hostedtoolcache/Python/3.11.16/x64/lib/python3.11/_weakrefset.py,39,_remove,11152,11152,0.032834818,0.0211611056551207,0.045395642
~,0,<built-in method time.process_time>,17003,17003,0.032771062000000004,0.02112001672774648,0.032771062000000004
/opt/hostedtoolcache/Python/3.11.16/x64/lib/python3.11/pathlib.py,622,name,11159,11159,0.032641072,0.02103624187252696,0.043861497000000006
~,0,<built-in method posix.rmdir>,1003,1003,0.032573162,0.020992475810384048,0.0325774
/opt/hostedtoolcache/Python/3.11.16/x64/lib/python3.11/urllib/parse.py,917,quote_plus,10000,10000,0.032518555000000005,0.02095728315311063,0.20997921500000002
/opt/hostedtoolcache/Python/3.11.16/x64/lib/python3.11/pathlib.py,1261,is_file,9025,9025,0.032093637,0.020683435596143426,0.20062641600000003
~,0,<built-in method math.ceil>,24845,24845,0.032076234,0.020672219857968296,0.032076234
/home/runner/work/_temp/scanner-verification-il7_c53e/first_hybrid/report_generator.py,34,saved_profile,2000,2000,0.031776347,0.02047895122186387,0.9927763970000001
/opt/hostedtoolcache/Python/3.11.16/x64/lib/python3.11/asyncio/queues.py,95,empty,28801,28801,0.031329987000000004,0.02019128490617972,0.031329987000000004
/opt/hostedtoolcache/Python/3.11.16/x64/lib/python3.11/asyncio/locks.py,178,is_set,29588,29588,0.03097064,0.01995969599242814,0.03097064
/home/runner/work/_temp/scanner-verification-il7_c53e/final/tests/benchmark_hybrid.py,168,<genexpr>,7018,7018,0.030941204000000003,0.01994072532823673,0.604801464
/opt/hostedtoolcache/Python/3.11.16/x64/lib/python3.11/pathlib.py,667,with_name,3069,3069,0.030900538,0.01991451724867402,0.10681791700000001
<frozen _collections_abc>,959,setdefault,6000,6000,0.030845368,0.019878961753924722,0.20006095100000001
/opt/hostedtoolcache/Python/3.11.16/x64/lib/python3.11/site-packages/httpx/_transports/mock.py,29,handle_async_request,6000,6000,0.030085019,0.01938893846450782,2.323053326
/home/runner/work/_temp/scanner-verification-il7_c53e/first_hybrid/tiktok_worker_scanner.py,2023,parse_list_page,2000,2000,0.030013972000000003,0.019343150695150326,0.070637885
~,0,<built-in method posix.scandir>,5017,5017,0.029846413000000002,0.019235163688721163,0.053796573
/opt/hostedtoolcache/Python/3.11.16/x64/lib/python3.11/asyncio/base_events.py,687,is_closed,27239,27239,0.029817722,0.01921667315582553,0.029817722
/opt/hostedtoolcache/Python/3.11.16/x64/lib/python3.11/functools.py,35,update_wrapper,2035,2035,0.029720795,0.01915420646306561,0.057733176
/opt/hostedtoolcache/Python/3.11.16/x64/lib/python3.11/http/cookiejar.py,1680,extract_cookies,3000,3000,0.029491055000000002,0.019006145571934512,0.37860583600000003
/opt/hostedtoolcache/Python/3.11.16/x64/lib/python3.11/contextlib.py,132,__enter__,13008,13008,0.029394519,0.018943930867545932,0.541580719
~,0,<method 'strip' of 'str' objects>,31058,31058,0.029371733000000004,0.018929245939081962,0.029371733000000004
/opt/hostedtoolcache/Python/3.11.16/x64/lib/python3.11/site-packages/httpx/_decoders.py,260,flush,6000,6000,0.028275998,0.01822307591843456,0.044883951000000005
/home/runner/work/_temp/scanner-verification-il7_c53e/first_hybrid/tiktok_worker_scanner.py,1966,worker_verified,8500,8500,0.028196115,0.018171593598567643,0.043797063
~,0,<method 'capitalize' of 'str' objects>,28000,28000,0.028042745,0.018072750998790604,0.028042745
/home/runner/work/_temp/scanner-verification-il7_c53e/first_hybrid/tiktok_worker_scanner.py,1903,lookup_profile,5839,5839,0.027989089,0.018038171233949785,1.1119120230000001
/opt/hostedtoolcache/Python/3.11.16/x64/lib/python3.11/site-packages/httpx/_client.py,1485,request,6000,6000,0.027638528000000002,0.017812244647130736,10.048055231000001
/home/runner/work/_temp/scanner-verification-il7_c53e/first_hybrid/scan_statistics.py,53,request_finished,3000,3000,0.027389544000000002,0.017651781545723118,0.18059942
/opt/hostedtoolcache/Python/3.11.16/x64/lib/python3.11/pathlib.py,569,_cparts,9022,9022,0.02737195,0.017640442713484236,0.035909032
/opt/hostedtoolcache/Python/3.11.16/x64/lib/python3.11/contextlib.py,214,__aexit__,5006,5006,0.027230328,0.017549171365335164,0.335269513
/opt/hostedtoolcache/Python/3.11.16/x64/lib/python3.11/http/cookiejar.py,1599,make_cookies,3000,3000,0.026751504000000002,0.017240582925642654,0.19500173
/opt/hostedtoolcache/Python/3.11.16/x64/lib/python3.11/site-packages/httpx/_content.py,176,encode_json,3000,3000,0.026538573000000003,0.01710335495659314,0.17077667600000002
/opt/hostedtoolcache/Python/3.11.16/x64/lib/python3.11/email/message.py,531,get_all,6000,6000,0.026417197000000003,0.017025131579201616,0.041982712000000005
~,0,<method '_is_owned' of '_thread.RLock' objects>,27237,27237,0.026019445000000002,0.01676879173603466,0.026019445000000002
~,0,<method 'join' of 'bytes' objects>,6000,6000,0.025974246000000003,0.01673966226699037,0.515953389
/opt/hostedtoolcache/Python/3.11.16/x64/lib/python3.11/dataclasses.py,1321,<genexpr>,20000,20000,0.025832926000000003,0.01664858554924576,0.10698227300000002
/opt/hostedtoolcache/Python/3.11.16/x64/lib/python3.11/urllib/parse.py,413,_splitnetloc,3009,3009,0.025686624,0.016554298074299027,0.045337524000000004
/opt/hostedtoolcache/Python/3.11.16/x64/lib/python3.11/asyncio/tasks.py,399,wait,2486,2486,0.025644928,0.01652742618905222,12.163707227000002
/opt/hostedtoolcache/Python/3.11.16/x64/lib/python3.11/asyncio/futures.py,311,_set_result_unless_cancelled,7237,7237,0.025202358,0.016242202420496937,0.159545928
~,0,<method 'values' of 'dict' objects>,25505,25505,0.025196351999999998,0.016238331724439944,0.025196351999999998
/opt/hostedtoolcache/Python/3.11.16/x64/lib/python3.11/pathlib.py,877,_make_child_relpath,11024,11024,0.025176793000000003,0.016225726505628972,0.057669251000000005
/opt/hostedtoolcache/Python/3.11.16/x64/lib/python3.11/site-packages/httpx/_models.py,1101,extract_cookies,3000,3000,0.025171102,0.016222058818106438,1.8028811150000001
~,0,<method 'result' of '_asyncio.Future' objects>,27237,27237,0.025105922000000003,0.01618005216326216,0.025105922000000003
/opt/hostedtoolcache/Python/3.11.16/x64/lib/python3.11/site-packages/httpx/_models.py,571,_prepare,3000,3000,0.024955907000000003,0.01608337176549498,0.233477119
~,0,<method 'lstrip' of 'str' objects>,23567,23567,0.024650287,0.015886408374063417,0.024650287
<frozen posixpath>,60,isabs,6031,6031,0.024642158,0.015881169464931337,0.052632772
/opt/hostedtoolcache/Python/3.11.16/x64/lib/python3.11/site-packages/httpx/_models.py,202,keys,6001,6001,0.024500094,0.015789613260362483,0.31634216400000004
/home/runner/work/_temp/scanner-verification-il7_c53e/first_hybrid/direct_protocol.py,96,guard,3000,3000,0.024406733,0.01572944475310693,0.041001924
/opt/hostedtoolcache/Python/3.11.16/x64/lib/python3.11/pathlib.py,1245,is_dir,4076,4076,0.024320456,0.015673841682226294,0.1266584
~,0,<method 'exception' of '_asyncio.Future' objects>,27237,27237,0.02420107,0.015596900803195314,0.02420107
/opt/hostedtoolcache/Python/3.11.16/x64/lib/python3.11/pathlib.py,981,resolve,3015,3015,0.024171618000000002,0.015577919827459295,1.081418588
/opt/hostedtoolcache/Python/3.11.16/x64/lib/python3.11/site-packages/httpx/_models.py,961,close,3000,3000,0.024105636000000003,0.01553539630644157,0.07867584500000001
/home/runner/work/_temp/scanner-verification-il7_c53e/final/tests/benchmark_hybrid.py,73,user,8500,8500,0.024016926,0.015478225236309073,0.024016926
~,0,<built-in method builtins.all>,7856,7856,0.023858156000000005,0.015375902490227049,0.038509758000000005
~,0,<method 'reverse' of 'list' objects>,26213,26213,0.023712807000000002,0.015282229196655993,0.023712807000000002
/opt/hostedtoolcache/Python/3.11.16/x64/lib/python3.11/site-packages/httpx/_urlparse.py,186,copy_with,3000,3000,0.023528701000000003,0.015163578119688194,1.890661131
/opt/hostedtoolcache/Python/3.11.16/x64/lib/python3.11/contextlib.py,205,__aenter__,5003,5003,0.023232790000000003,0.014972871902418698,0.418727104
/opt/hostedtoolcache/Python/3.11.16/x64/lib/python3.11/json/__init__.py,244,detect_encoding,3000,3000,0.023149443000000002,0.014919157133144283,0.037129958000000005
/opt/hostedtoolcache/Python/3.11.16/x64/lib/python3.11/site-packages/httpx/_urls.py,498,multi_items,3000,3000,0.022897708000000003,0.01475692109053574,0.036413112000000004
~,0,<built-in method _stat.S_ISLNK>,24111,24111,0.02266964,0.014609937755816111,0.02266964
/home/runner/work/_temp/scanner-verification-il7_c53e/first_hybrid/scan_statistics.py,43,prune,7141,7141,0.022614285,0.014574263033832295,0.028681567
/home/runner/work/_temp/scanner-verification-il7_c53e/first_hybrid/scan_statistics.py,93,snapshot,141,141,0.022544052000000002,0.0145289998643067,0.28968343500000004
/opt/hostedtoolcache/Python/3.11.16/x64/lib/python3.11/urllib/request.py,301,request_host,3000,3000,0.022442998000000002,0.014463873437509616,0.29700386700000003
/opt/hostedtoolcache/Python/3.11.16/x64/lib/python3.11/re/__init__.py,173,search,5153,5153,0.022417813,0.014447642421826072,0.11649115300000001
/opt/hostedtoolcache/Python/3.11.16/x64/lib/python3.11/_weakrefset.py,27,__exit__,4238,4238,0.022405202000000003,0.014439514991260852,0.054968207000000005
/opt/hostedtoolcache/Python/3.11.16/x64/lib/python3.11/site-packages/httpx/_models.py,274,update,3001,3001,0.02216929,0.014287476421797458,0.25437576900000003
/opt/hostedtoolcache/Python/3.11.16/x64/lib/python3.11/asyncio/queues.py,53,_put,10238,10238,0.02201757,0.014189697200058058,0.031055995000000003
/opt/hostedtoolcache/Python/3.11.16/x64/lib/python3.11/site-packages/httpx/_models.py,699,_get_content_decoder,3000,3000,0.021732083000000003,0.014005708954100263,0.073625756
/opt/hostedtoolcache/Python/3.11.16/x64/lib/python3.11/site-packages/httpx/_exceptions.py,366,request_context,24000,24000,0.021674677,0.013968712420992088,0.021674677
/opt/hostedtoolcache/Python/3.11.16/x64/lib/python3.11/urllib/parse.py,703,parse_qs,5001,5001,0.021301756,0.013728375450584236,0.29614740500000003
/opt/hostedtoolcache/Python/3.11.16/x64/lib/python3.11/_weakrefset.py,53,_commit_removals,4238,4238,0.021272870000000003,0.013709759245738702,0.027391668
/opt/hostedtoolcache/Python/3.11.16/x64/lib/python3.11/asyncio/tasks.py,376,create_task,4010,4010,0.02120023,0.013662944833221233,0.151069941
/home/runner/work/_temp/scanner-verification-il7_c53e/first_hybrid/tiktok_worker_scanner.py,3351,register_profile,1000,1000,0.021161771000000003,0.013638159102342801,0.20171730200000001
/opt/hostedtoolcache/Python/3.11.16/x64/lib/python3.11/urllib/request.py,374,_parse,3000,3000,0.021010823,0.013540877412630705,0.086230845
~,0,<method 'groupdict' of 're.Match' objects>,12002,12002,0.020952934000000003,0.013503569599769696,0.020952934000000003
~,0,<method 'is_dir' of 'posix.DirEntry' objects>,24057,24057,0.020905363,0.013472911444237366,0.020905363
/opt/hostedtoolcache/Python/3.11.16/x64/lib/python3.11/site-packages/httpx/_models.py,242,get,6000,6000,0.020592020000000003,0.013270970799118138,0.261523659
/opt/hostedtoolcache/Python/3.11.16/x64/lib/python3.11/asyncio/queues.py,50,_get,10238,10238,0.020583919000000003,0.013265749935189117,0.029284658
/opt/hostedtoolcache/Python/3.11.16/x64/lib/python3.11/site-packages/httpx/_client.py,424,_merge_headers,3000,3000,0.020537878000000002,0.013236077821109868,0.295249284
/opt/hostedtoolcache/Python/3.11.16/x64/lib/python3.11/pathlib.py,1036,open,4091,4091,0.02026584,0.013060757072866106,0.5489917369999999
~,0,<method 'load_verify_locations' of '_ssl._SSLContext' objects>,1,1,0.020206592000000002,0.013022573423185009,0.020206592000000002
/opt/hostedtoolcache/Python/3.11.16/x64/lib/python3.11/asyncio/timeouts.py,85,__aenter__,3000,3000,0.019999639,0.012889198104989421,0.142149406
/home/runner/work/_temp/scanner-verification-il7_c53e/first_hybrid/tiktok_worker_scanner.py,229,finish,4000,4000,0.019947646000000003,0.01285569009631623,0.07789035600000001
/opt/hostedtoolcache/Python/3.11.16/x64/lib/python3.11/urllib/request.py,343,full_url,3000,3000,0.019921109000000003,0.012838587755113366,0.130745039
/opt/hostedtoolcache/Python/3.11.16/x64/lib/python3.11/pathlib.py,868,__new__,5015,5015,0.019769830000000002,0.012741092745322204,0.420325649
/opt/hostedtoolcache/Python/3.11.16/x64/lib/python3.11/site-packages/httpx/_models.py,252,get_list,3000,3000,0.019436832,0.012526485012124356,0.044139814
/opt/hostedtoolcache/Python/3.11.16/x64/lib/python3.11/site-packages/httpx/_auth.py,87,async_auth_flow,6000,6000,0.019371081000000002,0.0124841103640319,0.038508685
/opt/hostedtoolcache/Python/3.11.16/x64/lib/python3.11/site-packages/httpx/_models.py,468,read,3000,3000,0.019357728,0.01247550473558551,0.10465346900000001
/opt/hostedtoolcache/Python/3.11.16/x64/lib/python3.11/asyncio/base_events.py,531,_asyncgen_firstiter_hook,7001,7001,0.019160748000000002,0.012348556732038005,0.05050413300000001
/opt/hostedtoolcache/Python/3.11.16/x64/lib/python3.11/pathlib.py,94,join_parsed_parts,15103,15103,0.019039476,0.01227040037968643,0.019039476
/home/runner/work/_temp/scanner-verification-il7_c53e/first_hybrid/tiktok_worker_scanner.py,3383,recover,1,1,0.018980709000000002,0.012232526720815094,0.45729212
/opt/hostedtoolcache/Python/3.11.16/x64/lib/python3.11/site-packages/httpx/_models.py,348,<listcomp>,11005,11005,0.018919146,0.012192851119523618,0.018919146
/home/runner/work/_temp/scanner-verification-il7_c53e/first_hybrid/tiktok_worker_scanner.py,2283,checkpoint,3000,3000,0.018725066,0.012067772083436196,0.170497695
/opt/hostedtoolcache/Python/3.11.16/x64/lib/python3.11/site-packages/httpx/_urlparse.py,167,authority,6000,6000,0.018507894,0.011927810910594189,0.024858053
/opt/hostedtoolcache/Python/3.11.16/x64/lib/python3.11/site-packages/httpx/_client.py,433,_merge_queryparams,3000,3000,0.018468604,0.011902489623867711,0.181277705
/home/runner/work/_temp/scanner-verification-il7_c53e/first_hybrid/tiktok_worker_scanner.py,1393,observe,3000,3000,0.018039764,0.011626114449528633,0.025387957000000003
/opt/hostedtoolcache/Python/3.11.16/x64/lib/python3.11/urllib/parse.py,1080,_splittype,3000,3000,0.017934769,0.011558448160400445,0.033134769
/opt/hostedtoolcache/Python/3.11.16/x64/lib/python3.11/urllib/parse.py,119,_coerce_args,6009,6009,0.017769518,0.011451948594280897,0.022940239
/opt/hostedtoolcache/Python/3.11.16/x64/lib/python3.11/site-packages/httpx/_client.py,457,_build_request_auth,3000,3000,0.017635116000000003,0.011365330330635899,0.067886453
/opt/hostedtoolcache/Python/3.11.16/x64/lib/python3.11/asyncio/timeouts.py,129,timeout,3000,3000,0.017355234,0.011184954347648374,0.038110197000000005
/opt/hostedtoolcache/Python/3.11.16/x64/lib/python3.11/asyncio/timeouts.py,50,reschedule,3000,3000,0.017314737,0.011158855183775577,0.10270005700000001
~,0,<method 'remove' of 'collections.deque' objects>,17411,17411,0.017299591,0.011149094017861622,0.017299591
<frozen posixpath>,409,realpath,3015,3015,0.017223478,0.011100041355692819,0.791686348
/opt/hostedtoolcache/Python/3.11.16/x64/lib/python3.11/site-packages/httpx/_urls.py,274,params,5000,5000,0.016905974,0.010895419064504135,0.36184821500000003
/home/runner/work/_temp/scanner-verification-il7_c53e/first_hybrid/tiktok_worker_scanner.py,2306,count,2000,2000,0.016724237000000003,0.010778294740609767,0.089083003
/home/runner/work/_temp/scanner-verification-il7_c53e/first_hybrid/report_generator.py,61,profile_for_report,2000,2000,0.016719058000000002,0.010774957022514667,1.01746494
~,0,<built-in method builtins.anext>,8002,8002,0.016415688,0.01057944369204352,0.046190271000000005
/opt/hostedtoolcache/Python/3.11.16/x64/lib/python3.11/site-packages/httpx/_client.py,391,_merge_url,3000,3000,0.016186883000000003,0.010431985381800417,1.388477245
/opt/hostedtoolcache/Python/3.11.16/x64/lib/python3.11/_weakrefset.py,72,__len__,4239,4239,0.016179763,0.010427396744450134,0.024415811000000003
/opt/hostedtoolcache/Python/3.11.16/x64/lib/python3.11/pathlib.py,956,rglob,9022,9022,0.016108337,0.010381364720379751,0.47770295700000004
~,0,<method 'end' of 're.Match' objects>,18054,18054,0.016011128,0.010318716286646126,0.016011128
~,0,<method 'discard' of 'set' objects>,14152,14152,0.015926472,0.010264157904128523,0.015926472
/opt/hostedtoolcache/Python/3.11.16/x64/lib/python3.11/enum.py,193,__get__,5184,5184,0.015903013,0.010249039246319503,0.022394951
/opt/hostedtoolcache/Python/3.11.16/x64/lib/python3.11/asyncio/timeouts.py,97,__aexit__,3000,3000,0.015794796,0.010179296469896005,0.046710856
/opt/hostedtoolcache/Python/3.11.16/x64/lib/python3.11/site-packages/httpx/_models.py,831,json,3000,3000,0.015749735,0.010150255937923958,0.19017514500000002
/opt/hostedtoolcache/Python/3.11.16/x64/lib/python3.11/pathlib.py,327,_select_from,18040,18040,0.015718075,0.01012985196903212,0.015718075
/opt/hostedtoolcache/Python/3.11.16/x64/lib/python3.11/site-packages/httpx/_models.py,231,multi_items,6000,6000,0.015688302,0.010110664117932416,0.11955760200000001
/home/runner/work/_temp/scanner-verification-il7_c53e/first_hybrid/scan_statistics.py,48,request_started,3000,3000,0.015681009000000003,0.01010596398700607,0.154329553
/opt/hostedtoolcache/Python/3.11.16/x64/lib/python3.11/typing.py,1602,__subclasscheck__,3000,3000,0.015565697000000002,0.01003164868502074,0.039596658
~,0,<method 'acquire' of '_thread.RLock' objects>,11517,11517,0.015379432000000002,0.009911606194002486,0.015379432000000002
/opt/hostedtoolcache/Python/3.11.16/x64/lib/python3.11/asyncio/locks.py,182,set,8332,8332,0.015262446,0.00983621204666261,0.015277273000000001
/home/runner/work/_temp/scanner-verification-il7_c53e/first_hybrid/avatar_cache.py,243,ensure,2010,2010,0.014976195000000001,0.009651731424449814,0.185132135
/opt/hostedtoolcache/Python/3.11.16/x64/lib/python3.11/site-packages/httpx/_urlparse.py,200,__str__,3000,3000,0.014855484,0.009573936620631036,0.030781145000000003
/opt/hostedtoolcache/Python/3.11.16/x64/lib/python3.11/site-packages/httpx/_urls.py,168,host,6000,6000,0.014472897,0.009327370188337252,0.020782408000000002
/home/runner/work/_temp/scanner-verification-il7_c53e/first_hybrid/tiktok_worker_scanner.py,3341,_add_job,1000,1000,0.014398679000000001,0.009279538799732884,0.261850325
/opt/hostedtoolcache/Python/3.11.16/x64/lib/python3.11/asyncio/base_events.py,1854,_timer_handle_cancelled,11619,11619,0.014366831,0.009259013670191909,0.014366831
/home/runner/work/_temp/scanner-verification-il7_c53e/final/tests/benchmark_hybrid.py,72,total,12000,12000,0.014306513000000002,0.009220140435965194,0.014306513000000002
/opt/hostedtoolcache/Python/3.11.16/x64/lib/python3.11/site-packages/httpx/_models.py,1228,__bool__,3000,3000,0.014194947000000001,0.009148239324361068,0.032942842
/opt/hostedtoolcache/Python/3.11.16/x64/lib/python3.11/site-packages/httpx/_urls.py,623,__str__,3000,3000,0.014167101000000001,0.009130293369915015,0.33720122900000005
/opt/hostedtoolcache/Python/3.11.16/x64/lib/python3.11/site-packages/httpx/_urls.py,244,path,5000,5000,0.014091916000000001,0.009081838777333437,0.032157363
/opt/hostedtoolcache/Python/3.11.16/x64/lib/python3.11/contextlib.py,332,helper,4001,4001,0.013897779,0.008956723006368354,0.036802386
/opt/hostedtoolcache/Python/3.11.16/x64/lib/python3.11/site-packages/httpx/_urlparse.py,422,validate_path,6001,6001,0.013877197,0.008943458493174046,0.020934035
~,0,<method 'release' of '_thread.RLock' objects>,11517,11517,0.013855916000000001,0.008929743494374703,0.013855916000000001
~,0,<method 'extend' of 'list' objects>,15364,15364,0.013754601000000002,0.008864448860506212,0.013841621000000002
~,0,<method 'startswith' of 'bytes' objects>,11018,11018,0.013722074,0.008843486134790964,0.013722074
~,0,<method 'find' of 'str' objects>,12054,12054,0.013605007,0.008768039785256514,0.013605007
/home/runner/work/_temp/scanner-verification-il7_c53e/first_hybrid/tiktok_worker_scanner.py,1097,text,6153,6153,0.013529981000000002,0.008719687663649472,0.013529981000000002
/home/runner/work/_temp/scanner-verification-il7_c53e/first_hybrid/tiktok_worker_scanner.py,1195,available,3001,3001,0.013516562000000001,0.008711039500081577,0.019547337
/opt/hostedtoolcache/Python/3.11.16/x64/lib/python3.11/site-packages/httpx/_content.py,107,encode_content,2000,2000,0.013468830000000001,0.008680277584631635,0.021891817
/home/runner/work/_temp/scanner-verification-il7_c53e/final/tests/benchmark_hybrid.py,100,<listcomp>,2000,2000,0.013425479,0.008652339098989499,0.033184831000000005
/home/runner/work/_temp/scanner-verification-il7_c53e/first_hybrid/tiktok_worker_scanner.py,2094,<lambda>,2000,2000,0.013390277,0.008629652411910207,0.153470892
<frozen posixpath>,394,abspath,3016,3016,0.013324084000000002,0.008586992907397973,0.063592275
/opt/hostedtoolcache/Python/3.11.16/x64/lib/python3.11/re/_parser.py,516,_parse,117,298,0.01332258,0.008586023622204878,0.045786486
/home/runner/work/_temp/scanner-verification-il7_c53e/first_hybrid/scan_statistics.py,71,account_finished,1000,1000,0.013135087,0.008465189720138008,0.083837468
/opt/hostedtoolcache/Python/3.11.16/x64/lib/python3.11/pathlib.py,745,parts,3000,3000,0.013103267,0.008444682635800097,0.013103267
/home/runner/work/_temp/scanner-verification-il7_c53e/first_hybrid/tiktok_worker_scanner.py,3586,summary,162,162,0.013026042,0.008394913321281079,0.055454392000000005
/opt/hostedtoolcache/Python/3.11.16/x64/lib/python3.11/site-packages/httpx/_urls.py,150,username,3000,3000,0.012910686000000001,0.00832056966254808,0.026740370000000003
/home/runner/work/_temp/scanner-verification-il7_c53e/first_hybrid/tiktok_worker_scanner.py,3166,sanitize_run_name,1000,1000,0.012806696000000001,0.008253551067315545,0.04065109
/opt/hostedtoolcache/Python/3.11.16/x64/lib/python3.11/typing.py,1327,__instancecheck__,3000,3000,0.012787587000000001,0.008241235860696652,0.052384245
/opt/hostedtoolcache/Python/3.11.16/x64/lib/python3.11/site-packages/httpx/_client.py,413,_merge_cookies,3000,3000,0.0127691,0.008229321515374373,0.048904308
/opt/hostedtoolcache/Python/3.11.16/x64/lib/python3.11/site-packages/httpx/_decoders.py,233,__init__,6000,6000,0.012748012000000001,0.008215730899581858,0.012748012000000001
/opt/hostedtoolcache/Python/3.11.16/x64/lib/python3.11/asyncio/locks.py,194,clear,10238,10238,0.012544172000000001,0.008084361821283942,0.012544172000000001
/opt/hostedtoolcache/Python/3.11.16/x64/lib/python3.11/site-packages/httpx/_models.py,619,reason_phrase,3000,3000,0.012473417,0.00803876223761553,0.040717775000000005
/opt/hostedtoolcache/Python/3.11.16/x64/lib/python3.11/site-packages/httpx/_urls.py,458,<dictcomp>,3000,3000,0.012437706000000001,0.008015747514523415,0.031729211
/opt/hostedtoolcache/Python/3.11.16/x64/lib/python3.11/site-packages/httpx/_models.py,876,read,3000,3000,0.012430826,0.008011313550342245,0.5124346940000001
/opt/hostedtoolcache/Python/3.11.16/x64/lib/python3.11/urllib/parse.py,1101,_splithost,3000,3000,0.012327081,0.007944452850636509,0.021228427
/opt/hostedtoolcache/Python/3.11.16/x64/lib/python3.11/site-packages/httpx/_urls.py,459,<listcomp>,5000,5000,0.012142769000000001,0.00782566901253189,0.019291505
~,0,<method 'rstrip' of 'bytes' objects>,11006,11006,0.012080685,0.007785657641569136,0.012080685
/opt/hostedtoolcache/Python/3.11.16/x64/lib/python3.11/_weakrefset.py,21,__enter__,4238,4238,0.012077622000000001,0.007783683625248363,0.017055549
/home/runner/work/_temp/scanner-verification-il7_c53e/first_hybrid/tiktok_worker_scanner.py,2293,cursor_seen,2000,2000,0.011958866,0.007707148763286298,0.12375921900000002
/opt/hostedtoolcache/Python/3.11.16/x64/lib/python3.11/pathlib.py,630,suffix,2014,2014,0.011901388,0.007670105828227392,0.024195797
/opt/hostedtoolcache/Python/3.11.16/x64/lib/python3.11/site-packages/httpx/_content.py,35,__iter__,12000,12000,0.011771309,0.0075862736150409974,0.011771309
/opt/hostedtoolcache/Python/3.11.16/x64/lib/python3.11/site-packages/httpx/_status_codes.py,38,get_reason_phrase,3000,3000,0.011766492,0.00758316919564264,0.028244358
/opt/hostedtoolcache/Python/3.11.16/x64/lib/python3.11/re/__init__.py,178,sub,3001,3001,0.011577757000000001,0.007461534859925623,0.032493935
/home/runner/work/_temp/scanner-verification-il7_c53e/first_hybrid/tiktok_worker_scanner.py,2087,replay_committed_list,4000,4000,0.011533117,0.0074327656504710555,0.229166698
<frozen posixpath>,386,normpath,3016,3016,0.011493101,0.0074069764774080185,0.02131121
/opt/hostedtoolcache/Python/3.11.16/x64/lib/python3.11/email/message.py,156,__init__,6000,6000,0.011379474,0.007333747109964154,0.011379474
/home/runner/work/_temp/scanner-verification-il7_c53e/first_hybrid/tiktok_worker_scanner.py,2794,open_user_store,4000,4000,0.011375175000000001,0.007330976526822462,0.491439597
/opt/hostedtoolcache/Python/3.11.16/x64/lib/python3.11/email/_policybase.py,313,header_store_parse,12000,12000,0.011358868000000001,0.007320467129452936,0.011358868000000001
~,0,<built-in method _json.encode_basestring_ascii>,11080,11080,0.011275969,0.007267041083427529,0.011275969
/home/runner/work/_temp/scanner-verification-il7_c53e/first_hybrid/tiktok_worker_scanner.py,532,output_file_path,2000,2000,0.011119396,0.007166134241314402,0.851636511
/opt/hostedtoolcache/Python/3.11.16/x64/lib/python3.11/pathlib.py,682,with_suffix,1008,1008,0.011051286,0.007122239284863897,0.030273729
/home/runner/work/_temp/scanner-verification-il7_c53e/first_hybrid/tiktok_worker_scanner.py,1948,parse_count,4000,4000,0.011045908,0.007118773316932744,0.017717757
/opt/hostedtoolcache/Python/3.11.16/x64/lib/python3.11/email/_policybase.py,209,header_max_count,12000,12000,0.010793066,0.006955823844331677,0.010793066
/opt/hostedtoolcache/Python/3.11.16/x64/lib/python3.11/site-packages/httpx/_models.py,260,<listcomp>,3000,3000,0.010756513,0.0069322664762045995,0.016120427
/opt/hostedtoolcache/Python/3.11.16/x64/lib/python3.11/site-packages/httpx/_urls.py,450,<dictcomp>,3000,3000,0.010597246000000001,0.006829623427768207,0.015286869000000002
/opt/hostedtoolcache/Python/3.11.16/x64/lib/python3.11/urllib/parse.py,1059,unwrap,3000,3000,0.010583942,0.0068210493784271785,0.013495812000000001
/opt/hostedtoolcache/Python/3.11.16/x64/lib/python3.11/site-packages/httpx/_urls.py,233,netloc,3000,3000,0.010555492000000001,0.006802714163172196,0.024131773000000002
/home/runner/work/_temp/scanner-verification-il7_c53e/first_hybrid/report_generator.py,222,<dictcomp>,1000,1000,0.010398101,0.006701280143341017,0.030931961
/opt/hostedtoolcache/Python/3.11.16/x64/lib/python3.11/asyncio/tasks.py,35,current_task,3000,3000,0.010353830000000001,0.006672748743883959,0.016544865000000002
/home/runner/work/_temp/scanner-verification-il7_c53e/first_hybrid/tiktok_worker_scanner.py,527,output_file_name,2000,2000,0.010283331000000001,0.006627314144929265,0.035143381
/opt/hostedtoolcache/Python/3.11.16/x64/lib/python3.11/asyncio/locks.py,359,locked,3000,3000,0.010235109000000001,0.006596236438425721,0.021346007
/opt/hostedtoolcache/Python/3.11.16/x64/lib/python3.11/site-packages/httpx/_decoders.py,237,decode,9000,9000,0.010147881000000001,0.006540020475112484,0.010147881000000001
/opt/hostedtoolcache/Python/3.11.16/x64/lib/python3.11/enum.py,688,__call__,3240,3240,0.010037314,0.006468763190574778,0.017579118
<frozen codecs>,186,__init__,4079,4079,0.009890842000000002,0.0063743661554665956,0.009890842000000002
/home/runner/work/_temp/scanner-verification-il7_c53e/first_hybrid/tiktok_worker_scanner.py,1205,choose,3000,3000,0.009864168000000001,0.00635717552166303,0.029491254
/opt/hostedtoolcache/Python/3.11.16/x64/lib/python3.11/site-packages/httpx/_urls.py,159,password,3000,3000,0.009861777,0.006355634590215766,0.021069504000000003
/opt/hostedtoolcache/Python/3.11.16/x64/lib/python3.11/site-packages/httpx/_urls.py,582,merge,3000,3000,0.009814279,0.006325023481105707,0.11903537700000001
/opt/hostedtoolcache/Python/3.11.16/x64/lib/python3.11/functools.py,518,decorating_function,2007,2007,0.009806799,0.0063202028340017605,0.066612475
/opt/hostedtoolcache/Python/3.11.16/x64/lib/python3.11/site-packages/httpx/_models.py,771,has_redirect_location,3000,3000,0.009705896,0.00625517372240691,0.009705896
/opt/hostedtoolcache/Python/3.11.16/x64/lib/python3.11/random.py,520,uniform,3000,3000,0.009645006000000001,0.006215931850460481,0.013253918000000002
~,0,<built-in method builtins.hash>,9141,9324,0.009545519,0.006151815310563381,0.009962157000000001
/home/runner/work/_temp/scanner-verification-il7_c53e/first_hybrid/tiktok_worker_scanner.py,2581,size_skip_result,1000,1000,0.009430814000000001,0.006077891202801596,0.013491956000000001
/opt/hostedtoolcache/Python/3.11.16/x64/lib/python3.11/http/cookiejar.py,1227,deepvalues,3000,3000,0.009370604000000001,0.0060390875715009805,0.012187906
/opt/hostedtoolcache/Python/3.11.16/x64/lib/python3.11/asyncio/tasks.py,65,_set_task_name,4010,4010,0.009210066000000001,0.00593562539973984,0.013153537000000002
/home/runner/work/_temp/scanner-verification-il7_c53e/first_hybrid/avatar_cache.py,177,io,2010,2010,0.009176231,0.005913819705252938,0.133626336
~,0,<method 'update' of 'dict' objects>,6651,6651,0.009161667,0.005904433621774078,0.009161667
/home/runner/work/_temp/scanner-verification-il7_c53e/first_hybrid/tiktok_worker_scanner.py,3649,<genexpr>,1005,1005,0.009082779000000001,0.005853592551087433,0.04698103
/opt/hostedtoolcache/Python/3.11.16/x64/lib/python3.11/site-packages/httpx/_urls.py,374,__str__,3000,3000,0.009067266000000001,0.005843594864119048,0.039848411
/home/runner/work/_temp/scanner-verification-il7_c53e/first_hybrid/tiktok_worker_scanner.py,613,reconcile_complete_lists,1000,1000,0.009040737,0.005826497678688487,0.027372313000000002
/opt/hostedtoolcache/Python/3.11.16/x64/lib/python3.11/site-packages/httpx/_content.py,186,encode_request,3000,3000,0.009033718000000001,0.005821974132963542,0.032064598
~,0,<built-in method marshal.loads>,80,80,0.008996361000000001,0.005797898609719943,0.008996361000000001
/opt/hostedtoolcache/Python/3.11.16/x64/lib/python3.11/logging/__init__.py,1479,info,3000,3000,0.008937572000000001,0.005760010772474769,0.012971475000000001
/home/runner/work/_temp/scanner-verification-il7_c53e/first_hybrid/tiktok_worker_scanner.py,3652,write_json_array,6,6,0.008904325000000001,0.005738584027252188,1.359811077
/opt/hostedtoolcache/Python/3.11.16/x64/lib/python3.11/_weakrefset.py,17,__init__,4238,4238,0.00889372,0.0057317494065921145,0.00889372
/home/runner/work/_temp/scanner-verification-il7_c53e/first_hybrid/tiktok_worker_scanner.py,1957,approximate_count,4000,4000,0.008734745000000002,0.005629294543844808,0.013760834000000001
/home/runner/work/_temp/scanner-verification-il7_c53e/first_hybrid/report_generator.py,26,open_database,2012,2012,0.008725251000000002,0.005623175931063409,0.523079865
/opt/hostedtoolcache/Python/3.11.16/x64/lib/python3.11/asyncio/locks.py,400,release,3000,3000,0.008663216000000001,0.005583196139206015,0.013660564
/opt/hostedtoolcache/Python/3.11.16/x64/lib/python3.11/asyncio/timeouts.py,33,__init__,3000,3000,0.008652762000000001,0.005576458833748173,0.008652762000000001
/opt/hostedtoolcache/Python/3.11.16/x64/lib/python3.11/asyncio/locks.py,364,acquire,3000,3000,0.008645107,0.005571525404125083,0.029991114000000003
/opt/hostedtoolcache/Python/3.11.16/x64/lib/python3.11/pathlib.py,257,casefold_parts,9028,9028,0.008543093,0.005505780284651557,0.008543093
/home/runner/work/_temp/scanner-verification-il7_c53e/first_hybrid/direct_protocol.py,92,verified,8500,8500,0.008460316,0.0054524328641537825,0.008460316
/home/runner/work/_temp/scanner-verification-il7_c53e/first_hybrid/tiktok_worker_scanner.py,1615,before_send,3000,3000,0.008385202000000001,0.0054040240290514005,0.01925557
/opt/hostedtoolcache/Python/3.11.16/x64/lib/python3.11/functools.py,479,lru_cache,2007,2007,0.008351723,0.005382447766432012,0.010552856
/home/runner/work/_temp/scanner-verification-il7_c53e/first_hybrid/tiktok_worker_scanner.py,2380,iter_members,2000,2000,0.008347833,0.005379940772149345,0.14008061500000002
/opt/hostedtoolcache/Python/3.11.16/x64/lib/python3.11/site-packages/httpx/_urls.py,435,<dictcomp>,6000,6000,0.008225621,0.005301178616552088,0.008225621
/opt/hostedtoolcache/Python/3.11.16/x64/lib/python3.11/site-packages/httpx/_urls.py,319,is_relative_url,3000,3000,0.008149923,0.005252393410071536,0.014041525000000001
/opt/hostedtoolcache/Python/3.11.16/x64/lib/python3.11/site-packages/httpx/_content.py,221,encode_response,3000,3000,0.008093559,0.005216068416305918,0.17887023500000002
/opt/hostedtoolcache/Python/3.11.16/x64/lib/python3.11/site-packages/httpx/_models.py,313,<listcomp>,6000,6000,0.008083106000000001,0.005209331755319614,0.008083106000000001
/opt/hostedtoolcache/Python/3.11.16/x64/lib/python3.11/site-packages/httpx/_client.py,1474,_transport_for_url,3000,3000,0.008039753,0.005181391980734403,0.010723696000000001
/opt/hostedtoolcache/Python/3.11.16/x64/lib/python3.11/site-packages/httpx/_models.py,1065,aclose,3000,3000,0.007985979,0.005146736168252103,0.011032727
~,0,<method 'upper' of 'str' objects>,7000,7000,0.007935949000000001,0.005114493257207927,0.007935949000000001
/opt/hostedtoolcache/Python/3.11.16/x64/lib/python3.11/pathlib.py,934,_scandir,4012,4012,0.007922163000000001,0.005105608572585601,0.058022681000000007
/opt/hostedtoolcache/Python/3.11.16/x64/lib/python3.11/site-packages/httpx/_urlparse.py,177,netloc,3000,3000,0.007831702000000001,0.005047309032790135,0.010827283
/opt/hostedtoolcache/Python/3.11.16/x64/lib/python3.11/urllib/parse.py,1211,_splittag,3000,3000,0.007769128,0.00500698187077378,0.011097273000000001
/home/runner/work/_temp/scanner-verification-il7_c53e/first_hybrid/report_generator.py,44,count_value,2000,2000,0.007723062,0.004977293644906081,0.012903511000000001
~,0,<method 'fileno' of '_io.TextIOWrapper' objects>,4088,4088,0.007662657000000001,0.004938364341655563,0.007662657000000001
~,0,<built-in method builtins.issubclass>,3149,3149,0.007614773000000001,0.004907504466531851,0.018167838000000002
/opt/hostedtoolcache/Python/3.11.16/x64/lib/python3.11/re/_compiler.py,37,_compile,75,458,0.00756319,0.004874260691189222,0.021920666000000002
<string>,1,<lambda>,3009,3009,0.007532383,0.004854406456519266,0.011849627000000001
/home/runner/work/_temp/scanner-verification-il7_c53e/first_hybrid/tiktok_worker_scanner.py,1324,wake_capacity,3000,3000,0.007519301000000001,0.004845975479859664,0.011050054
/opt/hostedtoolcache/Python/3.11.16/x64/lib/python3.11/site-packages/httpx/_models.py,610,http_version,3000,3000,0.0074971890000000005,0.0048317249252122765,0.0074971890000000005
/opt/hostedtoolcache/Python/3.11.16/x64/lib/python3.11/enum.py,1095,__new__,3240,3240,0.0074123750000000006,0.0047770647161916755,0.007541804000000001
/opt/hostedtoolcache/Python/3.11.16/x64/lib/python3.11/site-packages/httpx/_content.py,32,__init__,6000,6000,0.007156346,0.004612061312799127,0.007156346
/opt/hostedtoolcache/Python/3.11.16/x64/lib/python3.11/site-packages/httpx/_utils.py,15,primitive_value_to_str,5000,5000,0.007148736,0.004607156884395246,0.007148736
/opt/hostedtoolcache/Python/3.11.16/x64/lib/python3.11/site-packages/httpx/_models.py,974,aread,3000,3000,0.007086067000000001,0.004566768497582785,0.010085953
~,0,<method 'send' of 'generator' objects>,3000,3000,0.007076214000000001,0.004560418519519258,0.010061913
/opt/hostedtoolcache/Python/3.11.16/x64/lib/python3.11/site-packages/httpx/_urlparse.py,395,normalize_port,6001,6001,0.007044194,0.004539782540873755,0.007044194
/home/runner/work/_temp/scanner-verification-il7_c53e/first_hybrid/avatar_cache.py,35,account_key,1000,1000,0.0069237380000000005,0.004462152077297157,0.026211583
~,0,<built-in method _stat.S_ISDIR>,5077,5077,0.006903966,0.004449409586048597,0.006903966
/home/runner/work/_temp/scanner-verification-il7_c53e/first_hybrid/avatar_cache.py,142,reference,2000,2000,0.006903485000000001,0.004449099595238839,0.00891543
~,0,<built-in method _stat.S_ISREG>,8021,8021,0.006881698,0.004435058493841289,0.006881698
~,0,<method 'setdefault' of 'dict' objects>,7612,7612,0.006787653,0.004374449168053771,0.006787653
/home/runner/work/_temp/scanner-verification-il7_c53e/first_hybrid/tiktok_worker_scanner.py,3323,current_phase,3196,3196,0.006729105,0.004336716648449246,0.006729105
/opt/hostedtoolcache/Python/3.11.16/x64/lib/python3.11/site-packages/httpx/_urlparse.py,447,normalize_path,6000,6000,0.006715507000000001,0.004327953124476056,0.006715507000000001
/opt/hostedtoolcache/Python/3.11.16/x64/lib/python3.11/site-packages/httpx/_client.py,318,cookies,6000,6000,0.006695810000000001,0.004315258968592844,0.006695810000000001
~,0,<built-in method builtins.print>,232,232,0.006638145000000001,0.004278095517356338,0.006638145000000001
<string>,2,__init__,2000,2000,0.006564477000000001,0.0042306185880978476,0.006564477000000001
/opt/hostedtoolcache/Python/3.11.16/x64/lib/python3.11/http/cookiejar.py,1753,__iter__,3000,3000,0.0065599890000000004,0.004227726199835479,0.0065599890000000004
~,0,<method 'groups' of 're.Match' objects>,6001,6001,0.006525952000000001,0.00420579032209791,0.006525952000000001
/opt/hostedtoolcache/Python/3.11.16/x64/lib/python3.11/enum.py,1257,value,5183,5183,0.006491938,0.004183869267205714,0.006491938
/opt/hostedtoolcache/Python/3.11.16/x64/lib/python3.11/site-packages/httpx/_models.py,482,aread,3000,3000,0.006490289000000001,0.004182806533639616,0.009257535
/opt/hostedtoolcache/Python/3.11.16/x64/lib/python3.11/site-packages/httpx/_models.py,635,content,3000,3000,0.006484765,0.004179246472863921,0.009345781000000001
/opt/hostedtoolcache/Python/3.11.16/x64/lib/python3.11/statistics.py,154,_sum,1,1,0.006465028,0.00416652653811919,0.017397422000000003
/opt/hostedtoolcache/Python/3.11.16/x64/lib/python3.11/site-packages/httpx/_config.py,132,as_dict,3000,3000,0.006456533,0.004161051752404213,0.006456533
/opt/hostedtoolcache/Python/3.11.16/x64/lib/python3.11/urllib/parse.py,421,_checknetloc,3009,3009,0.006425181,0.004140846280746069,0.008955792
/opt/hostedtoolcache/Python/3.11.16/x64/lib/python3.11/site-packages/httpx/_urls.py,600,__getitem__,5000,5000,0.006351561,0.0040934002861214,0.006351561
/home/runner/work/_temp/scanner-verification-il7_c53e/first_hybrid/tiktok_worker_scanner.py,1577,release_client,3000,3000,0.006247572000000001,0.004026382335360402,0.006247572000000001
/home/runner/work/_temp/scanner-verification-il7_c53e/first_hybrid/avatar_cache.py,31,digest,1000,1000,0.006203073000000001,0.003997703996392687,0.017004734
~,0,<method 'pop' of 'list' objects>,4297,4297,0.006179303,0.00398238490793536,0.006179303
/opt/hostedtoolcache/Python/3.11.16/x64/lib/python3.11/asyncio/tasks.py,519,_on_completion,1001,1001,0.006158829,0.003969189997667153,0.033672722
<frozen abc>,121,__subclasscheck__,3022,3071,0.006136097,0.003954539870666229,0.011142865
/opt/hostedtoolcache/Python/3.11.16/x64/lib/python3.11/site-packages/httpx/_multipart.py,56,get_multipart_boundary_from_content_type,3000,3000,0.006108032,0.003936452776953361,0.008812612000000001
/home/runner/work/_temp/scanner-verification-il7_c53e/first_hybrid/tiktok_worker_scanner.py,2835,<lambda>,2000,2000,0.006082268,0.003919848612249341,0.006082268
/opt/hostedtoolcache/Python/3.11.16/x64/lib/python3.11/re/_parser.py,261,get,3098,3098,0.006079783,0.003918247100477508,0.009699132000000001
~,0,<method 'set' of '_contextvars.ContextVar' objects>,3002,3002,0.006077313,0.003916655255778745,0.006077313
~,0,<built-in method _hashlib.openssl_sha256>,1002,1002,0.006061244,0.003906299242635254,0.006061244
/home/runner/work/_temp/scanner-verification-il7_c53e/first_hybrid/report_generator.py,52,certainty,1000,1000,0.0059440100000000004,0.003830745266353966,0.01590757
/opt/hostedtoolcache/Python/3.11.16/x64/lib/python3.11/re/_parser.py,168,__getitem__,3014,3014,0.005942715,0.003829910675712307,0.008758792
/home/runner/work/_temp/scanner-verification-il7_c53e/first_hybrid/tiktok_worker_scanner.py,2297,close,1000,1000,0.0059243130000000005,0.003818051110470754,0.463064228
/home/runner/work/_temp/scanner-verification-il7_c53e/first_hybrid/tiktok_worker_scanner.py,2001,<dictcomp>,1000,1000,0.005919556,0.003814985359364674,0.009457918000000001
/opt/hostedtoolcache/Python/3.11.16/x64/lib/python3.11/site-packages/httpx/_urls.py,307,is_absolute_url,3000,3000,0.005891602,0.00379696980199252,0.005891602
/home/runner/work/_temp/scanner-verification-il7_c53e/first_hybrid/tiktok_worker_scanner.py,2756,<dictcomp>,1000,1000,0.0058682610000000005,0.0037819271918249787,1.4222374230000001
~,0,<method 'getvalue' of '_io.BytesIO' objects>,6000,6000,0.005855893,0.00377395636784348,0.005855893
~,0,<method 'keys' of 'dict' objects>,6031,6031,0.005848041000000001,0.0037688959773274125,0.005848041000000001
<frozen importlib._bootstrap_external>,128,<listcomp>,1260,1260,0.005779988,0.003725037755754571,0.008060166
/opt/hostedtoolcache/Python/3.11.16/x64/lib/python3.11/site-packages/httpx/_urls.py,509,<listcomp>,5000,5000,0.005753385000000001,0.003707892879430202,0.005753385000000001
/opt/hostedtoolcache/Python/3.11.16/x64/lib/python3.11/site-packages/httpx/_auth.py,38,auth_flow,6000,6000,0.005694465,0.003669920616413555,0.005694465
~,0,<built-in method posix.getpid>,3067,3067,0.005669956,0.003654125263489676,0.005669956
/opt/hostedtoolcache/Python/3.11.16/x64/lib/python3.11/urllib/parse.py,108,_noop,6009,6009,0.005574092,0.0035923436439746085,0.005574092
/opt/hostedtoolcache/Python/3.11.16/x64/lib/python3.11/site-packages/httpx/_client.py,168,__init__,3000,3000,0.005567151,0.003587870367029623,0.005567151
~,0,<method 'seek' of '_io.BytesIO' objects>,6000,6000,0.005488806000000001,0.0035373792443880894,0.005488806000000001
/home/runner/work/_temp/scanner-verification-il7_c53e/first_hybrid/report_generator.py,53,<listcomp>,1000,1000,0.005438283,0.0035048186088756992,0.008861197000000001
~,0,<method 'stat' of 'posix.DirEntry' objects>,1002,1002,0.005422528,0.0034946649597951277,0.005422528
~,0,<built-in method builtins.setattr>,4637,4637,0.0053469400000000005,0.003445950645183752,0.006082935
~,0,<method 'truncate' of '_io.BytesIO' objects>,6000,6000,0.005263254,0.0033920174000579705,0.005263254
/home/runner/work/_temp/scanner-verification-il7_c53e/first_hybrid/scan_statistics.py,220,report_loop,438,438,0.005227282000000001,0.0033688344698944474,0.357116455
/home/runner/work/_temp/scanner-verification-il7_c53e/first_hybrid/tiktok_worker_scanner.py,2430,<dictcomp>,1000,1000,0.005188641,0.0033439314451961057,1.4027456580000002
~,0,<method 'remove' of 'set' objects>,4238,4238,0.005171337000000001,0.0033327795097032337,0.005171337000000001
/opt/hostedtoolcache/Python/3.11.16/x64/lib/python3.11/statistics.py,287,_exact_ratio,3000,3000,0.00511609,0.003297174390645517,0.007864775000000001
/home/runner/work/_temp/scanner-verification-il7_c53e/first_hybrid/report_generator.py,239,<dictcomp>,1000,1000,0.005070431,0.003267748464693768,0.008361932
~,0,<method '__exit__' of 'posix.ScandirIterator' objects>,5015,5015,0.0050537970000000005,0.00325702832513133,0.0050537970000000005
/opt/hostedtoolcache/Python/3.11.16/x64/lib/python3.11/asyncio/locks.py,409,_wake_up_next,3000,3000,0.004997348,0.0032206485512849842,0.004997348
/home/runner/work/_temp/scanner-verification-il7_c53e/first_hybrid/tiktok_worker_scanner.py,559,explicit_restriction,2000,2000,0.004984613000000001,0.0032124412062490546,0.006738974
<frozen importlib._bootstrap_external>,1607,find_spec,242,242,0.004971784,0.003204173280888556,0.023761717
/home/runner/work/_temp/scanner-verification-il7_c53e/first_hybrid/report_generator.py,269,encode,1001,1001,0.004918426,0.0031697855685660476,0.030442195000000002
~,0,<built-in method _abc._abc_subclasscheck>,3022,3071,0.004902043,0.0031592271913596366,0.005095391
/home/runner/work/_temp/scanner-verification-il7_c53e/first_hybrid/avatar_cache.py,81,embedded_avatar,1000,1000,0.0047993820000000005,0.00309306509880105,0.009275389
/home/runner/work/_temp/scanner-verification-il7_c53e/first_hybrid/report_generator.py,234,<genexpr>,3000,3000,0.004766239,0.003071705378618418,0.006421886000000001
~,0,<built-in method posix._path_normpath>,3016,3016,0.004732968000000001,0.0030502631660789263,0.004732968000000001
/home/runner/work/_temp/scanner-verification-il7_c53e/first_hybrid/tiktok_worker_scanner.py,1580,get_client,3000,3000,0.0045142970000000004,0.0029093359304015153,0.005354503
~,0,<built-in method builtins.__build_class__>,313,318,0.004447858000000001,0.0028665178858909425,0.022163594000000002
/opt/hostedtoolcache/Python/3.11.16/x64/lib/python3.11/re/_parser.py,240,__next,3749,3749,0.004438197,0.002860291646362703,0.004438197
~,0,<built-in method io.text_encoding>,4101,4101,0.0044138250000000006,0.002844584586039525,0.0044138250000000006
/home/runner/work/_temp/scanner-verification-il7_c53e/first_hybrid/scan_statistics.py,107,<dictcomp>,282,282,0.0042798720000000005,0.002758255690115071,0.0067106250000000004
/home/runner/work/_temp/scanner-verification-il7_c53e/first_hybrid/tiktok_worker_scanner.py,2013,parse_has_more,2000,2000,0.004244782,0.0027356411838480284,0.005826915
/home/runner/work/_temp/scanner-verification-il7_c53e/first_hybrid/tiktok_worker_scanner.py,2788,<dictcomp>,1000,1000,0.004223353,0.002721830803261068,0.004223353
~,0,<method 'rpartition' of 'str' objects>,3875,3875,0.0041827489999999995,0.00269566268093371,0.0041827489999999995
/home/runner/work/_temp/scanner-verification-il7_c53e/first_hybrid/tiktok_worker_scanner.py,1618,response_headers,3000,3000,0.00418254,0.0026955279863822767,0.00418254
~,0,<method 'pop' of 'dict' objects>,4146,4146,0.004174449,0.0026903135671686364,0.004174449
<frozen os>,806,fsencode,1025,1025,0.0041722470000000005,0.002688894440842047,0.011535408
/home/runner/work/_temp/scanner-verification-il7_c53e/first_hybrid/tiktok_worker_scanner.py,684,<listcomp>,3000,3000,0.004150705,0.002675011234971297,0.004150705
/home/runner/work/_temp/scanner-verification-il7_c53e/first_hybrid/tiktok_worker_scanner.py,2762,<genexpr>,3000,3000,0.004135851,0.0026654382547464284,0.004135851
/opt/hostedtoolcache/Python/3.11.16/x64/lib/python3.11/site-packages/httpx/_client.py,584,_set_timeout,3000,3000,0.004132382,0.0026632025829812426,0.004132382
/home/runner/work/_temp/scanner-verification-il7_c53e/first_hybrid/tiktok_worker_scanner.py,2413,<genexpr>,3000,3000,0.00412271,0.002656969254266086,0.00412271
~,0,<built-in method builtins.exec>,4,120,0.004087686,0.0026343972831205497,112.45332153400001
/opt/hostedtoolcache/Python/3.11.16/x64/lib/python3.11/asyncio/tasks.py,436,wait_for,419,419,0.004050599,0.0026104957671922,0.024458960000000002
/opt/hostedtoolcache/Python/3.11.16/x64/lib/python3.11/logging/__init__.py,1734,isEnabledFor,3001,3001,0.004046496,0.002607851500471947,0.004059009000000001
/home/runner/work/_temp/scanner-verification-il7_c53e/first_hybrid/report_generator.py,86,iter_avatar_profiles,1001,1001,0.00403646,0.0026013835841169736,0.111701745
/opt/hostedtoolcache/Python/3.11.16/x64/lib/python3.11/pathlib.py,266,make_uri,1006,1006,0.004023575000000001,0.0025930795683503493,0.030094436000000002
<frozen importlib._bootstrap_external>,126,_path_join,1260,1260,0.004022027,0.0025920819264095857,0.013243173
/opt/hostedtoolcache/Python/3.11.16/x64/lib/python3.11/urllib/request.py,360,data,3000,3000,0.004004112000000001,0.00258053621880702,0.004004112000000001
/opt/hostedtoolcache/Python/3.11.16/x64/lib/python3.11/asyncio/locks.py,100,<genexpr>,3919,3919,0.003956809,0.002550050781646863,0.0040111700000000005
~,0,<method 'set_name' of '_asyncio.Task' objects>,4008,4008,0.0039434710000000005,0.002541454820273543,0.0039434710000000005
/home/runner/work/_temp/scanner-verification-il7_c53e/first_hybrid/scan_statistics.py,102,metrics,282,282,0.003911239,0.0025206822136619924,0.017509353000000002
~,0,<built-in method _thread.get_ident>,3310,3310,0.0038253800000000006,0.002465348531884222,0.0038253800000000006
/home/runner/work/_temp/scanner-verification-il7_c53e/final/tests/benchmark_hybrid.py,52,<genexpr>,1001,1001,0.0038002810000000004,0.002449172940752946,0.005879168000000001
/opt/hostedtoolcache/Python/3.11.16/x64/lib/python3.11/site-packages/httpx/_urls.py,612,__bool__,3000,3000,0.0037825520000000002,0.0024377471048564396,0.0037825520000000002
~,0,<method 'release' of '_thread.lock' objects>,4012,4012,0.00369626,0.0023821343669027323,0.00369626
/opt/hostedtoolcache/Python/3.11.16/x64/lib/python3.11/http/cookiejar.py,44,_debug,3000,3000,0.0036718140000000002,0.0023663796156857446,0.0036718140000000002
/opt/hostedtoolcache/Python/3.11.16/x64/lib/python3.11/site-packages/httpx/_client.py,253,timeout,3000,3000,0.0036417130000000004,0.0023469803779215884,0.0036417130000000004
~,0,<method 'random' of '_random.Random' objects>,3008,3008,0.0036169460000000002,0.002331018751340915,0.0036169460000000002
/opt/hostedtoolcache/Python/3.11.16/x64/lib/python3.11/site-packages/httpx/_client.py,329,params,3000,3000,0.0036109930000000003,0.0023271822122754348,0.0036109930000000003
~,0,<method 'hexdigest' of '_hashlib.HASH' objects>,1001,1001,0.003606015,0.0023239740329594662,0.003606015
/opt/hostedtoolcache/Python/3.11.16/x64/lib/python3.11/site-packages/httpx/_client.py,298,headers,3000,3000,0.0035967430000000003,0.0023179984928594945,0.0035967430000000003
/home/runner/work/_temp/scanner-verification-il7_c53e/first_hybrid/tiktok_worker_scanner.py,2759,<genexpr>,3000,3000,0.003576576,0.0023050014353534405,0.003576576
~,0,<built-in method time.time>,3241,3241,0.003488806,0.002248436168466627,0.003488806
/opt/hostedtoolcache/Python/3.11.16/x64/lib/python3.11/site-packages/httpx/_models.py,1267,__init__,3000,3000,0.003467163,0.002234487870970543,0.003467163
/opt/hostedtoolcache/Python/3.11.16/x64/lib/python3.11/pathlib.py,563,as_uri,1006,1006,0.003461189,0.002230637798002765,0.034844057
~,0,<built-in method builtins.round>,2082,2082,0.0033820520000000004,0.002179636253903167,0.0033820520000000004
/home/runner/work/_temp/scanner-verification-il7_c53e/first_hybrid/tiktok_worker_scanner.py,1197,<listcomp>,3001,3001,0.003370553,0.0021722254756881563,0.003370553
/home/runner/work/_temp/scanner-verification-il7_c53e/first_hybrid/tiktok_worker_scanner.py,2468,inspect_reusable_export,1000,1000,0.003325272,0.0021430431599777566,0.041580886000000004
/home/runner/work/_temp/scanner-verification-il7_c53e/first_hybrid/scan_statistics.py,192,display,139,139,0.0033241390000000003,0.002142312973725247,0.023210735000000003
~,0,<method 'asend' of 'async_generator' objects>,3000,3000,0.003313224,0.0021352785668884056,0.003313224
/opt/hostedtoolcache/Python/3.11.16/x64/lib/python3.11/site-packages/httpx/_models.py,606,request,3000,3000,0.003260565,0.0021013413401709314,0.003260565
/opt/hostedtoolcache/Python/3.11.16/x64/lib/python3.11/site-packages/httpx/_models.py,595,request,3000,3000,0.0032380850000000004,0.0020868536199975746,0.0032380850000000004
/home/runner/work/_temp/scanner-verification-il7_c53e/first_hybrid/tiktok_worker_scanner.py,942,retry_after_seconds,3000,3000,0.003233216,0.002083715688079243,0.003233216
/home/runner/work/_temp/scanner-verification-il7_c53e/first_hybrid/tiktok_worker_scanner.py,1219,good_response,3000,3000,0.0032244540000000003,0.0020780688284636317,0.0032244540000000003
/opt/hostedtoolcache/Python/3.11.16/x64/lib/python3.11/urllib/request.py,337,full_url,3000,3000,0.0032180380000000003,0.0020739338990760758,0.0032180380000000003
~,0,<method 'aclose' of 'async_generator' objects>,3000,3000,0.0031874620000000003,0.0020542285373313885,0.0031874620000000003
/home/runner/work/_temp/scanner-verification-il7_c53e/first_hybrid/report_generator.py,248,<listcomp>,1000,1000,0.003173548,0.0020452613603522025,0.004813531
/opt/hostedtoolcache/Python/3.11.16/x64/lib/python3.11/pathlib.py,987,check_eloop,1003,1003,0.003156419,0.0020342222073784734,0.004375386
/opt/hostedtoolcache/Python/3.11.16/x64/lib/python3.11/asyncio/locks.py,362,<genexpr>,3000,3000,0.0031370070000000003,0.0020217117258835796,0.0031370070000000003
/home/runner/work/_temp/scanner-verification-il7_c53e/first_hybrid/report_generator.py,230,<listcomp>,1000,1000,0.0031113150000000003,0.002005153963130293,0.004798312
/home/runner/work/_temp/scanner-verification-il7_c53e/final/tests/benchmark_hybrid.py,167,<genexpr>,1002,1002,0.0031021330000000004,0.0019992364254687372,0.154273177
/opt/hostedtoolcache/Python/3.11.16/x64/lib/python3.11/pathlib.py,38,_ignore_error,1007,1007,0.0030969670000000004,0.0019959070855036323,0.0044434
/opt/hostedtoolcache/Python/3.11.16/x64/lib/python3.11/collections/__init__.py,601,__missing__,3403,3403,0.0030742440000000003,0.0019812627587465505,0.0030742440000000003
~,0,<built-in method builtins.sorted>,1010,1010,0.003069037,0.0019779069954483884,0.0031086620000000003
/home/runner/work/_temp/scanner-verification-il7_c53e/first_hybrid/scan_statistics.py,100,rate,1410,1410,0.0030309770000000002,0.0019533784087136033,0.005482583
/opt/hostedtoolcache/Python/3.11.16/x64/lib/python3.11/site-packages/httpx/_decoders.py,52,flush,3000,3000,0.003004072,0.0019360389019847696,0.003004072
/home/runner/work/_temp/scanner-verification-il7_c53e/first_hybrid/report_generator.py,227,<genexpr>,3000,3000,0.00300234,0.0019349226772810218,0.00300234
/home/runner/work/_temp/scanner-verification-il7_c53e/first_hybrid/report_generator.py,245,<genexpr>,1000,1000,0.0029952480000000003,0.0019303520851338045,0.004656689
/opt/hostedtoolcache/Python/3.11.16/x64/lib/python3.11/re/_compiler.py,243,_optimize_charset,215,215,0.002995106,0.0019302605701754139,0.005268017000000001
/opt/hostedtoolcache/Python/3.11.16/x64/lib/python3.11/site-packages/httpx/_types.py,99,close,3000,3000,0.0029816490000000003,0.0019215879166890762,0.0029816490000000003
~,0,<method 'rfind' of 'str' objects>,2216,2216,0.002946903,0.0018991951086310924,0.002946903
~,0,<method 'clear' of 'set' objects>,2,2,0.002945334,0.0018981839327880323,0.002945334
/home/runner/work/_temp/scanner-verification-il7_c53e/first_hybrid/tiktok_worker_scanner.py,3637,rows,11,11,0.0029418760000000004,0.0018959553502097643,0.004721035
~,0,<method 'isalpha' of 'str' objects>,3009,3009,0.0029374870000000003,0.0018931267646296545,0.0029374870000000003
~,0,<method 'cancelling' of '_asyncio.Task' objects>,3000,3000,0.002904845,0.0018720899246875405,0.002904845
/home/runner/work/_temp/scanner-verification-il7_c53e/first_hybrid/tiktok_worker_scanner.py,2005,<dictcomp>,1000,1000,0.002903853,0.0018714506089218832,0.002903853
/home/runner/work/_temp/scanner-verification-il7_c53e/final/tests/benchmark_hybrid.py,31,main,1,1,0.002901971,0.0018702377134874413,112.16514116500001
/opt/hostedtoolcache/Python/3.11.16/x64/lib/python3.11/site-packages/httpx/_decoders.py,49,decode,3000,3000,0.0027709040000000002,0.001785768762421542,0.0027709040000000002
~,0,<method 'as_integer_ratio' of 'float' objects>,3000,3000,0.0027486850000000003,0.0017714492493195926,0.0027486850000000003
/home/runner/work/_temp/scanner-verification-il7_c53e/first_hybrid/tiktok_worker_scanner.py,3336,add_jobs,1,1,0.002732361,0.0017609288959339214,0.271182468
~,0,<built-in method posix.fstat>,1003,1003,0.00265669,0.0017121610901848952,0.00265669
/opt/hostedtoolcache/Python/3.11.16/x64/lib/python3.11/re/_parser.py,178,getwidth,175,552,0.002566399,0.0016539711105508824,0.0036399500000000003
~,0,<built-in method _imp.create_dynamic>,13,13,0.00233342,0.0015038227761083294,0.0025887650000000002
<frozen importlib._bootstrap>,1054,_find_spec,111,111,0.002281146,0.0014701336709329702,0.034419282
/opt/hostedtoolcache/Python/3.11.16/x64/lib/python3.11/re/_parser.py,456,_parse_sub,75,215,0.002279025,0.0014687667468009555,0.047689525
/home/runner/work/_temp/scanner-verification-il7_c53e/first_hybrid/report_generator.py,57,local_avatar,1000,1000,0.002199983,0.0014178264274974633,0.011475372000000001
/opt/hostedtoolcache/Python/3.11.16/x64/lib/python3.11/pathlib.py,555,__bytes__,1006,1006,0.0021951640000000003,0.0014147207191560307,0.01361324
/home/runner/work/_temp/scanner-verification-il7_c53e/first_hybrid/tiktok_worker_scanner.py,1518,consume,138,138,0.0021441620000000002,0.0013818513817769574,0.014150607
~,0,<built-in method io.open_code>,107,107,0.0019972870000000004,0.001287194624638975,0.0019972870000000004
/opt/hostedtoolcache/Python/3.11.16/x64/lib/python3.11/re/_parser.py,164,__len__,1055,1055,0.0019398650000000003,0.001250187779986194,0.0028053550000000003
/home/runner/work/_temp/scanner-verification-il7_c53e/final/tests/benchmark_hybrid.py,176,<genexpr>,1001,1001,0.001854507,0.0011951769784489417,0.0027907540000000003
/home/runner/work/_temp/scanner-verification-il7_c53e/first_hybrid/tiktok_worker_scanner.py,3387,<setcomp>,1,1,0.0018492930000000001,0.0011918167038500146,0.0027746660000000003
/opt/hostedtoolcache/Python/3.11.16/x64/lib/python3.11/asyncio/tasks.py,431,_release_waiter,521,521,0.001846963,0.001190315085166566,0.01066472
/home/runner/work/_temp/scanner-verification-il7_c53e/final/tests/benchmark_hybrid.py,161,<genexpr>,1001,1001,0.001841383,0.001186718933984745,0.0027847130000000003
/home/runner/work/_temp/scanner-verification-il7_c53e/first_hybrid/tiktok_worker_scanner.py,2761,<listcomp>,1000,1000,0.0018407830000000001,0.0011863322510619688,0.0018407830000000001
/home/runner/work/_temp/scanner-verification-il7_c53e/first_hybrid/tiktok_worker_scanner.py,2837,<lambda>,1000,1000,0.0018259160000000001,0.0011767508927071066,0.0018259160000000001
/opt/hostedtoolcache/Python/3.11.16/x64/lib/python3.11/re/_parser.py,256,match,1420,1420,0.0018205410000000002,0.0011732868581905676,0.0023394920000000003
/home/runner/work/_temp/scanner-verification-il7_c53e/final/tests/benchmark_hybrid.py,162,<genexpr>,1001,1001,0.001799208,0.0011595383468712512,0.002721601
/home/runner/work/_temp/scanner-verification-il7_c53e/final/tests/benchmark_hybrid.py,179,<genexpr>,1001,1001,0.0017961650000000002,0.001157577219981237,0.002756248
~,0,<method 'executescript' of 'sqlite3.Connection' objects>,2,2,0.001703634,0.0010979436241021923,0.001703634
/opt/hostedtoolcache/Python/3.11.16/x64/lib/python3.11/collections/__init__.py,587,__init__,288,288,0.0016977840000000001,0.001094173465605122,0.004397238
<frozen importlib._bootstrap_external>,437,cache_from_source,184,184,0.001641964,0.0010581990643561542,0.006232107000000001
/opt/hostedtoolcache/Python/3.11.16/x64/lib/python3.11/re/_parser.py,176,append,853,853,0.001641466,0.0010578781175302496,0.002342606
/opt/hostedtoolcache/Python/3.11.16/x64/lib/python3.11/typing.py,168,_type_check,162,162,0.001628716,0.0010496611054212502,0.004966172
/opt/hostedtoolcache/Python/3.11.16/x64/lib/python3.11/dataclasses.py,664,_is_type,234,234,0.0016268180000000001,0.001048437898442201,0.0030326470000000003
/home/runner/work/_temp/scanner-verification-il7_c53e/first_hybrid/tiktok_worker_scanner.py,288,<genexpr>,912,912,0.0016137670000000001,0.0010400269004002753,0.0023624120000000004
/home/runner/work/_temp/scanner-verification-il7_c53e/first_hybrid/tiktok_worker_scanner.py,3083,run_scan,17,17,0.001613459,0.0010398284031665835,0.01675433
~,0,<method 'read' of '_io.BufferedReader' objects>,99,99,0.001592836,0.0010265374666392191,0.001592836
<frozen importlib._bootstrap_external>,1467,_get_spec,111,111,0.0015924410000000002,0.001026282900381725,0.027257461
<frozen importlib._bootstrap>,244,_verbose_message,1337,1337,0.00156538,0.0010088428560929693,0.00156538
<frozen importlib._bootstrap_external>,1007,get_code,92,92,0.001560895,0.0010059524012452157,0.09421415000000001
/home/runner/work/_temp/scanner-verification-il7_c53e/first_hybrid/tiktok_worker_scanner.py,2764,<listcomp>,1000,1000,0.001554403,0.0010017684920207745,0.001554403
/opt/hostedtoolcache/Python/3.11.16/x64/lib/python3.11/asyncio/locks.py,200,wait,282,282,0.0014913130000000002,0.0009611087826908321,0.0029173240000000002
<frozen importlib._bootstrap>,493,_init_module_attrs,105,105,0.00142253,0.0009167800968952789,0.007173743000000001
<frozen importlib._bootstrap>,1165,_find_and_load,13,113,0.0014140910000000001,0.0009113414015864284,0.291714301
/opt/hostedtoolcache/Python/3.11.16/x64/lib/python3.11/enum.py,1668,convert_class,3,3,0.0013891440000000001,0.0008952637701289221,0.004210864
/opt/hostedtoolcache/Python/3.11.16/x64/lib/python3.11/enum.py,242,__set_name__,65,65,0.0013822390000000002,0.0008908136941593032,0.002963617
/opt/hostedtoolcache/Python/3.11.16/x64/lib/python3.11/typing.py,1266,_is_dunder,570,570,0.001360345,0.0008767036343071909,0.002202209
~,0,<method 'popitem' of 'collections.OrderedDict' objects>,744,744,0.0013509890000000001,0.0008706739585980305,0.0013509890000000001
/opt/hostedtoolcache/Python/3.11.16/x64/lib/python3.11/asyncio/tasks.py,551,_cancel_and_wait,278,278,0.001337097,0.0008617209599926797,0.004650281
/opt/hostedtoolcache/Python/3.11.16/x64/lib/python3.11/re/_parser.py,293,tell,668,668,0.001328736,0.0008563325334637902,0.001889772
/opt/hostedtoolcache/Python/3.11.16/x64/lib/python3.11/contextlib.py,763,__init__,1000,1000,0.001321134,0.0008514332608322128,0.001321134
<frozen genericpath>,87,samestat,1003,1003,0.0012985610000000002,0.0008368856048058252,0.0012985610000000002
/opt/hostedtoolcache/Python/3.11.16/x64/lib/python3.11/pathlib.py,792,is_absolute,1006,1006,0.001288432,0.0008303577525978208,0.001288432
~,0,<method 'isdigit' of 'str' objects>,1000,1000,0.0012874190000000002,0.0008297049029298667,0.0012874190000000002
/opt/hostedtoolcache/Python/3.11.16/x64/lib/python3.11/enum.py,1507,_get_value,465,465,0.001246031,0.0008030315149167479,0.0019664490000000003
/home/runner/work/_temp/scanner-verification-il7_c53e/first_hybrid/report_generator.py,187,<genexpr>,1001,1001,0.001235893,0.0007964978624649021,0.001235893
/home/runner/work/_temp/scanner-verification-il7_c53e/first_hybrid/tiktok_worker_scanner.py,1521,<lambda>,67,67,0.001230877,0.0007932651932304909,0.11293262200000001
/opt/hostedtoolcache/Python/3.11.16/x64/lib/python3.11/typing.py,1320,__setattr__,503,503,0.00120903,0.0007791854235406629,0.0031090690000000003
/opt/hostedtoolcache/Python/3.11.16/x64/lib/python3.11/dataclasses.py,884,_process_class,7,7,0.001204839,0.0007764844433250694,0.018919461000000002
/home/runner/work/_temp/scanner-verification-il7_c53e/first_hybrid/report_generator.py,208,<genexpr>,1001,1001,0.0011085560000000001,0.0007144327902355964,0.0011085560000000001
/opt/hostedtoolcache/Python/3.11.16/x64/lib/python3.11/dataclasses.py,723,_get_field,78,78,0.001093612,0.0007048018075723112,0.003979216
/opt/hostedtoolcache/Python/3.11.16/x64/lib/python3.11/re/_compiler.py,216,_compile_charset,215,215,0.0010738530000000003,0.0006920676944537453,0.001760468
/home/runner/work/_temp/scanner-verification-il7_c53e/first_hybrid/scan_statistics.py,31,iso,241,241,0.001066719,0.0006874700345019332,0.00296976
<frozen importlib._bootstrap_external>,140,_path_stat,497,497,0.001060404,0.0006834001967397112,0.003983096
/opt/hostedtoolcache/Python/3.11.16/x64/lib/python3.11/contextlib.py,769,__exit__,1000,1000,0.001058286,0.0006820352060223104,0.001058286
<frozen importlib._bootstrap>,1120,_find_and_load_unlocked,12,112,0.001045546,0.0006738246386286907,0.290941277
/home/runner/work/_temp/scanner-verification-il7_c53e/first_hybrid/report_generator.py,202,<genexpr>,1001,1001,0.001031136,0.0006645378037666765,0.001031136
/opt/hostedtoolcache/Python/3.11.16/x64/lib/python3.11/contextlib.py,766,__enter__,1000,1000,0.0010309310000000001,0.0006644056871013946,0.0010309310000000001
/home/runner/work/_temp/scanner-verification-il7_c53e/first_hybrid/tiktok_worker_scanner.py,3704,validate_scan_config,17,17,0.001010742,0.0006513944512215054,0.008403331
<frozen importlib._bootstrap>,666,_load_unlocked,12,105,0.001007291,0.0006491703799440029,0.286455952
/opt/hostedtoolcache/Python/3.11.16/x64/lib/python3.11/re/_compiler.py,511,_compile_info,75,75,0.0010071620000000002,0.0006490872431156061,0.005738425
/opt/hostedtoolcache/Python/3.11.16/x64/lib/python3.11/enum.py,1525,__and__,150,150,0.000991253,0.0006388343454181888,0.003532912
/home/runner/work/_temp/scanner-verification-il7_c53e/first_hybrid/tiktok_worker_scanner.py,2890,_run_scan,10,10,0.0009850430000000001,0.0006348321771674527,0.006385453
~,0,<built-in method _collections._count_elements>,1,1,0.0009684390000000001,0.0006241313717511526,0.0022043320000000003
~,0,<built-in method _imp.exec_dynamic>,13,13,0.0009483190000000001,0.0006111646044073827,0.0009483190000000001
~,0,<method 'cancelled' of '_asyncio.Task' objects>,1016,1016,0.0009409900000000001,0.0006064412725056684,0.0009409900000000001
/opt/hostedtoolcache/Python/3.11.16/x64/lib/python3.11/re/_compiler.py,740,compile,75,75,0.000928644,0.0005984846268980052,0.07916308700000001
/opt/hostedtoolcache/Python/3.11.16/x64/lib/python3.11/typing.py,1376,__init__,69,69,0.00092283,0.0005947376693763016,0.006392044
<frozen importlib._bootstrap>,1026,__enter__,444,444,0.000920874,0.0005934770830480503,0.001307973
/home/runner/work/_temp/scanner-verification-il7_c53e/first_hybrid/report_generator.py,193,<genexpr>,1002,1002,0.0009147000000000001,0.0005894981157726809,0.0009147000000000001
/opt/hostedtoolcache/Python/3.11.16/x64/lib/python3.11/enum.py,367,__setitem__,81,81,0.0009094900000000001,0.0005861404190599056,0.0033061120000000004
/home/runner/work/_temp/scanner-verification-il7_c53e/first_hybrid/report_generator.py,191,<genexpr>,1002,1002,0.000907322,0.0005847432047656066,0.000907322
/home/runner/work/_temp/scanner-verification-il7_c53e/first_hybrid/report_generator.py,197,<genexpr>,1001,1001,0.0009033110000000001,0.0005821582294268462,0.0009033110000000001
/home/runner/work/_temp/scanner-verification-il7_c53e/first_hybrid/tiktok_worker_scanner.py,3594,<genexpr>,162,162,0.000897229,0.0005782385535329689,0.0012594480000000003
~,0,<method 'exception' of '_asyncio.Task' objects>,1015,1015,0.000874689,0.000563712165067334,0.000874689
/home/runner/work/_temp/scanner-verification-il7_c53e/first_hybrid/report_generator.py,194,<genexpr>,1002,1002,0.000864513,0.0005571540226970457,0.000864513
/home/runner/work/_temp/scanner-verification-il7_c53e/first_hybrid/tiktok_worker_scanner.py,3610,snapshot,17,17,0.000850923,0.0005483956544961592,0.148807572
<frozen importlib._bootstrap>,179,_get_module_lock,117,117,0.000840631,0.0005417627534274674,0.0016997280000000002
~,0,<built-in method fromtimestamp>,241,241,0.00083938,0.0005409565195334785,0.00083938
<frozen importlib._bootstrap>,1030,__exit__,444,444,0.0008379850000000001,0.0005400574817380234,0.001219602
/home/runner/work/_temp/scanner-verification-il7_c53e/first_hybrid/report_generator.py,192,<genexpr>,1002,1002,0.000834134,0.0005375756218453365,0.000834134
<frozen importlib._bootstrap_external>,84,_unpack_uint32,244,244,0.0007845080000000001,0.0005055930773024973,0.0012670720000000002
<frozen importlib._bootstrap_external>,1127,get_data,104,104,0.0007843850000000001,0.0005055138073033282,0.004881008
~,0,<method 'isspace' of 'str' objects>,893,893,0.000748645,0.0004824803945366116,0.000748645
<frozen importlib._bootstrap_external>,778,spec_from_file_location,105,105,0.00070845,0.00045657586106828007,0.001297199
~,0,<built-in method marshal.dumps>,3,3,0.000699935,0.0004510881859225444,0.000699935
/home/runner/work/_temp/scanner-verification-il7_c53e/first_hybrid/report_generator.py,157,<setcomp>,1,1,0.000682162,0.00043963399327836834,0.000682162
<frozen importlib._bootstrap>,566,module_from_spec,105,105,0.0006763380000000001,0.00043588059104128507,0.010939269000000001
~,0,<built-in method _imp.acquire_lock>,672,672,0.000659055,0.00042474218945070966,0.000659055
/opt/hostedtoolcache/Python/3.11.16/x64/lib/python3.11/json/encoder.py,224,floatstr,433,433,0.000658614,0.00042445797750246904,0.000658614
~,0,<method 'find' of 'bytearray' objects>,629,629,0.0006556950000000001,0.0004225767650831617,0.0006556950000000001
/opt/hostedtoolcache/Python/3.11.16/x64/lib/python3.11/re/_parser.py,376,_escape,179,179,0.000648497,0.00041793785895292035,0.0010240380000000001
/opt/hostedtoolcache/Python/3.11.16/x64/lib/python3.11/re/_parser.py,113,__init__,525,525,0.0006406500000000001,0.0004128806907945425,0.0006406500000000001
/opt/hostedtoolcache/Python/3.11.16/x64/lib/python3.11/re/_parser.py,979,parse,75,75,0.000640418,0.0004127311733977355,0.049272804
~,0,<built-in method builtins.ord>,733,733,0.000638271,0.00041134749300573384,0.000638271
<frozen importlib._bootstrap>,100,acquire,117,117,0.0006382250000000001,0.00041131784731498767,0.000864886
/opt/hostedtoolcache/Python/3.11.16/x64/lib/python3.11/re/_parser.py,83,groups,353,353,0.000636446,0.0004101713324489556,0.000934315
<frozen importlib._bootstrap_external>,132,_path_split,188,188,0.000620928,0.0004001704231228809,0.002076789
/opt/hostedtoolcache/Python/3.11.16/x64/lib/python3.11/re/_compiler.py,398,_simple,200,200,0.0006070320000000001,0.00039121484663137864,0.0019958330000000002
/opt/hostedtoolcache/Python/3.11.16/x64/lib/python3.11/typing.py,251,_collect_parameters,72,72,0.000597526,0.0003850885001915239,0.001690248
~,0,<built-in method _imp.release_lock>,672,672,0.000591665,0.00038131125250753605,0.000591665
<frozen importlib._bootstrap>,233,_call_with_frames_removed,29,248,0.00058688,0.00037822745619839397,0.28038037800000004
/opt/hostedtoolcache/Python/3.11.16/x64/lib/python3.11/enum.py,828,__setattr__,214,214,0.0005777460000000001,0.00037234085317066067,0.000766602
<frozen importlib._bootstrap_external>,134,<genexpr>,376,376,0.000575661,0.0003709971300140125,0.0007939840000000001
<frozen importlib._bootstrap>,125,release,117,117,0.000574333,0.0003701412718116006,0.000810238
/opt/hostedtoolcache/Python/3.11.16/x64/lib/python3.11/site-packages/_distutils_hack/__init__.py,101,find_spec,111,111,0.000573489,0.00036959733783356184,0.001011996
/opt/hostedtoolcache/Python/3.11.16/x64/lib/python3.11/typing.py,1388,__eq__,329,329,0.000572022,0.0003686518980873734,0.000848473
<frozen importlib._bootstrap_external>,727,_compile_bytecode,80,80,0.000563062,0.0003628774331072452,0.009830051000000001
/home/runner/work/_temp/scanner-verification-il7_c53e/first_hybrid/hybrid_backend.py,24,validate,17,17,0.0005511140000000001,0.0003551772871716905,0.0008738600000000001
~,0,<built-in method builtins.chr>,690,690,0.0005460230000000001,0.00035189628257193236,0.0005460230000000001
~,0,<method 'cancel' of '_asyncio.Task' objects>,140,140,0.000527835,0.00034017463423950255,0.002411877
/home/runner/work/_temp/scanner-verification-il7_c53e/first_hybrid/tiktok_worker_scanner.py,284,validate_worker_origin,19,19,0.0005200640000000001,0.00033516644591800973,0.006501557
/opt/hostedtoolcache/Python/3.11.16/x64/lib/python3.11/enum.py,79,_is_private,155,155,0.000515582,0.0003322779244848697,0.000845323
/opt/hostedtoolcache/Python/3.11.16/x64/lib/python3.11/enum.py,38,_is_descriptor,146,146,0.00050958,0.0003284098063140294,0.0008522400000000001
~,0,<method 'get' of 'mappingproxy' objects>,555,555,0.0005036859999999999,0.00032461129106928883,0.0005036859999999999
<frozen importlib._bootstrap>,198,cb,111,111,0.000497922,0.0003208965571244832,0.0008700740000000001
<frozen importlib._bootstrap_external>,934,exec_module,11,92,0.000485292,0.00031275688160003914,0.28504898500000003
/opt/hostedtoolcache/Python/3.11.16/x64/lib/python3.11/re/_parser.py,86,opengroup,100,100,0.000469011,0.0003022642404905005,0.001101519
/opt/hostedtoolcache/Python/3.11.16/x64/lib/python3.11/inspect.py,2669,__init__,85,85,0.00046513,0.0002997630464516749,0.000996169
/home/runner/work/_temp/scanner-verification-il7_c53e/first_hybrid/tiktok_worker_scanner.py,1,<module>,1,1,0.00045796000000000004,0.00029514218552449646,0.034900139000000004
/opt/hostedtoolcache/Python/3.11.16/x64/lib/python3.11/hmac.py,1,<module>,1,1,0.00045360800000000004,0.0002923374453912914,0.0009209070000000001
<frozen importlib._bootstrap_external>,1602,_get_spec,105,105,0.00045318800000000004,0.0002920667673453479,0.0018859420000000003
<frozen importlib._bootstrap_external>,1424,_path_importer_cache,286,286,0.00044125,0.00028437306612517265,0.0013616750000000001
/opt/hostedtoolcache/Python/3.11.16/x64/lib/python3.11/inspect.py,2955,__init__,14,14,0.000436471,0.0002812931366452583,0.0008999170000000001
~,0,<method 'group' of 're.Match' objects>,474,474,0.000429416,0.0002767463899449454,0.000429416
/opt/hostedtoolcache/Python/3.11.16/x64/lib/python3.11/inspect.py,2756,__str__,78,78,0.00042914600000000004,0.000276572382629696,0.001302255
<frozen importlib._bootstrap_external>,642,_classify_pyc,82,82,0.00042559000000000005,0.00027428064184070765,0.0009726180000000001
/opt/hostedtoolcache/Python/3.11.16/x64/lib/python3.11/inspect.py,2331,_signature_from_function,7,7,0.00042547600000000004,0.00027420717208538007,0.002120495
<frozen importlib._bootstrap>,169,__enter__,112,112,0.000417563,0.0002691074688054968,0.002924158
/opt/hostedtoolcache/Python/3.11.16/x64/lib/python3.11/re/_compiler.py,573,_code,75,75,0.000416705,0.0002685545122259265,0.028138456000000003
<frozen importlib._bootstrap>,405,parent,200,200,0.00041582300000000006,0.00026798608832944516,0.0005792070000000001
/opt/hostedtoolcache/Python/3.11.16/x64/lib/python3.11/typing.py,1279,__init__,69,69,0.00041257300000000006,0.00026589155583107277,0.0021053390000000003
<frozen importlib._bootstrap_external>,567,_get_cached,105,105,0.000412366,0.00026575815022271485,0.0038502940000000006
<frozen importlib._bootstrap>,71,__init__,111,111,0.000403934,0.00026032396621463003,0.000633805
/opt/hostedtoolcache/Python/3.11.16/x64/lib/python3.11/inspect.py,1437,formatannotation,85,85,0.00039302600000000004,0.00025329407067855436,0.000683993
/opt/hostedtoolcache/Python/3.11.16/x64/lib/python3.11/typing.py,916,__eq__,225,225,0.00039062200000000003,0.00025174476110129677,0.000583714
/opt/hostedtoolcache/Python/3.11.16/x64/lib/python3.11/typing.py,1687,__eq__,200,200,0.000383295,0.00024702271814265847,0.00056145
~,0,<built-in method posix.listdir>,12,12,0.000380071,0.0002449449419042731,0.000380071
/opt/hostedtoolcache/Python/3.11.16/x64/lib/python3.11/collections/__init__.py,350,namedtuple,5,5,0.000378973,0.0002442373121555922,0.0009224700000000001
/opt/hostedtoolcache/Python/3.11.16/x64/lib/python3.11/re/_compiler.py,436,_get_literal_prefix,62,78,0.000376075,0.000242369633638582,0.000537636
/opt/hostedtoolcache/Python/3.11.16/x64/lib/python3.11/inspect.py,3215,__str__,7,7,0.000375913,0.00024226522924943234,0.001923748
/home/runner/work/_temp/scanner-verification-il7_c53e/first_hybrid/report_generator.py,138,build_data,1,1,0.00037492900000000003,0.000241631069256079,2.1242754120000003
/opt/hostedtoolcache/Python/3.11.16/x64/lib/python3.11/typing.py,159,_type_convert,170,170,0.00037474800000000005,0.0002415144199077081,0.001136455
<frozen importlib._bootstrap>,392,cached,197,197,0.00037367000000000005,0.00024081967958978646,0.004223964
/opt/hostedtoolcache/Python/3.11.16/x64/lib/python3.11/datetime.py,592,__new__,12,12,0.00036919300000000003,0.00023793438051433624,0.000652716
<frozen importlib._bootstrap_external>,150,_path_is_mode_type,148,148,0.000363804,0.00023446132339626584,0.001498303
/opt/hostedtoolcache/Python/3.11.16/x64/lib/python3.11/urllib/parse.py,164,hostname,57,57,0.00036179300000000006,0.00023316529113342685,0.000953533
/home/runner/work/_temp/scanner-verification-il7_c53e/final/tests/benchmark_hybrid.py,1,<module>,1,1,0.000361452,0.00023294552633898222,112.441019534
/opt/hostedtoolcache/Python/3.11.16/x64/lib/python3.11/asyncio/tasks.py,654,ensure_future,143,143,0.00035997000000000004,0.0002319904195197244,0.006729103
/opt/hostedtoolcache/Python/3.11.16/x64/lib/python3.11/urllib/parse.py,205,_hostinfo,76,76,0.000358797,0.00023123445440569648,0.0005688210000000001
/opt/hostedtoolcache/Python/3.11.16/x64/lib/python3.11/typing.py,1695,__hash__,71,130,0.000349804,0.00022543872186481562,0.000746199
/opt/hostedtoolcache/Python/3.11.16/x64/lib/python3.11/re/_parser.py,231,__init__,75,75,0.00034549,0.00022265847165005303,0.0005316200000000001
~,0,<method 'format' of 'str' objects>,234,234,0.000343783,0.00022155835873475404,0.000343783
<frozen importlib._bootstrap_external>,675,_validate_timestamp_pyc,82,82,0.000342901,0.00022098993483827268,0.001160683
/opt/hostedtoolcache/Python/3.11.16/x64/lib/python3.11/enum.py,48,_is_dunder,165,165,0.000341906,0.00022034868565800177,0.000471631
/opt/hostedtoolcache/Python/3.11.16/x64/lib/python3.11/typing.py,373,inner,100,102,0.000336636,0.0002169523206529487,0.013902487
/opt/hostedtoolcache/Python/3.11.16/x64/lib/python3.11/inspect.py,2435,_signature_from_callable,7,21,0.00033110400000000003,0.00021338710410494997,0.003898209
/home/runner/work/_temp/scanner-verification-il7_c53e/first_hybrid/tiktok_worker_scanner.py,3242,__init__,1,1,0.000327538,0.00021108891860058198,0.0033788000000000004
/opt/hostedtoolcache/Python/3.11.16/x64/lib/python3.11/re/_parser.py,453,_uniq,113,113,0.00032372100000000007,0.00020862897074018592,0.00048751900000000006
~,0,<built-in method builtins.eval>,5,5,0.00032074,0.00020670780108552497,0.000329085
/opt/hostedtoolcache/Python/3.11.16/x64/lib/python3.11/dataclasses.py,413,_create_fn,27,27,0.00031611000000000003,0.00020372389786476675,0.004237907
<frozen importlib._bootstrap_external>,159,_path_isfile,132,132,0.00031356200000000003,0.0002020817843860428,0.0016493010000000002
/opt/hostedtoolcache/Python/3.11.16/x64/lib/python3.11/typing.py,1394,__hash__,87,162,0.000313106,0.0002017879053647327,0.000997988
<frozen importlib._bootstrap_external>,1499,find_spec,111,111,0.000309395,0.00019939627148736044,0.027566856000000004
/opt/hostedtoolcache/Python/3.11.16/x64/lib/python3.11/re/_compiler.py,570,isstring,150,150,0.00030587200000000006,0.0001971257982591248,0.000432305
<frozen importlib._bootstrap_external>,599,_check_name_wrapper,89,93,0.00030393900000000003,0.0001958800347762467,0.007249397
/opt/hostedtoolcache/Python/3.11.16/x64/lib/python3.11/re/_parser.py,172,__setitem__,212,212,0.00030108800000000003,0.00019404264642152065,0.00042147200000000005
/opt/hostedtoolcache/Python/3.11.16/x64/lib/python3.11/enum.py,59,_is_sunder,155,155,0.00029635800000000004,0.0001909942960469664,0.000416585
/opt/hostedtoolcache/Python/3.11.16/x64/lib/python3.11/re/_compiler.py,386,_mk_bitmap,41,41,0.00029617,0.00019087313539782976,0.0005980260000000001
~,0,<built-in method builtins.iter>,274,274,0.000289994,0.0001868928791793843,0.000289994
~,0,<built-in method _thread.start_new_thread>,3,3,0.000288509,0.0001859358389455126,0.000288509
~,0,<built-in method from_bytes>,245,245,0.00027998,0.00018043914119824552,0.00027998
/opt/hostedtoolcache/Python/3.11.16/x64/lib/python3.11/re/_parser.py,316,_class_escape,66,66,0.000275054,0.00017726447440225096,0.000477205
/opt/hostedtoolcache/Python/3.11.16/x64/lib/python3.11/enum.py,444,<genexpr>,186,186,0.000273935,0.00017654331075127292,0.000376184
~,0,<method 'read' of '_io.TextIOWrapper' objects>,12,12,0.000272971,0.00017592204018867876,0.00042620300000000005
<frozen importlib._bootstrap>,920,find_spec,111,111,0.00026858700000000004,0.00017309667696625893,0.0006448350000000001
/opt/hostedtoolcache/Python/3.11.16/x64/lib/python3.11/typing.py,679,Union,20,20,0.000265286,0.00017096927641945054,0.005376018000000001
<frozen importlib._bootstrap>,173,__exit__,112,112,0.000265179,0.00017090031796488875,0.0010482760000000001
/opt/hostedtoolcache/Python/3.11.16/x64/lib/python3.11/re/_compiler.py,467,_get_charset_prefix,49,49,0.000258932,0.00016687430426724805,0.0005277470000000001
~,0,<built-in method _thread.allocate_lock>,241,241,0.000252695,0.00016285473528498696,0.000252695
/opt/hostedtoolcache/Python/3.11.16/x64/lib/python3.11/inspect.py,2734,kind,276,276,0.000251414,0.00016202916724485927,0.000251414
/opt/hostedtoolcache/Python/3.11.16/x64/lib/python3.11/typing.py,1381,<genexpr>,257,257,0.00025075900000000003,0.000161607038387495,0.00025075900000000003
~,0,<method 'clear' of 'list' objects>,232,232,0.000247676,0.00015962013263596208,0.000247676
~,0,<built-in method fromkeys>,134,134,0.00023788900000000003,0.0001533126896939404,0.0006333860000000001
/opt/hostedtoolcache/Python/3.11.16/x64/lib/python3.11/dataclasses.py,528,_init_fn,7,7,0.00023639400000000001,0.00015234920474468909,0.002573932
<frozen importlib._bootstrap_external>,1146,path_stats,92,92,0.00023537900000000002,0.00015169506613365896,0.000918188
<frozen importlib._bootstrap>,748,find_spec,111,111,0.00023475700000000002,0.0001512942048370474,0.000386874
/opt/hostedtoolcache/Python/3.11.16/x64/lib/python3.11/typing.py,1586,__getitem__,27,27,0.000233066,0.00015020440346635578,0.003228396
<frozen importlib._bootstrap_external>,180,_path_isabs,116,116,0.00023238500000000002,0.00014976551834900453,0.00035997300000000003
/opt/hostedtoolcache/Python/3.11.16/x64/lib/python3.11/hmac.py,20,<genexpr>,257,257,0.00023009600000000003,0.00014829032299861243,0.00023009600000000003
/opt/hostedtoolcache/Python/3.11.16/x64/lib/python3.11/site-packages/httpx/_status_codes.py,1,<module>,1,1,0.000227671,0.00014672747951905763,0.007322318
<frozen importlib._bootstrap_external>,71,_relax_case,242,242,0.000227376,0.00014653736041535923,0.000227376
/opt/hostedtoolcache/Python/3.11.16/x64/lib/python3.11/enum.py,499,__new__,5,5,0.000223233,0.0001438673148335879,0.003672339
/opt/hostedtoolcache/Python/3.11.16/x64/lib/python3.11/re/_parser.py,98,closegroup,100,100,0.00022241100000000002,0.0001433375592293842,0.0018542710000000002
/opt/hostedtoolcache/Python/3.11.16/x64/lib/python3.11/re/__init__.py,225,compile,97,97,0.000221716,0.00014288965151050147,0.078599287
/home/runner/work/_temp/scanner-verification-il7_c53e/first_hybrid/tiktok_worker_scanner.py,3752,save_scan_config,17,17,0.00021648200000000002,0.00013951648748081503,0.050790393
/home/runner/work/_temp/scanner-verification-il7_c53e/first_hybrid/tiktok_worker_scanner.py,1385,set_limit,62,62,0.00021619500000000003,0.0001393315241494203,0.000340725
/opt/hostedtoolcache/Python/3.11.16/x64/lib/python3.11/inspect.py,2075,_signature_is_functionlike,32,32,0.00021589000000000002,0.00013913496033034225,0.00044113800000000004
/opt/hostedtoolcache/Python/3.11.16/x64/lib/python3.11/hmac.py,19,<genexpr>,257,257,0.000214992,0.0001385562248892535,0.000214992
/opt/hostedtoolcache/Python/3.11.16/x64/lib/python3.11/re/_compiler.py,388,<listcomp>,41,41,0.00021136200000000001,0.00013621679320645607,0.00021136200000000001
/opt/hostedtoolcache/Python/3.11.16/x64/lib/python3.11/typing.py,334,_remove_dups_flatten,20,20,0.000207195,0.00013353128030777368,0.00082671
~,0,<built-in method _heapq.heapify>,30,30,0.00020487400000000002,0.00013203546186816686,0.0006237440000000001
/opt/hostedtoolcache/Python/3.11.16/x64/lib/python3.11/argparse.py,1424,add_argument,11,11,0.000204223,0.0001316159108969544,0.0015632670000000001
~,0,<method 'write' of '_io.FileIO' objects>,3,3,0.00019826900000000002,0.00012777872735993622,0.00019826900000000002
~,0,<method 'result' of '_asyncio.Task' objects>,154,154,0.00019646,0.00012661287834776525,0.00019646
/opt/hostedtoolcache/Python/3.11.16/x64/lib/python3.11/unittest/mock.py,2113,_mock_set_magics,2,2,0.00019555400000000002,0.00012602898713437284,0.000391799
/opt/hostedtoolcache/Python/3.11.16/x64/lib/python3.11/typing.py,1310,__getattr__,67,67,0.00019369500000000002,0.00012483091454530384,0.0004958650000000001
/opt/hostedtoolcache/Python/3.11.16/x64/lib/python3.11/re/_parser.py,274,getuntil,22,22,0.00019363600000000001,0.00012479289072456416,0.000347336
/opt/hostedtoolcache/Python/3.11.16/x64/lib/python3.11/dataclasses.py,449,_field_init,78,78,0.00018992000000000002,0.0001223980344895021,0.00028854
/opt/hostedtoolcache/Python/3.11.16/x64/lib/python3.11/site-packages/httpx/__init__.py,1,<module>,1,1,0.00018987000000000002,0.00012236581091260406,0.127222169
/opt/hostedtoolcache/Python/3.11.16/x64/lib/python3.11/dataclasses.py,368,field,78,78,0.00018957400000000003,0.00012217504733736767,0.00030455200000000003
/home/runner/work/_temp/scanner-verification-il7_c53e/first_hybrid/report_generator.py,190,<listcomp>,2,2,0.00018670900000000002,0.00012032863638111017,0.00018670900000000002
~,0,<built-in method _abc._abc_init>,26,26,0.00018623600000000002,0.00012002380134365476,0.00018623600000000002
/opt/hostedtoolcache/Python/3.11.16/x64/lib/python3.11/re/_parser.py,963,fix_flags,75,75,0.000179919,0.0001159526746383568,0.000242596
/opt/hostedtoolcache/Python/3.11.16/x64/lib/python3.11/inspect.py,3002,<genexpr>,92,92,0.00017929500000000002,0.00011555052439866931,0.000253998
<frozen importlib._bootstrap>,357,__init__,111,111,0.000176784,0.0001139322563668499,0.000176784
/opt/hostedtoolcache/Python/3.11.16/x64/lib/python3.11/email/quoprimime.py,1,<module>,1,1,0.000174684,0.00011257886613713239,0.000358719
/opt/hostedtoolcache/Python/3.11.16/x64/lib/python3.11/json/__init__.py,120,dump,1,1,0.00017426100000000002,0.000112306254676575,0.00080409
/opt/hostedtoolcache/Python/3.11.16/x64/lib/python3.11/dataclasses.py,646,_is_classvar,156,156,0.000168882,0.0001088396422738842,0.000168882
/opt/hostedtoolcache/Python/3.11.16/x64/lib/python3.11/re/_parser.py,77,__init__,75,75,0.000168645,0.00010868690251938752,0.000168645
/opt/hostedtoolcache/Python/3.11.16/x64/lib/python3.11/types.py,164,__init__,74,74,0.000165975,0.00010696616351303237,0.00023000800000000002
/opt/hostedtoolcache/Python/3.11.16/x64/lib/python3.11/dataclasses.py,654,_is_initvar,156,156,0.000165579,0.00010671095278399992,0.000165579
<frozen importlib._bootstrap>,48,_new_module,92,92,0.00016068900000000002,0.00010355948696337193,0.00016068900000000002
/opt/hostedtoolcache/Python/3.11.16/x64/lib/python3.11/fractions.py,452,_add,14,14,0.00016042400000000002,0.00010338870200581235,0.000290352
~,0,<built-in method builtins.delattr>,78,78,0.00015714800000000002,0.000101277413247453,0.00027548300000000003
/opt/hostedtoolcache/Python/3.11.16/x64/lib/python3.11/inspect.py,2722,name,178,178,0.000156872,0.00010109953910297583,0.000156872
/opt/hostedtoolcache/Python/3.11.16/x64/lib/python3.11/shutil.py,710,rmtree,1,1,0.00015333800000000001,9.882197668782261e-05,0.505858959
~,0,<built-in method _imp.is_builtin>,111,111,0.000152117,9.803507693997256e-05,0.000152117
~,0,<built-in method _sre.compile>,75,75,0.000151325,9.752465548190765e-05,0.000151325
/opt/hostedtoolcache/Python/3.11.16/x64/lib/python3.11/http/__init__.py,26,__new__,62,62,0.00015127400000000002,9.749178743347165e-05,0.000220561
<frozen importlib._bootstrap_external>,1411,_path_hooks,11,11,0.00015113,9.73989835320053e-05,0.0009204250000000001
~,0,<built-in method _imp.find_frozen>,111,111,0.00015089000000000001,9.724431036289475e-05,0.00015089000000000001
/opt/hostedtoolcache/Python/3.11.16/x64/lib/python3.11/enum.py,70,_is_internal_class,81,81,0.00015078900000000002,9.717921873756071e-05,0.00022098700000000002
/opt/hostedtoolcache/Python/3.11.16/x64/lib/python3.11/site-packages/httpx/_status_codes.py,28,__new__,62,62,0.00014943400000000002,9.630595980362392e-05,0.00020782500000000002
<frozen os>,674,__getitem__,43,43,0.00014919,9.614870874836149e-05,0.00037247500000000004
/opt/hostedtoolcache/Python/3.11.16/x64/lib/python3.11/typing.py,715,<genexpr>,81,81,0.000147582,9.511239851532063e-05,0.0020424650000000003
/opt/hostedtoolcache/Python/3.11.16/x64/lib/python3.11/re/_compiler.py,428,_get_iscased,127,127,0.000147476,9.50440845322968e-05,0.000147476
/opt/hostedtoolcache/Python/3.11.16/x64/lib/python3.11/dataclasses.py,660,_is_kw_only,156,156,0.00014694,9.469864778794985e-05,0.00014694
/opt/hostedtoolcache/Python/3.11.16/x64/lib/python3.11/typing.py,866,__init__,29,29,0.000142857,9.206727049845618e-05,0.000603537
/home/runner/work/_temp/scanner-verification-il7_c53e/first_hybrid/tiktok_worker_scanner.py,3020,session_runtime,9,9,0.000142447,9.180303716789229e-05,0.005993391000000001
/opt/hostedtoolcache/Python/3.11.16/x64/lib/python3.11/inspect.py,391,_has_code_flag,26,26,0.000141316,9.107413985845868e-05,0.000741701
<frozen importlib._bootstrap>,1207,_handle_fromlist,22,27,0.000140654,9.064749970032868e-05,0.011287481
/opt/hostedtoolcache/Python/3.11.16/x64/lib/python3.11/dataclasses.py,425,<genexpr>,147,147,0.00014036500000000002,9.046124742585804e-05,0.00014036500000000002
/opt/hostedtoolcache/Python/3.11.16/x64/lib/python3.11/dataclasses.py,827,_set_new_attribute,32,32,0.000138131,8.902149801005376e-05,0.000299249
/opt/hostedtoolcache/Python/3.11.16/x64/lib/python3.11/re/_compiler.py,31,_combine_flags,128,128,0.000137278,8.847176378817327e-05,0.000137278
~,0,<built-in method builtins.repr>,136,136,0.00013292000000000002,8.56631568257404e-05,0.000134874
<frozen importlib._bootstrap>,165,__init__,112,112,0.000132816,8.559613178579248e-05,0.000132816
/opt/hostedtoolcache/Python/3.11.16/x64/lib/python3.11/asyncio/locks.py,78,__init__,133,133,0.000131239,8.45798001704284e-05,0.000131239
/home/runner/work/_temp/scanner-verification-il7_c53e/first_hybrid/scan_statistics.py,163,write,11,11,0.00013045300000000002,8.407324554159128e-05,0.056549161
<frozen os>,756,encode,43,43,0.000130251,8.394306229092321e-05,0.000207536
/opt/hostedtoolcache/Python/3.11.16/x64/lib/python3.11/typing.py,1591,<genexpr>,64,64,0.00013010000000000002,8.384574708869114e-05,0.0008172510000000001
/opt/hostedtoolcache/Python/3.11.16/x64/lib/python3.11/typing.py,1670,__getitem__,14,14,0.00012913400000000001,8.322318758302107e-05,0.002466521
~,0,<built-in method math.isfinite>,138,138,0.00012910700000000002,8.320578685149614e-05,0.00012910700000000002
/opt/hostedtoolcache/Python/3.11.16/x64/lib/python3.11/typing.py,1595,copy_with,41,41,0.00012902300000000003,8.315165124230743e-05,0.0033745370000000004
/opt/hostedtoolcache/Python/3.11.16/x64/lib/python3.11/enum.py,1151,__init__,139,139,0.000126278,8.138257687060523e-05,0.000126278
/opt/hostedtoolcache/Python/3.11.16/x64/lib/python3.11/datetime.py,1,<module>,1,1,0.000123038,7.929448908761244e-05,0.001991805
~,0,<method 'isidentifier' of 'str' objects>,134,134,0.00012164800000000001,7.839867364984704e-05,0.00012164800000000001
/opt/hostedtoolcache/Python/3.11.16/x64/lib/python3.11/enum.py,747,__delattr__,75,75,0.00011833500000000001,7.626353944458313e-05,0.00011833500000000001
<frozen importlib._bootstrap_external>,1097,__init__,92,92,0.00011772200000000001,7.58684783918132e-05,0.00011772200000000001
/opt/hostedtoolcache/Python/3.11.16/x64/lib/python3.11/argparse.py,164,__init__,11,11,0.00011760400000000001,7.579243075033383e-05,0.0006326600000000001
/opt/hostedtoolcache/Python/3.11.16/x64/lib/python3.11/site-packages/httpx/_types.py,1,<module>,1,1,0.00011609600000000001,7.482056767108906e-05,0.009764313
/opt/hostedtoolcache/Python/3.11.16/x64/lib/python3.11/dataclasses.py,287,__init__,78,78,0.00011497800000000001,7.410004849164895e-05,0.00011497800000000001
/opt/hostedtoolcache/Python/3.11.16/x64/lib/python3.11/re/__init__.py,253,escape,41,41,0.00011379100000000001,7.333506077608957e-05,0.00018985400000000002
/home/runner/work/_temp/scanner-verification-il7_c53e/first_hybrid/tiktok_worker_scanner.py,3734,<genexpr>,51,51,0.00011018,7.100787405251336e-05,0.000140426
<frozen abc>,105,__new__,26,26,0.000109004,7.024997552387155e-05,0.000975341
/opt/hostedtoolcache/Python/3.11.16/x64/lib/python3.11/dataclasses.py,392,_fields_in_init_order,7,7,0.00010873700000000001,7.007790162323603e-05,0.00020202700000000002
<frozen importlib._bootstrap_external>,1658,_fill_cache,12,12,0.00010831100000000001,6.980335674806476e-05,0.000516716
/opt/hostedtoolcache/Python/3.11.16/x64/lib/python3.11/urllib/request.py,1,<module>,1,1,0.00010749,6.927424561539899e-05,0.033761265
/opt/hostedtoolcache/Python/3.11.16/x64/lib/python3.11/shutil.py,1408,get_terminal_size,11,11,0.00010663,6.872000009275277e-05,0.00031141100000000004
/home/runner/work/_temp/scanner-verification-il7_c53e/first_hybrid/avatar_cache.py,172,<listcomp>,1,1,0.000105685,6.811097448937988e-05,0.00016656100000000002
/opt/hostedtoolcache/Python/3.11.16/x64/lib/python3.11/site-packages/httpx/_models.py,1,<module>,1,1,0.00010343400000000001,6.666026905743028e-05,0.07369660800000001
/opt/hostedtoolcache/Python/3.11.16/x64/lib/python3.11/fractions.py,62,__new__,29,29,0.00010316200000000001,6.648497279910495e-05,0.000146129
<frozen importlib._bootstrap_external>,931,create_module,92,92,0.00010197400000000001,6.57193406120076e-05,0.00010197400000000001
/opt/hostedtoolcache/Python/3.11.16/x64/lib/python3.11/site-packages/httpx/_client.py,1,<module>,1,1,0.000100686,6.488926127111418e-05,0.122936896
<frozen importlib._bootstrap>,413,has_location,105,105,0.00010064600000000001,6.486348240959577e-05,0.00010064600000000001
~,0,<method '__contains__' of 'frozenset' objects>,112,112,9.9492e-05,6.411976225478907e-05,9.9492e-05
/opt/hostedtoolcache/Python/3.11.16/x64/lib/python3.11/site-packages/httpx/_status_codes.py,8,codes,1,1,9.932800000000001e-05,6.401406892256351e-05,0.003182195
/opt/hostedtoolcache/Python/3.11.16/x64/lib/python3.11/dataclasses.py,437,_field_assign,78,78,9.862e-05,6.35577830736873e-05,9.862e-05
~,0,<built-in method _sre.unicode_iscased>,84,84,9.8411e-05,6.342308852225353e-05,9.8411e-05
<frozen importlib._bootstrap_external>,1562,__init__,11,11,9.7379e-05,6.275799389507805e-05,0.000362715
/opt/hostedtoolcache/Python/3.11.16/x64/lib/python3.11/gettext.py,479,find,3,3,9.715200000000001e-05,6.261169885596096e-05,0.000725653
<frozen zipimport>,64,__init__,12,12,9.704200000000001e-05,6.254080698678529e-05,0.00031952700000000006
/opt/hostedtoolcache/Python/3.11.16/x64/lib/python3.11/inspect.py,2037,_signature_bound_method,7,7,9.638100000000001e-05,6.211481130019324e-05,0.000665502
/opt/hostedtoolcache/Python/3.11.16/x64/lib/python3.11/pathlib.py,1053,read_text,10,10,9.5951e-05,6.183768853887012e-05,0.003578055
/opt/hostedtoolcache/Python/3.11.16/x64/lib/python3.11/dataclasses.py,509,_init_param,78,78,9.5566e-05,6.158956699675523e-05,9.5566e-05
/opt/hostedtoolcache/Python/3.11.16/x64/lib/python3.11/inspect.py,3059,_bind,1,1,9.525600000000001e-05,6.138978081998741e-05,0.00015937700000000002
/opt/hostedtoolcache/Python/3.11.16/x64/lib/python3.11/typing.py,2910,__new__,2,2,9.4744e-05,6.105981139255151e-05,0.001320653
/opt/hostedtoolcache/Python/3.11.16/x64/lib/python3.11/argparse.py,1565,_get_optional_kwargs,11,11,9.4579e-05,6.0953473588787995e-05,0.000172852
/home/runner/work/_temp/scanner-verification-il7_c53e/final/tests/benchmark_hybrid.py,115,run,18,18,9.4265e-05,6.075110952586833e-05,0.018754911000000003
~,0,<built-in method builtins.locals>,54,54,9.422500000000001e-05,6.072533066434991e-05,9.422500000000001e-05
<frozen importlib._bootstrap_external>,1122,get_filename,92,92,9.2903e-05,5.987333929116581e-05,9.2903e-05
/opt/hostedtoolcache/Python/3.11.16/x64/lib/python3.11/http/cookiejar.py,1,<module>,1,1,9.2361e-05,5.95240357175911e-05,0.024933438000000002
/opt/hostedtoolcache/Python/3.11.16/x64/lib/python3.11/dataclasses.py,573,<listcomp>,7,7,9.2285e-05,5.9475055880706084e-05,0.000187851
/opt/hostedtoolcache/Python/3.11.16/x64/lib/python3.11/urllib/parse.py,193,_userinfo,38,38,8.9889e-05,5.793090207575217e-05,0.000123793
~,0,<built-in method builtins.callable>,88,88,8.9382e-05,5.760415500600608e-05,8.9382e-05
/opt/hostedtoolcache/Python/3.11.16/x64/lib/python3.11/asyncio/tasks.py,764,_done_callback,11,11,8.9095e-05,5.741919167461135e-05,0.000231052
/opt/hostedtoolcache/Python/3.11.16/x64/lib/python3.11/argparse.py,1918,_parse_known_args,1,1,8.8743e-05,5.719233769324917e-05,0.0006485800000000001
/opt/hostedtoolcache/Python/3.11.16/x64/lib/python3.11/asyncio/tasks.py,728,gather,5,5,8.8113e-05,5.67863206243339e-05,0.000332872
/opt/hostedtoolcache/Python/3.11.16/x64/lib/python3.11/inspect.py,378,isfunction,47,47,8.7885e-05,5.663938111367887e-05,0.000127217
/opt/hostedtoolcache/Python/3.11.16/x64/lib/python3.11/threading.py,295,wait,7,7,8.7544e-05,5.641961631923426e-05,0.00028400100000000003
<frozen importlib._bootstrap_external>,1568,<genexpr>,88,88,8.702000000000002e-05,5.608191323334284e-05,8.702000000000002e-05
/opt/hostedtoolcache/Python/3.11.16/x64/lib/python3.11/enum.py,229,__set_name__,74,74,8.605e-05,5.5456775841520917e-05,8.605e-05
/home/runner/work/_temp/scanner-verification-il7_c53e/first_hybrid/avatar_cache.py,171,<listcomp>,1,1,8.558800000000001e-05,5.5159029990983064e-05,0.00014918800000000002
/opt/hostedtoolcache/Python/3.11.16/x64/lib/python3.11/typing.py,1679,<genexpr>,49,49,8.521700000000001e-05,5.491993105039963e-05,0.0009687850000000001
~,0,<built-in method _imp._fix_co_filename>,80,80,8.482400000000001e-05,5.466665373598107e-05,8.482400000000001e-05
/opt/hostedtoolcache/Python/3.11.16/x64/lib/python3.11/site-packages/httpx/_urlparse.py,44,<listcomp>,1,1,8.474200000000001e-05,5.461380706986829e-05,0.00015427800000000002
/opt/hostedtoolcache/Python/3.11.16/x64/lib/python3.11/dataclasses.py,820,_set_qualname,34,34,8.362900000000001e-05,5.3896510248117996e-05,0.00011477300000000001
/opt/hostedtoolcache/Python/3.11.16/x64/lib/python3.11/site-packages/httpx/_urlparse.py,50,<listcomp>,1,1,8.298000000000001e-05,5.347824821998149e-05,0.000168504
/opt/hostedtoolcache/Python/3.11.16/x64/lib/python3.11/site-packages/httpx/_urlparse.py,77,<listcomp>,1,1,8.286300000000001e-05,5.340284505004008e-05,0.000141063
/opt/hostedtoolcache/Python/3.11.16/x64/lib/python3.11/email/message.py,979,MIMEPart,1,1,8.2543e-05,5.319661415789263e-05,8.2543e-05
/opt/hostedtoolcache/Python/3.11.16/x64/lib/python3.11/inspect.py,1943,_signature_get_user_defined_method,21,21,8.175000000000001e-05,5.2685548228289786e-05,0.00042085200000000004
/opt/hostedtoolcache/Python/3.11.16/x64/lib/python3.11/site-packages/httpx/_urlparse.py,56,<listcomp>,1,1,8.120700000000001e-05,5.233560018317711e-05,0.00014632300000000002
/opt/hostedtoolcache/Python/3.11.16/x64/lib/python3.11/logging/__init__.py,1327,getLogger,10,10,8.0758e-05,5.204623246263274e-05,0.000262722
/opt/hostedtoolcache/Python/3.11.16/x64/lib/python3.11/dataclasses.py,396,<genexpr>,85,85,8.042700000000001e-05,5.183291238356774e-05,8.042700000000001e-05
/opt/hostedtoolcache/Python/3.11.16/x64/lib/python3.11/asyncio/coroutines.py,21,iscoroutinefunction,26,26,8.029900000000001e-05,5.1750420026708765e-05,0.000901298
/opt/hostedtoolcache/Python/3.11.16/x64/lib/python3.11/inspect.py,292,isclass,45,45,7.982900000000001e-05,5.1447518403867214e-05,0.00011716500000000001
/opt/hostedtoolcache/Python/3.11.16/x64/lib/python3.11/http/client.py,1,<module>,1,1,7.954e-05,5.126126612939655e-05,0.023211467000000003
/opt/hostedtoolcache/Python/3.11.16/x64/lib/python3.11/site-packages/httpx/_urlparse.py,90,<listcomp>,1,1,7.925e-05,5.1074369383387944e-05,0.000137877
/opt/hostedtoolcache/Python/3.11.16/x64/lib/python3.11/site-packages/httpx/_urlparse.py,67,<listcomp>,1,1,7.9091e-05,5.097189840885219e-05,0.000137276
~,0,<built-in method builtins.abs>,96,96,7.8226e-05,5.041443052851616e-05,7.8226e-05
/opt/hostedtoolcache/Python/3.11.16/x64/lib/python3.11/dataclasses.py,1106,<genexpr>,85,85,7.7476e-05,4.993107687504561e-05,7.7476e-05
<frozen codecs>,319,decode,12,12,7.565600000000001e-05,4.875813867595708e-05,0.000153232
/opt/hostedtoolcache/Python/3.11.16/x64/lib/python3.11/gettext.py,224,_expand_lang,6,6,7.534100000000001e-05,4.855513014149946e-05,0.00016770200000000001
/opt/hostedtoolcache/Python/3.11.16/x64/lib/python3.11/typing.py,1040,__init__,9,9,7.5102e-05,4.840110144392683e-05,0.000559653
/opt/hostedtoolcache/Python/3.11.16/x64/lib/python3.11/functools.py,660,_c3_merge,7,7,7.429100000000001e-05,4.7878435026640685e-05,0.00011578800000000001
/opt/hostedtoolcache/Python/3.11.16/x64/lib/python3.11/datetime.py,1665,datetime,1,1,7.2836e-05,4.694072893890782e-05,7.2836e-05
/opt/hostedtoolcache/Python/3.11.16/x64/lib/python3.11/argparse.py,1395,register,37,37,7.2686e-05,4.684405820821371e-05,0.00010301100000000001
/opt/hostedtoolcache/Python/3.11.16/x64/lib/python3.11/typing.py,729,Literal,1,1,7.2204e-05,4.6533422926916636e-05,0.000538004
/opt/hostedtoolcache/Python/3.11.16/x64/lib/python3.11/unittest/mock.py,2178,__init__,77,77,7.2106e-05,4.647026471619649e-05,7.2106e-05
/opt/hostedtoolcache/Python/3.11.16/x64/lib/python3.11/inspect.py,2726,default,79,79,7.1944e-05,4.636586032704685e-05,7.1944e-05
/opt/hostedtoolcache/Python/3.11.16/x64/lib/python3.11/inspect.py,167,get_annotations,7,7,7.189e-05,4.633105886399696e-05,0.00011419200000000001
<frozen importlib._bootstrap_external>,1231,create_module,13,13,7.1211e-05,4.5893462689721636e-05,0.0027254230000000003
/home/runner/work/_temp/scanner-verification-il7_c53e/first_hybrid/tiktok_worker_scanner.py,3648,export_rows,5,5,7.1011e-05,4.576456838212948e-05,1.326874179
/opt/hostedtoolcache/Python/3.11.16/x64/lib/python3.11/subprocess.py,1791,_execute_child,1,1,7.0374e-05,4.53540400124485e-05,0.000760149
/opt/hostedtoolcache/Python/3.11.16/x64/lib/python3.11/enum.py,798,<genexpr>,63,63,7.0343e-05,4.5334061394771716e-05,7.0343e-05
/opt/hostedtoolcache/Python/3.11.16/x64/lib/python3.11/calendar.py,52,_localized_month,1,1,7.0271e-05,4.528765944403854e-05,8.2434e-05
/opt/hostedtoolcache/Python/3.11.16/x64/lib/python3.11/inspect.py,735,unwrap,14,14,7.005700000000001e-05,4.5149742534914954e-05,0.00011440300000000001
/opt/hostedtoolcache/Python/3.11.16/x64/lib/python3.11/functools.py,687,_c3_mro,1,7,6.9472e-05,4.477272668520792e-05,0.000223326
/opt/hostedtoolcache/Python/3.11.16/x64/lib/python3.11/statistics.py,1,<module>,1,1,6.8657e-05,4.424748238176992e-05,0.014806288
/opt/hostedtoolcache/Python/3.11.16/x64/lib/python3.11/random.py,1,<module>,1,1,6.7375e-05,4.342126987010426e-05,0.0024553300000000004
/opt/hostedtoolcache/Python/3.11.16/x64/lib/python3.11/urllib/request.py,2404,ftpwrapper,1,1,6.6504e-05,4.285993516054047e-05,6.6504e-05
<frozen importlib._bootstrap_external>,1699,path_hook_for_FileFinder,12,12,6.571300000000001e-05,4.235015817401354e-05,0.000576645
/opt/hostedtoolcache/Python/3.11.16/x64/lib/python3.11/argparse.py,1342,__init__,3,3,6.5144e-05,4.1983453868913875e-05,0.000196466
/opt/hostedtoolcache/Python/3.11.16/x64/lib/python3.11/zipfile.py,1,<module>,1,1,6.4663e-05,4.167346305915476e-05,0.000435944
/opt/hostedtoolcache/Python/3.11.16/x64/lib/python3.11/dataclasses.py,401,_tuple_str,16,16,6.459300000000001e-05,4.1628350051497515e-05,0.000137446
/opt/hostedtoolcache/Python/3.11.16/x64/lib/python3.11/sqlite3/dbapi2.py,1,<module>,1,1,6.457e-05,4.1613527206124415e-05,0.001351421
/opt/hostedtoolcache/Python/3.11.16/x64/lib/python3.11/site-packages/httpx/_multipart.py,26,<dictcomp>,1,1,6.3878e-05,4.116755290185559e-05,0.00012843000000000002
~,0,<built-in method _posixsubprocess.fork_exec>,1,1,6.3559e-05,4.096196648124612e-05,6.3559e-05
/opt/hostedtoolcache/Python/3.11.16/x64/lib/python3.11/platform.py,1,<module>,1,1,6.3538e-05,4.0948432578948934e-05,0.015806484000000003
~,0,<built-in method builtins.__import__>,8,9,6.2995e-05,4.0598484533836264e-05,0.022633565
/opt/hostedtoolcache/Python/3.11.16/x64/lib/python3.11/calendar.py,1,<module>,1,1,6.2529e-05,4.029816079714656e-05,0.00032052800000000005
/opt/hostedtoolcache/Python/3.11.16/x64/lib/python3.11/encodings/__init__.py,43,normalize_encoding,2,2,6.189800000000001e-05,3.989149925669334e-05,0.000106358
/opt/hostedtoolcache/Python/3.11.16/x64/lib/python3.11/site-packages/httpx/_urlparse.py,1,<module>,1,1,6.1714e-05,3.977291649370856e-05,0.010657499
<frozen _collections_abc>,771,get,20,20,6.1238e-05,3.9466148041639255e-05,0.000263088
/opt/hostedtoolcache/Python/3.11.16/x64/lib/python3.11/inspect.py,1790,_shadowed_dict,14,14,6.1136e-05,3.940041194476726e-05,7.695500000000001e-05
/opt/hostedtoolcache/Python/3.11.16/x64/lib/python3.11/site-packages/idna/core.py,1,<module>,1,1,6.0781000000000006e-05,3.9171624548791205e-05,0.004102141
/opt/hostedtoolcache/Python/3.11.16/x64/lib/python3.11/enum.py,239,__init__,65,65,6.0750000000000006e-05,3.915164593111442e-05,6.0750000000000006e-05
/opt/hostedtoolcache/Python/3.11.16/x64/lib/python3.11/unittest/mock.py,505,_mock_add_spec,1,1,6.0716000000000006e-05,3.912973389882376e-05,0.0009837140000000001
/opt/hostedtoolcache/Python/3.11.16/x64/lib/python3.11/subprocess.py,1880,<genexpr>,19,19,6.066700000000001e-05,3.909815479346368e-05,0.00037863500000000005
/opt/hostedtoolcache/Python/3.11.16/x64/lib/python3.11/typing.py,1655,__getitem_inner__,7,7,5.9614e-05,3.841952626399103e-05,0.001052844
/opt/hostedtoolcache/Python/3.11.16/x64/lib/python3.11/urllib/parse.py,156,username,19,19,5.9557000000000006e-05,3.838279138632727e-05,0.000125462
/opt/hostedtoolcache/Python/3.11.16/x64/lib/python3.11/site-packages/httpx/_multipart.py,1,<module>,1,1,5.946e-05,3.8320277647145074e-05,0.015574662000000001
/opt/hostedtoolcache/Python/3.11.16/x64/lib/python3.11/argparse.py,1485,_add_action,11,11,5.9284000000000004e-05,3.820685065646399e-05,0.00010344500000000001
<frozen abc>,7,abstractmethod,57,57,5.922e-05,3.81656044780345e-05,5.922e-05
/opt/hostedtoolcache/Python/3.11.16/x64/lib/python3.11/hashlib.py,126,__get_openssl_constructor,14,14,5.9180000000000006e-05,3.8139825616516074e-05,0.000696338
/opt/hostedtoolcache/Python/3.11.16/x64/lib/python3.11/typing.py,500,__getitem__,20,22,5.827600000000001e-05,3.7557223346199574e-05,0.005565439000000001
/opt/hostedtoolcache/Python/3.11.16/x64/lib/python3.11/typing.py,284,_check_generic,27,27,5.7826000000000005e-05,3.726721115411724e-05,8.2032e-05
/opt/hostedtoolcache/Python/3.11.16/x64/lib/python3.11/hashlib.py,1,<module>,1,1,5.7427000000000004e-05,3.7010067010470916e-05,0.0019243900000000002
/opt/hostedtoolcache/Python/3.11.16/x64/lib/python3.11/inspect.py,1774,_check_class,14,14,5.7336e-05,3.6951420100516486e-05,0.000151001
/opt/hostedtoolcache/Python/3.11.16/x64/lib/python3.11/email/_policybase.py,99,_extend_docstrings,1,1,5.697700000000001e-05,3.6720054818388585e-05,0.00014445900000000002
/opt/hostedtoolcache/Python/3.11.16/x64/lib/python3.11/argparse.py,604,_format_args,11,11,5.6735000000000005e-05,3.656409270620209e-05,0.000117608
/opt/hostedtoolcache/Python/3.11.16/x64/lib/python3.11/site-packages/httpx/_transports/default.py,1,<module>,1,1,5.6657e-05,3.6513823926241145e-05,0.0010970160000000001
/opt/hostedtoolcache/Python/3.11.16/x64/lib/python3.11/inspect.py,1762,_static_getmro,42,42,5.6485000000000006e-05,3.6402974821711906e-05,5.6485000000000006e-05
/home/runner/work/_temp/scanner-verification-il7_c53e/first_hybrid/tiktok_worker_scanner.py,1445,__init__,1,1,5.6345000000000003e-05,3.63127488063974e-05,0.002184595
/opt/hostedtoolcache/Python/3.11.16/x64/lib/python3.11/uuid.py,1,<module>,1,1,5.605600000000001e-05,3.612649653192675e-05,0.0013505300000000002
/opt/hostedtoolcache/Python/3.11.16/x64/lib/python3.11/dataclasses.py,588,_repr_fn,7,7,5.5487000000000006e-05,3.575979222682709e-05,0.001225165
/opt/hostedtoolcache/Python/3.11.16/x64/lib/python3.11/re/_compiler.py,407,_generate_overlap_table,13,13,5.547500000000001e-05,3.575205856837157e-05,7.693600000000001e-05
/opt/hostedtoolcache/Python/3.11.16/x64/lib/python3.11/subprocess.py,807,__init__,1,1,5.5453000000000006e-05,3.573788019453643e-05,0.000991911
/opt/hostedtoolcache/Python/3.11.16/x64/lib/python3.11/argparse.py,1399,_registry_get,28,28,5.5308000000000006e-05,3.5644431821532124e-05,7.9843e-05
/opt/hostedtoolcache/Python/3.11.16/x64/lib/python3.11/email/quoprimime.py,55,<listcomp>,1,1,5.5193000000000005e-05,3.557031759466664e-05,5.5193000000000005e-05
<frozen importlib._bootstrap_external>,1239,exec_module,13,13,5.513e-05,3.552971588777511e-05,0.0010513010000000001
/home/runner/work/_temp/scanner-verification-il7_c53e/first_hybrid/report_generator.py,22,read_json,6,6,5.4913e-05,3.5389865564037636e-05,0.0034809640000000005
/opt/hostedtoolcache/Python/3.11.16/x64/lib/python3.11/importlib/resources/_common.py,1,<module>,1,1,5.4882e-05,3.536988694636085e-05,0.002816705
/opt/hostedtoolcache/Python/3.11.16/x64/lib/python3.11/inspect.py,409,iscoroutinefunction,26,26,5.4864e-05,3.5358286458677555e-05,0.0007965650000000001
~,0,<method 'translate' of 'bytearray' objects>,41,41,5.4283e-05,3.4983848495122376e-05,5.4283e-05
<frozen importlib._bootstrap_external>,185,_write_atomic,3,3,5.3710000000000006e-05,3.461456630387088e-05,0.000430112
/opt/hostedtoolcache/Python/3.11.16/x64/lib/python3.11/importlib/resources/_legacy.py,15,deprecated,7,7,5.3607000000000004e-05,3.454818573546092e-05,0.00023934500000000002
/opt/hostedtoolcache/Python/3.11.16/x64/lib/python3.11/site-packages/httpx/_content.py,1,<module>,1,1,5.343e-05,3.443411427324187e-05,0.017068137
/opt/hostedtoolcache/Python/3.11.16/x64/lib/python3.11/inspect.py,1804,getattr_static,14,14,5.3241e-05,3.431230915256729e-05,0.000258161
~,0,<built-in method builtins.divmod>,60,60,5.2311e-05,3.371295062226381e-05,5.2311e-05
/opt/hostedtoolcache/Python/3.11.16/x64/lib/python3.11/fnmatch.py,74,translate,2,2,5.1888e-05,3.344033916170642e-05,0.00011777900000000001
/opt/hostedtoolcache/Python/3.11.16/x64/lib/python3.11/typing.py,1641,__getitem__,8,8,5.1575e-05,3.323861957032471e-05,0.001202264
/opt/hostedtoolcache/Python/3.11.16/x64/lib/python3.11/typing.py,2071,__init_subclass__,5,5,5.1436e-05,3.314903802654817e-05,0.00011109600000000001
/opt/hostedtoolcache/Python/3.11.16/x64/lib/python3.11/uuid.py,139,__init__,5,5,5.1340000000000007e-05,3.308716875890394e-05,7.7785e-05
/opt/hostedtoolcache/Python/3.11.16/x64/lib/python3.11/typing.py,1877,__init_subclass__,8,8,5.1138e-05,3.295698550823587e-05,0.00013281800000000001
/opt/hostedtoolcache/Python/3.11.16/x64/lib/python3.11/threading.py,856,__init__,3,3,5.0444e-05,3.2509722260891127e-05,0.00012755900000000002
/opt/hostedtoolcache/Python/3.11.16/x64/lib/python3.11/typing.py,350,_flatten_literal_params,1,1,5.0017000000000006e-05,3.2234532914181896e-05,9.2903e-05
/opt/hostedtoolcache/Python/3.11.16/x64/lib/python3.11/site-packages/httpx/_client.py,189,__init__,1,1,4.9442000000000005e-05,3.186396177985447e-05,0.000746853
/opt/hostedtoolcache/Python/3.11.16/x64/lib/python3.11/urllib/parse.py,175,port,19,19,4.9220000000000006e-05,3.172088909842719e-05,0.000179713
~,0,<built-in method posix.cpu_count>,2,2,4.8772e-05,3.143216584942078e-05,4.8772e-05
/opt/hostedtoolcache/Python/3.11.16/x64/lib/python3.11/asyncio/base_events.py,618,run_until_complete,3,3,4.8771000000000005e-05,3.143152137788283e-05,107.82780927900001
/opt/hostedtoolcache/Python/3.11.16/x64/lib/python3.11/site-packages/_distutils_hack/__init__.py,108,<lambda>,53,53,4.863000000000001e-05,3.1340650891030366e-05,4.863000000000001e-05
/opt/hostedtoolcache/Python/3.11.16/x64/lib/python3.11/contextlib.py,272,contextmanager,8,8,4.852500000000001e-05,3.1272981379544484e-05,0.00048026700000000004
/opt/hostedtoolcache/Python/3.11.16/x64/lib/python3.11/statistics.py,203,<genexpr>,15,15,4.8525e-05,3.1272981379544484e-05,0.00013914
<frozen codecs>,309,__init__,12,12,4.8283e-05,3.111701926735798e-05,6.5975e-05
/opt/hostedtoolcache/Python/3.11.16/x64/lib/python3.11/inspect.py,300,ismethod,26,26,4.8179e-05,3.104999422741007e-05,7.146500000000001e-05
/opt/hostedtoolcache/Python/3.11.16/x64/lib/python3.11/re/_parser.py,304,checkgroupname,22,22,4.7888000000000006e-05,3.0862453009863505e-05,7.0923e-05
/opt/hostedtoolcache/Python/3.11.16/x64/lib/python3.11/argparse.py,1965,take_action,6,6,4.7618000000000004e-05,3.06884456946141e-05,0.000309415
<frozen importlib._bootstrap_external>,1156,set_data,3,3,4.7483000000000006e-05,3.06014420369894e-05,0.000681512
/opt/hostedtoolcache/Python/3.11.16/x64/lib/python3.11/functools.py,65,wraps,27,27,4.7366e-05,3.052603886704799e-05,4.7366e-05
~,0,<built-in method _sre.unicode_tolower>,57,57,4.7251000000000006e-05,3.0451924640182512e-05,4.7251000000000006e-05
/opt/hostedtoolcache/Python/3.11.16/x64/lib/python3.11/typing.py,306,_deduplicate,21,21,4.6946e-05,3.025536082110449e-05,0.000516534
/opt/hostedtoolcache/Python/3.11.16/x64/lib/python3.11/site-packages/httpx/_exceptions.py,1,<module>,1,1,4.6496000000000003e-05,2.9965348629022158e-05,0.000518247
<frozen importlib._bootstrap_external>,999,source_to_code,12,12,4.6193e-05,2.977007375302006e-05,0.069829432
/home/runner/work/_temp/scanner-verification-il7_c53e/first_hybrid/tiktok_worker_scanner.py,3623,finalize,1,1,4.6076000000000004e-05,2.9694670583078657e-05,1.372411851
/opt/hostedtoolcache/Python/3.11.16/x64/lib/python3.11/functools.py,421,_unwrap_partial,26,26,4.5928000000000005e-05,2.9599288795460462e-05,6.759600000000001e-05
/home/runner/work/_temp/scanner-verification-il7_c53e/first_hybrid/tiktok_worker_scanner.py,702,_build_document_locked,2,2,4.5835000000000004e-05,2.953935294243012e-05,0.000137055
/opt/hostedtoolcache/Python/3.11.16/x64/lib/python3.11/fractions.py,357,forward,14,14,4.583e-05,2.9536130584740314e-05,0.00034411800000000003
/home/runner/work/_temp/scanner-verification-il7_c53e/first_hybrid/tiktok_worker_scanner.py,1512,cache_saved_avatars,4,4,4.5717e-05,2.9463305300950752e-05,0.000727999
/opt/hostedtoolcache/Python/3.11.16/x64/lib/python3.11/logging/__init__.py,2074,getLogger,10,10,4.5563000000000004e-05,2.9364056684104796e-05,0.000316631
/opt/hostedtoolcache/Python/3.11.16/x64/lib/python3.11/encodings/__init__.py,71,search_function,2,2,4.5496e-05,2.9320877091061425e-05,0.002511844
/opt/hostedtoolcache/Python/3.11.16/x64/lib/python3.11/subprocess.py,506,run,1,1,4.5345e-05,2.9223561888829357e-05,0.001150065
/opt/hostedtoolcache/Python/3.11.16/x64/lib/python3.11/site-packages/httpx/_auth.py,1,<module>,1,1,4.5068e-05,2.9045043272814233e-05,0.111079148
<frozen importlib._bootstrap_external>,740,_code_to_timestamp_pyc,3,3,4.4593000000000005e-05,2.8738919292282886e-05,0.0008215630000000001
~,0,<built-in method math.gcd>,43,43,4.4363e-05,2.8590690838551918e-05,4.4363e-05
<frozen _collections_abc>,409,__subclasshook__,45,45,4.4302000000000004e-05,2.8551378074736315e-05,4.4302000000000004e-05
/home/runner/work/_temp/scanner-verification-il7_c53e/first_hybrid/tiktok_worker_scanner.py,3684,default_scan_config,1,1,4.4041e-05,2.8383171003328565e-05,0.0009694780000000001
/opt/hostedtoolcache/Python/3.11.16/x64/lib/python3.11/argparse.py,1880,parse_known_args,1,1,4.4035e-05,2.83793041741008e-05,0.000717979
~,0,<method 'translate' of 'str' objects>,41,41,4.3982e-05,2.8345147182588878e-05,4.3982e-05
/opt/hostedtoolcache/Python/3.11.16/x64/lib/python3.11/site-packages/httpx/_urls.py,1,<module>,1,1,4.3922000000000004e-05,2.830647889031124e-05,0.018002862
/opt/hostedtoolcache/Python/3.11.16/x64/lib/python3.11/site-packages/httpx/_decoders.py,1,<module>,1,1,4.3231e-05,2.786114905758037e-05,0.002069921
/opt/hostedtoolcache/Python/3.11.16/x64/lib/python3.11/dataclasses.py,228,_recursive_repr,7,7,4.321e-05,2.7847615155283194e-05,0.00024068800000000002
/opt/hostedtoolcache/Python/3.11.16/x64/lib/python3.11/typing.py,966,__init__,9,9,4.2841000000000005e-05,2.760980515777569e-05,0.00042182600000000004
<frozen importlib._bootstrap_external>,164,_path_isdir,16,16,4.1937e-05,2.7027202887459184e-05,0.000204501
/opt/hostedtoolcache/Python/3.11.16/x64/lib/python3.11/urllib/parse.py,160,password,19,19,4.1727e-05,2.6891863864487435e-05,9.961500000000001e-05
/opt/hostedtoolcache/Python/3.11.16/x64/lib/python3.11/site-packages/httpx/_multipart.py,29,<listcomp>,1,1,4.1576e-05,2.679454866225536e-05,0.00018959400000000001
/home/runner/work/_temp/scanner-verification-il7_c53e/first_hybrid/tiktok_worker_scanner.py,765,finalize,1,1,4.1296000000000006e-05,2.661409663162636e-05,0.002637108
<frozen importlib._bootstrap_external>,1151,_cache_bytecode,3,3,4.0846e-05,2.6324084439544025e-05,0.000777551
<frozen runpy>,262,run_path,1,1,3.9967000000000005e-05,2.5757593957676548e-05,112.44468459100001
/opt/hostedtoolcache/Python/3.11.16/x64/lib/python3.11/argparse.py,1674,_add_action,11,11,3.9915e-05,2.5724081437702586e-05,0.000152547
~,0,<built-in method _codecs.utf_8_decode>,12,12,3.9756000000000004e-05,2.562161046316683e-05,3.9756000000000004e-05
/opt/hostedtoolcache/Python/3.11.16/x64/lib/python3.11/tempfile.py,1,<module>,1,1,3.9654000000000004e-05,2.5555874366294833e-05,0.000231742
/opt/hostedtoolcache/Python/3.11.16/x64/lib/python3.11/enum.py,1377,_missing_,2,2,3.9625e-05,2.5537184691693972e-05,0.000127797
/opt/hostedtoolcache/Python/3.11.16/x64/lib/python3.11/argparse.py,1986,consume_optional,6,6,3.9512000000000004e-05,2.546435940790441e-05,0.000492838
/opt/hostedtoolcache/Python/3.11.16/x64/lib/python3.11/site-packages/httpx/_api.py,1,<module>,1,1,3.9223e-05,2.527810713343376e-05,0.12450736500000001
~,0,<method 'extend' of 'bytearray' objects>,12,12,3.8954e-05,2.510474428972232e-05,3.8954e-05
/opt/hostedtoolcache/Python/3.11.16/x64/lib/python3.11/dataclasses.py,410,<listcomp>,16,16,3.8341000000000004e-05,2.4709683236952397e-05,3.8341000000000004e-05
/opt/hostedtoolcache/Python/3.11.16/x64/lib/python3.11/site-packages/httpx/_transports/asgi.py,1,<module>,1,1,3.786e-05,2.4399692427193282e-05,0.00171017
/opt/hostedtoolcache/Python/3.11.16/x64/lib/python3.11/enum.py,484,__prepare__,2,2,3.7475e-05,2.4151570885078403e-05,0.00018716000000000002
/opt/hostedtoolcache/Python/3.11.16/x64/lib/python3.11/enum.py,933,_check_for_existing_members_,6,6,3.6984000000000004e-05,2.3835135359939686e-05,5.5423e-05
/opt/hostedtoolcache/Python/3.11.16/x64/lib/python3.11/dataclasses.py,1221,wrap,7,7,3.672e-05,2.366499487391805e-05,0.018956181000000003
/opt/hostedtoolcache/Python/3.11.16/x64/lib/python3.11/enum.py,1514,__or__,5,5,3.6656e-05,2.3623748695488565e-05,0.000250617
/opt/hostedtoolcache/Python/3.11.16/x64/lib/python3.11/asyncio/runners.py,86,run,1,1,3.6611e-05,2.359474747628033e-05,107.82757196700001
/opt/hostedtoolcache/Python/3.11.16/x64/lib/python3.11/email/header.py,1,<module>,1,1,3.6326000000000004e-05,2.3411073087961525e-05,0.006716548
/opt/hostedtoolcache/Python/3.11.16/x64/lib/python3.11/re/_parser.py,265,getwhile,9,9,3.6323000000000004e-05,2.3409139673347645e-05,5.7659000000000005e-05
/opt/hostedtoolcache/Python/3.11.16/x64/lib/python3.11/locale.py,396,normalize,6,6,3.6178000000000005e-05,2.3315691300343334e-05,5.728600000000001e-05
/opt/hostedtoolcache/Python/3.11.16/x64/lib/python3.11/unittest/mock.py,420,__new__,1,1,3.6045000000000005e-05,2.322997658579456e-05,0.00021237600000000001
/opt/hostedtoolcache/Python/3.11.16/x64/lib/python3.11/site-packages/httpx/_models.py,515,Response,1,1,3.5777e-05,2.305725821362108e-05,3.9243000000000004e-05
/opt/hostedtoolcache/Python/3.11.16/x64/lib/python3.11/inspect.py,2063,_signature_is_builtin,7,7,3.5445000000000004e-05,2.284329366301812e-05,9.4016e-05
/opt/hostedtoolcache/Python/3.11.16/x64/lib/python3.11/argparse.py,2205,_match_argument,6,6,3.5409e-05,2.282009268765153e-05,0.00013857
~,0,<method 'endswith' of 'bytes' objects>,19,19,3.5396000000000005e-05,2.2811714557658044e-05,3.5396000000000005e-05
/opt/hostedtoolcache/Python/3.11.16/x64/lib/python3.11/pathlib.py,703,relative_to,3,3,3.5125e-05,2.2637062770870682e-05,0.000248534
/opt/hostedtoolcache/Python/3.11.16/x64/lib/python3.11/typing.py,1981,_caller,9,9,3.4984e-05,2.2546192284018224e-05,5.2999000000000005e-05
/opt/hostedtoolcache/Python/3.11.16/x64/lib/python3.11/argparse.py,1742,__init__,1,1,3.4903e-05,2.24939900894434e-05,0.0012984210000000001
/opt/hostedtoolcache/Python/3.11.16/x64/lib/python3.11/site-packages/httpx/_config.py,1,<module>,1,1,3.4604e-05,2.2301293099593145e-05,0.000121317
/opt/hostedtoolcache/Python/3.11.16/x64/lib/python3.11/importlib/resources/_legacy.py,1,<module>,1,1,3.4415e-05,2.2179487978918563e-05,0.00042129600000000004
/opt/hostedtoolcache/Python/3.11.16/x64/lib/python3.11/argparse.py,2597,_get_formatter,11,11,3.4192e-05,2.203577082595332e-05,0.000666852
/opt/hostedtoolcache/Python/3.11.16/x64/lib/python3.11/argparse.py,1599,_pop_action_class,11,11,3.4141000000000004e-05,2.2002902777517324e-05,7.4688e-05
/opt/hostedtoolcache/Python/3.11.16/x64/lib/python3.11/email/errors.py,1,<module>,1,1,3.4046e-05,2.1941677981411052e-05,0.000387764
/opt/hostedtoolcache/Python/3.11.16/x64/lib/python3.11/site-packages/httpx/_transports/__init__.py,1,<module>,1,1,3.4043e-05,2.1939744566797172e-05,0.0056414230000000004
/opt/hostedtoolcache/Python/3.11.16/x64/lib/python3.11/threading.py,945,start,3,3,3.3981000000000006e-05,2.189978733144361e-05,0.000548312
/home/runner/work/_temp/scanner-verification-il7_c53e/first_hybrid/report_generator.py,1,<module>,1,1,3.3883e-05,2.1836629120723455e-05,0.004542273
/opt/hostedtoolcache/Python/3.11.16/x64/lib/python3.11/enum.py,979,_find_data_type_,4,4,3.3861e-05,2.182245074688832e-05,5.0133e-05
/opt/hostedtoolcache/Python/3.11.16/x64/lib/python3.11/argparse.py,2475,_get_values,6,6,3.3544e-05,2.161815326935477e-05,0.000227845
/home/runner/work/_temp/scanner-verification-il7_c53e/first_hybrid/hybrid_backend.py,1,<module>,1,1,3.3323e-05,2.1475725059465443e-05,0.011630114
/opt/hostedtoolcache/Python/3.11.16/x64/lib/python3.11/platform.py,1187,platform,1,1,3.3173e-05,2.137905432877134e-05,0.0013351300000000001
/opt/hostedtoolcache/Python/3.11.16/x64/lib/python3.11/email/utils.py,1,<module>,1,1,3.3161e-05,2.1371320670315807e-05,0.003788907
/opt/hostedtoolcache/Python/3.11.16/x64/lib/python3.11/email/message.py,1,<module>,1,1,3.3062e-05,2.1307517988057698e-05,0.002512626
/opt/hostedtoolcache/Python/3.11.16/x64/lib/python3.11/fractions.py,38,Fraction,1,1,3.3023e-05,2.1282383598077226e-05,5.1917000000000005e-05
/opt/hostedtoolcache/Python/3.11.16/x64/lib/python3.11/threading.py,1051,_stop,3,3,3.2811e-05,2.1145755632029555e-05,9.3323e-05
/opt/hostedtoolcache/Python/3.11.16/x64/lib/python3.11/logging/__init__.py,1447,__init__,7,7,3.2461e-05,2.0920190593743295e-05,6.0003e-05
/opt/hostedtoolcache/Python/3.11.16/x64/lib/python3.11/email/feedparser.py,1,<module>,1,1,3.2454000000000005e-05,2.0915679292977573e-05,0.016346913
/opt/hostedtoolcache/Python/3.11.16/x64/lib/python3.11/unittest/mock.py,1425,__enter__,1,1,3.2412e-05,2.088861148838322e-05,0.0017991760000000002
<frozen zipimport>,401,_read_directory,1,1,3.2353e-05,2.0850587667643537e-05,7.6353e-05
<frozen runpy>,91,_run_module_code,1,1,3.227e-05,2.0797096529992798e-05,112.44109577600001
/opt/hostedtoolcache/Python/3.11.16/x64/lib/python3.11/http/__init__.py,1,<module>,1,1,3.1941000000000005e-05,2.058506539400372e-05,0.0040303380000000005
/opt/hostedtoolcache/Python/3.11.16/x64/lib/python3.11/encodings/utf_8_sig.py,54,_buffer_decode,5,5,3.185e-05,2.052641848404929e-05,4.8841e-05
/opt/hostedtoolcache/Python/3.11.16/x64/lib/python3.11/email/_policybase.py,1,<module>,1,1,3.1821e-05,2.0507728809448425e-05,0.01204056
/home/runner/work/_temp/scanner-verification-il7_c53e/first_hybrid/scan_runtime.py,51,__init__,1,1,3.1469e-05,2.028087482808625e-05,0.00013386
/opt/hostedtoolcache/Python/3.11.16/x64/lib/python3.11/inspect.py,3007,from_callable,7,7,3.1449e-05,2.0267985397327037e-05,0.003929658
/home/runner/work/_temp/scanner-verification-il7_c53e/final/tests/benchmark_hybrid.py,133,process_io,2,2,3.142e-05,2.0249295722726176e-05,0.00041802
/opt/hostedtoolcache/Python/3.11.16/x64/lib/python3.11/logging/__init__.py,1378,_fixupParents,7,7,3.1276000000000003e-05,2.015649182125983e-05,4.7989000000000004e-05
/opt/hostedtoolcache/Python/3.11.16/x64/lib/python3.11/gettext.py,578,dgettext,3,3,3.1129e-05,2.00617545051796e-05,0.0007812880000000001
~,0,<method 'close' of '_io.TextIOWrapper' objects>,4,4,3.1068e-05,2.0022441741363997e-05,3.1068e-05
/opt/hostedtoolcache/Python/3.11.16/x64/lib/python3.11/unittest/mock.py,1130,_increment_mock_call,1,1,3.0709e-05,1.9791076459236096e-05,7.9769e-05
<frozen genericpath>,16,exists,12,12,3.0578000000000004e-05,1.970665068776324e-05,7.6844e-05
/home/runner/work/_temp/scanner-verification-il7_c53e/final/tests/benchmark_hybrid.py,135,<genexpr>,16,16,3.0549e-05,1.968796101316238e-05,4.4113e-05
/home/runner/work/_temp/scanner-verification-il7_c53e/first_hybrid/avatar_cache.py,124,__init__,2,2,3.0347000000000003e-05,1.9557777762494314e-05,0.001737201
/home/runner/work/_temp/scanner-verification-il7_c53e/final/tests/benchmark_hybrid.py,135,<dictcomp>,2,2,3.0296000000000003e-05,1.9524909714058313e-05,7.4409e-05
/opt/hostedtoolcache/Python/3.11.16/x64/lib/python3.11/importlib/resources/_itertools.py,1,<module>,1,1,3.0235e-05,1.948559695024271e-05,0.0008322920000000001
/opt/hostedtoolcache/Python/3.11.16/x64/lib/python3.11/site-packages/idna/__init__.py,1,<module>,1,1,3.0167e-05,1.9441772885661377e-05,0.005526218
/opt/hostedtoolcache/Python/3.11.16/x64/lib/python3.11/concurrent/futures/thread.py,1,<module>,1,1,3.0035000000000003e-05,1.935670264265056e-05,0.001720058
/opt/hostedtoolcache/Python/3.11.16/x64/lib/python3.11/inspect.py,1783,_is_type,14,14,2.9963e-05,1.931030069191739e-05,5.3919e-05
/home/runner/work/_temp/scanner-verification-il7_c53e/final/tests/benchmark_hybrid.py,156,<lambda>,3,3,2.9564e-05,1.9053156548271056e-05,0.0009626960000000001
/opt/hostedtoolcache/Python/3.11.16/x64/lib/python3.11/datetime.py,515,_check_date_fields,5,5,2.9527e-05,1.902931110136651e-05,4.8070000000000006e-05
/home/runner/work/_temp/scanner-verification-il7_c53e/first_hybrid/vendor/tiktok_sign.py,1,<module>,1,1,2.8944000000000003e-05,1.8653584194735405e-05,3.758e-05
~,0,<built-in method posix.get_terminal_size>,11,11,2.8894e-05,1.862136061783737e-05,2.8894e-05
<frozen os>,619,get_exec_path,1,1,2.8755e-05,1.8531779074060824e-05,9.500700000000001e-05
/opt/hostedtoolcache/Python/3.11.16/x64/lib/python3.11/importlib/resources/abc.py,1,<module>,1,1,2.8445000000000003e-05,1.8331992897293e-05,0.0008007340000000001
/opt/hostedtoolcache/Python/3.11.16/x64/lib/python3.11/mimetypes.py,1,<module>,1,1,2.8322e-05,1.825272289812383e-05,0.001422132
<frozen importlib._bootstrap_external>,79,_pack_uint32,9,9,2.8214e-05,1.818311997202407e-05,3.8081000000000004e-05
/opt/hostedtoolcache/Python/3.11.16/x64/lib/python3.11/argparse.py,2531,_get_value,6,6,2.8210000000000003e-05,1.818054208587223e-05,0.000182911
/opt/hostedtoolcache/Python/3.11.16/x64/lib/python3.11/fractions.py,257,numerator,29,29,2.8062000000000003e-05,1.808516029825404e-05,2.8062000000000003e-05
~,0,<function Random.seed at 0x7f7cc669fc40>,2,2,2.7793000000000003e-05,1.7911797454542605e-05,2.7793000000000003e-05
~,0,<built-in method _operator.index>,35,35,2.7776000000000003e-05,1.7900841438397272e-05,2.7776000000000003e-05
<frozen _collections_abc>,78,_check_methods,9,9,2.7712e-05,1.7859595259967785e-05,2.7712e-05
/opt/hostedtoolcache/Python/3.11.16/x64/lib/python3.11/asyncio/base_events.py,390,__init__,1,1,2.75e-05,1.772296729392011e-05,6.896900000000001e-05
/opt/hostedtoolcache/Python/3.11.16/x64/lib/python3.11/dataclasses.py,548,<dictcomp>,7,7,2.7371000000000003e-05,1.7639830465523174e-05,2.7371000000000003e-05
/opt/hostedtoolcache/Python/3.11.16/x64/lib/python3.11/typing.py,1636,copy_with,7,7,2.7273e-05,1.7576672254803022e-05,0.0006829140000000001
/opt/hostedtoolcache/Python/3.11.16/x64/lib/python3.11/typing.py,1721,<genexpr>,28,28,2.725e-05,1.7561849409429925e-05,2.725e-05
/opt/hostedtoolcache/Python/3.11.16/x64/lib/python3.11/site-packages/httpx/_client.py,188,BaseClient,1,1,2.7201000000000003e-05,1.753027030406985e-05,3.4725000000000004e-05
/opt/hostedtoolcache/Python/3.11.16/x64/lib/python3.11/importlib/resources/__init__.py,1,<module>,1,1,2.7171e-05,1.7510936157931028e-05,0.0046513760000000005
/opt/hostedtoolcache/Python/3.11.16/x64/lib/python3.11/threading.py,971,run,3,3,2.714e-05,1.7490957540254248e-05,42.778921151000006
/home/runner/work/_temp/scanner-verification-il7_c53e/first_hybrid/direct_protocol.py,1,<module>,1,1,2.7011000000000003e-05,1.740782071185731e-05,0.007399623
/opt/hostedtoolcache/Python/3.11.16/x64/lib/python3.11/ssl.py,745,create_default_context,1,1,2.6940000000000003e-05,1.73620632326621e-05,0.021378458000000003
/opt/hostedtoolcache/Python/3.11.16/x64/lib/python3.11/collections/__init__.py,424,<genexpr>,27,27,2.6759000000000002e-05,1.7245413884291207e-05,2.6759000000000002e-05
/opt/hostedtoolcache/Python/3.11.16/x64/lib/python3.11/logging/__init__.py,228,_acquireLock,11,11,2.6758e-05,1.7244769412753246e-05,3.8520000000000004e-05
/home/runner/work/_temp/scanner-verification-il7_c53e/first_hybrid/avatar_cache.py,1,<module>,1,1,2.6689e-05,1.7200300876633956e-05,0.0016159140000000002
/opt/hostedtoolcache/Python/3.11.16/x64/lib/python3.11/argparse.py,1853,_add_action,11,11,2.6647e-05,1.7173233072039604e-05,0.000179194
/opt/hostedtoolcache/Python/3.11.16/x64/lib/python3.11/functools.py,668,<listcomp>,24,24,2.6640000000000002e-05,1.716872177127388e-05,2.6640000000000002e-05
/opt/hostedtoolcache/Python/3.11.16/x64/lib/python3.11/typing.py,757,<genexpr>,28,28,2.6603000000000003e-05,1.7144876324369336e-05,2.6603000000000003e-05
/opt/hostedtoolcache/Python/3.11.16/x64/lib/python3.11/sqlite3/__init__.py,1,<module>,1,1,2.6560000000000003e-05,1.7117164048237023e-05,0.002016492
/opt/hostedtoolcache/Python/3.11.16/x64/lib/python3.11/urllib/request.py,1699,URLopener,1,1,2.6560000000000003e-05,1.7117164048237023e-05,2.6560000000000003e-05
/opt/hostedtoolcache/Python/3.11.16/x64/lib/python3.11/pathlib.py,1230,exists,7,7,2.6559e-05,1.711651957669906e-05,0.00024737
/opt/hostedtoolcache/Python/3.11.16/x64/lib/python3.11/email/_encoded_words.py,1,<module>,1,1,2.6511e-05,1.7085584942876945e-05,0.0007355930000000001
/opt/hostedtoolcache/Python/3.11.16/x64/lib/python3.11/platform.py,1119,python_version,1,1,2.6510000000000002e-05,1.7084940471338984e-05,5.7608e-05
/opt/hostedtoolcache/Python/3.11.16/x64/lib/python3.11/asyncio/runners.py,160,run,1,1,2.6508e-05,1.708365152826306e-05,107.82867707800001
/opt/hostedtoolcache/Python/3.11.16/x64/lib/python3.11/fractions.py,261,denominator,29,29,2.6357000000000002e-05,1.6986336326030993e-05,2.6357000000000002e-05
/opt/hostedtoolcache/Python/3.11.16/x64/lib/python3.11/importlib/resources/readers.py,1,<module>,1,1,2.6309000000000002e-05,1.695540169220888e-05,0.005567578
/opt/hostedtoolcache/Python/3.11.16/x64/lib/python3.11/enum.py,943,_get_mixins_,4,4,2.6308000000000003e-05,1.695475722067092e-05,0.000113362
/home/runner/work/_temp/scanner-verification-il7_c53e/first_hybrid/tiktok_worker_scanner.py,1261,__init__,1,1,2.6260000000000003e-05,1.6923822586848802e-05,3.6268e-05
/home/runner/work/_temp/scanner-verification-il7_c53e/first_hybrid/tiktok_worker_scanner.py,3013,statistics_summary,3,3,2.6187000000000002e-05,1.687677616457767e-05,0.0009231010000000001
/opt/hostedtoolcache/Python/3.11.16/x64/lib/python3.11/asyncio/selector_events.py,49,__init__,1,1,2.6070000000000003e-05,1.6801372994636263e-05,0.000317643
/opt/hostedtoolcache/Python/3.11.16/x64/lib/python3.11/inspect.py,3023,replace,7,7,2.6030000000000003e-05,1.6775594133117834e-05,0.000540188
/opt/hostedtoolcache/Python/3.11.16/x64/lib/python3.11/inspect.py,2426,_descriptor_get,7,7,2.5999000000000003e-05,1.6755615515441053e-05,5.2216e-05
/home/runner/work/_temp/scanner-verification-il7_c53e/first_hybrid/tiktok_worker_scanner.py,3227,__exit__,1,1,2.5798000000000003e-05,1.6626076736310943e-05,0.000164136
/home/runner/work/_temp/scanner-verification-il7_c53e/first_hybrid/avatar_cache.py,165,__init__,1,1,2.5588000000000003e-05,1.6490737713339194e-05,0.001559258
/opt/hostedtoolcache/Python/3.11.16/x64/lib/python3.11/site-packages/httpx/_transports/wsgi.py,1,<module>,1,1,2.5518000000000002e-05,1.6445624705681942e-05,8.047000000000001e-05
/home/runner/work/_temp/scanner-verification-il7_c53e/first_hybrid/tiktok_worker_scanner.py,1506,fill,4,4,2.5504000000000002e-05,1.6436602104150487e-05,0.000767421
/home/runner/work/_temp/scanner-verification-il7_c53e/first_hybrid/tiktok_worker_scanner.py,3636,export_discoveries,1,1,2.5127000000000002e-05,1.6193636334339292e-05,0.036631829000000005
/opt/hostedtoolcache/Python/3.11.16/x64/lib/python3.11/threading.py,1087,join,3,3,2.5087000000000002e-05,1.6167857472820866e-05,0.000214691
/home/runner/work/_temp/scanner-verification-il7_c53e/first_hybrid/scan_statistics.py,14,__init__,1,1,2.4866000000000002e-05,1.6025429262931543e-05,8.6551e-05
/opt/hostedtoolcache/Python/3.11.16/x64/lib/python3.11/threading.py,1125,_wait_for_tstate_lock,3,3,2.4698000000000003e-05,1.5917158044554142e-05,0.00017049800000000002
/opt/hostedtoolcache/Python/3.11.16/x64/lib/python3.11/site-packages/httpx/_client.py,1353,__init__,1,1,2.4678e-05,1.5904268613794926e-05,0.000778613
/opt/hostedtoolcache/Python/3.11.16/x64/lib/python3.11/queue.py,1,<module>,1,1,2.4674e-05,1.5901690727643084e-05,0.000839917
/opt/hostedtoolcache/Python/3.11.16/x64/lib/python3.11/typing.py,1664,<genexpr>,15,15,2.4531000000000003e-05,1.5809531297714696e-05,6.4486e-05
/opt/hostedtoolcache/Python/3.11.16/x64/lib/python3.11/datetime.py,1673,__new__,3,3,2.4486000000000002e-05,1.5780530078506467e-05,8.6241e-05
/opt/hostedtoolcache/Python/3.11.16/x64/lib/python3.11/datetime.py,528,_check_time_fields,5,5,2.4427000000000002e-05,1.5742506257766783e-05,4.0074e-05
/opt/hostedtoolcache/Python/3.11.16/x64/lib/python3.11/inspect.py,3261,signature,7,7,2.4308000000000002e-05,1.5665814144749457e-05,0.003953966000000001
/opt/hostedtoolcache/Python/3.11.16/x64/lib/python3.11/site-packages/httpx/_config.py,86,__init__,3,3,2.4063e-05,1.5507918617949075e-05,4.0405000000000004e-05
/opt/hostedtoolcache/Python/3.11.16/x64/lib/python3.11/typing.py,2893,<dictcomp>,2,2,2.3892e-05,1.539771398495779e-05,0.000772612
/opt/hostedtoolcache/Python/3.11.16/x64/lib/python3.11/contextlib.py,305,asynccontextmanager,5,5,2.3756e-05,1.5310065855795132e-05,0.00015930800000000001
/opt/hostedtoolcache/Python/3.11.16/x64/lib/python3.11/pathlib.py,260,compile_pattern,2,2,2.3695000000000003e-05,1.5270753091979526e-05,0.001240685
<frozen runpy>,250,_get_code_from_file,1,1,2.3653000000000002e-05,1.5243685287385177e-05,0.0033964150000000003
/opt/hostedtoolcache/Python/3.11.16/x64/lib/python3.11/pathlib.py,281,_make_selector,2,4,2.3635e-05,1.5232084799701884e-05,0.001302409
/opt/hostedtoolcache/Python/3.11.16/x64/lib/python3.11/asyncio/tasks.py,707,__init__,5,5,2.3565000000000002e-05,1.5186971792044632e-05,2.8314e-05
~,0,<method 'insert' of 'list' objects>,22,22,2.3515e-05,1.5154748215146596e-05,2.3515e-05
/opt/hostedtoolcache/Python/3.11.16/x64/lib/python3.11/threading.py,1453,current_thread,7,7,2.3483000000000002e-05,1.5134125125931852e-05,3.1259e-05
/opt/hostedtoolcache/Python/3.11.16/x64/lib/python3.11/typing.py,925,__hash__,12,12,2.3464e-05,1.5121880166710597e-05,3.4193e-05
/opt/hostedtoolcache/Python/3.11.16/x64/lib/python3.11/argparse.py,929,__init__,8,8,2.3374e-05,1.5063877728294131e-05,3.6107000000000005e-05
/opt/hostedtoolcache/Python/3.11.16/x64/lib/python3.11/asyncio/runners.py,65,close,1,1,2.3354e-05,1.5050988297534916e-05,0.000645925
/opt/hostedtoolcache/Python/3.11.16/x64/lib/python3.11/numbers.py,32,Complex,1,1,2.3215e-05,1.4961406753758376e-05,3.8713e-05
/opt/hostedtoolcache/Python/3.11.16/x64/lib/python3.11/logging/__init__.py,237,_releaseLock,11,11,2.3212e-05,1.4959473339144493e-05,3.294e-05
/opt/hostedtoolcache/Python/3.11.16/x64/lib/python3.11/typing.py,2891,_make_nmtuple,2,2,2.3113e-05,1.489567065688638e-05,0.001204858
/opt/hostedtoolcache/Python/3.11.16/x64/lib/python3.11/email/charset.py,206,__init__,2,2,2.3074000000000003e-05,1.4870536266905914e-05,3.739e-05
<frozen importlib._bootstrap>,216,_lock_unlock_module,5,5,2.3073e-05,1.486989179536795e-05,0.000108233
/opt/hostedtoolcache/Python/3.11.16/x64/lib/python3.11/argparse.py,597,format,11,11,2.292e-05,1.477128765005996e-05,3.2791000000000005e-05
/opt/hostedtoolcache/Python/3.11.16/x64/lib/python3.11/email/_policybase.py,94,_append_doc,6,6,2.2800000000000002e-05,1.4693951065504674e-05,4.4161e-05
/home/runner/work/_temp/scanner-verification-il7_c53e/first_hybrid/tiktok_worker_scanner.py,1484,__aexit__,3,3,2.2764e-05,1.4670750090138085e-05,0.00017964600000000002
/opt/hostedtoolcache/Python/3.11.16/x64/lib/python3.11/threading.py,611,wait,3,3,2.2642e-05,1.4592124562506877e-05,0.00021945000000000002
/opt/hostedtoolcache/Python/3.11.16/x64/lib/python3.11/platform.py,825,uname,2,2,2.2531e-05,1.4520588221793234e-05,3.8691e-05
/opt/hostedtoolcache/Python/3.11.16/x64/lib/python3.11/typing.py,1298,__mro_entries__,3,3,2.2403000000000002e-05,1.4438095864934261e-05,3.9724e-05
/opt/hostedtoolcache/Python/3.11.16/x64/lib/python3.11/asyncio/base_events.py,181,_run_until_complete_cb,3,3,2.2322e-05,1.4385893670359443e-05,4.2509e-05
/opt/hostedtoolcache/Python/3.11.16/x64/lib/python3.11/email/parser.py,1,<module>,1,1,2.232e-05,1.438460472728352e-05,0.016949297000000002
~,0,<built-in method posix.pipe>,2,2,2.2272000000000003e-05,1.4353670093461408e-05,2.2272000000000003e-05
/home/runner/work/_temp/scanner-verification-il7_c53e/final/tests/benchmark_hybrid.py,109,transport,1,1,2.224e-05,1.433304700424666e-05,0.000807947
~,0,<built-in method _hashlib.openssl_shake_128>,1,1,2.2142000000000002e-05,1.4269888793526512e-05,2.2142000000000002e-05
/opt/hostedtoolcache/Python/3.11.16/x64/lib/python3.11/dataclasses.py,624,_cmp_fn,7,7,2.2069e-05,1.422284237125538e-05,0.0009698180000000001
/opt/hostedtoolcache/Python/3.11.16/x64/lib/python3.11/http/__init__.py,163,__new__,9,9,2.2039e-05,1.4203508225116555e-05,3.1396e-05
/home/runner/work/_temp/scanner-verification-il7_c53e/first_hybrid/tiktok_worker_scanner.py,751,_persist_locked,2,2,2.1921000000000002e-05,1.412746058363719e-05,0.002543365
/opt/hostedtoolcache/Python/3.11.16/x64/lib/python3.11/gettext.py,519,translation,3,3,2.18e-05,1.404947952754394e-05,0.000747453
/home/runner/work/_temp/scanner-verification-il7_c53e/first_hybrid/tiktok_worker_scanner.py,3277,<setcomp>,2,2,2.1659e-05,1.3958609040691478e-05,2.1659e-05
/opt/hostedtoolcache/Python/3.11.16/x64/lib/python3.11/fractions.py,1,<module>,1,1,2.1581000000000002e-05,1.390834026073054e-05,0.009050532
/opt/hostedtoolcache/Python/3.11.16/x64/lib/python3.11/site-packages/httpx/_utils.py,1,<module>,1,1,2.142e-05,1.3804580343118864e-05,6.6464e-05
/opt/hostedtoolcache/Python/3.11.16/x64/lib/python3.11/argparse.py,844,__init__,11,11,2.139e-05,1.378524619698004e-05,2.139e-05
/opt/hostedtoolcache/Python/3.11.16/x64/lib/python3.11/site-packages/httpx/_transports/base.py,1,<module>,1,1,2.1389e-05,1.3784601725442079e-05,0.000246119
/opt/hostedtoolcache/Python/3.11.16/x64/lib/python3.11/contextlib.py,558,__exit__,2,2,2.1262e-05,1.3702753840121067e-05,3.7670000000000004e-05
/opt/hostedtoolcache/Python/3.11.16/x64/lib/python3.11/urllib/parse.py,833,__getattr__,7,7,2.1208e-05,1.3667952377071186e-05,2.1208e-05
/home/runner/work/_temp/scanner-verification-il7_c53e/first_hybrid/scan_runtime.py,1,<module>,1,1,2.1178000000000003e-05,1.3648618230932368e-05,0.00232664
/opt/hostedtoolcache/Python/3.11.16/x64/lib/python3.11/concurrent/futures/thread.py,216,shutdown,2,2,2.1168e-05,1.364217351555276e-05,0.000253161
/home/runner/work/_temp/scanner-verification-il7_c53e/first_hybrid/report_generator.py,205,<dictcomp>,1,1,2.116e-05,1.3637017743249073e-05,3.7781e-05
/opt/hostedtoolcache/Python/3.11.16/x64/lib/python3.11/encodings/utf_8_sig.py,50,__init__,5,5,2.1118e-05,1.3609949938654721e-05,4.2899000000000004e-05
/home/runner/work/_temp/scanner-verification-il7_c53e/first_hybrid/tiktok_worker_scanner.py,3200,__enter__,1,1,2.1109e-05,1.3604149694813076e-05,0.0017290850000000002
/opt/hostedtoolcache/Python/3.11.16/x64/lib/python3.11/site-packages/httpx/_urls.py,15,URL,1,1,2.0919e-05,1.3481700102600537e-05,2.0919e-05
/home/runner/work/_temp/scanner-verification-il7_c53e/first_hybrid/scan_runtime.py,29,runtime_ceiling,1,1,2.0919e-05,1.3481700102600537e-05,0.0009333010000000001
/opt/hostedtoolcache/Python/3.11.16/x64/lib/python3.11/mimetypes.py,405,_default_mime_types,1,1,2.0899e-05,1.346881067184132e-05,2.0899e-05
/opt/hostedtoolcache/Python/3.11.16/x64/lib/python3.11/http/cookiejar.py,1246,CookieJar,1,1,2.0467000000000002e-05,1.3190398967442287e-05,0.002006723
/opt/hostedtoolcache/Python/3.11.16/x64/lib/python3.11/decimal.py,1,<module>,1,1,2.0318e-05,1.3094372708286138e-05,0.00123266
/opt/hostedtoolcache/Python/3.11.16/x64/lib/python3.11/email/charset.py,1,<module>,1,1,2.029e-05,1.3076327505223236e-05,0.001307089
/opt/hostedtoolcache/Python/3.11.16/x64/lib/python3.11/random.py,493,<listcomp>,1,1,2.0288000000000003e-05,1.3075038562147317e-05,3.5216e-05
/opt/hostedtoolcache/Python/3.11.16/x64/lib/python3.11/dataclasses.py,603,<genexpr>,12,12,2.0249000000000002e-05,1.3049904172166846e-05,2.9396e-05
/opt/hostedtoolcache/Python/3.11.16/x64/lib/python3.11/dataclasses.py,1017,<listcomp>,7,7,1.9837e-05,1.2784381898527025e-05,1.9837e-05
/opt/hostedtoolcache/Python/3.11.16/x64/lib/python3.11/unittest/mock.py,762,__setattr__,4,5,1.976e-05,1.2734757590104047e-05,4.9824e-05
~,0,<method 'setter' of 'property' objects>,16,16,1.9646e-05,1.2661287834776524e-05,1.9646e-05
/opt/hostedtoolcache/Python/3.11.16/x64/lib/python3.11/dataclasses.py,592,<listcomp>,7,7,1.9626e-05,1.2648398404017311e-05,1.9626e-05
/opt/hostedtoolcache/Python/3.11.16/x64/lib/python3.11/tempfile.py,361,mkdtemp,1,1,1.9625000000000003e-05,1.2647753932479352e-05,0.000311642
/opt/hostedtoolcache/Python/3.11.16/x64/lib/python3.11/asyncio/base_events.py,587,_check_running,6,6,1.9348000000000002e-05,1.2469235316464228e-05,3.0708000000000005e-05
/opt/hostedtoolcache/Python/3.11.16/x64/lib/python3.11/enum.py,1357,_iter_member_by_value_,6,6,1.932e-05,1.2451190113401328e-05,3.4485e-05
/opt/hostedtoolcache/Python/3.11.16/x64/lib/python3.11/http/client.py,840,HTTPConnection,1,1,1.9316000000000003e-05,1.2448612227249486e-05,1.9316000000000003e-05
/opt/hostedtoolcache/Python/3.11.16/x64/lib/python3.11/re/_compiler.py,391,_bytes_to_codes,2,2,1.9258e-05,1.2411232878047762e-05,3.1539000000000004e-05
/opt/hostedtoolcache/Python/3.11.16/x64/lib/python3.11/__future__.py,1,<module>,1,1,1.9246000000000002e-05,1.2403499219592234e-05,4.6777e-05
~,0,<built-in method _sre.ascii_iscased>,22,22,1.9245e-05,1.2402854748054271e-05,1.9245e-05
/opt/hostedtoolcache/Python/3.11.16/x64/lib/python3.11/re/__init__.py,163,match,6,6,1.9225e-05,1.2389965317295057e-05,6.1705e-05
/opt/hostedtoolcache/Python/3.11.16/x64/lib/python3.11/threading.py,829,_maintain_shutdown_locks,3,3,1.9157e-05,1.2346141252713727e-05,4.9071000000000005e-05
/opt/hostedtoolcache/Python/3.11.16/x64/lib/python3.11/importlib/resources/abc.py,56,Traversable,1,1,1.9126e-05,1.2326162635036945e-05,0.00020170700000000003
/opt/hostedtoolcache/Python/3.11.16/x64/lib/python3.11/numbers.py,1,<module>,1,1,1.9047000000000002e-05,1.2275249383538048e-05,0.00032733100000000004
/opt/hostedtoolcache/Python/3.11.16/x64/lib/python3.11/argparse.py,588,_metavar_formatter,11,11,1.9045e-05,1.2273960440462127e-05,2.207e-05
/opt/hostedtoolcache/Python/3.11.16/x64/lib/python3.11/importlib/resources/_adapters.py,1,<module>,1,1,1.9006e-05,1.2248826050481657e-05,0.000247101
/opt/hostedtoolcache/Python/3.11.16/x64/lib/python3.11/argparse.py,2342,_get_nargs_pattern,6,6,1.9006e-05,1.2248826050481657e-05,3.0196e-05
/opt/hostedtoolcache/Python/3.11.16/x64/lib/python3.11/fractions.py,277,_operator_fallbacks,7,7,1.8894000000000002e-05,1.2176645238230057e-05,1.8894000000000002e-05
/opt/hostedtoolcache/Python/3.11.16/x64/lib/python3.11/asyncio/queues.py,33,__init__,2,2,1.8776e-05,1.2100597596750689e-05,2.8914e-05
/opt/hostedtoolcache/Python/3.11.16/x64/lib/python3.11/urllib/request.py,317,Request,1,1,1.8765e-05,1.2093508409833121e-05,2.3544e-05
/opt/hostedtoolcache/Python/3.11.16/x64/lib/python3.11/dataclasses.py,1204,dataclass,7,7,1.8635e-05,1.2009727109898227e-05,0.015035157
/opt/hostedtoolcache/Python/3.11.16/x64/lib/python3.11/concurrent/futures/thread.py,123,__init__,2,2,1.8622000000000002e-05,1.2001348979904738e-05,4.7467000000000005e-05
/opt/hostedtoolcache/Python/3.11.16/x64/lib/python3.11/email/message.py,141,Message,1,1,1.8605000000000002e-05,1.1990392963759404e-05,0.0005552560000000001
/opt/hostedtoolcache/Python/3.11.16/x64/lib/python3.11/pkgutil.py,407,get_importer,1,1,1.8604e-05,1.1989748492221443e-05,0.00015042
/opt/hostedtoolcache/Python/3.11.16/x64/lib/python3.11/subprocess.py,1282,_close_pipe_fds,1,1,1.8493e-05,1.1918212151507802e-05,7.037100000000001e-05
/opt/hostedtoolcache/Python/3.11.16/x64/lib/python3.11/asyncio/events.py,754,_init_event_loop_policy,1,1,1.8124e-05,1.1680402154000293e-05,4.2139000000000004e-05
/home/runner/work/_temp/scanner-verification-il7_c53e/first_hybrid/tiktok_worker_scanner.py,1560,trust_store,1,1,1.8075000000000002e-05,1.1648823048640219e-05,0.035732747
/opt/hostedtoolcache/Python/3.11.16/x64/lib/python3.11/subprocess.py,1688,_get_handles,1,1,1.8053e-05,1.1634644674805082e-05,8.0159e-05
~,0,<method 'values' of 'mappingproxy' objects>,16,16,1.8044000000000002e-05,1.1628844430963435e-05,1.8044000000000002e-05
~,0,<built-in method _socket.socketpair>,1,1,1.8033e-05,1.1621755244045867e-05,1.8033e-05
/opt/hostedtoolcache/Python/3.11.16/x64/lib/python3.11/asyncio/selector_events.py,105,_make_self_pipe,1,1,1.7984000000000003e-05,1.1590176138685793e-05,0.00015567
/opt/hostedtoolcache/Python/3.11.16/x64/lib/python3.11/secrets.py,1,<module>,1,1,1.7973000000000002e-05,1.1583086951768223e-05,0.001713265
<frozen importlib._bootstrap_external>,1220,__init__,13,13,1.7833e-05,1.149286093645372e-05,1.7833e-05
/opt/hostedtoolcache/Python/3.11.16/x64/lib/python3.11/site-packages/httpx/_client.py,594,Client,1,1,1.7813e-05,1.1479971505694505e-05,5.1817e-05
<frozen codecs>,260,__init__,12,12,1.7692e-05,1.1401990449601256e-05,1.7692e-05
/opt/hostedtoolcache/Python/3.11.16/x64/lib/python3.11/site-packages/httpx/_transports/mock.py,1,<module>,1,1,1.7631e-05,1.1362677685785653e-05,0.00042963100000000003
/opt/hostedtoolcache/Python/3.11.16/x64/lib/python3.11/random.py,128,seed,2,2,1.7622000000000002e-05,1.1356877441944006e-05,5.0224000000000006e-05
/opt/hostedtoolcache/Python/3.11.16/x64/lib/python3.11/platform.py,1002,_sys_version,1,1,1.7522000000000003e-05,1.1292430288147933e-05,3.1098e-05
/opt/hostedtoolcache/Python/3.11.16/x64/lib/python3.11/email/_policybase.py,104,<genexpr>,10,10,1.7324000000000002e-05,1.116482492363171e-05,2.2212e-05
/opt/hostedtoolcache/Python/3.11.16/x64/lib/python3.11/subprocess.py,417,check_output,1,1,1.7273000000000002e-05,1.1131956875195711e-05,0.0011714050000000001
/home/runner/work/_temp/scanner-verification-il7_c53e/first_hybrid/tiktok_worker_scanner.py,576,__init__,1,1,1.7202000000000002e-05,1.10861993960005e-05,0.001257737
/opt/hostedtoolcache/Python/3.11.16/x64/lib/python3.11/typing.py,1552,__mro_entries__,3,3,1.7191000000000002e-05,1.107911020908293e-05,6.1023e-05
/opt/hostedtoolcache/Python/3.11.16/x64/lib/python3.11/pathlib.py,736,is_relative_to,3,3,1.7162000000000003e-05,1.106042053448207e-05,0.000265696
/home/runner/work/_temp/scanner-verification-il7_c53e/first_hybrid/tiktok_worker_scanner.py,3320,_set_control,3,3,1.7072000000000002e-05,1.1002418096065606e-05,9.597800000000001e-05
/opt/hostedtoolcache/Python/3.11.16/x64/lib/python3.11/dataclasses.py,1043,<listcomp>,7,7,1.7071e-05,1.1001773624527643e-05,1.7071e-05
/opt/hostedtoolcache/Python/3.11.16/x64/lib/python3.11/socket.py,651,socketpair,1,1,1.7013e-05,1.0964394275325921e-05,4.4944e-05
/opt/hostedtoolcache/Python/3.11.16/x64/lib/python3.11/numbers.py,294,Integral,1,1,1.6910000000000002e-05,1.0898013706915966e-05,3.1288e-05
~,0,<built-in method _sre.ascii_tolower>,21,21,1.6813e-05,1.0835499967733774e-05,1.6813e-05
/opt/hostedtoolcache/Python/3.11.16/x64/lib/python3.11/typing.py,723,Optional,2,2,1.6782e-05,1.081552135005699e-05,0.0005513989999999999
/opt/hostedtoolcache/Python/3.11.16/x64/lib/python3.11/argparse.py,1652,__init__,2,2,1.6740000000000002e-05,1.0788453545462641e-05,0.000145221
/opt/hostedtoolcache/Python/3.11.16/x64/lib/python3.11/functools.py,725,<listcomp>,1,7,1.669e-05,1.0756229968564604e-05,0.00017483600000000002
/opt/hostedtoolcache/Python/3.11.16/x64/lib/python3.11/tempfile.py,682,SpooledTemporaryFile,1,1,1.6642e-05,1.0725295334742488e-05,1.6642e-05
/home/runner/work/_temp/scanner-verification-il7_c53e/first_hybrid/scan_statistics.py,1,<module>,1,1,1.6341e-05,1.053130940181631e-05,5.0244e-05
/opt/hostedtoolcache/Python/3.11.16/x64/lib/python3.11/argparse.py,1612,_check_conflict,11,11,1.6319e-05,1.0517131027981174e-05,1.6319e-05
/opt/hostedtoolcache/Python/3.11.16/x64/lib/python3.11/threading.py,839,<listcomp>,3,3,1.613e-05,1.0395325907306594e-05,2.4124e-05
/opt/hostedtoolcache/Python/3.11.16/x64/lib/python3.11/site-packages/httpx/_client.py,1307,AsyncClient,1,1,1.6051000000000003e-05,1.0344412655807699e-05,4.8932000000000005e-05
/opt/hostedtoolcache/Python/3.11.16/x64/lib/python3.11/dataclasses.py,599,_frozen_get_del_attr,2,2,1.5988e-05,1.0303810948916171e-05,0.000539827
/home/runner/work/_temp/scanner-verification-il7_c53e/first_hybrid/tiktok_worker_scanner.py,686,_profiles_locked,2,2,1.59e-05,1.0247097453575625e-05,2.1601e-05
/opt/hostedtoolcache/Python/3.11.16/x64/lib/python3.11/datetime.py,1336,__new__,2,2,1.5891e-05,1.0241297209733979e-05,3.8141e-05
/opt/hostedtoolcache/Python/3.11.16/x64/lib/python3.11/numbers.py,147,Real,1,1,1.5849e-05,1.0214229405139629e-05,2.6079000000000002e-05
/opt/hostedtoolcache/Python/3.11.16/x64/lib/python3.11/random.py,119,__init__,3,3,1.5830000000000003e-05,1.0201984445918375e-05,6.7026e-05
~,0,<function socket.close at 0x7f7cc6f6fba0>,2,2,1.581e-05,1.0189095015159159e-05,1.581e-05
/opt/hostedtoolcache/Python/3.11.16/x64/lib/python3.11/unittest/mock.py,1102,__init__,1,1,1.5778e-05,1.0168471925944417e-05,0.0010448690000000001
/opt/hostedtoolcache/Python/3.11.16/x64/lib/python3.11/datetime.py,893,date,1,1,1.5729e-05,1.0136892820584341e-05,1.5729e-05
/opt/hostedtoolcache/Python/3.11.16/x64/lib/python3.11/site-packages/certifi/core.py,21,where,1,1,1.5720000000000002e-05,1.0131092576742696e-05,0.007328051
/opt/hostedtoolcache/Python/3.11.16/x64/lib/python3.11/asyncio/selector_events.py,265,_add_reader,1,1,1.5699e-05,1.0117558674445518e-05,8.8515e-05
/opt/hostedtoolcache/Python/3.11.16/x64/lib/python3.11/threading.py,283,_acquire_restore,7,7,1.5611e-05,1.0060845179104974e-05,2.3635e-05
~,0,<method 'isalnum' of 'str' objects>,13,13,1.5588e-05,1.0046022333731878e-05,1.5588e-05
/home/runner/work/_temp/scanner-verification-il7_c53e/first_hybrid/tiktok_worker_scanner.py,3316,_control,3,3,1.5510000000000002e-05,9.995753553770942e-06,4.9002e-05
/opt/hostedtoolcache/Python/3.11.16/x64/lib/python3.11/platform.py,753,from_subprocess,1,1,1.5448000000000002e-05,9.955796318417377e-06,0.001188156
/opt/hostedtoolcache/Python/3.11.16/x64/lib/python3.11/functools.py,981,__get__,1,1,1.5439000000000002e-05,9.94999607457573e-06,0.001226758
/home/runner/work/_temp/scanner-verification-il7_c53e/first_hybrid/scan_runtime.py,127,__aexit__,2,2,1.5241e-05,9.822390710059504e-06,0.00033744
/opt/hostedtoolcache/Python/3.11.16/x64/lib/python3.11/signal.py,56,signal,2,2,1.5228e-05,9.814012580066015e-06,3.9193e-05
<frozen abc>,146,update_abstractmethods,7,7,1.5189000000000001e-05,9.788878190085547e-06,2.3594e-05
/opt/hostedtoolcache/Python/3.11.16/x64/lib/python3.11/statistics.py,1170,NormalDist,1,1,1.5188000000000001e-05,9.788233718547586e-06,1.5188000000000001e-05
~,0,<built-in method _abc._abc_register>,5,5,1.5188000000000001e-05,9.788233718547586e-06,0.000119783
~,0,<method 'rsplit' of 'str' objects>,6,6,1.5138000000000001e-05,9.756010141649549e-06,1.5138000000000001e-05
/opt/hostedtoolcache/Python/3.11.16/x64/lib/python3.11/functools.py,732,_compose_mro,1,1,1.5089e-05,9.724431036289474e-06,0.00024593900000000003
/opt/hostedtoolcache/Python/3.11.16/x64/lib/python3.11/site-packages/certifi/core.py,1,<module>,1,1,1.5048e-05,9.698007703233084e-06,0.005246517
/opt/hostedtoolcache/Python/3.11.16/x64/lib/python3.11/inspect.py,3015,parameters,15,15,1.5007e-05,9.671584370176693e-06,1.5007e-05
/home/runner/work/_temp/scanner-verification-il7_c53e/first_hybrid/tiktok_worker_scanner.py,1540,<genexpr>,5,5,1.4917000000000001e-05,9.613581931760229e-06,2.0428e-05
/opt/hostedtoolcache/Python/3.11.16/x64/lib/python3.11/site-packages/httpx/_models.py,328,__delitem__,2,2,1.4859000000000001e-05,9.576202582558506e-06,3.6629000000000005e-05
/opt/hostedtoolcache/Python/3.11.16/x64/lib/python3.11/http/client.py,258,HTTPResponse,1,1,1.4838000000000001e-05,9.56266868026133e-06,1.4838000000000001e-05
/opt/hostedtoolcache/Python/3.11.16/x64/lib/python3.11/enum.py,1008,_find_new_,2,2,1.4765e-05,9.515622257990196e-06,3.0927000000000004e-05
/opt/hostedtoolcache/Python/3.11.16/x64/lib/python3.11/unittest/mock.py,1119,__call__,1,1,1.4626e-05,9.426040714213655e-06,0.002337861
/opt/hostedtoolcache/Python/3.11.16/x64/lib/python3.11/zipfile.py,1246,ZipFile,1,1,1.4527000000000002e-05,9.362238031955543e-06,1.609e-05
/opt/hostedtoolcache/Python/3.11.16/x64/lib/python3.11/asyncio/locks.py,167,__init__,8,8,1.4504e-05,9.347415186582446e-06,1.4504e-05
/opt/hostedtoolcache/Python/3.11.16/x64/lib/python3.11/statistics.py,414,mean,1,1,1.4497e-05,9.34290388581672e-06,0.017449068
/opt/hostedtoolcache/Python/3.11.16/x64/lib/python3.11/argparse.py,2243,_parse_optional,12,12,1.4488000000000001e-05,9.337103641975074e-06,1.4488000000000001e-05
/opt/hostedtoolcache/Python/3.11.16/x64/lib/python3.11/unittest/mock.py,2107,__init__,1,1,1.4479000000000001e-05,9.331303398133429e-06,0.001451147
/opt/hostedtoolcache/Python/3.11.16/x64/lib/python3.11/threading.py,280,_release_save,7,7,1.4469000000000002e-05,9.32485868275382e-06,2.071e-05
<frozen os>,773,getenv,5,5,1.4386e-05,9.27136754510308e-06,7.7013e-05
/opt/hostedtoolcache/Python/3.11.16/x64/lib/python3.11/platform.py,796,__iter__,1,1,1.4326000000000001e-05,9.232699252825436e-06,0.0012410840000000002
/opt/hostedtoolcache/Python/3.11.16/x64/lib/python3.11/urllib/error.py,35,HTTPError,1,1,1.4307e-05,9.220454293604181e-06,1.5910000000000002e-05
/opt/hostedtoolcache/Python/3.11.16/x64/lib/python3.11/inspect.py,310,ismethoddescriptor,7,7,1.4240000000000001e-05,9.177274700560813e-06,3.1729e-05
/opt/hostedtoolcache/Python/3.11.16/x64/lib/python3.11/logging/__init__.py,202,_checkLevel,7,7,1.4226e-05,9.168252099029361e-06,1.9838000000000002e-05
/opt/hostedtoolcache/Python/3.11.16/x64/lib/python3.11/enum.py,1367,_iter_member_by_def_,6,6,1.4176000000000001e-05,9.136028522131326e-06,7.0701e-05
~,0,<built-in method posix.waitpid>,1,1,1.4136000000000002e-05,9.110249660612897e-06,1.4136000000000002e-05
/opt/hostedtoolcache/Python/3.11.16/x64/lib/python3.11/asyncio/selector_events.py,86,close,1,1,1.4015e-05,9.032268604519648e-06,0.000140832
/opt/hostedtoolcache/Python/3.11.16/x64/lib/python3.11/argparse.py,206,__init__,11,11,1.3947e-05,8.988444539938319e-06,1.3947e-05
/opt/hostedtoolcache/Python/3.11.16/x64/lib/python3.11/tempfile.py,154,__next__,1,1,1.3946000000000002e-05,8.987800068400359e-06,0.00010803200000000001
/opt/hostedtoolcache/Python/3.11.16/x64/lib/python3.11/dataclasses.py,1052,<listcomp>,7,7,1.3896e-05,8.95557649150232e-06,1.3896e-05
<frozen io>,61,__getattr__,5,5,1.3835e-05,8.916263727686717e-06,1.3835e-05
/opt/hostedtoolcache/Python/3.11.16/x64/lib/python3.11/platform.py,543,_platform,1,1,1.3776000000000002e-05,8.878239906947034e-06,4.7108000000000004e-05
/opt/hostedtoolcache/Python/3.11.16/x64/lib/python3.11/asyncio/selector_events.py,97,_close_self_pipe,1,1,1.3736e-05,8.852461045428603e-06,9.841300000000001e-05
/opt/hostedtoolcache/Python/3.11.16/x64/lib/python3.11/encodings/utf_8_sig.py,1,<module>,1,1,1.3716e-05,8.839571614669389e-06,8.989700000000001e-05
/opt/hostedtoolcache/Python/3.11.16/x64/lib/python3.11/inspect.py,505,isbuiltin,7,7,1.3559e-05,8.738389583209554e-06,1.9608000000000003e-05
~,0,<built-in method sys.getrecursionlimit>,14,14,1.3513000000000001e-05,8.708743892463362e-06,1.3513000000000001e-05
/opt/hostedtoolcache/Python/3.11.16/x64/lib/python3.11/http/cookiejar.py,874,DefaultCookiePolicy,1,1,1.3425000000000001e-05,8.652030397122817e-06,1.3425000000000001e-05
/opt/hostedtoolcache/Python/3.11.16/x64/lib/python3.11/enum.py,772,__getattr__,3,3,1.3416000000000002e-05,8.64623015328117e-06,2.3284000000000003e-05
~,0,<built-in method _struct.calcsize>,5,5,1.3336e-05,8.594672430244312e-06,1.3336e-05
/home/runner/work/_temp/scanner-verification-il7_c53e/first_hybrid/hybrid_backend.py,436,create_client,1,1,1.3274e-05,8.554715194890747e-06,0.002199723
/opt/hostedtoolcache/Python/3.11.16/x64/lib/python3.11/site-packages/httpx/_models.py,139,Headers,1,1,1.3265000000000001e-05,8.548914951049098e-06,1.4748e-05
/opt/hostedtoolcache/Python/3.11.16/x64/lib/python3.11/http/cookiejar.py,92,<listcomp>,1,1,1.3135e-05,8.465133651114204e-06,2.3163e-05
/opt/hostedtoolcache/Python/3.11.16/x64/lib/python3.11/inspect.py,3019,return_annotation,14,14,1.3123000000000001e-05,8.457399992658677e-06,1.3123000000000001e-05
/opt/hostedtoolcache/Python/3.11.16/x64/lib/python3.11/contextlib.py,521,callback,2,2,1.3107e-05,8.447088448051303e-06,2.3054e-05
/opt/hostedtoolcache/Python/3.11.16/x64/lib/python3.11/asyncio/runners.py,131,_lazy_init,2,2,1.3084e-05,8.432265602678208e-06,0.00040959400000000005
/opt/hostedtoolcache/Python/3.11.16/x64/lib/python3.11/random.py,480,choices,1,1,1.3054e-05,8.412931456539385e-06,5.0214000000000004e-05
/opt/hostedtoolcache/Python/3.11.16/x64/lib/python3.11/pathlib.py,304,__init__,2,4,1.3015000000000002e-05,8.387797066558917e-06,0.001281381
/home/runner/work/_temp/scanner-verification-il7_c53e/first_hybrid/tiktok_worker_scanner.py,1242,summary,1,1,1.3014000000000001e-05,8.387152595020956e-06,3.0878000000000005e-05
<frozen abc>,110,register,5,5,1.2916000000000001e-05,8.323994384300805e-06,0.000132699
/opt/hostedtoolcache/Python/3.11.16/x64/lib/python3.11/threading.py,562,__init__,3,3,1.2902000000000001e-05,8.314971782769354e-06,3.4514e-05
~,0,<built-in method builtins.globals>,15,15,1.2896000000000002e-05,8.31110495354159e-06,1.2896000000000002e-05
/opt/hostedtoolcache/Python/3.11.16/x64/lib/python3.11/subprocess.py,2021,_wait,2,2,1.2874e-05,8.296926579706455e-06,4.0936e-05
/opt/hostedtoolcache/Python/3.11.16/x64/lib/python3.11/dataclasses.py,397,<genexpr>,7,7,1.2863e-05,8.289837392788886e-06,1.2863e-05
/opt/hostedtoolcache/Python/3.11.16/x64/lib/python3.11/dataclasses.py,1046,<listcomp>,7,7,1.2855000000000001e-05,8.2846816204852e-06,1.2855000000000001e-05
/opt/hostedtoolcache/Python/3.11.16/x64/lib/python3.11/functools.py,852,register,2,2,1.2834000000000001e-05,8.271147718188024e-06,4.7429e-05
/opt/hostedtoolcache/Python/3.11.16/x64/lib/python3.11/inspect.py,3197,bind_partial,1,1,1.2815e-05,8.258902758966771e-06,0.00017219200000000002
/opt/hostedtoolcache/Python/3.11.16/x64/lib/python3.11/signal.py,36,_enum_to_int,4,4,1.2814000000000001e-05,8.25825828742881e-06,1.2814000000000001e-05
/opt/hostedtoolcache/Python/3.11.16/x64/lib/python3.11/dataclasses.py,346,__init__,7,7,1.2785e-05,8.239568612827948e-06,1.2785e-05
/opt/hostedtoolcache/Python/3.11.16/x64/lib/python3.11/http/client.py,108,<dictcomp>,1,1,1.2714e-05,8.193811133632737e-06,1.2714e-05
/opt/hostedtoolcache/Python/3.11.16/x64/lib/python3.11/functools.py,818,dispatch,1,1,1.2654000000000001e-05,8.155142841355093e-06,0.000277087
/opt/hostedtoolcache/Python/3.11.16/x64/lib/python3.11/selectors.py,180,get_key,2,2,1.2613000000000001e-05,8.128719508298703e-06,4.5444e-05
/opt/hostedtoolcache/Python/3.11.16/x64/lib/python3.11/unittest/mock.py,1176,_execute_mock_call,1,1,1.2583000000000001e-05,8.109385362159882e-06,0.0022365320000000003
/opt/hostedtoolcache/Python/3.11.16/x64/lib/python3.11/pathlib.py,1141,unlink,2,2,1.2583000000000001e-05,8.109385362159882e-06,6.296700000000001e-05
~,0,<built-in method sys._getframe>,12,12,1.2575e-05,8.104229589856196e-06,1.2575e-05
/opt/hostedtoolcache/Python/3.11.16/x64/lib/python3.11/unittest/mock.py,1571,__exit__,1,1,1.2543e-05,8.083606500641452e-06,2.7632000000000002e-05
/opt/hostedtoolcache/Python/3.11.16/x64/lib/python3.11/dataclasses.py,327,__set_name__,5,5,1.2543e-05,8.083606500641452e-06,2.091e-05
/opt/hostedtoolcache/Python/3.11.16/x64/lib/python3.11/argparse.py,1475,add_argument_group,2,2,1.2523e-05,8.070717069882236e-06,0.000159507
/home/runner/work/_temp/scanner-verification-il7_c53e/first_hybrid/backend_metrics.py,1,<module>,1,1,1.2514e-05,8.064916826040591e-06,7.8847e-05
/opt/hostedtoolcache/Python/3.11.16/x64/lib/python3.11/signal.py,62,getsignal,2,2,1.2393000000000001e-05,7.986935769947342e-06,2.2392000000000002e-05
/opt/hostedtoolcache/Python/3.11.16/x64/lib/python3.11/pathlib.py,349,__init__,2,2,1.2311000000000001e-05,7.934089103834563e-06,0.0012576150000000001
/opt/hostedtoolcache/Python/3.11.16/x64/lib/python3.11/functools.py,800,singledispatch,1,1,1.2153e-05,7.832262600836767e-06,4.2730000000000006e-05
<frozen posixpath>,150,dirname,2,2,1.2101000000000002e-05,7.798750080862809e-06,2.3474000000000003e-05
/opt/hostedtoolcache/Python/3.11.16/x64/lib/python3.11/uuid.py,85,UUID,1,1,1.2091e-05,7.7923053654832e-06,1.3725000000000002e-05
~,0,<method 'items' of 'mappingproxy' objects>,11,11,1.2081e-05,7.785860650103593e-06,1.2081e-05
/opt/hostedtoolcache/Python/3.11.16/x64/lib/python3.11/unittest/mock.py,436,__init__,1,1,1.2054e-05,7.768459918578654e-06,0.0009967700000000001
/opt/hostedtoolcache/Python/3.11.16/x64/lib/python3.11/functools.py,774,_find_impl,1,1,1.2033000000000002e-05,7.75492601628148e-06,0.00026005500000000003
/opt/hostedtoolcache/Python/3.11.16/x64/lib/python3.11/site-packages/httpx/_client.py,234,_enforce_trailing_slash,1,1,1.1963e-05,7.709813008624228e-06,1.7924e-05
<frozen _collections_abc>,907,pop,2,2,1.1921000000000002e-05,7.682745204029878e-06,8.5469e-05
/opt/hostedtoolcache/Python/3.11.16/x64/lib/python3.11/argparse.py,958,__call__,6,6,1.1882e-05,7.65761081404941e-06,1.7984000000000003e-05
/opt/hostedtoolcache/Python/3.11.16/x64/lib/python3.11/site-packages/httpx/_urls.py,420,QueryParams,1,1,1.1871e-05,7.65052162713184e-06,1.1871e-05
/opt/hostedtoolcache/Python/3.11.16/x64/lib/python3.11/subprocess.py,1165,communicate,1,1,1.1802000000000002e-05,7.606053091012551e-06,9.3614e-05
/opt/hostedtoolcache/Python/3.11.16/x64/lib/python3.11/site-packages/httpx/_utils.py,120,URLPattern,1,1,1.1722e-05,7.5544953679756906e-06,1.1722e-05
/opt/hostedtoolcache/Python/3.11.16/x64/lib/python3.11/dataclasses.py,845,_hash_add,2,2,1.1713000000000001e-05,7.5486951241340454e-06,0.00019488300000000002
/opt/hostedtoolcache/Python/3.11.16/x64/lib/python3.11/site-packages/httpx/_models.py,1079,Cookies,1,1,1.1602e-05,7.477158783420403e-06,4.4553000000000005e-05
/opt/hostedtoolcache/Python/3.11.16/x64/lib/python3.11/importlib/resources/abc.py,14,ResourceReader,1,1,1.1591000000000001e-05,7.470069596502836e-06,0.00012284900000000002
/opt/hostedtoolcache/Python/3.11.16/x64/lib/python3.11/random.py,103,Random,1,1,1.1521e-05,7.424956588845584e-06,1.1521e-05
/opt/hostedtoolcache/Python/3.11.16/x64/lib/python3.11/selectors.py,215,_fileobj_lookup,4,4,1.1503000000000002e-05,7.413356101162292e-06,2.3985e-05
/opt/hostedtoolcache/Python/3.11.16/x64/lib/python3.11/importlib/resources/_adapters.py,146,_reader,1,1,1.1501e-05,7.41206715808637e-06,0.006888602000000001
<frozen _collections_abc>,156,__subclasshook__,4,4,1.1422e-05,7.361153906587471e-06,2.3904e-05
/opt/hostedtoolcache/Python/3.11.16/x64/lib/python3.11/platform.py,549,<genexpr>,6,6,1.1241000000000001e-05,7.24450455821658e-06,1.5259e-05
/opt/hostedtoolcache/Python/3.11.16/x64/lib/python3.11/threading.py,429,__init__,2,2,1.1212e-05,7.2258148836157195e-06,2.6981e-05
~,0,<method 'locked' of '_thread.lock' objects>,11,11,1.1200000000000001e-05,7.21808122516019e-06,1.1200000000000001e-05
~,0,<built-in method builtins.dir>,1,1,1.1171e-05,7.199391550559328e-06,1.1171e-05
/opt/hostedtoolcache/Python/3.11.16/x64/lib/python3.11/email/_policybase.py,112,Policy,1,1,1.1132000000000001e-05,7.174257160578861e-06,1.7212e-05
/opt/hostedtoolcache/Python/3.11.16/x64/lib/python3.11/calendar.py,54,<listcomp>,1,1,1.1061000000000001e-05,7.128499681383648e-06,1.1061000000000001e-05
/opt/hostedtoolcache/Python/3.11.16/x64/lib/python3.11/selectors.py,69,__getitem__,2,2,1.1061000000000001e-05,7.128499681383648e-06,2.8032000000000002e-05
/opt/hostedtoolcache/Python/3.11.16/x64/lib/python3.11/__future__.py,83,__init__,10,10,1.0870000000000001e-05,7.005405617633149e-06,1.0870000000000001e-05
/opt/hostedtoolcache/Python/3.11.16/x64/lib/python3.11/subprocess.py,1259,wait,2,2,1.0870000000000001e-05,7.005405617633149e-06,5.1806000000000005e-05
~,0,<built-in method sys.set_asyncgen_hooks>,6,6,1.0791e-05,6.954492366134251e-06,1.0791e-05
/opt/hostedtoolcache/Python/3.11.16/x64/lib/python3.11/selectors.py,347,__init__,1,1,1.0751000000000001e-05,6.928713504615821e-06,1.7032000000000002e-05
/opt/hostedtoolcache/Python/3.11.16/x64/lib/python3.11/asyncio/selector_events.py,281,_remove_reader,1,1,1.0650000000000001e-05,6.8636218792817885e-06,5.3259000000000006e-05
/opt/hostedtoolcache/Python/3.11.16/x64/lib/python3.11/unittest/mock.py,2486,__new__,2,2,1.062e-05,6.844287733142966e-06,1.5749e-05
/opt/hostedtoolcache/Python/3.11.16/x64/lib/python3.11/site-packages/httpx/_models.py,334,<listcomp>,2,2,1.0599000000000001e-05,6.830753830845791e-06,1.645e-05
/home/runner/work/_temp/scanner-verification-il7_c53e/final/tests/benchmark_hybrid.py,183,<dictcomp>,1,1,1.0551000000000001e-05,6.799819197023676e-06,1.8104e-05
/opt/hostedtoolcache/Python/3.11.16/x64/lib/python3.11/datetime.py,2293,timezone,1,1,1.054e-05,6.7927300101061066e-06,0.000120996
<frozen os>,760,decode,4,4,1.0498e-05,6.7656622055117564e-06,1.5749e-05
/opt/hostedtoolcache/Python/3.11.16/x64/lib/python3.11/typing.py,2076,<genexpr>,10,10,1.0488e-05,6.759217490132149e-06,1.0488e-05
/opt/hostedtoolcache/Python/3.11.16/x64/lib/python3.11/weakref.py,427,__setitem__,4,4,1.0469000000000001e-05,6.746972530910896e-06,1.0469000000000001e-05
/opt/hostedtoolcache/Python/3.11.16/x64/lib/python3.11/site-packages/httpx/_main.py,1,<module>,1,1,1.0419000000000001e-05,6.714748954012859e-06,0.0006613330000000001
/opt/hostedtoolcache/Python/3.11.16/x64/lib/python3.11/pathlib.py,1046,read_bytes,1,1,1.0411e-05,6.709593181709173e-06,8.289500000000001e-05
/opt/hostedtoolcache/Python/3.11.16/x64/lib/python3.11/email/_parseaddr.py,1,<module>,1,1,1.0279000000000001e-05,6.624522938698356e-06,0.001294444
<frozen importlib._bootstrap_external>,579,_calc_mode,3,3,1.025e-05,6.605833264097495e-06,5.5193000000000005e-05
/opt/hostedtoolcache/Python/3.11.16/x64/lib/python3.11/datetime.py,923,__new__,2,2,1.0248e-05,6.604544321021574e-06,3.2981e-05
/opt/hostedtoolcache/Python/3.11.16/x64/lib/python3.11/pathlib.py,1070,write_text,1,1,1.023e-05,6.5929438333382805e-06,0.00013053400000000002
/opt/hostedtoolcache/Python/3.11.16/x64/lib/python3.11/pathlib.py,380,__init__,2,2,1.0198000000000001e-05,6.572320744123538e-06,0.0012915790000000002
/opt/hostedtoolcache/Python/3.11.16/x64/lib/python3.11/http/cookiejar.py,1261,__init__,1,1,1.0188000000000001e-05,6.5658760287439295e-06,1.7022e-05
/opt/hostedtoolcache/Python/3.11.16/x64/lib/python3.11/asyncio/events.py,803,set_event_loop,2,2,1.0188000000000001e-05,6.5658760287439295e-06,3.0036000000000002e-05
/opt/hostedtoolcache/Python/3.11.16/x64/lib/python3.11/pathlib.py,313,select_from,2,2,1.0169e-05,6.553631069522675e-06,6.3458e-05
/opt/hostedtoolcache/Python/3.11.16/x64/lib/python3.11/threading.py,1324,_make_invoke_excepthook,3,3,1.0039e-05,6.469849769587781e-06,1.0039e-05
/opt/hostedtoolcache/Python/3.11.16/x64/lib/python3.11/site-packages/httpx/_client.py,305,headers,1,1,9.989e-06,6.437626192689744e-06,0.00033353200000000005
<frozen codecs>,94,__new__,2,2,9.988e-06,6.436981721151783e-06,1.2903000000000002e-05
/opt/hostedtoolcache/Python/3.11.16/x64/lib/python3.11/threading.py,1206,daemon,6,6,9.909000000000001e-06,6.386068469652886e-06,9.909000000000001e-06
/opt/hostedtoolcache/Python/3.11.16/x64/lib/python3.11/unittest/mock.py,1620,_patch_object,1,1,9.907e-06,6.384779526576964e-06,2.7701e-05
/opt/hostedtoolcache/Python/3.11.16/x64/lib/python3.11/urllib/error.py,1,<module>,1,1,9.899000000000001e-06,6.379623754273279e-06,0.000660131
~,0,<method 'to_bytes' of 'int' objects>,9,9,9.867e-06,6.359000665058535e-06,9.867e-06
/opt/hostedtoolcache/Python/3.11.16/x64/lib/python3.11/typing.py,1049,<genexpr>,9,9,9.726000000000001e-06,6.268130178206072e-06,9.726000000000001e-06
/opt/hostedtoolcache/Python/3.11.16/x64/lib/python3.11/argparse.py,2105,<listcomp>,6,6,9.679e-06,6.237840015921917e-06,9.679e-06
/opt/hostedtoolcache/Python/3.11.16/x64/lib/python3.11/asyncio/unix_events.py,67,close,1,1,9.599e-06,6.186282292885059e-06,0.000153186
/opt/hostedtoolcache/Python/3.11.16/x64/lib/python3.11/site-packages/httpx/_client.py,1978,aclose,1,1,9.558e-06,6.159858959828669e-06,1.1541e-05
~,0,<built-in method _asyncio._set_running_loop>,6,6,9.549000000000001e-06,6.154058715987023e-06,9.549000000000001e-06
/home/runner/work/_temp/scanner-verification-il7_c53e/first_hybrid/tiktok_worker_scanner.py,3240,DurableScanState,1,1,9.538e-06,6.146969529069455e-06,9.538e-06
/opt/hostedtoolcache/Python/3.11.16/x64/lib/python3.11/datetime.py,1311,time,1,1,9.477000000000001e-06,6.1076567652538504e-06,9.477000000000001e-06
/opt/hostedtoolcache/Python/3.11.16/x64/lib/python3.11/unittest/mock.py,150,_callable,2,2,9.467000000000001e-06,6.101212049874242e-06,1.554e-05
/opt/hostedtoolcache/Python/3.11.16/x64/lib/python3.11/enum.py,117,_iter_bits_lsb,6,6,9.455e-06,6.093478391418714e-06,1.1579e-05
/opt/hostedtoolcache/Python/3.11.16/x64/lib/python3.11/unittest/mock.py,1280,__init__,1,1,9.428e-06,6.076077659893774e-06,1.7794000000000003e-05
/opt/hostedtoolcache/Python/3.11.16/x64/lib/python3.11/hashlib.py,82,__get_builtin_constructor,2,2,9.386000000000001e-06,6.049009855299424e-06,0.0005520190000000001
/opt/hostedtoolcache/Python/3.11.16/x64/lib/python3.11/importlib/readers.py,1,<module>,1,1,9.379000000000001e-06,6.0444985545336985e-06,0.006265189
/opt/hostedtoolcache/Python/3.11.16/x64/lib/python3.11/bisect.py,1,<module>,1,1,9.277000000000001e-06,5.978762457661705e-06,0.0006092960000000001
/opt/hostedtoolcache/Python/3.11.16/x64/lib/python3.11/asyncio/base_events.py,697,is_running,9,9,9.226000000000001e-06,5.945894409225707e-06,9.226000000000001e-06
<frozen os>,1081,__subclasshook__,3,3,9.216000000000001e-06,5.9394496938460995e-06,1.8404000000000002e-05
/home/runner/work/_temp/scanner-verification-il7_c53e/first_hybrid/report_generator.py,206,<dictcomp>,1,1,9.206000000000001e-06,5.933004978466492e-06,9.206000000000001e-06
/opt/hostedtoolcache/Python/3.11.16/x64/lib/python3.11/unittest/mock.py,53,_is_async_obj,1,1,9.206000000000001e-06,5.933004978466492e-06,9.0649e-05
/opt/hostedtoolcache/Python/3.11.16/x64/lib/python3.11/weakref.py,104,__init__,1,1,9.136e-06,5.88789197080924e-06,1.8484e-05
/opt/hostedtoolcache/Python/3.11.16/x64/lib/python3.11/weakref.py,367,__init__,2,2,9.116000000000002e-06,5.8750025400500274e-06,9.116000000000002e-06
/opt/hostedtoolcache/Python/3.11.16/x64/lib/python3.11/gettext.py,616,gettext,3,3,9.087000000000001e-06,5.856312865449165e-06,0.0007903750000000001
/home/runner/work/_temp/scanner-verification-il7_c53e/first_hybrid/tiktok_worker_scanner.py,1536,<listcomp>,1,1,9.037e-06,5.824089288551128e-06,0.000298266
/opt/hostedtoolcache/Python/3.11.16/x64/lib/python3.11/selectors.py,21,_fileobj_to_fd,4,4,9.006e-06,5.804110670874345e-06,1.2482e-05
/opt/hostedtoolcache/Python/3.11.16/x64/lib/python3.11/selectors.py,351,register,1,1,8.996e-06,5.797665955494737e-06,3.0497000000000003e-05
/opt/hostedtoolcache/Python/3.11.16/x64/lib/python3.11/statistics.py,333,_convert,1,1,8.967e-06,5.778976280893877e-06,1.599e-05
/home/runner/work/_temp/scanner-verification-il7_c53e/first_hybrid/tiktok_worker_scanner.py,1082,__init__,2,2,8.867e-06,5.714529127097804e-06,1.4848e-05
~,0,<built-in method _hashlib.openssl_md5>,1,1,8.717e-06,5.617858396403694e-06,8.717e-06
/opt/hostedtoolcache/Python/3.11.16/x64/lib/python3.11/re/_parser.py,903,_parse_flags,2,2,8.716000000000001e-06,5.617213924865733e-06,1.5148000000000001e-05
/opt/hostedtoolcache/Python/3.11.16/x64/lib/python3.11/asyncio/unix_events.py,1440,set_event_loop,2,2,8.686000000000001e-06,5.597879778726911e-06,1.7603e-05
~,0,<built-in method maketrans>,2,2,8.636e-06,5.565656201828874e-06,8.636e-06
/opt/hostedtoolcache/Python/3.11.16/x64/lib/python3.11/tempfile.py,143,rng,1,1,8.617e-06,5.553411242607621e-06,4.282e-05
/opt/hostedtoolcache/Python/3.11.16/x64/lib/python3.11/platform.py,914,system,1,1,8.597000000000001e-06,5.540521811848407e-06,4.5886e-05
/home/runner/work/_temp/scanner-verification-il7_c53e/first_hybrid/tiktok_worker_scanner.py,1079,CredentialRedactor,1,1,8.576e-06,5.526987909551231e-06,0.0012383700000000001
/home/runner/work/_temp/scanner-verification-il7_c53e/first_hybrid/tiktok_worker_scanner.py,1253,AsyncRequestGate,1,1,8.565e-06,5.519898722633663e-06,4.1547e-05
/opt/hostedtoolcache/Python/3.11.16/x64/lib/python3.11/site-packages/httpx/_auth.py,175,DigestAuth,1,1,8.546000000000001e-06,5.507653763412409e-06,8.546000000000001e-06
/opt/hostedtoolcache/Python/3.11.16/x64/lib/python3.11/queue.py,28,Queue,1,1,8.516000000000001e-06,5.488319617273587e-06,8.516000000000001e-06
/opt/hostedtoolcache/Python/3.11.16/x64/lib/python3.11/site-packages/httpx/_client.py,125,ClientState,1,1,8.507e-06,5.4825193734319405e-06,0.000175307
/opt/hostedtoolcache/Python/3.11.16/x64/lib/python3.11/uuid.py,721,uuid4,1,1,8.505e-06,5.48123043035602e-06,3.0216000000000003e-05
/opt/hostedtoolcache/Python/3.11.16/x64/lib/python3.11/concurrent/futures/__init__.py,40,__getattr__,1,1,8.475000000000001e-06,5.461896284217197e-06,0.002259414
/home/runner/work/_temp/scanner-verification-il7_c53e/first_hybrid/scan_statistics.py,13,ScanStatistics,1,1,8.466e-06,5.45609604037555e-06,8.466e-06
/opt/hostedtoolcache/Python/3.11.16/x64/lib/python3.11/functools.py,841,_is_union_type,1,1,8.455000000000001e-06,5.449006853457983e-06,1.6591e-05
/opt/hostedtoolcache/Python/3.11.16/x64/lib/python3.11/urllib/response.py,1,<module>,1,1,8.425e-06,5.4296727073191595e-06,7.3457e-05
/opt/hostedtoolcache/Python/3.11.16/x64/lib/python3.11/email/base64mime.py,1,<module>,1,1,8.425e-06,5.4296727073191595e-06,8.425e-06
/opt/hostedtoolcache/Python/3.11.16/x64/lib/python3.11/asyncio/base_events.py,1939,_set_coroutine_origin_tracking,6,6,8.396e-06,5.410983032718299e-06,8.396e-06
/opt/hostedtoolcache/Python/3.11.16/x64/lib/python3.11/tempfile.py,86,_infer_return_type,1,1,8.376e-06,5.398093601959085e-06,6.9991e-05
/opt/hostedtoolcache/Python/3.11.16/x64/lib/python3.11/unittest/mock.py,68,_is_instance_mock,4,4,8.375e-06,5.397449130421124e-06,1.2072e-05
/opt/hostedtoolcache/Python/3.11.16/x64/lib/python3.11/platform.py,736,get,1,1,8.346000000000001e-06,5.378759455820263e-06,0.001198946
/opt/hostedtoolcache/Python/3.11.16/x64/lib/python3.11/dataclasses.py,638,_hash_fn,2,2,8.286e-06,5.340091163542619e-06,0.000172491
/home/runner/work/_temp/scanner-verification-il7_c53e/first_hybrid/tiktok_worker_scanner.py,1438,WorkerApiClient,1,1,8.256e-06,5.320757017403797e-06,8.256e-06
/opt/hostedtoolcache/Python/3.11.16/x64/lib/python3.11/signal.py,24,_int_to_enum,4,4,8.246e-06,5.31431230202419e-06,1.3285e-05
/home/runner/work/_temp/scanner-verification-il7_c53e/first_hybrid/tiktok_worker_scanner.py,199,ListExportResult,1,1,8.224000000000001e-06,5.300133928189054e-06,1.3244e-05
/opt/hostedtoolcache/Python/3.11.16/x64/lib/python3.11/email/_policybase.py,279,Compat32,1,1,8.195e-06,5.281444253588193e-06,8.195e-06
/opt/hostedtoolcache/Python/3.11.16/x64/lib/python3.11/email/encoders.py,1,<module>,1,1,8.176000000000001e-06,5.269199294366939e-06,0.0007714200000000001
/opt/hostedtoolcache/Python/3.11.16/x64/lib/python3.11/warnings.py,182,_add_filter,1,1,8.176000000000001e-06,5.269199294366939e-06,1.2123e-05
/home/runner/work/_temp/scanner-verification-il7_c53e/final/tests/benchmark_hybrid.py,108,factory,1,1,8.065e-06,5.197662953653297e-06,0.00220893
/opt/hostedtoolcache/Python/3.11.16/x64/lib/python3.11/platform.py,792,processor,1,1,7.995e-06,5.152549945996047e-06,0.0012084840000000001
/opt/hostedtoolcache/Python/3.11.16/x64/lib/python3.11/socket.py,495,_real_close,2,2,7.985e-06,5.146105230616439e-06,2.3795000000000002e-05
/opt/hostedtoolcache/Python/3.11.16/x64/lib/python3.11/enum.py,360,__init__,2,2,7.964e-06,5.132571328319264e-06,7.964e-06
/opt/hostedtoolcache/Python/3.11.16/x64/lib/python3.11/zipfile.py,2358,Path,1,1,7.955000000000001e-06,5.126771084477617e-06,7.955000000000001e-06
/opt/hostedtoolcache/Python/3.11.16/x64/lib/python3.11/argparse.py,1603,_get_handler,3,3,7.953e-06,5.125482141401695e-06,1.2562000000000001e-05
~,0,<method 'seek' of '_io.BufferedReader' objects>,4,4,7.924e-06,5.1067924668008344e-06,7.924e-06
/opt/hostedtoolcache/Python/3.11.16/x64/lib/python3.11/asyncio/events.py,686,set_event_loop,2,2,7.915000000000001e-06,5.100992222959188e-06,8.917000000000001e-06
/home/runner/work/_temp/scanner-verification-il7_c53e/first_hybrid/tiktok_worker_scanner.py,1938,__init__,2,2,7.875e-06,5.0752133614407585e-06,1.4587000000000001e-05
/opt/hostedtoolcache/Python/3.11.16/x64/lib/python3.11/socket.py,220,__init__,2,2,7.875e-06,5.0752133614407585e-06,7.875e-06
/opt/hostedtoolcache/Python/3.11.16/x64/lib/python3.11/fractions.py,500,_div,1,1,7.874000000000001e-06,5.074568889902799e-06,1.5349e-05
/opt/hostedtoolcache/Python/3.11.16/x64/lib/python3.11/tempfile.py,230,_get_candidate_names,1,1,7.865e-06,5.06876864606115e-06,1.045e-05
/opt/hostedtoolcache/Python/3.11.16/x64/lib/python3.11/email/iterators.py,1,<module>,1,1,7.854e-06,5.0616794591435826e-06,1.0469000000000001e-05
/opt/hostedtoolcache/Python/3.11.16/x64/lib/python3.11/asyncio/base_events.py,664,close,1,1,7.815e-06,5.036545069163115e-06,1.079e-05
/opt/hostedtoolcache/Python/3.11.16/x64/lib/python3.11/datetime.py,573,timedelta,1,1,7.795e-06,5.0236556384039e-06,7.795e-06
/opt/hostedtoolcache/Python/3.11.16/x64/lib/python3.11/sqlite3/dbapi2.py,54,register_adapters_and_converters,1,1,7.775000000000001e-06,5.0107662076446855e-06,1.3926e-05
/opt/hostedtoolcache/Python/3.11.16/x64/lib/python3.11/importlib/resources/_common.py,59,from_package,1,1,7.704000000000001e-06,4.965008728449474e-06,0.006918458000000001
/opt/hostedtoolcache/Python/3.11.16/x64/lib/python3.11/logging/__init__.py,795,__init__,7,7,7.704000000000001e-06,4.965008728449474e-06,7.704000000000001e-06
/opt/hostedtoolcache/Python/3.11.16/x64/lib/python3.11/encodings/utf_8_sig.py,121,getregentry,1,1,7.685e-06,4.952763769228219e-06,1.4627e-05
<frozen importlib._bootstrap_external>,1136,get_resource_reader,1,1,7.683e-06,4.951474826152298e-06,0.006869165000000001
/opt/hostedtoolcache/Python/3.11.16/x64/lib/python3.11/warnings.py,467,__enter__,1,1,7.605000000000001e-06,4.9012060461913616e-06,8.827e-06
/opt/hostedtoolcache/Python/3.11.16/x64/lib/python3.11/site-packages/certifi/__init__.py,1,<module>,1,1,7.593000000000001e-06,4.8934723877358325e-06,0.005924231
/opt/hostedtoolcache/Python/3.11.16/x64/lib/python3.11/threading.py,575,is_set,6,6,7.583e-06,4.887027672356225e-06,7.583e-06
/opt/hostedtoolcache/Python/3.11.16/x64/lib/python3.11/datetime.py,2313,_create,3,3,7.544e-06,4.8618932823757565e-06,1.0269000000000001e-05
/home/runner/work/_temp/scanner-verification-il7_c53e/first_hybrid/tiktok_worker_scanner.py,3329,close,1,1,7.474000000000001e-06,4.8167802747185054e-06,0.003432121
/opt/hostedtoolcache/Python/3.11.16/x64/lib/python3.11/quopri.py,1,<module>,1,1,7.454e-06,4.80389084395929e-06,7.454e-06
~,0,<built-in method sys.exc_info>,2,2,7.4530000000000005e-06,4.80324637242133e-06,7.4530000000000005e-06
/opt/hostedtoolcache/Python/3.11.16/x64/lib/python3.11/contextlib.py,403,__exit__,1,1,7.434e-06,4.791001413200076e-06,1.0791e-05
/opt/hostedtoolcache/Python/3.11.16/x64/lib/python3.11/encodings/utf_8.py,33,getregentry,1,1,7.404000000000001e-06,4.771667267061254e-06,1.3365000000000002e-05
/opt/hostedtoolcache/Python/3.11.16/x64/lib/python3.11/concurrent/futures/thread.py,118,ThreadPoolExecutor,1,1,7.354e-06,4.739443690163217e-06,7.354e-06
/opt/hostedtoolcache/Python/3.11.16/x64/lib/python3.11/platform.py,778,uname_result,1,1,7.354e-06,4.739443690163217e-06,1.0500000000000001e-05
~,0,<method '__init_subclass__' of 'object' objects>,8,8,7.333000000000001e-06,4.725909787866043e-06,7.333000000000001e-06
~,0,<built-in method time.get_clock_info>,1,1,7.3240000000000005e-06,4.720109544024395e-06,7.3240000000000005e-06
<frozen runpy>,65,_run_code,1,1,7.314000000000001e-06,4.713664828644789e-06,112.44103868
/opt/hostedtoolcache/Python/3.11.16/x64/lib/python3.11/selectors.py,365,unregister,1,1,7.304000000000001e-06,4.7072201132651815e-06,2.0739000000000003e-05
/opt/hostedtoolcache/Python/3.11.16/x64/lib/python3.11/typing.py,506,__getitem__,1,1,7.294000000000001e-06,4.700775397885573e-06,0.000554324
/opt/hostedtoolcache/Python/3.11.16/x64/lib/python3.11/site-packages/httpx/_types.py,106,AsyncByteStream,1,1,7.274e-06,4.687885967126359e-06,9.920500000000001e-05
/opt/hostedtoolcache/Python/3.11.16/x64/lib/python3.11/selectors.py,234,register,1,1,7.265000000000001e-06,4.682085723284713e-06,1.581e-05
/opt/hostedtoolcache/Python/3.11.16/x64/lib/python3.11/pathlib.py,440,__getitem__,1,1,7.254e-06,4.674996536367144e-06,2.2773e-05
/opt/hostedtoolcache/Python/3.11.16/x64/lib/python3.11/fractions.py,369,reverse,1,1,7.253000000000001e-06,4.674352064829184e-06,5.4672e-05
/home/runner/work/_temp/scanner-verification-il7_c53e/first_hybrid/tiktok_worker_scanner.py,3560,advance_phase,1,1,7.2220000000000005e-06,4.654373447152401e-06,2.4014e-05
/opt/hostedtoolcache/Python/3.11.16/x64/lib/python3.11/urllib/request.py,2144,FancyURLopener,1,1,7.214000000000001e-06,4.649217674848715e-06,7.214000000000001e-06
/opt/hostedtoolcache/Python/3.11.16/x64/lib/python3.11/importlib/resources/_common.py,47,get_package,1,1,7.204000000000001e-06,4.642772959469108e-06,4.5876000000000006e-05
/opt/hostedtoolcache/Python/3.11.16/x64/lib/python3.11/pathlib.py,578,__eq__,1,1,7.1830000000000005e-06,4.629239057171933e-06,1.9105e-05
/opt/hostedtoolcache/Python/3.11.16/x64/lib/python3.11/functools.py,723,<listcomp>,7,7,7.121e-06,4.589281821818367e-06,7.121e-06
/opt/hostedtoolcache/Python/3.11.16/x64/lib/python3.11/unittest/mock.py,74,_is_exception,2,2,7.0930000000000005e-06,4.571236618755467e-06,1.0820000000000001e-05
/opt/hostedtoolcache/Python/3.11.16/x64/lib/python3.11/site-packages/idna/intranges.py,1,<module>,1,1,7.073000000000001e-06,4.558347187996252e-06,7.073000000000001e-06
/opt/hostedtoolcache/Python/3.11.16/x64/lib/python3.11/mimetypes.py,64,MimeTypes,1,1,7.0640000000000005e-06,4.552546944154606e-06,7.0640000000000005e-06
/opt/hostedtoolcache/Python/3.11.16/x64/lib/python3.11/argparse.py,2076,consume_positionals,1,1,7.0640000000000005e-06,4.552546944154606e-06,1.1782e-05
~,0,<built-in method _hashlib.openssl_sha1>,1,1,7.0130000000000004e-06,4.519678895718609e-06,7.0130000000000004e-06
/opt/hostedtoolcache/Python/3.11.16/x64/lib/python3.11/importlib/resources/readers.py,31,ZipReader,1,1,7.0030000000000005e-06,4.5132341803390005e-06,7.0030000000000005e-06
/home/runner/work/_temp/scanner-verification-il7_c53e/first_hybrid/tiktok_worker_scanner.py,1000,ProxyConfig,1,1,6.992e-06,4.506144993421432e-06,1.599e-05
/opt/hostedtoolcache/Python/3.11.16/x64/lib/python3.11/calendar.py,150,Calendar,1,1,6.924e-06,4.462320928840103e-06,6.924e-06
/opt/hostedtoolcache/Python/3.11.16/x64/lib/python3.11/numbers.py,267,Rational,1,1,6.9130000000000006e-06,4.455231741922535e-06,8.946e-06
/home/runner/work/_temp/scanner-verification-il7_c53e/first_hybrid/scan_runtime.py,140,__init__,1,1,6.894e-06,4.442986782701282e-06,9.007e-06
~,0,<built-in method math.floor>,8,8,6.894e-06,4.442986782701282e-06,6.894e-06
~,0,<method 'rfind' of 'bytes' objects>,2,2,6.893000000000001e-06,4.442342311163321e-06,6.893000000000001e-06
/home/runner/work/_temp/scanner-verification-il7_c53e/first_hybrid/hybrid_backend.py,311,HybridClient,1,1,6.863e-06,4.4230081650244984e-06,6.863e-06
/opt/hostedtoolcache/Python/3.11.16/x64/lib/python3.11/argparse.py,1873,parse_args,1,1,6.8230000000000006e-06,4.397229303506069e-06,0.0007248020000000001
/opt/hostedtoolcache/Python/3.11.16/x64/lib/python3.11/statistics.py,549,median,1,1,6.773e-06,4.365005726608033e-06,0.00032512700000000003
~,0,<built-in method math.exp>,1,1,6.763e-06,4.3585610112284255e-06,6.763e-06
~,0,<built-in method _hashlib.openssl_sha3_224>,1,1,6.742000000000001e-06,4.3450271089312505e-06,6.742000000000001e-06
/opt/hostedtoolcache/Python/3.11.16/x64/lib/python3.11/enum.py,965,_find_data_repr_,2,2,6.722e-06,4.332137678172035e-06,8.515e-06
/opt/hostedtoolcache/Python/3.11.16/x64/lib/python3.11/asyncio/locks.py,229,__init__,1,1,6.713000000000001e-06,4.326337434330389e-06,8.667e-06
/opt/hostedtoolcache/Python/3.11.16/x64/lib/python3.11/functools.py,904,wrapper,1,1,6.712e-06,4.325692962792428e-06,0.00029182400000000004
/opt/hostedtoolcache/Python/3.11.16/x64/lib/python3.11/zipfile.py,363,ZipInfo,1,1,6.663e-06,4.294113857432353e-06,6.663e-06
/opt/hostedtoolcache/Python/3.11.16/x64/lib/python3.11/selectors.py,483,close,1,1,6.623000000000001e-06,4.268334995913923e-06,1.55e-05
/opt/hostedtoolcache/Python/3.11.16/x64/lib/python3.11/zipfile.py,833,ZipExtFile,1,1,6.612e-06,4.261245808996355e-06,6.612e-06
/opt/hostedtoolcache/Python/3.11.16/x64/lib/python3.11/asyncio/runners.py,58,__enter__,1,1,6.583e-06,4.242556134395493e-06,0.000414474
/opt/hostedtoolcache/Python/3.11.16/x64/lib/python3.11/argparse.py,987,__init__,2,2,6.5630000000000005e-06,4.22966670363628e-06,1.6952e-05
/opt/hostedtoolcache/Python/3.11.16/x64/lib/python3.11/platform.py,161,libc_ver,1,1,6.553000000000001e-06,4.2232219882566715e-06,1.1351e-05
/opt/hostedtoolcache/Python/3.11.16/x64/lib/python3.11/unittest/mock.py,332,_get,3,3,6.533000000000001e-06,4.210332557497458e-06,1.0971e-05
/opt/hostedtoolcache/Python/3.11.16/x64/lib/python3.11/site-packages/httpx/_models.py,1084,__init__,1,1,6.482000000000001e-06,4.17746450906146e-06,2.4516e-05
/opt/hostedtoolcache/Python/3.11.16/x64/lib/python3.11/platform.py,772,_unknown_as_blank,6,6,6.463000000000001e-06,4.165219549840206e-06,6.463000000000001e-06
/opt/hostedtoolcache/Python/3.11.16/x64/lib/python3.11/functools.py,724,<listcomp>,7,7,6.4610000000000005e-06,4.163930606764284e-06,6.4610000000000005e-06
/opt/hostedtoolcache/Python/3.11.16/x64/lib/python3.11/unittest/mock.py,1085,_try_iter,1,1,6.4610000000000005e-06,4.163930606764284e-06,1.9155000000000002e-05
/opt/hostedtoolcache/Python/3.11.16/x64/lib/python3.11/socket.py,499,close,2,2,6.4610000000000005e-06,4.163930606764284e-06,3.0256000000000003e-05
~,0,<method 'count' of 'list' objects>,6,6,6.4610000000000005e-06,4.163930606764284e-06,6.4610000000000005e-06
<frozen _collections_abc>,315,__subclasshook__,6,6,6.433e-06,4.145885403701383e-06,6.433e-06
/opt/hostedtoolcache/Python/3.11.16/x64/lib/python3.11/datetime.py,51,_days_in_month,5,5,6.414000000000001e-06,4.133640444480131e-06,6.414000000000001e-06
~,0,<built-in method _hashlib.openssl_sha224>,1,1,6.412000000000001e-06,4.132351501404209e-06,6.412000000000001e-06
/opt/hostedtoolcache/Python/3.11.16/x64/lib/python3.11/argparse.py,2557,_check_value,6,6,6.391e-06,4.118817599107034e-06,6.391e-06
/opt/hostedtoolcache/Python/3.11.16/x64/lib/python3.11/importlib/resources/abc.py,131,TraversableResources,1,1,6.382e-06,4.113017355265386e-06,0.00010522600000000001
/opt/hostedtoolcache/Python/3.11.16/x64/lib/python3.11/warnings.py,166,simplefilter,1,1,6.3710000000000005e-06,4.1059281683478185e-06,1.9356000000000002e-05
/opt/hostedtoolcache/Python/3.11.16/x64/lib/python3.11/importlib/resources/_adapters.py,42,CompatibilityFiles,1,1,6.351000000000001e-06,4.093038737588605e-06,0.000155069
/opt/hostedtoolcache/Python/3.11.16/x64/lib/python3.11/tempfile.py,857,TemporaryDirectory,1,1,6.331e-06,4.080149306829389e-06,6.331e-06
/opt/hostedtoolcache/Python/3.11.16/x64/lib/python3.11/logging/__init__.py,1467,debug,1,1,6.312000000000001e-06,4.067904347608136e-06,3.1418e-05
/opt/hostedtoolcache/Python/3.11.16/x64/lib/python3.11/asyncio/events.py,762,get_event_loop_policy,3,3,6.283000000000001e-06,4.049214673007275e-06,4.8422000000000005e-05
/home/runner/work/_temp/scanner-verification-il7_c53e/final/tests/benchmark_hybrid.py,147,<genexpr>,2,2,6.233e-06,4.016991096109237e-06,8.797e-06
/opt/hostedtoolcache/Python/3.11.16/x64/lib/python3.11/asyncio/coroutines.py,11,_is_debug_mode,1,1,6.2130000000000005e-06,4.004101665350024e-06,2.4807e-05
~,0,<built-in method fromisoformat>,2,2,6.202e-06,3.997012478432455e-06,6.202e-06
/opt/hostedtoolcache/Python/3.11.16/x64/lib/python3.11/email/header.py,175,Header,1,1,6.202e-06,3.997012478432455e-06,6.202e-06
/opt/hostedtoolcache/Python/3.11.16/x64/lib/python3.11/importlib/resources/readers.py,16,__init__,1,1,6.182e-06,3.98412304767324e-06,9.8774e-05
<frozen os>,818,fsdecode,2,2,6.1520000000000006e-06,3.964788901534419e-06,9.778e-06
/opt/hostedtoolcache/Python/3.11.16/x64/lib/python3.11/contextlib.py,398,__enter__,1,1,6.141e-06,3.957699714616851e-06,9.898e-06
/opt/hostedtoolcache/Python/3.11.16/x64/lib/python3.11/weakref.py,289,update,1,1,6.133e-06,3.952543942313164e-06,9.348000000000001e-06
/opt/hostedtoolcache/Python/3.11.16/x64/lib/python3.11/importlib/resources/_adapters.py,165,wrap_spec,2,2,6.092e-06,3.926120609256775e-06,1.3796000000000001e-05
~,0,<built-in method posix.uname>,1,1,6.091000000000001e-06,3.925476137718814e-06,6.091000000000001e-06
<frozen runpy>,60,__exit__,1,1,6.091000000000001e-06,3.925476137718814e-06,6.091000000000001e-06
~,0,<built-in method _functools.reduce>,1,1,6.082e-06,3.9196758938771675e-06,7.865e-06
/opt/hostedtoolcache/Python/3.11.16/x64/lib/python3.11/email/_parseaddr.py,211,AddrlistClass,1,1,6.052000000000001e-06,3.900341747738346e-06,6.052000000000001e-06
/opt/hostedtoolcache/Python/3.11.16/x64/lib/python3.11/site-packages/httpx/_models.py,382,Request,1,1,6.051e-06,3.899697276200384e-06,6.051e-06
/opt/hostedtoolcache/Python/3.11.16/x64/lib/python3.11/unittest/mock.py,585,__set_side_effect,1,1,6.0210000000000005e-06,3.880363130061563e-06,2.7110000000000003e-05
/home/runner/work/_temp/scanner-verification-il7_c53e/first_hybrid/hybrid_backend.py,48,BackendGate,1,1,6.0110000000000006e-06,3.873918414681955e-06,4.0024e-05
/opt/hostedtoolcache/Python/3.11.16/x64/lib/python3.11/subprocess.py,1135,_get_devnull,1,1,6.0110000000000006e-06,3.873918414681955e-06,1.631e-05
/home/runner/work/_temp/scanner-verification-il7_c53e/first_hybrid/tiktok_worker_scanner.py,3606,all_complete,1,1,6.01e-06,3.873273943143995e-06,0.00018289100000000002
/opt/hostedtoolcache/Python/3.11.16/x64/lib/python3.11/site-packages/httpx/_transports/default.py,135,HTTPTransport,1,1,6.001000000000001e-06,3.867473699302349e-06,6.001000000000001e-06
/home/runner/work/_temp/scanner-verification-il7_c53e/first_hybrid/tiktok_worker_scanner.py,1499,start_avatar_backfill,1,1,5.951e-06,3.835250122404311e-06,4.9522000000000005e-05
/opt/hostedtoolcache/Python/3.11.16/x64/lib/python3.11/json/__init__.py,274,load,1,1,5.912e-06,3.810115732423843e-06,5.8419000000000004e-05
/opt/hostedtoolcache/Python/3.11.16/x64/lib/python3.11/asyncio/events.py,667,__init__,1,1,5.891e-06,3.796581830126667e-06,5.891e-06
/home/runner/work/_temp/scanner-verification-il7_c53e/first_hybrid/tiktok_worker_scanner.py,1190,__init__,1,1,5.871e-06,3.783692399367453e-06,7.344e-06
/home/runner/work/_temp/scanner-verification-il7_c53e/first_hybrid/tiktok_worker_scanner.py,2207,UserStore,1,1,5.861e-06,3.7772476839878453e-06,5.861e-06
/opt/hostedtoolcache/Python/3.11.16/x64/lib/python3.11/unittest/mock.py,1127,_mock_call,1,1,5.861e-06,3.7772476839878453e-06,0.002242393
/home/runner/work/_temp/scanner-verification-il7_c53e/first_hybrid/tiktok_worker_scanner.py,573,SuccessRecorder,1,1,5.8410000000000005e-06,3.764358253228631e-06,5.8410000000000005e-06
/opt/hostedtoolcache/Python/3.11.16/x64/lib/python3.11/asyncio/runners.py,62,__exit__,1,1,5.831000000000001e-06,3.757913537849024e-06,0.0006517560000000001
/opt/hostedtoolcache/Python/3.11.16/x64/lib/python3.11/email/parser.py,70,HeaderParser,1,1,5.811000000000001e-06,3.7450241070898097e-06,5.811000000000001e-06
~,0,<method 'difference_update' of 'set' objects>,3,3,5.7900000000000005e-06,3.731490204792634e-06,5.7900000000000005e-06
/opt/hostedtoolcache/Python/3.11.16/x64/lib/python3.11/datetime.py,545,_check_tzinfo_arg,5,5,5.752e-06,3.707000286350126e-06,6.633000000000001e-06
/opt/hostedtoolcache/Python/3.11.16/x64/lib/python3.11/urllib/request.py,939,AbstractBasicAuthHandler,1,1,5.741000000000001e-06,3.6999110994325578e-06,0.001868054
/opt/hostedtoolcache/Python/3.11.16/x64/lib/python3.11/datetime.py,765,__neg__,2,2,5.7220000000000004e-06,3.687666140211304e-06,0.000109906
/opt/hostedtoolcache/Python/3.11.16/x64/lib/python3.11/email/_encoded_words.py,73,_QByteMap,1,1,5.72e-06,3.6863771971353827e-06,8.506000000000001e-06
/opt/hostedtoolcache/Python/3.11.16/x64/lib/python3.11/site-packages/httpx/_client.py,162,BoundAsyncStream,1,1,5.711e-06,3.6805769532937355e-06,5.711e-06
~,0,<method 'register' of 'select.epoll' objects>,1,1,5.691e-06,3.6676875225345213e-06,5.691e-06
/opt/hostedtoolcache/Python/3.11.16/x64/lib/python3.11/argparse.py,964,__init__,2,2,5.690000000000001e-06,3.667043050996561e-06,1.0389e-05
/opt/hostedtoolcache/Python/3.11.16/x64/lib/python3.11/importlib/resources/_adapters.py,12,__init__,2,2,5.65e-06,3.641264189478131e-06,7.704000000000001e-06
~,0,<method 'tolist' of 'memoryview' objects>,2,2,5.65e-06,3.641264189478131e-06,5.65e-06
/opt/hostedtoolcache/Python/3.11.16/x64/lib/python3.11/urllib/response.py,68,addinfourl,1,1,5.64e-06,3.6348194740985244e-06,5.64e-06
/opt/hostedtoolcache/Python/3.11.16/x64/lib/python3.11/site-packages/httpx/_transports/base.py,14,BaseTransport,1,1,5.621e-06,3.6225745148772703e-06,5.621e-06
/home/runner/work/_temp/scanner-verification-il7_c53e/first_hybrid/scan_statistics.py,85,stop,1,1,5.590000000000001e-06,3.6025958972004875e-06,2.116e-05
/opt/hostedtoolcache/Python/3.11.16/x64/lib/python3.11/subprocess.py,1961,_handle_exitstatus,1,1,5.58e-06,3.59615118182088e-06,7.494000000000001e-06
/opt/hostedtoolcache/Python/3.11.16/x64/lib/python3.11/asyncio/events.py,808,new_event_loop,1,1,5.55e-06,3.5768170356820583e-06,0.00037973900000000003
/opt/hostedtoolcache/Python/3.11.16/x64/lib/python3.11/inspect.py,449,isawaitable,1,1,5.531e-06,3.5645720764608046e-06,4.4754000000000006e-05
~,0,<built-in method sys.audit>,5,5,5.510000000000001e-06,3.551038174163629e-06,5.510000000000001e-06
~,0,<built-in method _signal.signal>,2,2,5.510000000000001e-06,3.551038174163629e-06,5.510000000000001e-06
/opt/hostedtoolcache/Python/3.11.16/x64/lib/python3.11/importlib/resources/_common.py,42,resolve,1,1,5.501e-06,3.5452379303219823e-06,2.7822000000000002e-05
/opt/hostedtoolcache/Python/3.11.16/x64/lib/python3.11/asyncio/unix_events.py,1431,__init__,1,1,5.500000000000001e-06,3.544593458784022e-06,1.1391e-05
/home/runner/work/_temp/scanner-verification-il7_c53e/first_hybrid/avatar_cache.py,189,close,1,1,5.49e-06,3.538148743404414e-06,6.983000000000001e-06
/opt/hostedtoolcache/Python/3.11.16/x64/lib/python3.11/tempfile.py,115,_sanitize_params,1,1,5.47e-06,3.5252593126451995e-06,7.5461e-05
/opt/hostedtoolcache/Python/3.11.16/x64/lib/python3.11/asyncio/unix_events.py,63,__init__,1,1,5.46e-06,3.5188145972655927e-06,0.00032310300000000004
<frozen posixpath>,140,basename,1,1,5.441e-06,3.5065696380443386e-06,1.075e-05
/opt/hostedtoolcache/Python/3.11.16/x64/lib/python3.11/argparse.py,1109,__init__,1,1,5.37e-06,3.4608121588491266e-06,9.328000000000001e-06
/opt/hostedtoolcache/Python/3.11.16/x64/lib/python3.11/zipfile.py,2274,CompleteDirs,1,1,5.36e-06,3.4543674434695193e-06,5.36e-06
/opt/hostedtoolcache/Python/3.11.16/x64/lib/python3.11/subprocess.py,2008,_try_wait,1,1,5.36e-06,3.4543674434695193e-06,1.9496e-05
/opt/hostedtoolcache/Python/3.11.16/x64/lib/python3.11/dataclasses.py,842,_hash_set_none,5,5,5.320000000000001e-06,3.42858858195109e-06,5.320000000000001e-06
/opt/hostedtoolcache/Python/3.11.16/x64/lib/python3.11/pathlib.py,787,parents,1,1,5.2890000000000005e-06,3.4086099642743074e-06,7.464000000000001e-06
/opt/hostedtoolcache/Python/3.11.16/x64/lib/python3.11/datetime.py,1280,IsoCalendarDate,1,1,5.239e-06,3.3763863873762705e-06,5.239e-06
/opt/hostedtoolcache/Python/3.11.16/x64/lib/python3.11/subprocess.py,1233,poll,1,1,5.2e-06,3.3512519973958027e-06,6.312000000000001e-06
/home/runner/work/_temp/scanner-verification-il7_c53e/first_hybrid/backend_metrics.py,9,BackendMetrics,1,1,5.19e-06,3.344807282016195e-06,4.0135e-05
/opt/hostedtoolcache/Python/3.11.16/x64/lib/python3.11/importlib/resources/_common.py,17,files,1,1,5.179000000000001e-06,3.337718095098627e-06,0.006969513
<frozen importlib._bootstrap>,1192,_gcd_import,1,1,5.158e-06,3.324184192801452e-06,1.5338e-05
/opt/hostedtoolcache/Python/3.11.16/x64/lib/python3.11/enum.py,1374,<lambda>,4,4,5.14e-06,3.3125837051181585e-06,5.14e-06
/opt/hostedtoolcache/Python/3.11.16/x64/lib/python3.11/importlib/resources/_adapters.py,28,get_resource_reader,1,1,5.129e-06,3.3054945182005907e-06,0.0069010550000000006
<frozen _collections_abc>,933,clear,1,1,5.1090000000000006e-06,3.2926050874413757e-06,1.0490000000000001e-05
/opt/hostedtoolcache/Python/3.11.16/x64/lib/python3.11/contextlib.py,539,_push_exit_callback,2,2,5.1090000000000006e-06,3.2926050874413757e-06,7.052e-06
/opt/hostedtoolcache/Python/3.11.16/x64/lib/python3.11/urllib/request.py,1588,CacheFTPHandler,1,1,5.089e-06,3.2797156566821607e-06,5.089e-06
/opt/hostedtoolcache/Python/3.11.16/x64/lib/python3.11/typing.py,2443,get_origin,1,1,5.0800000000000005e-06,3.273915412840515e-06,8.136e-06
/opt/hostedtoolcache/Python/3.11.16/x64/lib/python3.11/site-packages/httpx/_multipart.py,224,MultipartStream,1,1,5.0800000000000005e-06,3.273915412840515e-06,5.0800000000000005e-06
<frozen runpy>,42,__exit__,1,1,5.0800000000000005e-06,3.273915412840515e-06,5.0800000000000005e-06
/opt/hostedtoolcache/Python/3.11.16/x64/lib/python3.11/http/cookiejar.py,884,__init__,1,1,5.070000000000001e-06,3.2674706974609074e-06,5.070000000000001e-06
/home/runner/work/_temp/scanner-verification-il7_c53e/first_hybrid/tiktok_worker_scanner.py,1173,ProxyState,1,1,5.059e-06,3.2603815105433392e-06,1.0138e-05
/opt/hostedtoolcache/Python/3.11.16/x64/lib/python3.11/site-packages/httpx/_urlparse.py,158,ParseResult,1,1,5.049e-06,3.2539367951637324e-06,5.049e-06
/home/runner/work/_temp/scanner-verification-il7_c53e/first_hybrid/tiktok_worker_scanner.py,268,ProfileProcessResult,1,1,5.03e-06,3.241691835942478e-06,9.708000000000001e-06
/opt/hostedtoolcache/Python/3.11.16/x64/lib/python3.11/asyncio/runners.py,49,__init__,1,1,4.989e-06,3.215268502886088e-06,4.989e-06
/opt/hostedtoolcache/Python/3.11.16/x64/lib/python3.11/importlib/__init__.py,108,import_module,1,1,4.980000000000001e-06,3.209468259044442e-06,2.133e-05
/opt/hostedtoolcache/Python/3.11.16/x64/lib/python3.11/importlib/resources/_adapters.py,48,SpecPath,1,1,4.979e-06,3.208823787506481e-06,4.979e-06
/opt/hostedtoolcache/Python/3.11.16/x64/lib/python3.11/importlib/resources/_adapters.py,151,_native,1,1,4.970000000000001e-06,3.2030235436648345e-06,0.006894834000000001
/opt/hostedtoolcache/Python/3.11.16/x64/lib/python3.11/re/_parser.py,100,checkgroup,2,2,4.94e-06,3.1836893975260118e-06,1.0069000000000001e-05
/opt/hostedtoolcache/Python/3.11.16/x64/lib/python3.11/asyncio/events.py,693,new_event_loop,1,1,4.909e-06,3.163710779849229e-06,0.00032801200000000003
/opt/hostedtoolcache/Python/3.11.16/x64/lib/python3.11/email/feedparser.py,44,BufferedSubFile,1,1,4.890000000000001e-06,3.151465820627976e-06,4.890000000000001e-06
/opt/hostedtoolcache/Python/3.11.16/x64/lib/python3.11/unittest/mock.py,337,_set,3,3,4.8880000000000005e-06,3.1501768775520544e-06,4.8880000000000005e-06
~,0,<method 'mro' of 'type' objects>,5,5,4.8880000000000005e-06,3.1501768775520544e-06,4.8880000000000005e-06
/home/runner/work/_temp/scanner-verification-il7_c53e/first_hybrid/tiktok_worker_scanner.py,1129,configured_proxy_path,1,1,4.8610000000000006e-06,3.1327761460271148e-06,1.8325e-05
/opt/hostedtoolcache/Python/3.11.16/x64/lib/python3.11/ssl.py,740,verify_mode,1,1,4.8490000000000005e-06,3.1250424875715857e-06,4.8490000000000005e-06
/opt/hostedtoolcache/Python/3.11.16/x64/lib/python3.11/logging/__init__.py,764,__init__,2,2,4.838e-06,3.1179533006540175e-06,6.712e-06
/opt/hostedtoolcache/Python/3.11.16/x64/lib/python3.11/enum.py,1652,_simple_enum,3,3,4.829000000000001e-06,3.1121530568123715e-06,4.829000000000001e-06
~,0,<built-in method resource.getrusage>,1,1,4.779e-06,3.0799294799143346e-06,4.779e-06
/opt/hostedtoolcache/Python/3.11.16/x64/lib/python3.11/contextlib.py,472,__init__,2,2,4.7590000000000005e-06,3.06704004915512e-06,4.7590000000000005e-06
/opt/hostedtoolcache/Python/3.11.16/x64/lib/python3.11/subprocess.py,1092,__exit__,1,1,4.749000000000001e-06,3.0605953337755127e-06,9.578e-06
/opt/hostedtoolcache/Python/3.11.16/x64/lib/python3.11/http/__init__.py,6,HTTPStatus,1,1,4.748e-06,3.059950862237552e-06,4.748e-06
~,0,<method 'sort' of 'list' objects>,3,3,4.74e-06,3.054795089933866e-06,4.74e-06
/opt/hostedtoolcache/Python/3.11.16/x64/lib/python3.11/logging/__init__.py,801,addFilter,2,2,4.7080000000000005e-06,3.0341720007191227e-06,6.582000000000001e-06
~,0,<method 'disable' of '_lsprof.Profiler' objects>,4,4,4.68e-06,3.0161267976562218e-06,4.68e-06
/opt/hostedtoolcache/Python/3.11.16/x64/lib/python3.11/site-packages/httpx/_config.py,72,Timeout,1,1,4.6790000000000004e-06,3.0154823261182617e-06,4.6790000000000004e-06
/opt/hostedtoolcache/Python/3.11.16/x64/lib/python3.11/selectors.py,209,__init__,1,1,4.668e-06,3.0083931392006935e-06,6.2810000000000005e-06
/opt/hostedtoolcache/Python/3.11.16/x64/lib/python3.11/urllib/request.py,834,HTTPPasswordMgr,1,1,4.619e-06,2.9768140338406175e-06,4.619e-06
/opt/hostedtoolcache/Python/3.11.16/x64/lib/python3.11/platform.py,735,_Processor,1,1,4.5890000000000004e-06,2.9574798877017956e-06,4.5890000000000004e-06
/opt/hostedtoolcache/Python/3.11.16/x64/lib/python3.11/threading.py,1516,_register_atexit,1,1,4.588e-06,2.9568354161638347e-06,5.55e-06
/opt/hostedtoolcache/Python/3.11.16/x64/lib/python3.11/queue.py,258,_PySimpleQueue,1,1,4.548e-06,2.9310565546454056e-06,4.548e-06
~,0,<built-in method sys.get_asyncgen_hooks>,3,3,4.529e-06,2.9188115954241515e-06,4.529e-06
~,0,<built-in method posix.urandom>,1,1,4.509e-06,2.9059221646649373e-06,4.509e-06
~,0,<method 'tell' of '_io.BufferedReader' objects>,3,3,4.4890000000000006e-06,2.8930327339057227e-06,4.4890000000000006e-06
/opt/hostedtoolcache/Python/3.11.16/x64/lib/python3.11/functools.py,745,<listcomp>,1,1,4.478e-06,2.8859435469881545e-06,6.472e-06
/opt/hostedtoolcache/Python/3.11.16/x64/lib/python3.11/enum.py,806,__members__,2,2,4.4480000000000004e-06,2.8666094008493327e-06,4.4480000000000004e-06
/opt/hostedtoolcache/Python/3.11.16/x64/lib/python3.11/typing.py,2916,<genexpr>,4,4,4.428000000000001e-06,2.853719970090118e-06,4.428000000000001e-06
/opt/hostedtoolcache/Python/3.11.16/x64/lib/python3.11/calendar.py,71,_localized_day,1,1,4.3480000000000006e-06,2.8021622470532597e-06,8.416e-06
/opt/hostedtoolcache/Python/3.11.16/x64/lib/python3.11/ssl.py,492,__new__,1,1,4.298e-06,2.769938670155223e-06,0.001115331
/opt/hostedtoolcache/Python/3.11.16/x64/lib/python3.11/contextlib.py,468,_exit_wrapper,2,2,4.2680000000000005e-06,2.7506045240164014e-06,7.123e-06
/home/runner/work/_temp/scanner-verification-il7_c53e/first_hybrid/tiktok_worker_scanner.py,1187,ProxyPool,1,1,4.2580000000000006e-06,2.7441598086367937e-06,4.2580000000000006e-06
/opt/hostedtoolcache/Python/3.11.16/x64/lib/python3.11/site-packages/httpx/__version__.py,1,<module>,1,1,4.208e-06,2.711936231738757e-06,4.208e-06
/opt/hostedtoolcache/Python/3.11.16/x64/lib/python3.11/http/cookiejar.py,743,Cookie,1,1,4.198e-06,2.7054915163591495e-06,4.198e-06
/opt/hostedtoolcache/Python/3.11.16/x64/lib/python3.11/pathlib.py,434,__len__,2,2,4.188e-06,2.6990468009795426e-06,5.912e-06
/opt/hostedtoolcache/Python/3.11.16/x64/lib/python3.11/site-packages/httpx/_exceptions.py,74,HTTPError,1,1,4.129000000000001e-06,2.6610229802398593e-06,5.6610000000000005e-06
/opt/hostedtoolcache/Python/3.11.16/x64/lib/python3.11/_weakrefset.py,37,__init__,1,1,4.118e-06,2.653933793322291e-06,4.118e-06
/opt/hostedtoolcache/Python/3.11.16/x64/lib/python3.11/numbers.py,283,__float__,1,1,4.108e-06,2.647489077942684e-06,5.951e-06
~,0,<method 'unregister' of 'select.epoll' objects>,1,1,4.107000000000001e-06,2.6468446064047234e-06,4.107000000000001e-06
/opt/hostedtoolcache/Python/3.11.16/x64/lib/python3.11/typing.py,2892,<listcomp>,2,2,4.097e-06,2.6403998910251157e-06,4.097e-06
/opt/hostedtoolcache/Python/3.11.16/x64/lib/python3.11/functools.py,845,_is_valid_dispatch_type,2,2,4.089e-06,2.6352441187214298e-06,5.891e-06
/opt/hostedtoolcache/Python/3.11.16/x64/lib/python3.11/unittest/mock.py,1401,get_original,1,1,4.068e-06,2.6217102164242543e-06,4.929000000000001e-06
/opt/hostedtoolcache/Python/3.11.16/x64/lib/python3.11/calendar.py,74,<listcomp>,1,1,4.068e-06,2.6217102164242543e-06,4.068e-06
/opt/hostedtoolcache/Python/3.11.16/x64/lib/python3.11/importlib/resources/readers.py,53,MultiplexedPath,1,1,4.067e-06,2.621065744886294e-06,4.067e-06
/home/runner/work/_temp/scanner-verification-il7_c53e/first_hybrid/tiktok_worker_scanner.py,408,configured_input_path,1,1,4.028e-06,2.5959313549058255e-06,1.9326e-05
/opt/hostedtoolcache/Python/3.11.16/x64/lib/python3.11/selectors.py,268,close,1,1,4.008e-06,2.583041924146611e-06,5.1700000000000005e-06
/opt/hostedtoolcache/Python/3.11.16/x64/lib/python3.11/importlib/resources/_adapters.py,16,__getattr__,2,2,3.997e-06,2.5759527372290427e-06,5.7510000000000005e-06
/opt/hostedtoolcache/Python/3.11.16/x64/lib/python3.11/dataclasses.py,846,<listcomp>,2,2,3.997e-06,2.5759527372290427e-06,3.997e-06
/opt/hostedtoolcache/Python/3.11.16/x64/lib/python3.11/email/feedparser.py,134,FeedParser,1,1,3.987e-06,2.569508021849435e-06,3.987e-06
/opt/hostedtoolcache/Python/3.11.16/x64/lib/python3.11/random.py,215,__init_subclass__,1,1,3.987e-06,2.569508021849435e-06,3.987e-06
/opt/hostedtoolcache/Python/3.11.16/x64/lib/python3.11/asyncio/base_events.py,1957,set_debug,1,1,3.948e-06,2.5443736318689668e-06,5.22e-06
/opt/hostedtoolcache/Python/3.11.16/x64/lib/python3.11/weakref.py,495,popitem,1,1,3.938e-06,2.5379289164893595e-06,5.381000000000001e-06
/opt/hostedtoolcache/Python/3.11.16/x64/lib/python3.11/site-packages/httpx/_multipart.py,70,DataField,1,1,3.917e-06,2.524395014192184e-06,3.917e-06
/opt/hostedtoolcache/Python/3.11.16/x64/lib/python3.11/urllib/request.py,1080,AbstractDigestAuthHandler,1,1,3.9080000000000005e-06,2.518594770350538e-06,3.9080000000000005e-06
/opt/hostedtoolcache/Python/3.11.16/x64/lib/python3.11/datetime.py,46,_days_before_year,3,3,3.897e-06,2.5115055834329694e-06,3.897e-06
/home/runner/work/_temp/scanner-verification-il7_c53e/first_hybrid/tiktok_worker_scanner.py,179,ProfileSnapshot,1,1,3.848e-06,2.479926478072894e-06,3.848e-06
~,0,<built-in method posix.read>,1,1,3.847000000000001e-06,2.4792820065349334e-06,3.847000000000001e-06
/opt/hostedtoolcache/Python/3.11.16/x64/lib/python3.11/site-packages/httpx/_models.py,1261,_CookieCompatResponse,1,1,3.8280000000000004e-06,2.4670370473136793e-06,3.8280000000000004e-06
/opt/hostedtoolcache/Python/3.11.16/x64/lib/python3.11/site-packages/httpx/_config.py,173,__init__,2,2,3.7880000000000004e-06,2.44125818579525e-06,3.7880000000000004e-06
/opt/hostedtoolcache/Python/3.11.16/x64/lib/python3.11/pkgutil.py,40,read_code,1,1,3.7370000000000004e-06,2.4083901373592527e-06,7.434e-06
~,0,<method 'splitlines' of 'str' objects>,2,2,3.7370000000000004e-06,2.4083901373592527e-06,3.7370000000000004e-06
<frozen runpy>,33,__enter__,1,1,3.727e-06,2.401945421979645e-06,4.789e-06
/opt/hostedtoolcache/Python/3.11.16/x64/lib/python3.11/enum.py,1453,<listcomp>,2,2,3.7260000000000004e-06,2.401300950441685e-06,3.7260000000000004e-06
~,0,<method 'close' of 'select.epoll' objects>,1,1,3.7070000000000003e-06,2.3890559912204304e-06,3.7070000000000003e-06
~,0,<built-in method posix.register_at_fork>,2,2,3.687e-06,2.376166560461216e-06,3.687e-06
/opt/hostedtoolcache/Python/3.11.16/x64/lib/python3.11/asyncio/locks.py,346,__init__,2,2,3.666e-06,2.3626326581640408e-06,3.666e-06
/home/runner/work/_temp/scanner-verification-il7_c53e/final/tests/benchmark_hybrid.py,110,<dictcomp>,1,1,3.6170000000000003e-06,2.331053552803965e-06,3.6170000000000003e-06
/opt/hostedtoolcache/Python/3.11.16/x64/lib/python3.11/site-packages/httpx/_decoders.py,306,TextDecoder,1,1,3.6060000000000003e-06,2.323964365886397e-06,3.6060000000000003e-06
/home/runner/work/_temp/scanner-verification-il7_c53e/first_hybrid/scan_runtime.py,186,close,1,1,3.587e-06,2.311719406665143e-06,5.14e-06
/opt/hostedtoolcache/Python/3.11.16/x64/lib/python3.11/selectors.py,247,unregister,1,1,3.5770000000000002e-06,2.3052746912855356e-06,9.328000000000001e-06
/home/runner/work/_temp/scanner-verification-il7_c53e/first_hybrid/avatar_cache.py,137,close,2,2,3.547e-06,2.2859405451467137e-06,3.547e-06
/opt/hostedtoolcache/Python/3.11.16/x64/lib/python3.11/urllib/request.py,426,OpenerDirector,1,1,3.536e-06,2.2788513582291456e-06,3.536e-06
/opt/hostedtoolcache/Python/3.11.16/x64/lib/python3.11/hmac.py,27,HMAC,1,1,3.5170000000000004e-06,2.266606399007892e-06,3.5170000000000004e-06
/opt/hostedtoolcache/Python/3.11.16/x64/lib/python3.11/concurrent/futures/thread.py,46,_WorkItem,1,1,3.5160000000000003e-06,2.265961927469931e-06,3.5160000000000003e-06
/opt/hostedtoolcache/Python/3.11.16/x64/lib/python3.11/site-packages/httpx/_multipart.py,115,FileField,1,1,3.5060000000000004e-06,2.259517212090324e-06,3.5060000000000004e-06
/opt/hostedtoolcache/Python/3.11.16/x64/lib/python3.11/calendar.py,548,different_locale,1,1,3.446e-06,2.22084891981268e-06,3.446e-06
/home/runner/work/_temp/scanner-verification-il7_c53e/first_hybrid/tiktok_worker_scanner.py,820,ScanStateRecorder,1,1,3.4260000000000003e-06,2.2079594890534653e-06,3.4260000000000003e-06
/home/runner/work/_temp/scanner-verification-il7_c53e/first_hybrid/tiktok_worker_scanner.py,2804,__init__,1,1,3.3970000000000003e-06,2.189269814452604e-06,4.6690000000000005e-06
/opt/hostedtoolcache/Python/3.11.16/x64/lib/python3.11/site-packages/httpx/_types.py,92,SyncByteStream,1,1,3.396e-06,2.188625342914643e-06,9.486700000000001e-05
/opt/hostedtoolcache/Python/3.11.16/x64/lib/python3.11/asyncio/queues.py,47,_init,2,2,3.3570000000000002e-06,2.1634909529341748e-06,3.3570000000000002e-06
~,0,<method 'reset' of '_contextvars.ContextVar' objects>,2,2,3.3360000000000003e-06,2.1499570506369993e-06,3.3360000000000003e-06
/home/runner/work/_temp/scanner-verification-il7_c53e/first_hybrid/scan_runtime.py,65,__aenter__,1,1,3.327e-06,2.144156806795353e-06,4.3281e-05
/opt/hostedtoolcache/Python/3.11.16/x64/lib/python3.11/site-packages/httpx/_exceptions.py,340,ResponseNotRead,1,1,3.326e-06,2.143512335257392e-06,3.326e-06
/opt/hostedtoolcache/Python/3.11.16/x64/lib/python3.11/selectors.py,272,get_map,2,2,3.316e-06,2.1370676198777847e-06,3.316e-06
/opt/hostedtoolcache/Python/3.11.16/x64/lib/python3.11/asyncio/runners.py,193,_cancel_all_tasks,1,1,3.306e-06,2.1306229044981774e-06,5.3369000000000004e-05
/opt/hostedtoolcache/Python/3.11.16/x64/lib/python3.11/argparse.py,1865,_get_positional_actions,1,1,3.2960000000000003e-06,2.12417818911857e-06,5.21e-06
/opt/hostedtoolcache/Python/3.11.16/x64/lib/python3.11/uuid.py,334,hex,1,1,3.2860000000000004e-06,2.117733473738963e-06,3.2860000000000004e-06
/opt/hostedtoolcache/Python/3.11.16/x64/lib/python3.11/site-packages/httpx/_auth.py,22,Auth,1,1,3.2860000000000004e-06,2.117733473738963e-06,3.2860000000000004e-06
/opt/hostedtoolcache/Python/3.11.16/x64/lib/python3.11/http/client.py,1467,HTTPSConnection,1,1,3.2860000000000004e-06,2.117733473738963e-06,3.2860000000000004e-06
/opt/hostedtoolcache/Python/3.11.16/x64/lib/python3.11/warnings.py,488,__exit__,1,1,3.2850000000000003e-06,2.117089002201002e-06,4.197000000000001e-06
~,0,<method 'setblocking' of '_socket.socket' objects>,2,2,3.265e-06,2.1041995714417873e-06,3.265e-06
/opt/hostedtoolcache/Python/3.11.16/x64/lib/python3.11/asyncio/base_events.py,656,stop,3,3,3.236e-06,2.0855098968409264e-06,3.236e-06
/opt/hostedtoolcache/Python/3.11.16/x64/lib/python3.11/http/cookiejar.py,1776,FileCookieJar,1,1,3.226e-06,2.079065181461319e-06,3.226e-06
/opt/hostedtoolcache/Python/3.11.16/x64/lib/python3.11/argparse.py,626,<listcomp>,3,3,3.226e-06,2.079065181461319e-06,3.226e-06
/opt/hostedtoolcache/Python/3.11.16/x64/lib/python3.11/typing.py,2261,runtime_checkable,1,1,3.216e-06,2.0726204660817118e-06,4.1270000000000005e-06
/opt/hostedtoolcache/Python/3.11.16/x64/lib/python3.11/typing.py,479,__repr__,2,2,3.216e-06,2.0726204660817118e-06,3.216e-06
/opt/hostedtoolcache/Python/3.11.16/x64/lib/python3.11/typing.py,1676,<genexpr>,2,2,3.216e-06,2.0726204660817118e-06,4.0666e-05
~,0,<built-in method _hashlib.openssl_shake_256>,1,1,3.186e-06,2.0532863199428895e-06,3.186e-06
/home/runner/work/_temp/scanner-verification-il7_c53e/first_hybrid/tiktok_worker_scanner.py,3041,reporter_done,1,1,3.1670000000000003e-06,2.041041360721636e-06,4.819e-06
/home/runner/work/_temp/scanner-verification-il7_c53e/first_hybrid/hybrid_backend.py,115,ApiBackend,1,1,3.146e-06,2.0275074584244603e-06,3.146e-06
~,0,<built-in method _sqlite3.register_adapter>,2,2,3.146e-06,2.0275074584244603e-06,3.146e-06
/opt/hostedtoolcache/Python/3.11.16/x64/lib/python3.11/email/_policybase.py,18,_PolicyBase,1,1,3.146e-06,2.0275074584244603e-06,3.146e-06
~,0,<built-in method _hashlib.openssl_sha3_256>,1,1,3.146e-06,2.0275074584244603e-06,3.146e-06
/opt/hostedtoolcache/Python/3.11.16/x64/lib/python3.11/functools.py,966,__init__,1,1,3.146e-06,2.0275074584244603e-06,3.146e-06
~,0,<method 'cast' of 'memoryview' objects>,2,2,3.1160000000000003e-06,2.008173312285639e-06,3.1160000000000003e-06
/opt/hostedtoolcache/Python/3.11.16/x64/lib/python3.11/urllib/request.py,645,HTTPRedirectHandler,1,1,3.106e-06,2.001728596906031e-06,3.106e-06
/opt/hostedtoolcache/Python/3.11.16/x64/lib/python3.11/unittest/mock.py,2518,__init__,2,2,3.095e-06,1.994639409988463e-06,3.095e-06
/opt/hostedtoolcache/Python/3.11.16/x64/lib/python3.11/site-packages/idna/core.py,70,IDNAError,1,1,3.085e-06,1.9881946946088556e-06,3.085e-06
/opt/hostedtoolcache/Python/3.11.16/x64/lib/python3.11/email/header.py,536,_Accumulator,1,1,3.0650000000000003e-06,1.975305263849641e-06,3.0650000000000003e-06
/opt/hostedtoolcache/Python/3.11.16/x64/lib/python3.11/subprocess.py,1120,__del__,1,1,3.0650000000000003e-06,1.975305263849641e-06,4.067e-06
/home/runner/work/_temp/scanner-verification-il7_c53e/first_hybrid/avatar_cache.py,164,AvatarCache,1,1,3.0360000000000002e-06,1.95661558924878e-06,3.0360000000000002e-06
/opt/hostedtoolcache/Python/3.11.16/x64/lib/python3.11/urllib/request.py,1474,FileHandler,1,1,3.035e-06,1.955971117710819e-06,3.035e-06
/home/runner/work/_temp/scanner-verification-il7_c53e/final/tests/benchmark_hybrid.py,57,MeasuredLock,1,1,3.0260000000000003e-06,1.950170873869173e-06,3.0260000000000003e-06
~,0,<built-in method _sqlite3.register_converter>,2,2,3.005e-06,1.9366369715719973e-06,3.005e-06
/opt/hostedtoolcache/Python/3.11.16/x64/lib/python3.11/typing.py,2974,_namedtuple_mro_entries,2,2,3.005e-06,1.9366369715719973e-06,3.005e-06
/opt/hostedtoolcache/Python/3.11.16/x64/lib/python3.11/sqlite3/dbapi2.py,48,<listcomp>,1,1,2.995e-06,1.93019225619239e-06,2.995e-06
~,0,<built-in method _warnings._filters_mutated>,3,3,2.995e-06,1.93019225619239e-06,2.995e-06
/opt/hostedtoolcache/Python/3.11.16/x64/lib/python3.11/argparse.py,2227,_match_arguments_partial,1,1,2.9860000000000003e-06,1.9243920123507436e-06,3.837e-06
~,0,<built-in method math.sqrt>,2,2,2.965e-06,1.910858110053568e-06,2.965e-06
/opt/hostedtoolcache/Python/3.11.16/x64/lib/python3.11/zipfile.py,1162,_ZipWriteFile,1,1,2.9360000000000003e-06,1.892168435452707e-06,2.9360000000000003e-06
/home/runner/work/_temp/scanner-verification-il7_c53e/first_hybrid/tiktok_worker_scanner.py,3193,RunLog,1,1,2.9360000000000003e-06,1.892168435452707e-06,2.9360000000000003e-06
/opt/hostedtoolcache/Python/3.11.16/x64/lib/python3.11/http/cookiejar.py,1859,LWPCookieJar,1,1,2.9250000000000004e-06,1.8850792485351392e-06,2.9250000000000004e-06
/home/runner/work/_temp/scanner-verification-il7_c53e/final/tests/benchmark_hybrid.py,58,__init__,2,2,2.915e-06,1.8786345331555313e-06,2.915e-06
<frozen _collections_abc>,113,__subclasshook__,1,1,2.915e-06,1.8786345331555313e-06,6.121e-06
~,0,<built-in method _hashlib.openssl_sha384>,1,1,2.8960000000000003e-06,1.8663895739342778e-06,2.8960000000000003e-06
/opt/hostedtoolcache/Python/3.11.16/x64/lib/python3.11/contextlib.py,466,_create_cb_wrapper,2,2,2.8950000000000002e-06,1.865745102396317e-06,2.8950000000000002e-06
/opt/hostedtoolcache/Python/3.11.16/x64/lib/python3.11/site-packages/httpx/_urls.py,282,raw_path,1,1,2.886e-06,1.8599448585546703e-06,4.038e-06
/opt/hostedtoolcache/Python/3.11.16/x64/lib/python3.11/urllib/request.py,1256,AbstractHTTPHandler,1,1,2.886e-06,1.8599448585546703e-06,2.886e-06
/opt/hostedtoolcache/Python/3.11.16/x64/lib/python3.11/warnings.py,441,__init__,1,1,2.8850000000000003e-06,1.8593003870167096e-06,2.8850000000000003e-06
~,0,<method 'union' of 'set' objects>,1,1,2.8850000000000003e-06,1.8593003870167096e-06,2.8850000000000003e-06
/opt/hostedtoolcache/Python/3.11.16/x64/lib/python3.11/tempfile.py,433,_TemporaryFileCloser,1,1,2.8560000000000003e-06,1.8406107124158484e-06,2.8560000000000003e-06
/opt/hostedtoolcache/Python/3.11.16/x64/lib/python3.11/email/charset.py,162,Charset,1,1,2.8350000000000004e-06,1.8270768101186733e-06,2.8350000000000004e-06
/opt/hostedtoolcache/Python/3.11.16/x64/lib/python3.11/http/cookiejar.py,841,CookiePolicy,1,1,2.815e-06,1.8141873793594583e-06,2.815e-06
~,0,<method 'index' of 'tuple' objects>,3,3,2.765e-06,1.7819638024614217e-06,2.765e-06
~,0,<built-in method _hashlib.openssl_sha3_512>,1,1,2.7550000000000003e-06,1.7755190870818146e-06,2.7550000000000003e-06
~,0,<built-in method sys.is_finalizing>,1,1,2.7550000000000003e-06,1.7755190870818146e-06,2.7550000000000003e-06
/opt/hostedtoolcache/Python/3.11.16/x64/lib/python3.11/random.py,787,SystemRandom,1,1,2.735e-06,1.7626296563225998e-06,2.735e-06
~,0,<built-in method _hashlib.openssl_sha3_384>,1,1,2.735e-06,1.7626296563225998e-06,2.735e-06
<frozen _collections_abc>,262,__subclasshook__,1,1,2.725e-06,1.7561849409429925e-06,5.561000000000001e-06
/opt/hostedtoolcache/Python/3.11.16/x64/lib/python3.11/calendar.py,156,__init__,1,1,2.7040000000000003e-06,1.7426510386458172e-06,4.017000000000001e-06
<frozen runpy>,28,__init__,1,1,2.695e-06,1.7368507948041706e-06,2.695e-06
/opt/hostedtoolcache/Python/3.11.16/x64/lib/python3.11/urllib/request.py,908,HTTPPasswordMgrWithPriorAuth,1,1,2.685e-06,1.7304060794245633e-06,2.685e-06
/opt/hostedtoolcache/Python/3.11.16/x64/lib/python3.11/calendar.py,295,TextCalendar,1,1,2.685e-06,1.7304060794245633e-06,2.685e-06
~,0,<built-in method _hashlib.openssl_sha512>,1,1,2.685e-06,1.7304060794245633e-06,2.685e-06
/opt/hostedtoolcache/Python/3.11.16/x64/lib/python3.11/email/parser.py,16,Parser,1,1,2.655e-06,1.7110719332857414e-06,2.655e-06
/opt/hostedtoolcache/Python/3.11.16/x64/lib/python3.11/site-packages/httpx/_auth.py,126,BasicAuth,1,1,2.6150000000000004e-06,1.685293071767312e-06,2.6150000000000004e-06
/opt/hostedtoolcache/Python/3.11.16/x64/lib/python3.11/calendar.py,412,HTMLCalendar,1,1,2.6150000000000004e-06,1.685293071767312e-06,2.6150000000000004e-06
~,0,<built-in method math.log>,2,2,2.5850000000000002e-06,1.6659589256284904e-06,2.5850000000000002e-06
/opt/hostedtoolcache/Python/3.11.16/x64/lib/python3.11/pathlib.py,43,_is_wildcard_pattern,2,2,2.565e-06,1.6530694948692756e-06,2.565e-06
/opt/hostedtoolcache/Python/3.11.16/x64/lib/python3.11/site-packages/httpx/_client.py,223,is_closed,1,1,2.5640000000000004e-06,1.6524250233313151e-06,2.5640000000000004e-06
/opt/hostedtoolcache/Python/3.11.16/x64/lib/python3.11/asyncio/base_events.py,540,shutdown_asyncgens,1,1,2.555e-06,1.6466247794896683e-06,9.958e-06
/opt/hostedtoolcache/Python/3.11.16/x64/lib/python3.11/site-packages/httpx/_client.py,139,BoundSyncStream,1,1,2.555e-06,1.6466247794896683e-06,2.555e-06
/opt/hostedtoolcache/Python/3.11.16/x64/lib/python3.11/logging/__init__.py,1720,getEffectiveLevel,1,1,2.555e-06,1.6466247794896683e-06,2.555e-06
/opt/hostedtoolcache/Python/3.11.16/x64/lib/python3.11/calendar.py,76,__init__,2,2,2.544e-06,1.6395355925721001e-06,2.544e-06
/opt/hostedtoolcache/Python/3.11.16/x64/lib/python3.11/importlib/resources/_adapters.py,83,ChildPath,1,1,2.5340000000000002e-06,1.633090877192493e-06,2.5340000000000002e-06
/opt/hostedtoolcache/Python/3.11.16/x64/lib/python3.11/site-packages/httpx/_models.py,1243,_CookieCompatRequest,1,1,2.5340000000000002e-06,1.633090877192493e-06,2.5340000000000002e-06
/opt/hostedtoolcache/Python/3.11.16/x64/lib/python3.11/functools.py,861,<lambda>,1,1,2.514e-06,1.620201446433278e-06,4.308e-05
/opt/hostedtoolcache/Python/3.11.16/x64/lib/python3.11/pathlib.py,757,joinpath,1,1,2.504e-06,1.613756731053671e-06,3.3452000000000004e-05
/opt/hostedtoolcache/Python/3.11.16/x64/lib/python3.11/email/header.py,408,_ValueFormatter,1,1,2.4850000000000003e-06,1.6015117718324173e-06,2.4850000000000003e-06
/opt/hostedtoolcache/Python/3.11.16/x64/lib/python3.11/calendar.py,57,__init__,2,2,2.454e-06,1.5815331541556343e-06,2.454e-06
/home/runner/work/_temp/scanner-verification-il7_c53e/first_hybrid/tiktok_worker_scanner.py,921,WorkerApiError,1,1,2.4450000000000003e-06,1.575732910313988e-06,2.4450000000000003e-06
~,0,<method 'total_seconds' of 'datetime.timedelta' objects>,1,1,2.4450000000000003e-06,1.575732910313988e-06,2.4450000000000003e-06
/opt/hostedtoolcache/Python/3.11.16/x64/lib/python3.11/re/_parser.py,103,checklookbehindgroup,2,2,2.4340000000000003e-06,1.5686437233964199e-06,2.4340000000000003e-06
/opt/hostedtoolcache/Python/3.11.16/x64/lib/python3.11/email/_policybase.py,41,__init__,1,1,2.424e-06,1.5621990080168124e-06,3.266e-06
/opt/hostedtoolcache/Python/3.11.16/x64/lib/python3.11/tempfile.py,133,_RandomNameSequence,1,1,2.415e-06,1.556398764175166e-06,2.415e-06
/opt/hostedtoolcache/Python/3.11.16/x64/lib/python3.11/urllib/request.py,1374,HTTPHandler,1,1,2.3940000000000003e-06,1.5428648618779905e-06,2.3940000000000003e-06
/home/runner/work/_temp/scanner-verification-il7_c53e/first_hybrid/tiktok_worker_scanner.py,709,<listcomp>,2,2,2.3840000000000004e-06,1.5364201464983834e-06,2.3840000000000004e-06
/opt/hostedtoolcache/Python/3.11.16/x64/lib/python3.11/site-packages/httpx/_content.py,31,ByteStream,1,1,2.384e-06,1.5364201464983832e-06,2.384e-06
/home/runner/work/_temp/scanner-verification-il7_c53e/first_hybrid/tiktok_worker_scanner.py,259,ProfileJob,1,1,2.364e-06,1.5235307157391686e-06,2.364e-06
/opt/hostedtoolcache/Python/3.11.16/x64/lib/python3.11/email/parser.py,78,BytesParser,1,1,2.364e-06,1.5235307157391686e-06,2.364e-06
/opt/hostedtoolcache/Python/3.11.16/x64/lib/python3.11/urllib/response.py,14,addbase,1,1,2.364e-06,1.5235307157391686e-06,2.364e-06
/opt/hostedtoolcache/Python/3.11.16/x64/lib/python3.11/contextlib.py,393,__init__,1,1,2.364e-06,1.5235307157391686e-06,2.364e-06
~,0,<built-in method _signal.getsignal>,2,2,2.3550000000000003e-06,1.5177304718975222e-06,2.3550000000000003e-06
/opt/hostedtoolcache/Python/3.11.16/x64/lib/python3.11/subprocess.py,481,__init__,1,1,2.334e-06,1.5041965696003468e-06,2.334e-06
/home/runner/work/_temp/scanner-verification-il7_c53e/first_hybrid/tiktok_worker_scanner.py,3132,ScanLock,1,1,2.325e-06,1.4983963257587001e-06,2.325e-06
/home/runner/work/_temp/scanner-verification-il7_c53e/first_hybrid/tiktok_worker_scanner.py,251,BatchResponse,1,1,2.324e-06,1.4977518542207395e-06,2.324e-06
~,0,<method 'deleter' of 'property' objects>,2,2,2.3040000000000003e-06,1.4848624234615249e-06,2.3040000000000003e-06
~,0,<built-in method resource.getrlimit>,1,1,2.295e-06,1.479062179619878e-06,2.295e-06
/opt/hostedtoolcache/Python/3.11.16/x64/lib/python3.11/weakref.py,414,__getitem__,1,1,2.294e-06,1.4784177080819174e-06,2.294e-06
<frozen runpy>,50,__init__,1,1,2.294e-06,1.4784177080819174e-06,2.294e-06
/opt/hostedtoolcache/Python/3.11.16/x64/lib/python3.11/http/cookiejar.py,1982,MozillaCookieJar,1,1,2.274e-06,1.4655282773227028e-06,2.274e-06
/opt/hostedtoolcache/Python/3.11.16/x64/lib/python3.11/enum.py,794,__iter__,1,1,2.274e-06,1.4655282773227028e-06,2.274e-06
/opt/hostedtoolcache/Python/3.11.16/x64/lib/python3.11/http/__init__.py,154,HTTPMethod,1,1,2.2530000000000003e-06,1.4519943750255275e-06,2.2530000000000003e-06
/opt/hostedtoolcache/Python/3.11.16/x64/lib/python3.11/site-packages/httpx/_config.py,201,Proxy,1,1,2.244e-06,1.446194131183881e-06,2.244e-06
/home/runner/work/_temp/scanner-verification-il7_c53e/first_hybrid/tiktok_worker_scanner.py,739,<genexpr>,2,2,2.2240000000000002e-06,1.4333047004246663e-06,2.2240000000000002e-06
<frozen importlib._bootstrap>,1101,_sanity_check,1,1,2.2140000000000003e-06,1.426859985045059e-06,3.016e-06
/opt/hostedtoolcache/Python/3.11.16/x64/lib/python3.11/site-packages/idna/idnadata.py,1,<module>,1,1,2.204e-06,1.4204152696654515e-06,2.204e-06
/opt/hostedtoolcache/Python/3.11.16/x64/lib/python3.11/asyncio/base_events.py,565,shutdown_default_executor,1,1,2.194e-06,1.4139705542858444e-06,2.194e-06
/home/runner/work/_temp/scanner-verification-il7_c53e/first_hybrid/tiktok_worker_scanner.py,3195,__init__,1,1,2.175e-06,1.4017255950645903e-06,2.175e-06
/opt/hostedtoolcache/Python/3.11.16/x64/lib/python3.11/pathlib.py,427,__init__,1,1,2.175e-06,1.4017255950645903e-06,2.175e-06
/opt/hostedtoolcache/Python/3.11.16/x64/lib/python3.11/urllib/request.py,1398,HTTPCookieProcessor,1,1,2.164e-06,1.3946364081470224e-06,2.164e-06
/opt/hostedtoolcache/Python/3.11.16/x64/lib/python3.11/site-packages/httpx/_auth.py,145,NetRCAuth,1,1,2.144e-06,1.3817469773878078e-06,2.144e-06
/opt/hostedtoolcache/Python/3.11.16/x64/lib/python3.11/subprocess.py,268,_cleanup,1,1,2.144e-06,1.3817469773878078e-06,2.144e-06
/opt/hostedtoolcache/Python/3.11.16/x64/lib/python3.11/unittest/mock.py,648,__getattr__,1,1,2.1240000000000003e-06,1.3688575466285934e-06,2.1240000000000003e-06
~,0,<method 'fileno' of '_socket.socket' objects>,2,2,2.1240000000000003e-06,1.3688575466285934e-06,2.1240000000000003e-06
/opt/hostedtoolcache/Python/3.11.16/x64/lib/python3.11/email/__init__.py,1,<module>,1,1,2.115e-06,1.3630573027869466e-06,2.115e-06
/opt/hostedtoolcache/Python/3.11.16/x64/lib/python3.11/subprocess.py,1973,_internal_poll,2,2,2.114e-06,1.3624128312489857e-06,2.114e-06
/opt/hostedtoolcache/Python/3.11.16/x64/lib/python3.11/typing.py,2928,<listcomp>,2,2,2.105e-06,1.3566125874073393e-06,2.105e-06
/home/runner/work/_temp/scanner-verification-il7_c53e/first_hybrid/scan_runtime.py,45,DiskLane,1,1,2.094e-06,1.3495234004897713e-06,2.094e-06
/opt/hostedtoolcache/Python/3.11.16/x64/lib/python3.11/importlib/resources/_adapters.py,114,OrphanPath,1,1,2.063e-06,1.3295447828129885e-06,2.063e-06
~,0,<built-in method posix.confstr>,1,1,2.063e-06,1.3295447828129885e-06,2.063e-06
/opt/hostedtoolcache/Python/3.11.16/x64/lib/python3.11/importlib/resources/_adapters.py,25,__init__,2,2,2.054e-06,1.323744538971342e-06,2.054e-06
/opt/hostedtoolcache/Python/3.11.16/x64/lib/python3.11/urllib/request.py,1531,FTPHandler,1,1,2.053e-06,1.3231000674333812e-06,2.053e-06
/opt/hostedtoolcache/Python/3.11.16/x64/lib/python3.11/email/_parseaddr.py,512,AddressList,1,1,2.0440000000000003e-06,1.3172998235917349e-06,2.0440000000000003e-06
/opt/hostedtoolcache/Python/3.11.16/x64/lib/python3.11/datetime.py,1219,tzinfo,1,1,2.043e-06,1.316655352053774e-06,2.043e-06
/opt/hostedtoolcache/Python/3.11.16/x64/lib/python3.11/site-packages/httpx/_content.py,67,AsyncIteratorByteStream,1,1,2.034e-06,1.3108551082121271e-06,2.034e-06
<frozen runpy>,54,__enter__,1,1,2.034e-06,1.3108551082121271e-06,2.034e-06
/opt/hostedtoolcache/Python/3.11.16/x64/lib/python3.11/urllib/request.py,605,BaseHandler,1,1,2.024e-06,1.30441039283252e-06,2.024e-06
~,0,<method 'detach' of '_socket.socket' objects>,2,2,2.023e-06,1.3037659212945592e-06,2.023e-06
/opt/hostedtoolcache/Python/3.11.16/x64/lib/python3.11/site-packages/httpx/_decoders.py,44,IdentityDecoder,1,1,2.014e-06,1.2979656774529128e-06,2.014e-06
~,0,<method 'pop' of 'set' objects>,2,2,2.0050000000000003e-06,1.2921654336112662e-06,2.0050000000000003e-06
/opt/hostedtoolcache/Python/3.11.16/x64/lib/python3.11/urllib/request.py,1383,HTTPSHandler,1,1,2.004e-06,1.2915209620733055e-06,2.004e-06
/opt/hostedtoolcache/Python/3.11.16/x64/lib/python3.11/unittest/mock.py,1266,_check_spec_arg_typos,1,1,2.004e-06,1.2915209620733055e-06,2.004e-06
/opt/hostedtoolcache/Python/3.11.16/x64/lib/python3.11/encodings/utf_8_sig.py,26,IncrementalEncoder,1,1,1.9940000000000003e-06,1.2850762466936982e-06,1.9940000000000003e-06
/opt/hostedtoolcache/Python/3.11.16/x64/lib/python3.11/functools.py,741,is_related,2,2,1.9940000000000003e-06,1.2850762466936982e-06,1.9940000000000003e-06
/opt/hostedtoolcache/Python/3.11.16/x64/lib/python3.11/tempfile.py,476,_TemporaryFileWrapper,1,1,1.9940000000000003e-06,1.2850762466936982e-06,1.9940000000000003e-06
/opt/hostedtoolcache/Python/3.11.16/x64/lib/python3.11/zipfile.py,773,_SharedFile,1,1,1.9830000000000003e-06,1.2779870597761302e-06,1.9830000000000003e-06
/home/runner/work/_temp/scanner-verification-il7_c53e/first_hybrid/tiktok_worker_scanner.py,2803,SharedScanControl,1,1,1.974e-06,1.2721868159344834e-06,1.974e-06
/opt/hostedtoolcache/Python/3.11.16/x64/lib/python3.11/subprocess.py,1311,_on_error_fd_closer,2,2,1.973e-06,1.2715423443965227e-06,1.973e-06
/home/runner/work/_temp/scanner-verification-il7_c53e/first_hybrid/tiktok_worker_scanner.py,742,<genexpr>,2,2,1.964e-06,1.265742100554876e-06,1.964e-06
/home/runner/work/_temp/scanner-verification-il7_c53e/first_hybrid/tiktok_worker_scanner.py,1937,SecretLogFilter,1,1,1.964e-06,1.265742100554876e-06,1.964e-06
/opt/hostedtoolcache/Python/3.11.16/x64/lib/python3.11/site-packages/httpx/_transports/default.py,279,AsyncHTTPTransport,1,1,1.964e-06,1.265742100554876e-06,1.964e-06
/opt/hostedtoolcache/Python/3.11.16/x64/lib/python3.11/argparse.py,592,<listcomp>,1,1,1.963e-06,1.2650976290169154e-06,1.963e-06
/opt/hostedtoolcache/Python/3.11.16/x64/lib/python3.11/queue.py,223,PriorityQueue,1,1,1.9540000000000003e-06,1.259297385175269e-06,1.9540000000000003e-06
/opt/hostedtoolcache/Python/3.11.16/x64/lib/python3.11/http/client.py,195,HTTPMessage,1,1,1.9540000000000003e-06,1.259297385175269e-06,1.9540000000000003e-06
/opt/hostedtoolcache/Python/3.11.16/x64/lib/python3.11/dataclasses.py,179,__repr__,2,2,1.9540000000000003e-06,1.259297385175269e-06,1.9540000000000003e-06
/opt/hostedtoolcache/Python/3.11.16/x64/lib/python3.11/site-packages/httpx/_config.py,159,Limits,1,1,1.944e-06,1.2528526697956613e-06,1.944e-06
/home/runner/work/_temp/scanner-verification-il7_c53e/first_hybrid/avatar_cache.py,122,AvatarReader,1,1,1.934e-06,1.2464079544160542e-06,1.934e-06
/opt/hostedtoolcache/Python/3.11.16/x64/lib/python3.11/urllib/request.py,791,ProxyHandler,1,1,1.934e-06,1.2464079544160542e-06,1.934e-06
/opt/hostedtoolcache/Python/3.11.16/x64/lib/python3.11/__future__.py,81,_Feature,1,1,1.933e-06,1.2457634828780933e-06,1.933e-06
/opt/hostedtoolcache/Python/3.11.16/x64/lib/python3.11/site-packages/httpx/_content.py,92,UnattachedStream,1,1,1.924e-06,1.239963239036447e-06,1.924e-06
/opt/hostedtoolcache/Python/3.11.16/x64/lib/python3.11/site-packages/httpx/_decoders.py,161,ZStandardDecoder,1,1,1.924e-06,1.239963239036447e-06,1.924e-06
/opt/hostedtoolcache/Python/3.11.16/x64/lib/python3.11/site-packages/httpx/_content.py,42,IteratorByteStream,1,1,1.923e-06,1.2393187674984862e-06,1.923e-06
/opt/hostedtoolcache/Python/3.11.16/x64/lib/python3.11/site-packages/httpx/_auth.py,113,FunctionAuth,1,1,1.9140000000000002e-06,1.2335185236568396e-06,1.9140000000000002e-06
/opt/hostedtoolcache/Python/3.11.16/x64/lib/python3.11/argparse.py,1866,<listcomp>,1,1,1.9140000000000002e-06,1.2335185236568396e-06,1.9140000000000002e-06
/opt/hostedtoolcache/Python/3.11.16/x64/lib/python3.11/site-packages/httpx/_decoders.py,267,TextChunker,1,1,1.8940000000000002e-06,1.220629092897625e-06,1.8940000000000002e-06
/opt/hostedtoolcache/Python/3.11.16/x64/lib/python3.11/calendar.py,573,LocaleTextCalendar,1,1,1.8930000000000001e-06,1.2199846213596644e-06,1.8930000000000001e-06
~,0,<method 'remove' of 'list' objects>,1,1,1.883e-06,1.2135399059800569e-06,1.883e-06
/opt/hostedtoolcache/Python/3.11.16/x64/lib/python3.11/importlib/resources/readers.py,15,FileReader,1,1,1.864e-06,1.201294946758803e-06,1.864e-06
/opt/hostedtoolcache/Python/3.11.16/x64/lib/python3.11/http/client.py,1550,IncompleteRead,1,1,1.8540000000000002e-06,1.1948502313791957e-06,1.8540000000000002e-06
/opt/hostedtoolcache/Python/3.11.16/x64/lib/python3.11/zipfile.py,813,_Tellable,1,1,1.844e-06,1.1884055159995884e-06,1.844e-06
/opt/hostedtoolcache/Python/3.11.16/x64/lib/python3.11/encodings/utf_8_sig.py,49,IncrementalDecoder,1,1,1.844e-06,1.1884055159995884e-06,1.844e-06
~,0,<method 'copy' of 'dict' objects>,1,1,1.8430000000000002e-06,1.1877610444616277e-06,1.8430000000000002e-06
/home/runner/work/_temp/scanner-verification-il7_c53e/first_hybrid/direct_protocol.py,21,ProtocolError,1,1,1.8340000000000001e-06,1.181960800619981e-06,1.8340000000000001e-06
/opt/hostedtoolcache/Python/3.11.16/x64/lib/python3.11/site-packages/httpx/_auth.py,343,_DigestAuthChallenge,1,1,1.8340000000000001e-06,1.181960800619981e-06,1.8340000000000001e-06
/opt/hostedtoolcache/Python/3.11.16/x64/lib/python3.11/sqlite3/dbapi2.py,49,<listcomp>,1,1,1.833e-06,1.1813163290820204e-06,1.833e-06
/opt/hostedtoolcache/Python/3.11.16/x64/lib/python3.11/site-packages/httpx/_client.py,121,<listcomp>,1,1,1.833e-06,1.1813163290820204e-06,1.833e-06
~,0,<method 'pop' of 'collections.deque' objects>,2,2,1.8320000000000002e-06,1.1806718575440595e-06,1.8320000000000002e-06
/home/runner/work/_temp/scanner-verification-il7_c53e/first_hybrid/scan_runtime.py,134,RetryQueue,1,1,1.813e-06,1.1684268983228058e-06,1.813e-06
<string>,1,<module>,1,1,1.813e-06,1.1684268983228058e-06,1.813e-06
/opt/hostedtoolcache/Python/3.11.16/x64/lib/python3.11/site-packages/httpx/_transports/base.py,65,AsyncBaseTransport,1,1,1.813e-06,1.1684268983228058e-06,1.813e-06
/opt/hostedtoolcache/Python/3.11.16/x64/lib/python3.11/zipfile.py,2334,FastLookup,1,1,1.8030000000000001e-06,1.1619821829431985e-06,1.8030000000000001e-06
/opt/hostedtoolcache/Python/3.11.16/x64/lib/python3.11/importlib/resources/_adapters.py,7,SpecLoaderAdapter,1,1,1.794e-06,1.156181939101552e-06,1.794e-06
/opt/hostedtoolcache/Python/3.11.16/x64/lib/python3.11/zipfile.py,2042,PyZipFile,1,1,1.794e-06,1.156181939101552e-06,1.794e-06
/opt/hostedtoolcache/Python/3.11.16/x64/lib/python3.11/zipfile.py,649,LZMACompressor,1,1,1.793e-06,1.155537467563591e-06,1.793e-06
/opt/hostedtoolcache/Python/3.11.16/x64/lib/python3.11/statistics.py,256,_coerce,1,1,1.7830000000000001e-06,1.149092752183984e-06,1.7830000000000001e-06
/opt/hostedtoolcache/Python/3.11.16/x64/lib/python3.11/unittest/mock.py,1642,<lambda>,2,2,1.7720000000000001e-06,1.1420035652664157e-06,1.7720000000000001e-06
/opt/hostedtoolcache/Python/3.11.16/x64/lib/python3.11/importlib/resources/readers.py,107,NamespaceReader,1,1,1.763e-06,1.1362033214247691e-06,1.763e-06
/opt/hostedtoolcache/Python/3.11.16/x64/lib/python3.11/contextlib.py,440,__init__,1,1,1.763e-06,1.1362033214247691e-06,1.763e-06
/opt/hostedtoolcache/Python/3.11.16/x64/lib/python3.11/calendar.py,594,LocaleHTMLCalendar,1,1,1.7530000000000002e-06,1.129758606045162e-06,1.7530000000000002e-06
/opt/hostedtoolcache/Python/3.11.16/x64/lib/python3.11/email/feedparser.py,530,BytesFeedParser,1,1,1.743e-06,1.1233138906655545e-06,1.743e-06
/opt/hostedtoolcache/Python/3.11.16/x64/lib/python3.11/site-packages/httpx/_decoders.py,228,ByteChunker,1,1,1.723e-06,1.11042445990634e-06,1.723e-06
/opt/hostedtoolcache/Python/3.11.16/x64/lib/python3.11/urllib/request.py,1061,ProxyBasicAuthHandler,1,1,1.723e-06,1.11042445990634e-06,1.723e-06
/opt/hostedtoolcache/Python/3.11.16/x64/lib/python3.11/urllib/request.py,1226,HTTPDigestAuthHandler,1,1,1.7130000000000002e-06,1.1039797445267327e-06,1.7130000000000002e-06
/opt/hostedtoolcache/Python/3.11.16/x64/lib/python3.11/site-packages/httpx/_decoders.py,56,DeflateDecoder,1,1,1.7040000000000001e-06,1.098179500685086e-06,1.7040000000000001e-06
/opt/hostedtoolcache/Python/3.11.16/x64/lib/python3.11/site-packages/httpx/_transports/default.py,121,ResponseStream,1,1,1.703e-06,1.0975350291471252e-06,1.703e-06
/opt/hostedtoolcache/Python/3.11.16/x64/lib/python3.11/site-packages/httpx/_decoders.py,36,ContentDecoder,1,1,1.694e-06,1.0917347853054786e-06,1.694e-06
/opt/hostedtoolcache/Python/3.11.16/x64/lib/python3.11/site-packages/httpx/_decoders.py,203,MultiDecoder,1,1,1.694e-06,1.0917347853054786e-06,1.694e-06
/opt/hostedtoolcache/Python/3.11.16/x64/lib/python3.11/statistics.py,148,StatisticsError,1,1,1.6930000000000001e-06,1.091090313767518e-06,1.6930000000000001e-06
/home/runner/work/_temp/scanner-verification-il7_c53e/first_hybrid/tiktok_worker_scanner.py,937,ScanCancelled,1,1,1.683e-06,1.0846455983879106e-06,1.683e-06
/opt/hostedtoolcache/Python/3.11.16/x64/lib/python3.11/email/errors.py,37,MessageDefect,1,1,1.683e-06,1.0846455983879106e-06,1.683e-06
/opt/hostedtoolcache/Python/3.11.16/x64/lib/python3.11/email/errors.py,97,NonPrintableDefect,1,1,1.683e-06,1.0846455983879106e-06,1.683e-06
/opt/hostedtoolcache/Python/3.11.16/x64/lib/python3.11/urllib/response.py,37,addclosehook,1,1,1.663e-06,1.071756167628696e-06,1.663e-06
/home/runner/work/_temp/scanner-verification-il7_c53e/first_hybrid/tiktok_worker_scanner.py,932,InvalidWorkerResponse,1,1,1.6540000000000002e-06,1.0659559237870494e-06,1.6540000000000002e-06
/opt/hostedtoolcache/Python/3.11.16/x64/lib/python3.11/site-packages/httpx/_exceptions.py,107,RequestError,1,1,1.653e-06,1.0653114522490887e-06,1.653e-06
/opt/hostedtoolcache/Python/3.11.16/x64/lib/python3.11/site-packages/httpx/_transports/wsgi.py,30,WSGIByteStream,1,1,1.633e-06,1.0524220214898741e-06,1.633e-06
/opt/hostedtoolcache/Python/3.11.16/x64/lib/python3.11/urllib/request.py,624,HTTPErrorProcessor,1,1,1.633e-06,1.0524220214898741e-06,1.633e-06
/opt/hostedtoolcache/Python/3.11.16/x64/lib/python3.11/email/message.py,1202,EmailMessage,1,1,1.6230000000000002e-06,1.0459773061102668e-06,1.6230000000000002e-06
/opt/hostedtoolcache/Python/3.11.16/x64/lib/python3.11/selectors.py,63,__init__,1,1,1.613e-06,1.0395325907306595e-06,1.613e-06
/home/runner/work/_temp/scanner-verification-il7_c53e/first_hybrid/scan_runtime.py,193,ShutdownGuard,1,1,1.5940000000000001e-06,1.0272876315094054e-06,1.5940000000000001e-06
/opt/hostedtoolcache/Python/3.11.16/x64/lib/python3.11/site-packages/httpx/_transports/mock.py,15,MockTransport,1,1,1.593e-06,1.0266431599714447e-06,1.593e-06
/opt/hostedtoolcache/Python/3.11.16/x64/lib/python3.11/typing.py,1720,_value_and_type_iter,1,1,1.593e-06,1.0266431599714447e-06,1.593e-06
/opt/hostedtoolcache/Python/3.11.16/x64/lib/python3.11/site-packages/httpx/_transports/mock.py,16,__init__,1,1,1.5830000000000001e-06,1.0201984445918377e-06,1.5830000000000001e-06
/opt/hostedtoolcache/Python/3.11.16/x64/lib/python3.11/site-packages/httpx/_exceptions.py,280,CookieConflict,1,1,1.5830000000000001e-06,1.0201984445918377e-06,1.5830000000000001e-06
/opt/hostedtoolcache/Python/3.11.16/x64/lib/python3.11/site-packages/httpx/_transports/asgi.py,63,ASGITransport,1,1,1.5720000000000002e-06,1.0131092576742697e-06,1.5720000000000002e-06
/opt/hostedtoolcache/Python/3.11.16/x64/lib/python3.11/calendar.py,26,IllegalMonthError,1,1,1.562e-06,1.0066645422946622e-06,1.562e-06
/opt/hostedtoolcache/Python/3.11.16/x64/lib/python3.11/site-packages/httpx/_transports/asgi.py,55,ASGIResponseStream,1,1,1.553e-06,1.0008642984530156e-06,1.553e-06
/opt/hostedtoolcache/Python/3.11.16/x64/lib/python3.11/inspect.py,2814,__init__,1,1,1.553e-06,1.0008642984530156e-06,1.553e-06
/opt/hostedtoolcache/Python/3.11.16/x64/lib/python3.11/queue.py,242,LifoQueue,1,1,1.543e-06,9.944195830734083e-07,1.543e-06
/opt/hostedtoolcache/Python/3.11.16/x64/lib/python3.11/site-packages/httpx/_decoders.py,108,BrotliDecoder,1,1,1.543e-06,9.944195830734083e-07,1.543e-06
/opt/hostedtoolcache/Python/3.11.16/x64/lib/python3.11/site-packages/httpx/_decoders.py,85,GZipDecoder,1,1,1.5330000000000002e-06,9.87974867693801e-07,1.5330000000000002e-06
/opt/hostedtoolcache/Python/3.11.16/x64/lib/python3.11/urllib/request.py,1050,HTTPBasicAuthHandler,1,1,1.5330000000000002e-06,9.87974867693801e-07,1.5330000000000002e-06
/opt/hostedtoolcache/Python/3.11.16/x64/lib/python3.11/site-packages/httpx/_transports/wsgi.py,44,WSGITransport,1,1,1.523e-06,9.815301523141937e-07,1.523e-06
/home/runner/work/_temp/scanner-verification-il7_c53e/first_hybrid/direct_protocol.py,49,Session,1,1,1.522e-06,9.80885680776233e-07,1.522e-06
/opt/hostedtoolcache/Python/3.11.16/x64/lib/python3.11/urllib/response.py,57,addinfo,1,1,1.5130000000000002e-06,9.750854369345864e-07,1.5130000000000002e-06
~,0,<method 'toordinal' of 'datetime.date' objects>,1,1,1.503e-06,9.686407215549789e-07,1.503e-06
/opt/hostedtoolcache/Python/3.11.16/x64/lib/python3.11/email/parser.py,125,BytesHeaderParser,1,1,1.503e-06,9.686407215549789e-07,1.503e-06
/opt/hostedtoolcache/Python/3.11.16/x64/lib/python3.11/site-packages/httpx/_transports/default.py,265,AsyncResponseStream,1,1,1.4930000000000001e-06,9.621960061753718e-07,1.4930000000000001e-06
/opt/hostedtoolcache/Python/3.11.16/x64/lib/python3.11/site-packages/httpx/_config.py,16,UnsetType,1,1,1.492e-06,9.61551534637411e-07,1.492e-06
/opt/hostedtoolcache/Python/3.11.16/x64/lib/python3.11/site-packages/httpx/_exceptions.py,258,HTTPStatusError,1,1,1.4820000000000002e-06,9.551068192578038e-07,1.4820000000000002e-06
/opt/hostedtoolcache/Python/3.11.16/x64/lib/python3.11/numbers.py,12,Number,1,1,1.4820000000000002e-06,9.551068192578038e-07,1.4820000000000002e-06
/home/runner/work/_temp/scanner-verification-il7_c53e/first_hybrid/tiktok_worker_scanner.py,1191,<listcomp>,1,1,1.4730000000000001e-06,9.49306575416157e-07,1.4730000000000001e-06
/opt/hostedtoolcache/Python/3.11.16/x64/lib/python3.11/calendar.py,33,IllegalWeekdayError,1,1,1.472e-06,9.486621038781963e-07,1.472e-06
/opt/hostedtoolcache/Python/3.11.16/x64/lib/python3.11/urllib/error.py,19,URLError,1,1,1.472e-06,9.486621038781963e-07,1.472e-06
/opt/hostedtoolcache/Python/3.11.16/x64/lib/python3.11/http/client.py,1588,RemoteDisconnected,1,1,1.4620000000000001e-06,9.42217388498589e-07,1.4620000000000001e-06
/opt/hostedtoolcache/Python/3.11.16/x64/lib/python3.11/encodings/utf_8_sig.py,85,StreamWriter,1,1,1.4530000000000001e-06,9.364171446569424e-07,1.4530000000000001e-06
~,0,<method 'popitem' of 'dict' objects>,1,1,1.443e-06,9.299724292773351e-07,1.443e-06
/opt/hostedtoolcache/Python/3.11.16/x64/lib/python3.11/uuid.py,78,SafeUUID,1,1,1.443e-06,9.299724292773351e-07,1.443e-06
/opt/hostedtoolcache/Python/3.11.16/x64/lib/python3.11/urllib/request.py,1641,DataHandler,1,1,1.433e-06,9.235277138977278e-07,1.433e-06
/opt/hostedtoolcache/Python/3.11.16/x64/lib/python3.11/site-packages/httpx/_decoders.py,321,LineDecoder,1,1,1.432e-06,9.228832423597672e-07,1.432e-06
/home/runner/work/_temp/scanner-verification-il7_c53e/first_hybrid/tiktok_worker_scanner.py,167,ExporterError,1,1,1.4230000000000002e-06,9.170829985181206e-07,1.4230000000000002e-06
/opt/hostedtoolcache/Python/3.11.16/x64/lib/python3.11/importlib/resources/_adapters.py,20,TraversableResourcesLoader,1,1,1.4220000000000001e-06,9.164385269801599e-07,1.4220000000000001e-06
/opt/hostedtoolcache/Python/3.11.16/x64/lib/python3.11/urllib/request.py,1244,ProxyDigestAuthHandler,1,1,1.4220000000000001e-06,9.164385269801599e-07,1.4220000000000001e-06
/opt/hostedtoolcache/Python/3.11.16/x64/lib/python3.11/site-packages/httpx/_client.py,94,UseClientDefault,1,1,1.413e-06,9.106382831385133e-07,1.413e-06
/opt/hostedtoolcache/Python/3.11.16/x64/lib/python3.11/email/errors.py,85,HeaderDefect,1,1,1.4030000000000002e-06,9.04193567758906e-07,1.4030000000000002e-06
/opt/hostedtoolcache/Python/3.11.16/x64/lib/python3.11/http/client.py,1576,BadStatusLine,1,1,1.393e-06,8.977488523792986e-07,1.393e-06
/opt/hostedtoolcache/Python/3.11.16/x64/lib/python3.11/urllib/request.py,641,HTTPDefaultErrorHandler,1,1,1.3830000000000001e-06,8.913041369996913e-07,1.3830000000000001e-06
/opt/hostedtoolcache/Python/3.11.16/x64/lib/python3.11/zipfile.py,48,LargeZipFile,1,1,1.382e-06,8.906596654617305e-07,1.382e-06
/opt/hostedtoolcache/Python/3.11.16/x64/lib/python3.11/http/cookiejar.py,1244,Absent,1,1,1.3720000000000002e-06,8.842149500821234e-07,1.3720000000000002e-06
/opt/hostedtoolcache/Python/3.11.16/x64/lib/python3.11/zipfile.py,672,LZMADecompressor,1,1,1.3630000000000001e-06,8.784147062404767e-07,1.3630000000000001e-06
/opt/hostedtoolcache/Python/3.11.16/x64/lib/python3.11/unittest/mock.py,574,__get_side_effect,1,1,1.353e-06,8.719699908608694e-07,1.353e-06
/opt/hostedtoolcache/Python/3.11.16/x64/lib/python3.11/encodings/utf_8_sig.py,97,StreamReader,1,1,1.3520000000000001e-06,8.713255193229086e-07,1.3520000000000001e-06
/opt/hostedtoolcache/Python/3.11.16/x64/lib/python3.11/http/client.py,1539,UnknownProtocol,1,1,1.342e-06,8.648808039433013e-07,1.342e-06
/opt/hostedtoolcache/Python/3.11.16/x64/lib/python3.11/urllib/request.py,898,HTTPPasswordMgrWithDefaultRealm,1,1,1.333e-06,8.590805601016546e-07,1.333e-06
/opt/hostedtoolcache/Python/3.11.16/x64/lib/python3.11/logging/__init__.py,1319,disable,1,1,1.322e-06,8.519913731840865e-07,1.322e-06
/opt/hostedtoolcache/Python/3.11.16/x64/lib/python3.11/calendar.py,162,setfirstweekday,1,1,1.3130000000000002e-06,8.461911293424402e-07,1.3130000000000002e-06
/opt/hostedtoolcache/Python/3.11.16/x64/lib/python3.11/site-packages/httpx/_exceptions.py,327,StreamClosed,1,1,1.3130000000000002e-06,8.461911293424402e-07,1.3130000000000002e-06
/opt/hostedtoolcache/Python/3.11.16/x64/lib/python3.11/threading.py,1597,main_thread,1,1,1.312e-06,8.455466578044794e-07,1.312e-06
/opt/hostedtoolcache/Python/3.11.16/x64/lib/python3.11/urllib/request.py,1416,UnknownHandler,1,1,1.302e-06,8.391019424248719e-07,1.302e-06
/opt/hostedtoolcache/Python/3.11.16/x64/lib/python3.11/argparse.py,1327,__init__,1,1,1.302e-06,8.391019424248719e-07,1.302e-06
/opt/hostedtoolcache/Python/3.11.16/x64/lib/python3.11/urllib/error.py,70,ContentTooShortError,1,1,1.292e-06,8.326572270452646e-07,1.292e-06
~,0,<built-in method atexit.register>,1,1,1.2820000000000002e-06,8.262125116656576e-07,1.2820000000000002e-06
/opt/hostedtoolcache/Python/3.11.16/x64/lib/python3.11/queue.py,23,Full,1,1,1.2730000000000001e-06,8.204122678240108e-07,1.2730000000000001e-06
/opt/hostedtoolcache/Python/3.11.16/x64/lib/python3.11/site-packages/httpx/_exceptions.py,309,StreamConsumed,1,1,1.263e-06,8.139675524444036e-07,1.263e-06
/opt/hostedtoolcache/Python/3.11.16/x64/lib/python3.11/site-packages/httpx/_exceptions.py,297,StreamError,1,1,1.2620000000000002e-06,8.133230809064428e-07,1.2620000000000002e-06
/opt/hostedtoolcache/Python/3.11.16/x64/lib/python3.11/zipfile.py,44,BadZipFile,1,1,1.2530000000000001e-06,8.075228370647963e-07,1.2530000000000001e-06
/opt/hostedtoolcache/Python/3.11.16/x64/lib/python3.11/functools.py,972,__set_name__,1,1,1.252e-06,8.068783655268355e-07,1.252e-06
/opt/hostedtoolcache/Python/3.11.16/x64/lib/python3.11/site-packages/httpx/_exceptions.py,271,InvalidURL,1,1,1.2420000000000001e-06,8.004336501472282e-07,1.2420000000000001e-06
/opt/hostedtoolcache/Python/3.11.16/x64/lib/python3.11/site-packages/httpx/_exceptions.py,249,TooManyRedirects,1,1,1.2220000000000001e-06,7.875442193880136e-07,1.2220000000000001e-06
/opt/hostedtoolcache/Python/3.11.16/x64/lib/python3.11/site-packages/httpx/_exceptions.py,353,RequestNotRead,1,1,1.213e-06,7.81743975546367e-07,1.213e-06
/opt/hostedtoolcache/Python/3.11.16/x64/lib/python3.11/email/errors.py,8,MessageError,1,1,1.212e-06,7.810995040084062e-07,1.212e-06
/opt/hostedtoolcache/Python/3.11.16/x64/lib/python3.11/http/cookiejar.py,1774,LoadError,1,1,1.192e-06,7.682100732491916e-07,1.192e-06
/opt/hostedtoolcache/Python/3.11.16/x64/lib/python3.11/http/client.py,1547,UnimplementedFileMode,1,1,1.182e-06,7.617653578695843e-07,1.182e-06
/opt/hostedtoolcache/Python/3.11.16/x64/lib/python3.11/site-packages/httpx/_exceptions.py,140,ConnectTimeout,1,1,1.162e-06,7.488759271103697e-07,1.162e-06
~,0,<method 'clear' of 'dict' objects>,1,1,1.162e-06,7.488759271103697e-07,1.162e-06
/home/runner/work/_temp/scanner-verification-il7_c53e/first_hybrid/report_generator.py,150,<dictcomp>,1,1,1.153e-06,7.43075683268723e-07,1.153e-06
/opt/hostedtoolcache/Python/3.11.16/x64/lib/python3.11/email/errors.py,60,MissingHeaderBodySeparatorDefect,1,1,1.153e-06,7.43075683268723e-07,1.153e-06
/opt/hostedtoolcache/Python/3.11.16/x64/lib/python3.11/http/client.py,1583,LineTooLong,1,1,1.142e-06,7.35986496351155e-07,1.142e-06
/opt/hostedtoolcache/Python/3.11.16/x64/lib/python3.11/site-packages/httpx/_client.py,445,_build_auth,1,1,1.1320000000000001e-06,7.295417809715477e-07,1.1320000000000001e-06
/opt/hostedtoolcache/Python/3.11.16/x64/lib/python3.11/site-packages/httpx/_client.py,239,_get_proxy_map,1,1,1.1320000000000001e-06,7.295417809715477e-07,1.1320000000000001e-06
/opt/hostedtoolcache/Python/3.11.16/x64/lib/python3.11/email/errors.py,12,MessageParseError,1,1,1.131e-06,7.288973094335871e-07,1.131e-06
/opt/hostedtoolcache/Python/3.11.16/x64/lib/python3.11/site-packages/idna/core.py,110,IDNABidiError,1,1,1.122e-06,7.230970655919405e-07,1.122e-06
/opt/hostedtoolcache/Python/3.11.16/x64/lib/python3.11/site-packages/httpx/_client.py,1412,<dictcomp>,1,1,1.122e-06,7.230970655919405e-07,1.122e-06
/opt/hostedtoolcache/Python/3.11.16/x64/lib/python3.11/site-packages/httpx/_exceptions.py,158,PoolTimeout,1,1,1.1120000000000001e-06,7.166523502123332e-07,1.1120000000000001e-06
/opt/hostedtoolcache/Python/3.11.16/x64/lib/python3.11/email/errors.py,16,HeaderParseError,1,1,1.1120000000000001e-06,7.166523502123332e-07,1.1120000000000001e-06
~,0,<method 'index' of 'list' objects>,1,1,1.1120000000000001e-06,7.166523502123332e-07,1.1120000000000001e-06
/home/runner/work/_temp/scanner-verification-il7_c53e/first_hybrid/tiktok_worker_scanner.py,175,PublicProfileRequired,1,1,1.102e-06,7.102076348327258e-07,1.102e-06
/opt/hostedtoolcache/Python/3.11.16/x64/lib/python3.11/http/client.py,1528,HTTPException,1,1,1.102e-06,7.102076348327258e-07,1.102e-06
/home/runner/work/_temp/scanner-verification-il7_c53e/first_hybrid/tiktok_worker_scanner.py,171,MissingDependency,1,1,1.0930000000000002e-06,7.044073909910793e-07,1.0930000000000002e-06
/opt/hostedtoolcache/Python/3.11.16/x64/lib/python3.11/site-packages/httpx/_exceptions.py,123,TransportError,1,1,1.0930000000000002e-06,7.044073909910793e-07,1.0930000000000002e-06
/opt/hostedtoolcache/Python/3.11.16/x64/lib/python3.11/importlib/resources/_adapters.py,143,__init__,1,1,1.092e-06,7.037629194531186e-07,1.092e-06
/opt/hostedtoolcache/Python/3.11.16/x64/lib/python3.11/site-packages/httpx/_transports/base.py,85,aclose,1,1,1.092e-06,7.037629194531186e-07,1.092e-06
~,0,<method 'clear' of 'collections.deque' objects>,1,1,1.092e-06,7.037629194531186e-07,1.092e-06
<string>,1,__create_fn__,1,1,1.082e-06,6.973182040735112e-07,1.082e-06
/opt/hostedtoolcache/Python/3.11.16/x64/lib/python3.11/site-packages/idna/package_data.py,1,<module>,1,1,1.082e-06,6.973182040735112e-07,1.082e-06
/opt/hostedtoolcache/Python/3.11.16/x64/lib/python3.11/http/client.py,1533,NotConnected,1,1,1.082e-06,6.973182040735112e-07,1.082e-06
/opt/hostedtoolcache/Python/3.11.16/x64/lib/python3.11/unittest/mock.py,1114,_mock_check_sig,1,1,1.0730000000000001e-06,6.915179602318647e-07,1.0730000000000001e-06
/opt/hostedtoolcache/Python/3.11.16/x64/lib/python3.11/site-packages/httpx/_exceptions.py,187,ConnectError,1,1,1.072e-06,6.908734886939039e-07,1.072e-06
/opt/hostedtoolcache/Python/3.11.16/x64/lib/python3.11/http/client.py,1544,UnknownTransferEncoding,1,1,1.072e-06,6.908734886939039e-07,1.072e-06
/opt/hostedtoolcache/Python/3.11.16/x64/lib/python3.11/email/errors.py,28,CharsetError,1,1,1.072e-06,6.908734886939039e-07,1.072e-06
/opt/hostedtoolcache/Python/3.11.16/x64/lib/python3.11/email/errors.py,32,HeaderWriteError,1,1,1.072e-06,6.908734886939039e-07,1.072e-06
/opt/hostedtoolcache/Python/3.11.16/x64/lib/python3.11/email/errors.py,20,BoundaryError,1,1,1.063e-06,6.850732448522573e-07,1.063e-06
/home/runner/work/_temp/scanner-verification-il7_c53e/first_hybrid/tiktok_worker_scanner.py,792,<listcomp>,1,1,1.0620000000000002e-06,6.844287733142967e-07,1.0620000000000002e-06
/opt/hostedtoolcache/Python/3.11.16/x64/lib/python3.11/contextlib.py,446,__exit__,1,1,1.0620000000000002e-06,6.844287733142967e-07,1.0620000000000002e-06
/opt/hostedtoolcache/Python/3.11.16/x64/lib/python3.11/concurrent/futures/thread.py,112,BrokenThreadPool,1,1,1.0620000000000002e-06,6.844287733142967e-07,1.0620000000000002e-06
/home/runner/work/_temp/scanner-verification-il7_c53e/first_hybrid/tiktok_worker_scanner.py,1247,<listcomp>,1,1,1.0620000000000002e-06,6.844287733142967e-07,1.0620000000000002e-06
/opt/hostedtoolcache/Python/3.11.16/x64/lib/python3.11/email/errors.py,91,InvalidHeaderDefect,1,1,1.0620000000000002e-06,6.844287733142967e-07,1.0620000000000002e-06
/opt/hostedtoolcache/Python/3.11.16/x64/lib/python3.11/functools.py,753,<listcomp>,1,1,1.052e-06,6.779840579346893e-07,1.052e-06
/opt/hostedtoolcache/Python/3.11.16/x64/lib/python3.11/site-packages/idna/core.py,118,InvalidCodepointContext,1,1,1.052e-06,6.779840579346893e-07,1.052e-06
/opt/hostedtoolcache/Python/3.11.16/x64/lib/python3.11/http/client.py,1570,CannotSendHeader,1,1,1.052e-06,6.779840579346893e-07,1.052e-06
/opt/hostedtoolcache/Python/3.11.16/x64/lib/python3.11/email/errors.py,45,NoBoundaryInMultipartDefect,1,1,1.051e-06,6.773395863967284e-07,1.051e-06
/opt/hostedtoolcache/Python/3.11.16/x64/lib/python3.11/site-packages/httpx/_exceptions.py,232,RemoteProtocolError,1,1,1.0420000000000001e-06,6.71539342555082e-07,1.0420000000000001e-06
/opt/hostedtoolcache/Python/3.11.16/x64/lib/python3.11/site-packages/idna/core.py,114,InvalidCodepoint,1,1,1.0420000000000001e-06,6.71539342555082e-07,1.0420000000000001e-06
/opt/hostedtoolcache/Python/3.11.16/x64/lib/python3.11/http/client.py,1536,InvalidURL,1,1,1.0420000000000001e-06,6.71539342555082e-07,1.0420000000000001e-06
/opt/hostedtoolcache/Python/3.11.16/x64/lib/python3.11/http/client.py,1564,ImproperConnectionState,1,1,1.0420000000000001e-06,6.71539342555082e-07,1.0420000000000001e-06
/opt/hostedtoolcache/Python/3.11.16/x64/lib/python3.11/email/errors.py,77,InvalidBase64CharactersDefect,1,1,1.0420000000000001e-06,6.71539342555082e-07,1.0420000000000001e-06
/opt/hostedtoolcache/Python/3.11.16/x64/lib/python3.11/site-packages/httpx/_exceptions.py,146,ReadTimeout,1,1,1.032e-06,6.650946271754746e-07,1.032e-06
/opt/hostedtoolcache/Python/3.11.16/x64/lib/python3.11/site-packages/httpx/_client.py,1432,_init_transport,1,1,1.032e-06,6.650946271754746e-07,1.032e-06
/opt/hostedtoolcache/Python/3.11.16/x64/lib/python3.11/site-packages/httpx/_exceptions.py,132,TimeoutException,1,1,1.0310000000000002e-06,6.644501556375139e-07,1.0310000000000002e-06
/opt/hostedtoolcache/Python/3.11.16/x64/lib/python3.11/http/client.py,1567,CannotSendRequest,1,1,1.0310000000000002e-06,6.644501556375139e-07,1.0310000000000002e-06
/opt/hostedtoolcache/Python/3.11.16/x64/lib/python3.11/email/errors.py,54,FirstHeaderLineIsContinuationDefect,1,1,1.0310000000000002e-06,6.644501556375139e-07,1.0310000000000002e-06
/opt/hostedtoolcache/Python/3.11.16/x64/lib/python3.11/email/errors.py,108,ObsoleteHeaderDefect,1,1,1.0310000000000002e-06,6.644501556375139e-07,1.0310000000000002e-06
/opt/hostedtoolcache/Python/3.11.16/x64/lib/python3.11/email/errors.py,24,MultipartConversionError,1,1,1.03e-06,6.638056840995532e-07,1.03e-06
/home/runner/work/_temp/scanner-verification-il7_c53e/first_hybrid/tiktok_worker_scanner.py,1244,<genexpr>,1,1,1.0220000000000001e-06,6.586499117958674e-07,1.0220000000000001e-06
/home/runner/work/_temp/scanner-verification-il7_c53e/first_hybrid/tiktok_worker_scanner.py,1463,<genexpr>,1,1,1.0220000000000001e-06,6.586499117958674e-07,1.0220000000000001e-06
/opt/hostedtoolcache/Python/3.11.16/x64/lib/python3.11/site-packages/httpx/_exceptions.py,243,DecodingError,1,1,1.0220000000000001e-06,6.586499117958674e-07,1.0220000000000001e-06
/opt/hostedtoolcache/Python/3.11.16/x64/lib/python3.11/http/client.py,1573,ResponseNotReady,1,1,1.0220000000000001e-06,6.586499117958674e-07,1.0220000000000001e-06
/opt/hostedtoolcache/Python/3.11.16/x64/lib/python3.11/email/errors.py,51,CloseBoundaryNotFoundDefect,1,1,1.0220000000000001e-06,6.586499117958674e-07,1.0220000000000001e-06
/opt/hostedtoolcache/Python/3.11.16/x64/lib/python3.11/email/errors.py,57,MisplacedEnvelopeHeaderDefect,1,1,1.0220000000000001e-06,6.586499117958674e-07,1.0220000000000001e-06
/opt/hostedtoolcache/Python/3.11.16/x64/lib/python3.11/email/errors.py,68,InvalidMultipartContentTransferEncodingDefect,1,1,1.0220000000000001e-06,6.586499117958674e-07,1.0220000000000001e-06
/opt/hostedtoolcache/Python/3.11.16/x64/lib/python3.11/site-packages/httpx/_exceptions.py,181,WriteError,1,1,1.021e-06,6.580054402579065e-07,1.021e-06
/home/runner/work/_temp/scanner-verification-il7_c53e/first_hybrid/tiktok_worker_scanner.py,1481,__aenter__,1,1,1.012e-06,6.5220519641626e-07,1.012e-06
/opt/hostedtoolcache/Python/3.11.16/x64/lib/python3.11/email/errors.py,48,StartBoundaryNotFoundDefect,1,1,1.012e-06,6.5220519641626e-07,1.012e-06
/opt/hostedtoolcache/Python/3.11.16/x64/lib/python3.11/email/errors.py,94,HeaderMissingRequiredValue,1,1,1.012e-06,6.5220519641626e-07,1.012e-06
/opt/hostedtoolcache/Python/3.11.16/x64/lib/python3.11/site-packages/httpx/_exceptions.py,222,LocalProtocolError,1,1,1.0110000000000001e-06,6.515607248782993e-07,1.0110000000000001e-06
/opt/hostedtoolcache/Python/3.11.16/x64/lib/python3.11/email/errors.py,71,UndecodableBytesDefect,1,1,1.0110000000000001e-06,6.515607248782993e-07,1.0110000000000001e-06
/opt/hostedtoolcache/Python/3.11.16/x64/lib/python3.11/importlib/resources/readers.py,27,files,1,1,1.002e-06,6.457604810366527e-07,1.002e-06
/opt/hostedtoolcache/Python/3.11.16/x64/lib/python3.11/site-packages/httpx/_exceptions.py,152,WriteTimeout,1,1,1.002e-06,6.457604810366527e-07,1.002e-06
/opt/hostedtoolcache/Python/3.11.16/x64/lib/python3.11/site-packages/httpx/_exceptions.py,167,NetworkError,1,1,1.002e-06,6.457604810366527e-07,1.002e-06
/opt/hostedtoolcache/Python/3.11.16/x64/lib/python3.11/site-packages/httpx/_exceptions.py,175,ReadError,1,1,1.002e-06,6.457604810366527e-07,1.002e-06
/opt/hostedtoolcache/Python/3.11.16/x64/lib/python3.11/site-packages/httpx/_exceptions.py,208,UnsupportedProtocol,1,1,1.002e-06,6.457604810366527e-07,1.002e-06
/opt/hostedtoolcache/Python/3.11.16/x64/lib/python3.11/email/errors.py,65,MultipartInvariantViolationDefect,1,1,1.002e-06,6.457604810366527e-07,1.002e-06
/opt/hostedtoolcache/Python/3.11.16/x64/lib/python3.11/email/errors.py,80,InvalidBase64LengthDefect,1,1,1.002e-06,6.457604810366527e-07,1.002e-06
/opt/hostedtoolcache/Python/3.11.16/x64/lib/python3.11/email/errors.py,111,NonASCIILocalPartDefect,1,1,1.002e-06,6.457604810366527e-07,1.002e-06
/opt/hostedtoolcache/Python/3.11.16/x64/lib/python3.11/unittest/mock.py,404,__init__,1,1,1.002e-06,6.457604810366527e-07,1.002e-06
/home/runner/work/_temp/scanner-verification-il7_c53e/first_hybrid/tiktok_worker_scanner.py,805,<genexpr>,1,1,1.001e-06,6.451160094986919e-07,1.001e-06
/opt/hostedtoolcache/Python/3.11.16/x64/lib/python3.11/site-packages/httpx/_exceptions.py,216,ProtocolError,1,1,1.001e-06,6.451160094986919e-07,1.001e-06
/opt/hostedtoolcache/Python/3.11.16/x64/lib/python3.11/site-packages/httpx/_exceptions.py,193,CloseError,1,1,9.910000000000001e-07,6.386712941190846e-07,9.910000000000001e-07
~,0,<built-in method posix.WIFSTOPPED>,1,1,9.82e-07,6.32871050277438e-07,9.82e-07
/opt/hostedtoolcache/Python/3.11.16/x64/lib/python3.11/email/errors.py,116,InvalidDateDefect,1,1,9.800000000000001e-07,6.315821072015167e-07,9.800000000000001e-07
/opt/hostedtoolcache/Python/3.11.16/x64/lib/python3.11/site-packages/httpx/_exceptions.py,202,ProxyError,1,1,9.72e-07,6.264263348978306e-07,9.72e-07
/opt/hostedtoolcache/Python/3.11.16/x64/lib/python3.11/email/errors.py,74,InvalidBase64PaddingDefect,1,1,9.72e-07,6.264263348978306e-07,9.72e-07
/opt/hostedtoolcache/Python/3.11.16/x64/lib/python3.11/random.py,814,seed,1,1,9.72e-07,6.264263348978306e-07,9.72e-07
/opt/hostedtoolcache/Python/3.11.16/x64/lib/python3.11/subprocess.py,1089,__enter__,1,1,9.71e-07,6.257818633598701e-07,9.71e-07
/home/runner/work/_temp/scanner-verification-il7_c53e/first_hybrid/vendor/__init__.py,1,<module>,1,1,9.61e-07,6.193371479802627e-07,9.61e-07
/opt/hostedtoolcache/Python/3.11.16/x64/lib/python3.11/contextlib.py,555,__enter__,1,1,9.520000000000001e-07,6.135369041386162e-07,9.520000000000001e-07
/opt/hostedtoolcache/Python/3.11.16/x64/lib/python3.11/importlib/resources/_common.py,101,_,1,1,9.32e-07,6.006474733794015e-07,9.32e-07
~,0,<built-in method posix.waitstatus_to_exitcode>,1,1,9.32e-07,6.006474733794015e-07,9.32e-07
/home/runner/work/_temp/scanner-verification-il7_c53e/first_hybrid/tiktok_worker_scanner.py,1245,<genexpr>,1,1,9.22e-07,5.942027579997942e-07,9.22e-07
/opt/hostedtoolcache/Python/3.11.16/x64/lib/python3.11/contextlib.py,443,__enter__,1,1,9.02e-07,5.813133272405795e-07,9.02e-07
/opt/hostedtoolcache/Python/3.11.16/x64/lib/python3.11/argparse.py,1782,identity,1,1,8.820000000000001e-07,5.684238964813649e-07,8.820000000000001e-07
/home/runner/work/_temp/scanner-verification-il7_c53e/first_hybrid/tiktok_worker_scanner.py,808,<genexpr>,1,1,8.71e-07,5.613347095637969e-07,8.71e-07
