file,line,function,primitive_calls,calls,exclusive_cpu_seconds,percent_of_profiled_cpu,cumulative_cpu_seconds
/home/runner/work/_temp/scanner-verification-il7_c53e/final/tests/benchmark_hybrid.py,123,<genexpr>,5818133,5818133,19.953317756,7.730880430113423,33.659833465000006
/opt/hostedtoolcache/Python/3.11.16/x64/lib/python3.11/asyncio/tasks.py,61,<setcomp>,6385,6385,14.365394957000001,5.565848852906994,37.678166428000004
/opt/hostedtoolcache/Python/3.11.16/x64/lib/python3.11/asyncio/futures.py,299,_get_loop,7122465,7122465,12.274729822000001,4.75582405523986,17.856780848
/home/runner/work/_temp/scanner-verification-il7_c53e/first_hybrid/tiktok_worker_scanner.py,1105,clean,37110,1433552,10.761324202,4.169457515421514,17.230801669
/opt/hostedtoolcache/Python/3.11.16/x64/lib/python3.11/site-packages/httpx/_urlparse.py,273,<genexpr>,4123670,4123670,10.630785183,4.118880385357525,17.065856989
~,0,<method 'done' of '_asyncio.Task' objects>,13264527,13264527,10.580055176,4.099225126862087,10.580055176
~,0,<built-in method builtins.isinstance>,10077616,10083616,10.022251019,3.883104815747886,13.089115442
/opt/hostedtoolcache/Python/3.11.16/x64/lib/python3.11/_weakrefset.py,63,__iter__,7066148,7066148,6.530671457,2.530298007570186,6.654025128000001
/opt/hostedtoolcache/Python/3.11.16/x64/lib/python3.11/asyncio/tasks.py,42,all_tasks,6385,6385,6.181147931000001,2.3948756873294776,50.557692201
/opt/hostedtoolcache/Python/3.11.16/x64/lib/python3.11/dataclasses.py,1289,_asdict_inner,17000,770000,6.017111309000001,2.331319965601928,18.440610517
~,0,<method 'get_loop' of '_asyncio.Future' objects>,7122465,7122465,5.582051026,2.1627565683316705,5.582051026
~,0,<built-in method builtins.sum>,28175,28175,5.324229537000001,2.0628640528038487,39.848210929000004
~,0,<method 'startswith' of 'str' objects>,5878436,5878436,5.091569032,1.9727201195011301,5.091569032
~,0,<built-in method builtins.any>,36955,36955,4.78818622,1.8551749436659832,31.763446109
~,0,<method 'execute' of 'sqlite3.Connection' objects>,72355,72355,4.699115847,1.8206647728788947,4.699115847
~,0,<method 'get_name' of '_asyncio.Task' objects>,5811749,5811749,4.585751333,1.7767418767736403,4.585751333
/opt/hostedtoolcache/Python/3.11.16/x64/lib/python3.11/asyncio/tasks.py,507,_wait,3156,3156,3.8293628280000003,1.4836803838242345,7.921499226000001
/opt/hostedtoolcache/Python/3.11.16/x64/lib/python3.11/copy.py,128,deepcopy,719000,719000,3.4911190810000003,1.3526283955650777,5.933401161000001
~,0,<method 'isprintable' of 'str' objects>,4224670,4224670,3.3600712930000003,1.3018541437816014,3.3600712930000003
~,0,<method 'isascii' of 'str' objects>,4237707,4237707,3.277179979,1.2697380393289326,3.277179979
/home/runner/work/_temp/scanner-verification-il7_c53e/first_hybrid/vendor/tiktok_sign.py,340,_quarter_round,1194960,1194960,3.2505997010000005,1.2594395539577274,3.2505997010000005
~,0,<method 'get' of '_queue.SimpleQueue' objects>,32350,32350,2.4658634970000004,0.9553947912524964,2.4658634970000004
/opt/hostedtoolcache/Python/3.11.16/x64/lib/python3.11/asyncio/base_events.py,1859,_run_once,127459,127459,2.359135321,0.914043133484605,185.69469014900002
~,0,<method 'append' of 'list' objects>,2556581,2556581,2.155411211,0.8351105592430266,2.155411211
~,0,<method 'get' of 'dict' objects>,2455530,2455530,2.101681201,0.814292954476827,2.101681201
/opt/hostedtoolcache/Python/3.11.16/x64/lib/python3.11/asyncio/tasks.py,424,<genexpr>,1062581,1062581,1.997978872,0.7741136561953567,8.837356230000001
<frozen abc>,117,__instancecheck__,1140250,1140250,1.945096724,0.7536245541785942,3.017398952
/home/runner/work/_temp/scanner-verification-il7_c53e/first_hybrid/vendor/tiktok_sign.py,240,_escape,186000,186000,1.941839088,0.7523623884220619,3.3635572160000002
/opt/hostedtoolcache/Python/3.11.16/x64/lib/python3.11/asyncio/coroutines.py,34,iscoroutine,1062817,1062817,1.9230988580000001,0.7451015168650368,6.859588055000001
/opt/hostedtoolcache/Python/3.11.16/x64/lib/python3.11/urllib/parse.py,818,unquote_plus,642000,642000,1.7983246030000002,0.6967579352132375,4.390981007000001
~,0,<method 'replace' of 'str' objects>,2049874,2049874,1.7743423040000001,0.6874660325695042,1.7743423040000001
~,0,<method 'poll' of 'select.epoll' objects>,127459,127459,1.561398671,0.6049613691742687,1.561398671
/opt/hostedtoolcache/Python/3.11.16/x64/lib/python3.11/json/encoder.py,334,_iterencode_dict,457695,836415,1.511066383,0.5854602062568873,1.8990038750000002
/opt/hostedtoolcache/Python/3.11.16/x64/lib/python3.11/dataclasses.py,1253,_is_dataclass_instance,787000,787000,1.471555531,0.5701517910730487,2.371869032
/home/runner/work/_temp/scanner-verification-il7_c53e/first_hybrid/vendor/tiktok_sign.py,355,_keystream,24000,24000,1.431582022,0.5546641201889354,4.7713594950000005
/opt/hostedtoolcache/Python/3.11.16/x64/lib/python3.11/urllib/parse.py,745,parse_qsl,9001,9001,1.394996032,0.5404889380179266,7.621814702000001
~,0,<method 'add_done_callback' of '_asyncio.Task' objects>,1062484,1062484,1.344268462,0.5208346237341638,1.3443408250000002
/opt/hostedtoolcache/Python/3.11.16/x64/lib/python3.11/urllib/parse.py,675,unquote,654000,654000,1.3309867480000002,0.5156886453010741,2.101311383
~,0,<method 'casefold' of 'str' objects>,1424526,1424526,1.319545647,0.5112558093736627,1.319545647
~,0,<method 'commit' of 'sqlite3.Connection' objects>,8002,8002,1.24977664,0.4842239213718513,1.24977664
~,0,<built-in method builtins.hasattr>,1046386,1046405,1.216596956,0.4713685069064642,1.2193053500000002
/opt/hostedtoolcache/Python/3.11.16/x64/lib/python3.11/urllib/parse.py,781,_unquote,642000,642000,1.2071866580000001,0.4677225022901212,5.598167665
~,0,<built-in method _abc._abc_instancecheck>,1140250,1140250,1.071814771,0.41527288539966056,1.072302228
~,0,<method 'remove_done_callback' of '_asyncio.Task' objects>,1061470,1061470,0.94996972,0.3680642190615113,0.94996972
/opt/hostedtoolcache/Python/3.11.16/x64/lib/python3.11/selectors.py,451,select,127459,127459,0.9288827620000001,0.35989411156729256,2.894105321
~,0,<method 'add' of 'set' objects>,1104715,1104715,0.9258779830000001,0.3587299148431197,0.9342021250000001
/opt/hostedtoolcache/Python/3.11.16/x64/lib/python3.11/json/encoder.py,205,iterencode,38117,38117,0.907849026,0.3517446248501938,0.9556074340000001
~,0,<built-in method builtins.len>,965247,965814,0.8944203079999999,0.3465416899569982,0.895421161
/opt/hostedtoolcache/Python/3.11.16/x64/lib/python3.11/asyncio/base_events.py,781,_call_soon,217210,217210,0.877333577,0.33992146389144623,1.9941908600000002
/opt/hostedtoolcache/Python/3.11.16/x64/lib/python3.11/json/encoder.py,414,_iterencode,474695,474695,0.834052863,0.3231524218225742,2.8010759860000003
~,0,<method 'run' of '_contextvars.Context' objects>,256433,256433,0.776899784,0.3010085545537355,177.99435913800002
/home/runner/work/_temp/scanner-verification-il7_c53e/first_hybrid/vendor/tiktok_sign.py,268,encode_field,66000,66000,0.7538559210000001,0.2920802474080557,1.1920366230000001
/opt/hostedtoolcache/Python/3.11.16/x64/lib/python3.11/json/encoder.py,183,encode,52116,52116,0.7365476310000001,0.28537417866921194,4.63539471
/opt/hostedtoolcache/Python/3.11.16/x64/lib/python3.11/asyncio/events.py,35,__init__,231405,231405,0.734893867,0.28473343050392086,1.0233664390000001
/opt/hostedtoolcache/Python/3.11.16/x64/lib/python3.11/asyncio/events.py,82,_run,256433,256433,0.733776706,0.28430058829603344,178.728135844
/home/runner/work/_temp/scanner-verification-il7_c53e/first_hybrid/vendor/tiktok_sign.py,393,<listcomp>,6000,6000,0.712336208,0.27599350230527164,1.281721692
/opt/hostedtoolcache/Python/3.11.16/x64/lib/python3.11/threading.py,271,__enter__,291095,291095,0.6868046380000001,0.26610133713871853,1.070474895
/opt/hostedtoolcache/Python/3.11.16/x64/lib/python3.11/asyncio/base_events.py,752,call_soon,184866,184866,0.6690303940000001,0.2592147352823259,2.422782922
/opt/hostedtoolcache/Python/3.11.16/x64/lib/python3.11/threading.py,274,__exit__,291095,291095,0.65680776,0.2544790956683762,0.9439771140000002
/opt/hostedtoolcache/Python/3.11.16/x64/lib/python3.11/copy.py,182,_deepcopy_atomic,719000,719000,0.6229304120000001,0.24135337242375002,0.6229304120000001
~,0,<built-in method builtins.id>,728541,728541,0.6198261540000001,0.24015063272323045,0.6198261540000001
/opt/hostedtoolcache/Python/3.11.16/x64/lib/python3.11/dataclasses.py,1323,<genexpr>,116000,202000,0.610136993,0.23639658309223138,7.919688855
~,0,<method '__exit__' of 'sqlite3.Connection' objects>,6003,6003,0.6097969120000001,0.2362648192632931,0.6097969120000001
/home/runner/work/_temp/scanner-verification-il7_c53e/first_hybrid/vendor/tiktok_sign.py,259,hash_state,9000,9000,0.600843842,0.23279596689002685,0.6102627860000001
/home/runner/work/_temp/scanner-verification-il7_c53e/first_hybrid/vendor/tiktok_sign.py,407,<genexpr>,342000,342000,0.5925468890000001,0.22958132597859335,0.8775833200000001
~,0,<method 'join' of 'bytes' objects>,33000,33000,0.584552016,0.2264837254706098,2.540662841
~,0,<method 'recv' of '_socket.socket' objects>,58152,58152,0.5797791950000001,0.22463450375637942,0.5797791950000001
/home/runner/work/_temp/scanner-verification-il7_c53e/first_hybrid/scan_runtime.py,75,independent,56996,56996,0.577269405,0.22366208971316295,5.000573881
/opt/hostedtoolcache/Python/3.11.16/x64/lib/python3.11/urllib/parse.py,939,quote_from_bytes,90006,90006,0.552341188,0.2140036926826756,1.028590574
/opt/hostedtoolcache/Python/3.11.16/x64/lib/python3.11/collections/__init__.py,660,update,60194,60194,0.54985551,0.2130406207945439,1.155356816
~,0,<method 'send' of '_socket.socket' objects>,32344,32344,0.543063959,0.21040924543340983,0.543063959
~,0,<method 'close' of 'sqlite3.Connection' objects>,2007,2007,0.509871584,0.19754891386076576,0.509871584
~,0,<built-in method io.open>,4125,4125,0.49455738000000005,0.1916154504912084,0.559704144
~,0,<built-in method builtins.getattr>,483526,483526,0.48631750700000004,0.1884229251327043,0.48634481800000007
/opt/hostedtoolcache/Python/3.11.16/x64/lib/python3.11/asyncio/base_futures.py,14,isfuture,226231,226231,0.481505591,0.1865585561244694,0.7627407190000001
~,0,<built-in method posix.fsync>,8215,8215,0.46036703800000006,0.17836845823162775,0.46036703800000006
/opt/hostedtoolcache/Python/3.11.16/x64/lib/python3.11/dataclasses.py,1235,fields,17000,17000,0.45766544500000006,0.17732173042880156,0.882779536
/home/runner/work/_temp/scanner-verification-il7_c53e/first_hybrid/tiktok_worker_scanner.py,2041,normalize_member,15000,15000,0.44123830900000005,0.17095706337051125,0.9423977219999999
~,0,<method 'set_result' of '_asyncio.Future' objects>,111449,111449,0.434683015,0.16841722539880347,2.7131989890000003
~,0,<method 'join' of 'str' objects>,150794,336794,0.432555714,0.16759300609497788,3.931025494
/opt/hostedtoolcache/Python/3.11.16/x64/lib/python3.11/concurrent/futures/thread.py,161,submit,32343,32343,0.421940784,0.1634802687744214,1.591618682
~,0,<built-in method builtins.max>,323976,323976,0.404128017,0.15657874124449164,0.40489367200000004
/opt/hostedtoolcache/Python/3.11.16/x64/lib/python3.11/dataclasses.py,1250,<genexpr>,394000,394000,0.391065859,0.15151782942560957,0.391065859
/opt/hostedtoolcache/Python/3.11.16/x64/lib/python3.11/pathlib.py,56,parse_parts,26273,26273,0.390387787,0.15125511153482515,0.7237182040000001
~,0,<method 'to_bytes' of 'int' objects>,453000,453000,0.389833531,0.15104036595135523,0.389833531
/home/runner/work/_temp/scanner-verification-il7_c53e/first_hybrid/tiktok_worker_scanner.py,1420,disk_call,78430,78430,0.386400831,0.14971037193346964,6.705866380000001
/opt/hostedtoolcache/Python/3.11.16/x64/lib/python3.11/asyncio/base_events.py,701,time,173179,173179,0.37895203200000005,0.14682434690639704,0.550365556
/opt/hostedtoolcache/Python/3.11.16/x64/lib/python3.11/urllib/parse.py,863,quote,93000,93000,0.37314096700000005,0.14457285924725283,1.5487376600000002
/opt/hostedtoolcache/Python/3.11.16/x64/lib/python3.11/asyncio/futures.py,365,_chain_future,32343,32343,0.36932321900000004,0.14309367900959888,1.3349606170000001
/opt/hostedtoolcache/Python/3.11.16/x64/lib/python3.11/asyncio/base_events.py,1954,get_debug,362529,362529,0.36329385700000005,0.1407576125337441,0.36329385700000005
/opt/hostedtoolcache/Python/3.11.16/x64/lib/python3.11/asyncio/base_events.py,426,create_future,111678,111678,0.345497355,0.13386238685154378,0.458764781
/opt/hostedtoolcache/Python/3.11.16/x64/lib/python3.11/concurrent/futures/thread.py,53,run,32343,32343,0.34524567800000006,0.1337648750082603,64.164141818
/opt/hostedtoolcache/Python/3.11.16/x64/lib/python3.11/asyncio/futures.py,345,_copy_future_state,32343,32343,0.343357153,0.1330331690763037,2.889762794
~,0,<built-in method _sqlite3.connect>,2007,2007,0.33656581799999996,0.1304018774040174,0.43668372000000005
~,0,<method 'partition' of 'str' objects>,352435,352435,0.33379652400000004,0.1293289189591296,0.33379652400000004
/opt/hostedtoolcache/Python/3.11.16/x64/lib/python3.11/concurrent/futures/_base.py,537,set_result,32343,32343,0.33232209200000007,0.12875765268483266,2.520930666
/opt/hostedtoolcache/Python/3.11.16/x64/lib/python3.11/site-packages/httpx/_urlparse.py,223,<genexpr>,119001,119001,0.322826477,0.12507859213595138,0.513375837
/opt/hostedtoolcache/Python/3.11.16/x64/lib/python3.11/concurrent/futures/thread.py,69,_worker,7,7,0.307715799,0.11922398458323913,67.692508567
/home/runner/work/_temp/scanner-verification-il7_c53e/first_hybrid/vendor/tiktok_sign.py,237,<genexpr>,96000,96000,0.304966847,0.11815890761308308,3.6685240630000004
~,0,<built-in method from_bytes>,351255,351255,0.29964433600000007,0.11609670940463779,0.29964433600000007
~,0,<method '__enter__' of '_thread.RLock' objects>,226401,226401,0.29503155600000003,0.11430949531490599,0.29503155600000003
~,0,<built-in method time.monotonic>,300935,300935,0.287826671,0.11151797436942468,0.287826671
/opt/hostedtoolcache/Python/3.11.16/x64/lib/python3.11/site-packages/httpx/_urlparse.py,213,urlparse,6001,6001,0.28499114000000003,0.11041935250688817,22.507893435
~,0,<method 'encode' of 'str' objects>,304585,304585,0.284933576,0.1103970494289479,0.284933576
~,0,<method 'ljust' of 'bytes' objects>,336000,336000,0.283762921,0.10994348105798396,0.283762921
/opt/hostedtoolcache/Python/3.11.16/x64/lib/python3.11/threading.py,487,release,32343,32343,0.27870456899999996,0.10798363082336991,0.7547773560000001
~,0,<method 'append' of 'collections.deque' objects>,297498,297498,0.27550427600000005,0.10674368251868817,0.27550427600000005
/home/runner/work/_temp/scanner-verification-il7_c53e/first_hybrid/tiktok_worker_scanner.py,2608,process_profile,47798,47798,0.275246759,0.1066439079769269,20.574449274000003
/opt/hostedtoolcache/Python/3.11.16/x64/lib/python3.11/asyncio/base_events.py,518,_check_closed,269000,269000,0.274306392,0.10627956431607188,0.274306392
/opt/hostedtoolcache/Python/3.11.16/x64/lib/python3.11/json/__init__.py,183,dumps,52116,52116,0.273677443,0.10603587905154101,4.9828244790000005
/home/runner/work/_temp/scanner-verification-il7_c53e/first_hybrid/tiktok_worker_scanner.py,3360,discover,2000,2000,0.272878461,0.10572631477840376,5.7989702020000005
/home/runner/work/_temp/scanner-verification-il7_c53e/first_hybrid/hybrid_backend.py,166,request_json,6197,6197,0.268838252,0.10416094238902876,3.4041775210000003
/opt/hostedtoolcache/Python/3.11.16/x64/lib/python3.11/asyncio/tasks.py,851,shield,30345,30345,0.268060745,0.1038596985696259,0.714872509
/home/runner/work/_temp/scanner-verification-il7_c53e/first_hybrid/vendor/tiktok_sign.py,309,<genexpr>,129000,129000,0.26744279200000004,0.10362027368736576,0.36618105600000006
~,0,<method 'popleft' of 'collections.deque' objects>,275799,275799,0.258790805,0.10026807543152519,0.258790805
~,0,<method 'decode' of 'bytes' objects>,270035,270035,0.255001336,0.09879985184631154,0.255001336
~,0,<built-in method posix.unlink>,7019,7019,0.254334698,0.09854156404018365,0.254342422
~,0,<method 'items' of 'dict' objects>,272147,272147,0.25319193700000003,0.09809880315403778,0.25319193700000003
/opt/hostedtoolcache/Python/3.11.16/x64/lib/python3.11/site-packages/httpx/_models.py,284,__getitem__,36002,36002,0.246294324,0.0954263342439408,0.652839528
/opt/hostedtoolcache/Python/3.11.16/x64/lib/python3.11/asyncio/selector_events.py,737,_process_events,127459,127459,0.246158485,0.09537370364488013,0.34591818100000005
/home/runner/work/_temp/scanner-verification-il7_c53e/first_hybrid/tiktok_worker_scanner.py,2208,__init__,1000,1000,0.243257355,0.09424966555675461,2.198128988
/opt/hostedtoolcache/Python/3.11.16/x64/lib/python3.11/asyncio/locks.py,248,wait,37992,37992,0.24305784800000002,0.09417236689490642,0.546070426
/opt/hostedtoolcache/Python/3.11.16/x64/lib/python3.11/asyncio/events.py,123,__lt__,115715,115715,0.241942536,0.09374024107905417,0.33992787500000005
~,0,<built-in method posix.stat>,26677,26677,0.235422772,0.09121416914791372,0.407935402
/opt/hostedtoolcache/Python/3.11.16/x64/lib/python3.11/asyncio/futures.py,409,wrap_future,32343,32343,0.234785407,0.09096722311790537,1.8858031430000002
/opt/hostedtoolcache/Python/3.11.16/x64/lib/python3.11/asyncio/selector_events.py,116,_read_from_self,29029,29029,0.234513513,0.09086187823093622,0.864219084
~,0,<built-in method posix.replace>,4107,4107,0.23357218700000001,0.09049716300709489,0.30905305299999997
/opt/hostedtoolcache/Python/3.11.16/x64/lib/python3.11/re/__init__.py,272,_compile,60887,60887,0.23201214,0.08989272534064563,0.439808462
/opt/hostedtoolcache/Python/3.11.16/x64/lib/python3.11/site-packages/httpx/_models.py,166,encoding,120016,120016,0.230820456,0.08943100931792008,0.359521134
/home/runner/work/_temp/scanner-verification-il7_c53e/first_hybrid/vendor/tiktok_sign.py,383,_crypt,6000,6000,0.227416183,0.08811202929483346,7.5612741340000005
~,0,<method '__exit__' of '_thread.RLock' objects>,226411,226411,0.22039217300000002,0.0853905880731804,0.22039217300000002
/opt/hostedtoolcache/Python/3.11.16/x64/lib/python3.11/concurrent/futures/_base.py,497,set_running_or_notify_cancel,32343,32343,0.22031482500000002,0.08536061971669849,0.4974090980000001
~,0,<method 'put' of '_queue.SimpleQueue' objects>,32354,32354,0.213726584,0.0828080164835617,0.213726584
/opt/hostedtoolcache/Python/3.11.16/x64/lib/python3.11/pathlib.py,536,__str__,59826,59826,0.21338516300000002,0.08267573347380831,0.373288811
/opt/hostedtoolcache/Python/3.11.16/x64/lib/python3.11/asyncio/base_events.py,816,run_in_executor,32343,32343,0.20785704200000002,0.0805338720061159,3.720746665
~,0,<built-in method builtins.ord>,243256,243256,0.204536073,0.07924716798199975,0.204536073
/home/runner/work/_temp/scanner-verification-il7_c53e/first_hybrid/direct_protocol.py,134,normalize_page,2000,2000,0.202909533,0.07861696771111922,0.387534405
/opt/hostedtoolcache/Python/3.11.16/x64/lib/python3.11/asyncio/base_events.py,594,run_forever,3,3,0.201917912,0.07823276577153529,185.896666877
~,0,<built-in method posix.mkdir>,5109,5109,0.200252578,0.07758753482860946,0.28035474800000004
/opt/hostedtoolcache/Python/3.11.16/x64/lib/python3.11/asyncio/tasks.py,891,_inner_done_callback,30344,30344,0.19831293300000002,0.0768360225360055,1.196954729
<frozen posixpath>,71,join,33166,33166,0.198064508,0.07673977067481946,0.390806609
/opt/hostedtoolcache/Python/3.11.16/x64/lib/python3.11/asyncio/futures.py,394,_call_set_state,32343,32343,0.19219522600000002,0.07446572693394972,1.552322427
~,0,<method 'flush' of '_io.TextIOWrapper' objects>,4582,4582,0.189710241,0.07350292354753803,0.189710241
/opt/hostedtoolcache/Python/3.11.16/x64/lib/python3.11/site-packages/httpx/_urlparse.py,497,quote,21002,21002,0.18650835000000002,0.07226235610036183,0.623974749
~,0,<built-in method builtins.sorted>,10481,10481,0.18478593100000001,0.07159500766726472,0.366841811
/opt/hostedtoolcache/Python/3.11.16/x64/lib/python3.11/asyncio/base_events.py,805,call_soon_threadsafe,32344,32344,0.18323723999999997,0.07099496986449917,1.2931741899999998
/opt/hostedtoolcache/Python/3.11.16/x64/lib/python3.11/concurrent/futures/_base.py,408,add_done_callback,32343,32343,0.18319037600000002,0.07097681248411226,0.414638877
/home/runner/work/_temp/scanner-verification-il7_c53e/first_hybrid/hybrid_backend.py,183,send,9000,9000,0.18254619100000002,0.07072722405622413,37.36734688
/home/runner/work/_temp/scanner-verification-il7_c53e/first_hybrid/backend_metrics.py,107,<genexpr>,165813,165813,0.182017178,0.07052225883194477,0.182017178
/opt/hostedtoolcache/Python/3.11.16/x64/lib/python3.11/concurrent/futures/_base.py,428,result,32343,32343,0.18083032100000002,0.07006241302249866,0.409504446
/opt/hostedtoolcache/Python/3.11.16/x64/lib/python3.11/threading.py,440,acquire,32343,32343,0.17884275700000002,0.06929233459147797,0.41987211100000005
/home/runner/work/_temp/scanner-verification-il7_c53e/first_hybrid/tiktok_worker_scanner.py,2814,worker_loop,51543,51543,0.174769369,0.06771410705265228,21.364864110000003
/opt/hostedtoolcache/Python/3.11.16/x64/lib/python3.11/asyncio/locks.py,125,release,74063,74063,0.17411849100000001,0.06746192543282725,0.295017631
/opt/hostedtoolcache/Python/3.11.16/x64/lib/python3.11/threading.py,366,notify,64686,64686,0.173400555,0.06718376230024221,0.33832869500000007
/opt/hostedtoolcache/Python/3.11.16/x64/lib/python3.11/asyncio/locks.py,14,__aenter__,62958,62958,0.16638185400000002,0.06446437804198264,0.34726686300000004
/home/runner/work/_temp/scanner-verification-il7_c53e/first_hybrid/tiktok_worker_scanner.py,2107,export_one_list,31715,31715,0.165993675,0.06431397872136947,10.192493746
/opt/hostedtoolcache/Python/3.11.16/x64/lib/python3.11/concurrent/futures/_base.py,393,done,32343,32343,0.16457069000000002,0.06376264550333675,0.39578233900000004
/opt/hostedtoolcache/Python/3.11.16/x64/lib/python3.11/pathlib.py,484,_parse_args,23169,23169,0.162124126,0.06281472827072852,0.9091214470000001
~,0,<built-in method posix.lstat>,25117,25117,0.161914581,0.06273354040214757,0.16191840799999999
/home/runner/work/_temp/scanner-verification-il7_c53e/final/tests/benchmark_hybrid.py,75,handle,6000,6000,0.160594378,0.062222029902425896,9.444208886
/opt/hostedtoolcache/Python/3.11.16/x64/lib/python3.11/site-packages/httpx/_models.py,144,__init__,15003,15003,0.15947967100000002,0.06179013849283718,0.431903123
/home/runner/work/_temp/scanner-verification-il7_c53e/first_hybrid/tiktok_worker_scanner.py,350,atomic_write_json,3099,3099,0.158577857,0.061440732128970395,4.930916113
/home/runner/work/_temp/scanner-verification-il7_c53e/first_hybrid/vendor/tiktok_sign.py,483,dynosaur_payload,3000,3000,0.156365677,0.06058362659499244,2.3358012820000003
/opt/hostedtoolcache/Python/3.11.16/x64/lib/python3.11/asyncio/locks.py,285,wait_for,37996,37996,0.155757746,0.06034808472029113,0.747971189
/opt/hostedtoolcache/Python/3.11.16/x64/lib/python3.11/pathlib.py,546,__fspath__,57788,57788,0.155637712,0.06030157774270996,0.5259975590000001
~,0,<method 'fetchall' of 'sqlite3.Cursor' objects>,7506,7506,0.153567527,0.05949948793995514,0.153567527
~,0,<method 'cancelled' of '_asyncio.Future' objects>,166168,166168,0.149338163,0.05786082775425272,0.149338163
/home/runner/work/_temp/scanner-verification-il7_c53e/first_hybrid/vendor/tiktok_sign.py,323,fold_checksum,6000,6000,0.149074108,0.05775852007505187,0.260399971
/home/runner/work/_temp/scanner-verification-il7_c53e/final/tests/benchmark_hybrid.py,117,ticker,6385,6385,0.148661923,0.057598819668881154,90.119484209
/opt/hostedtoolcache/Python/3.11.16/x64/lib/python3.11/threading.py,243,__init__,32354,32354,0.14719426200000002,0.05703017680749393,0.20159732200000002
~,0,<method 'fullmatch' of 're.Pattern' objects>,86093,86093,0.146624802,0.05680954045901455,0.146624802
<frozen posixpath>,418,_joinrealpath,3015,3015,0.14580700500000002,0.05649268634480569,0.6700072140000001
/home/runner/work/_temp/scanner-verification-il7_c53e/first_hybrid/vendor/tiktok_sign.py,414,<genexpr>,78000,78000,0.145051288,0.05619988502537361,0.20750293100000003
/opt/hostedtoolcache/Python/3.11.16/x64/lib/python3.11/asyncio/base_events.py,734,call_at,14194,14194,0.14450996100000002,0.055990148761872596,0.571030912
~,0,<built-in method _json.encode_basestring>,148065,148065,0.14375858400000002,0.055699028968364046,0.14375858400000002
/home/runner/work/_temp/scanner-verification-il7_c53e/first_hybrid/tiktok_worker_scanner.py,381,parse_username,11526,11526,0.141474978,0.05481424954714819,0.25075335600000004
~,0,<method '__exit__' of '_thread.lock' objects>,134953,134953,0.14095645,0.05461334671902276,0.14095645
/opt/hostedtoolcache/Python/3.11.16/x64/lib/python3.11/contextlib.py,104,__init__,38009,38009,0.13766750300000002,0.05333904956659384,0.17953407500000002
/opt/hostedtoolcache/Python/3.11.16/x64/lib/python3.11/asyncio/locks.py,20,__aexit__,61067,61067,0.13745901500000002,0.05325827123093942,0.39061652700000005
/home/runner/work/_temp/scanner-verification-il7_c53e/first_hybrid/vendor/tiktok_sign.py,646,<genexpr>,78000,78000,0.137418946,0.053242746562223046,0.201291451
/home/runner/work/_temp/scanner-verification-il7_c53e/first_hybrid/direct_protocol.py,82,<listcomp>,3000,3000,0.137305394,0.0531987510249728,1.6860430540000002
/opt/hostedtoolcache/Python/3.11.16/x64/lib/python3.11/concurrent/futures/_base.py,463,exception,32343,32343,0.135254117,0.052403987095987946,0.322955096
~,0,<built-in method builtins.next>,61911,61911,0.134133059,0.05196963500180471,0.830439053
/home/runner/work/_temp/scanner-verification-il7_c53e/first_hybrid/scan_runtime.py,69,call,21434,21434,0.13261611,0.05138189558518295,0.9340204780000001
/opt/hostedtoolcache/Python/3.11.16/x64/lib/python3.11/threading.py,396,notify_all,32343,32343,0.13141051500000003,0.050914789768189694,0.280405894
/opt/hostedtoolcache/Python/3.11.16/x64/lib/python3.11/concurrent/futures/_base.py,383,cancelled,32343,32343,0.128785234,0.049897628925334586,0.319298052
~,0,<method 'write' of '_io.TextIOWrapper' objects>,65299,65299,0.12798879100000002,0.04958904838360742,0.12798879100000002
/home/runner/work/_temp/scanner-verification-il7_c53e/first_hybrid/scan_runtime.py,13,await_durable,58686,58686,0.12555069700000002,0.048644412838688623,0.814968024
/opt/hostedtoolcache/Python/3.11.16/x64/lib/python3.11/asyncio/futures.py,381,_set_state,32343,32343,0.123915332,0.04801079333594749,3.135492691
/opt/hostedtoolcache/Python/3.11.16/x64/lib/python3.11/asyncio/locks.py,93,acquire,75954,75954,0.12108484300000001,0.04691412498808984,0.14979067000000001
/home/runner/work/_temp/scanner-verification-il7_c53e/first_hybrid/tiktok_worker_scanner.py,2402,write_final_json,1000,1000,0.11930628600000001,0.046225025978427314,9.320431812
/home/runner/work/_temp/scanner-verification-il7_c53e/first_hybrid/tiktok_worker_scanner.py,2315,save_batch,2000,2000,0.11925807900000002,0.046206348254880195,4.51174808
/opt/hostedtoolcache/Python/3.11.16/x64/lib/python3.11/concurrent/futures/_base.py,328,__init__,32343,32343,0.117474484,0.04551529728033227,0.318992106
/opt/hostedtoolcache/Python/3.11.16/x64/lib/python3.11/json/decoder.py,343,raw_decode,9027,9027,0.11572232100000002,0.04483642458293358,0.11572232100000002
/opt/hostedtoolcache/Python/3.11.16/x64/lib/python3.11/pathlib.py,523,_format_parsed_parts,35506,35506,0.115539259,0.04476549750952135,0.15989540200000002
~,0,<method 'isoformat' of 'datetime.datetime' objects>,18679,18679,0.11458644800000001,0.04439633244115662,0.11458644800000001
/home/runner/work/_temp/scanner-verification-il7_c53e/first_hybrid/tiktok_worker_scanner.py,299,utc_iso,18286,18286,0.113345519,0.04391553652347645,0.31387762500000005
/home/runner/work/_temp/scanner-verification-il7_c53e/first_hybrid/scan_runtime.py,110,_run,15694,15694,0.11261475200000001,0.04363240204086271,1.773923632
/opt/hostedtoolcache/Python/3.11.16/x64/lib/python3.11/site-packages/httpx/_models.py,293,<listcomp>,36002,36002,0.11250316,0.04358916590241661,0.157342066
/opt/hostedtoolcache/Python/3.11.16/x64/lib/python3.11/urllib/parse.py,703,parse_qs,9001,9001,0.11207285,0.04342244299454924,7.7338875520000006
/home/runner/work/_temp/scanner-verification-il7_c53e/first_hybrid/direct_protocol.py,57,signed_url,3000,3000,0.110977034,0.042997870872108206,17.523896771000004
/opt/hostedtoolcache/Python/3.11.16/x64/lib/python3.11/asyncio/locks.py,298,notify,19000,19000,0.1107023,0.042891425631769765,0.43956838600000003
/home/runner/work/_temp/scanner-verification-il7_c53e/first_hybrid/backend_metrics.py,80,stage,30000,30000,0.10851753,0.04204494005759902,0.1359922
/home/runner/work/_temp/scanner-verification-il7_c53e/first_hybrid/tiktok_worker_scanner.py,1970,parse_profile_response,2000,2000,0.10826684900000001,0.04194781411289149,0.27641507400000004
~,0,<method 'done' of '_asyncio.Future' objects>,120070,120070,0.107457887,0.041634383105026894,0.107457887
/opt/hostedtoolcache/Python/3.11.16/x64/lib/python3.11/asyncio/selector_events.py,128,_write_to_self,32344,32344,0.10667638400000003,0.04133159104193964,0.649740343
/opt/hostedtoolcache/Python/3.11.16/x64/lib/python3.11/site-packages/httpx/_client.py,1717,_send_single_request,6000,6000,0.10663990300000001,0.04131745653797293,11.527307021
/opt/hostedtoolcache/Python/3.11.16/x64/lib/python3.11/concurrent/futures/_base.py,337,_invoke_callbacks,32343,32343,0.104788107,0.04059998119717867,1.6568595740000003
/home/runner/work/_temp/scanner-verification-il7_c53e/first_hybrid/vendor/tiktok_sign.py,538,gnarly_fields,3000,3000,0.10477958300000001,0.0405966785872773,0.534359915
/home/runner/work/_temp/scanner-verification-il7_c53e/first_hybrid/vendor/tiktok_sign.py,410,seal,6000,6000,0.1042921,0.040407804093782106,8.205653051
~,0,<built-in method sys.intern>,89489,89489,0.10307068700000001,0.03993456961848054,0.10307068700000001
~,0,<method 'sub' of 're.Pattern' objects>,27014,27014,0.10302702200000002,0.03991765168542757,0.10302702200000002
/opt/hostedtoolcache/Python/3.11.16/x64/lib/python3.11/re/__init__.py,168,fullmatch,28529,28529,0.10162152300000002,0.039373093389583426,0.26466841900000004
/opt/hostedtoolcache/Python/3.11.16/x64/lib/python3.11/concurrent/futures/thread.py,180,_adjust_thread_count,32343,32343,0.101456587,0.03930918920531623,0.523020876
/opt/hostedtoolcache/Python/3.11.16/x64/lib/python3.11/asyncio/tasks.py,637,sleep,18768,18768,0.101217265,0.03921646428663751,0.7815545610000001
~,0,<method 'match' of 're.Pattern' objects>,48309,48309,0.100198823,0.038821870594336,0.100198823
~,0,<method 'add_done_callback' of '_asyncio.Future' objects>,92030,92030,0.09818982000000001,0.0380434856577222,0.09818982000000001
/opt/hostedtoolcache/Python/3.11.16/x64/lib/python3.11/pathlib.py,515,_from_parsed_parts,38489,38489,0.09727887700000001,0.03769054227769052,0.14182382300000002
/opt/hostedtoolcache/Python/3.11.16/x64/lib/python3.11/pathlib.py,530,_make_child,15136,15136,0.095819657,0.03712516986798998,0.520706017
/opt/hostedtoolcache/Python/3.11.16/x64/lib/python3.11/urllib/parse.py,643,unquote_to_bytes,9000,9000,0.095450928,0.03698230641816304,0.159692852
/home/runner/work/_temp/scanner-verification-il7_c53e/final/tests/benchmark_hybrid.py,59,__enter__,12822,12822,0.09495222700000001,0.03678908552885912,0.150662551
/opt/hostedtoolcache/Python/3.11.16/x64/lib/python3.11/pathlib.py,239,splitroot,56294,56294,0.093834095,0.036355867108604965,0.116475734
~,0,<built-in method _asyncio.get_running_loop>,63933,63933,0.093597494,0.03626419643693958,0.093597494
/opt/hostedtoolcache/Python/3.11.16/x64/lib/python3.11/site-packages/httpx/_urls.py,77,__init__,12001,12001,0.09336103000000001,0.036172578845700826,22.685030747000003
/home/runner/work/_temp/scanner-verification-il7_c53e/first_hybrid/tiktok_worker_scanner.py,307,console,5251,5251,0.092454214,0.03582123446508995,0.593380248
/opt/hostedtoolcache/Python/3.11.16/x64/lib/python3.11/urllib/parse.py,469,urlsplit,3013,3013,0.092136297,0.03569805804181261,0.219162562
~,0,<built-in method _heapq.heappop>,11312,11312,0.09190396,0.035608039449994654,0.272908339
~,0,<method 'rstrip' of 'str' objects>,33228,33228,0.091329024,0.035385281434244055,0.091329024
/home/runner/work/_temp/scanner-verification-il7_c53e/first_hybrid/tiktok_worker_scanner.py,2287,save_checkpoint,7000,7000,0.08995119500000001,0.034851443834783204,4.666046232
~,0,<built-in method _heapq.heappush>,14194,14194,0.08968068100000001,0.03474663362656393,0.248224155
/home/runner/work/_temp/scanner-verification-il7_c53e/first_hybrid/vendor/tiktok_sign.py,380,<listcomp>,24000,24000,0.08917777199999999,0.03455178235452127,0.08917777199999999
/home/runner/work/_temp/scanner-verification-il7_c53e/first_hybrid/vendor/tiktok_sign.py,313,_be,45000,45000,0.089082247,0.03451477134902748,0.131427704
~,0,<method '__enter__' of '_thread.lock' objects>,64694,64694,0.08863870100000001,0.03434292017454178,0.08863870100000001
/home/runner/work/_temp/scanner-verification-il7_c53e/first_hybrid/vendor/tiktok_sign.py,649,sign,3000,3000,0.08810694000000001,0.03413689024214313,15.614431432000002
/home/runner/work/_temp/scanner-verification-il7_c53e/first_hybrid/vendor/tiktok_sign.py,645,_random_key,6000,6000,0.08801790300000001,0.03410239300167047,0.289309354
~,0,<method 'lower' of 'str' objects>,96192,96192,0.08762745699999999,0.03395111533560371,0.08762745699999999
/home/runner/work/_temp/scanner-verification-il7_c53e/first_hybrid/tiktok_worker_scanner.py,2396,write_json_property,9000,9000,0.08761348000000001,0.0339456999697436,4.935409561
/home/runner/work/_temp/scanner-verification-il7_c53e/first_hybrid/tiktok_worker_scanner.py,1332,slot,12000,12000,0.08748188300000001,0.03389471292666624,0.30125414
~,0,<method 'rstrip' of 'bytes' objects>,90006,90006,0.08702154200000001,0.03371635455681525,0.08702154200000001
/opt/hostedtoolcache/Python/3.11.16/x64/lib/python3.11/asyncio/locks.py,142,_wake_up_first,74063,74063,0.086681411,0.03358457135545846,0.12089914
/opt/hostedtoolcache/Python/3.11.16/x64/lib/python3.11/threading.py,286,_is_owned,32359,32359,0.08555787300000003,0.03314925838931895,0.13393848200000003
/opt/hostedtoolcache/Python/3.11.16/x64/lib/python3.11/pathlib.py,353,_select_from,11026,11026,0.085138869,0.032986915972716815,0.20344762200000002
/opt/hostedtoolcache/Python/3.11.16/x64/lib/python3.11/contextlib.py,141,__exit__,28007,28007,0.083764901,0.03245457431141048,0.29677743
/opt/hostedtoolcache/Python/3.11.16/x64/lib/python3.11/json/decoder.py,332,decode,9027,9027,0.082464699,0.031950813166526607,0.254333374
/opt/hostedtoolcache/Python/3.11.16/x64/lib/python3.11/asyncio/queues.py,149,get,15694,15694,0.08189492000000001,0.03173005322201738,0.271715478
/opt/hostedtoolcache/Python/3.11.16/x64/lib/python3.11/contextlib.py,299,helper,28008,28008,0.080972538,0.031372677820087305,0.21295131100000003
/home/runner/work/_temp/scanner-verification-il7_c53e/first_hybrid/tiktok_worker_scanner.py,1308,check,33000,33000,0.079601221,0.03084136328440845,0.11191616700000001
/opt/hostedtoolcache/Python/3.11.16/x64/lib/python3.11/dataclasses.py,1265,asdict,17000,17000,0.079443101,0.030780099948227578,18.584326316000002
/opt/hostedtoolcache/Python/3.11.16/x64/lib/python3.11/asyncio/events.py,151,cancel,15194,15194,0.077604668,0.03006780207999457,0.15431080800000002
/opt/hostedtoolcache/Python/3.11.16/x64/lib/python3.11/site-packages/httpx/_models.py,884,iter_bytes,6000,6000,0.07516397200000001,0.02912215839441841,0.49893682500000003
~,0,<method 'split' of 'str' objects>,46116,46116,0.07496820800000001,0.029046309951817145,0.07496820800000001
/opt/hostedtoolcache/Python/3.11.16/x64/lib/python3.11/asyncio/queues.py,137,put_nowait,10344,10344,0.07450878000000001,0.02886830532232749,0.292093594
/opt/hostedtoolcache/Python/3.11.16/x64/lib/python3.11/asyncio/base_events.py,710,call_later,11194,11194,0.07419748300000001,0.02874769380725605,0.6034347480000001
/opt/hostedtoolcache/Python/3.11.16/x64/lib/python3.11/json/encoder.py,105,__init__,39113,39113,0.073753859,0.028575812411797526,0.073753859
~,0,<function Random.seed at 0x7f3606383c40>,3002,3002,0.073710755,0.028559111837279813,0.073710755
~,0,<method '__exit__' of '_io._IOBase' objects>,4218,4218,0.073639119,0.02853135658588434,0.073639119
/home/runner/work/_temp/scanner-verification-il7_c53e/first_hybrid/hybrid_backend.py,76,slot,6000,6000,0.073522421,0.02848614213606373,0.58068575
/home/runner/work/_temp/scanner-verification-il7_c53e/first_hybrid/vendor/tiktok_sign.py,390,<genexpr>,78000,78000,0.073120068,0.028330251122261667,0.073120068
/opt/hostedtoolcache/Python/3.11.16/x64/lib/python3.11/asyncio/mixins.py,12,_get_loop,27219,27219,0.073017647,0.028290568272812008,0.11212540900000001
/opt/hostedtoolcache/Python/3.11.16/x64/lib/python3.11/re/__init__.py,218,finditer,21002,21002,0.072676896,0.02815854485346615,0.24792870900000002
/home/runner/work/_temp/scanner-verification-il7_c53e/first_hybrid/tiktok_worker_scanner.py,2373,iter_encoded_members,9500,9500,0.072600279,0.02812885972174233,0.265943265
/opt/hostedtoolcache/Python/3.11.16/x64/lib/python3.11/asyncio/base_events.py,1844,_add_callback,29029,29029,0.07247790700000001,0.02808144688987334,0.09975969600000001
~,0,<built-in method __new__ of type object at 0x7f3607c496e0>,58693,58758,0.071982339,0.027889439876310977,0.075114887
<frozen posixpath>,41,_get_sep,39200,39200,0.071980737,0.02788881918402308,0.10945394200000001
/opt/hostedtoolcache/Python/3.11.16/x64/lib/python3.11/asyncio/tasks.py,662,_ensure_future,30592,30592,0.07082479300000001,0.02744095056602246,0.17399397600000002
/home/runner/work/_temp/scanner-verification-il7_c53e/first_hybrid/vendor/tiktok_sign.py,412,<genexpr>,78000,78000,0.07046012200000001,0.02729965938167884,0.07046012200000001
/opt/hostedtoolcache/Python/3.11.16/x64/lib/python3.11/asyncio/futures.py,387,_call_check_cancel,32343,32343,0.070192139,0.027195829805282692,0.099014479
~,0,<method 'fetchone' of 'sqlite3.Cursor' objects>,13532,13532,0.069684066,0.026998977749860084,0.069684066
~,0,<built-in method posix.open>,5109,5109,0.069159696,0.026795811448360195,0.124723508
/home/runner/work/_temp/scanner-verification-il7_c53e/first_hybrid/tiktok_worker_scanner.py,312,<genexpr>,70694,70694,0.06909594200000001,0.026771110065012895,0.06909594200000001
/home/runner/work/_temp/scanner-verification-il7_c53e/first_hybrid/backend_metrics.py,22,add,6000,6000,0.068623178,0.026587938424067963,0.44132777
~,0,<built-in method posix.fspath>,69730,69730,0.068013443,0.02635169759250812,0.117010599
/opt/hostedtoolcache/Python/3.11.16/x64/lib/python3.11/site-packages/httpx/_urls.py,425,__init__,9001,9001,0.06779407,0.026266701881352,7.826202595000001
/opt/hostedtoolcache/Python/3.11.16/x64/lib/python3.11/shutil.py,641,_rmtree_safe_fd,1,1003,0.067655406,0.026212976740647573,0.48840229100000004
/opt/hostedtoolcache/Python/3.11.16/x64/lib/python3.11/site-packages/httpx/_models.py,1249,__init__,3000,3000,0.06714287000000001,0.026014395503152012,1.336465508
/home/runner/work/_temp/scanner-verification-il7_c53e/first_hybrid/tiktok_worker_scanner.py,1364,pace,6000,6000,0.066389234,0.02572240046377682,0.17294336800000001
/home/runner/work/_temp/scanner-verification-il7_c53e/first_hybrid/tiktok_worker_scanner.py,1122,<listcomp>,27019,27019,0.066327,0.025698288001951116,2.173518576
/opt/hostedtoolcache/Python/3.11.16/x64/lib/python3.11/asyncio/tasks.py,908,_outer_done_callback,30344,30344,0.065579497,0.02540866918342589,0.092772534
/opt/hostedtoolcache/Python/3.11.16/x64/lib/python3.11/site-packages/httpx/_models.py,935,iter_raw,6000,6000,0.065024039,0.02519345788701587,0.24348701700000003
/home/runner/work/_temp/scanner-verification-il7_c53e/first_hybrid/report_generator.py,251,generate_report,1,1,0.064590641,0.025025538538583563,2.3000966060000003
/home/runner/work/_temp/scanner-verification-il7_c53e/first_hybrid/tiktok_worker_scanner.py,3520,record,1000,1000,0.064571221,0.025018014291248416,6.36195703
/opt/hostedtoolcache/Python/3.11.16/x64/lib/python3.11/contextlib.py,132,__enter__,28008,28008,0.064538845,0.025005470262838402,0.6638106500000001
/opt/hostedtoolcache/Python/3.11.16/x64/lib/python3.11/site-packages/httpx/_models.py,203,<dictcomp>,6001,6001,0.064122757,0.024844257645681652,0.224595283
/home/runner/work/_temp/scanner-verification-il7_c53e/first_hybrid/hybrid_backend.py,295,fetch_page,11622,11622,0.063965005,0.024783136890500747,3.748588196
~,0,<method 'getrandbits' of '_random.Random' objects>,72000,72000,0.063872505,0.02474729791632461,0.063872505
/opt/hostedtoolcache/Python/3.11.16/x64/lib/python3.11/asyncio/queues.py,86,qsize,31779,31779,0.06324845600000001,0.024505511148804154,0.091045974
/home/runner/work/_temp/scanner-verification-il7_c53e/first_hybrid/tiktok_worker_scanner.py,1897,save_raw,13450,13450,0.061525897,0.02383810847293531,1.7035008550000001
~,0,<built-in method _contextvars.copy_context>,49540,49540,0.061324905,0.023760234450258447,0.061324905
~,0,<built-in method now>,18287,18287,0.061313322,0.023755746635794855,0.061313322
/opt/hostedtoolcache/Python/3.11.16/x64/lib/python3.11/pathlib.py,1008,stat,26175,26175,0.06104939300000001,0.023653487775088557,0.46600328
/opt/hostedtoolcache/Python/3.11.16/x64/lib/python3.11/urllib/request.py,319,__init__,3000,3000,0.060377386000000005,0.02339311975866497,0.605585836
/home/runner/work/_temp/scanner-verification-il7_c53e/first_hybrid/tiktok_worker_scanner.py,2576,numeric_uid,8500,8500,0.06020291900000001,0.023325522803988346,0.162023465
/opt/hostedtoolcache/Python/3.11.16/x64/lib/python3.11/site-packages/httpx/_models.py,237,<listcomp>,6000,6000,0.059961601,0.023232024538364166,0.104576108
/home/runner/work/_temp/scanner-verification-il7_c53e/first_hybrid/tiktok_worker_scanner.py,2023,parse_list_page,4000,4000,0.059866393000000004,0.023195136354003502,0.136520929
/opt/hostedtoolcache/Python/3.11.16/x64/lib/python3.11/json/__init__.py,299,loads,9027,9027,0.059497864000000004,0.02305235039385046,0.37673104300000004
/home/runner/work/_temp/scanner-verification-il7_c53e/first_hybrid/scan_statistics.py,35,add,7000,7000,0.058741629000000004,0.022759348376163006,0.31816898800000004
/opt/hostedtoolcache/Python/3.11.16/x64/lib/python3.11/site-packages/httpx/_client.py,340,build_request,3000,3000,0.058603252,0.02270573443314062,1.22670645
/home/runner/work/_temp/scanner-verification-il7_c53e/first_hybrid/tiktok_worker_scanner.py,3552,phase_summary,1528,1528,0.058500211,0.022665811365701883,0.13664110200000001
/home/runner/work/_temp/scanner-verification-il7_c53e/first_hybrid/tiktok_worker_scanner.py,3217,write,5252,5252,0.05760359,0.022318417021217774,0.30697876900000004
/home/runner/work/_temp/scanner-verification-il7_c53e/first_hybrid/tiktok_worker_scanner.py,2246,commit_page,2000,2000,0.056423761,0.021861294198912317,7.5375366900000005
/opt/hostedtoolcache/Python/3.11.16/x64/lib/python3.11/pathlib.py,383,_iterate_directories,2008,8016,0.056091896,0.021732713645777585,0.105065506
/opt/hostedtoolcache/Python/3.11.16/x64/lib/python3.11/asyncio/events.py,107,__init__,14194,14194,0.055351953,0.021446023936925566,0.162995407
/opt/hostedtoolcache/Python/3.11.16/x64/lib/python3.11/pathlib.py,777,parent,8215,8215,0.054916065,0.021277139842053275,0.103133882
/opt/hostedtoolcache/Python/3.11.16/x64/lib/python3.11/site-packages/httpx/_models.py,1270,info,6000,6000,0.054875025,0.021261238960970156,0.27641933
/opt/hostedtoolcache/Python/3.11.16/x64/lib/python3.11/email/message.py,427,__setitem__,12000,12000,0.054646177000000004,0.021172572176513294,0.08729795800000001
/opt/hostedtoolcache/Python/3.11.16/x64/lib/python3.11/threading.py,90,RLock,32346,32346,0.05440888000000001,0.021080631840782762,0.05440888000000001
/home/runner/work/_temp/scanner-verification-il7_c53e/first_hybrid/tiktok_worker_scanner.py,1966,worker_verified,17000,17000,0.054241049,0.02101560599348595,0.083082769
/opt/hostedtoolcache/Python/3.11.16/x64/lib/python3.11/asyncio/base_events.py,430,create_task,5246,5246,0.054237599000000004,0.021014269296611272,0.155351707
/home/runner/work/_temp/scanner-verification-il7_c53e/first_hybrid/scan_statistics.py,93,snapshot,234,234,0.054160169,0.020984269169363075,1.117533549
~,0,<method 'acquire' of '_thread.lock' objects>,36417,36417,0.054016381,0.020928558743213477,0.054016381
/opt/hostedtoolcache/Python/3.11.16/x64/lib/python3.11/_weakrefset.py,85,add,18255,18255,0.053934105,0.02089668104116682,0.075298802
/opt/hostedtoolcache/Python/3.11.16/x64/lib/python3.11/site-packages/httpx/_models.py,383,__init__,3000,3000,0.053912396,0.02088826992451396,0.894531453
/opt/hostedtoolcache/Python/3.11.16/x64/lib/python3.11/site-packages/httpx/_client.py,1645,_send_handling_auth,6000,6000,0.053730316,0.020817723325400547,11.751206502
/home/runner/work/_temp/scanner-verification-il7_c53e/first_hybrid/hybrid_backend.py,69,check,21000,21000,0.053620864000000004,0.02077531632646513,0.12802860200000002
/opt/hostedtoolcache/Python/3.11.16/x64/lib/python3.11/site-packages/httpx/_models.py,346,__contains__,9005,9005,0.0535223,0.020737127865376518,0.09413652800000001
/opt/hostedtoolcache/Python/3.11.16/x64/lib/python3.11/site-packages/httpx/_models.py,304,__setitem__,6000,6000,0.053500931,0.020728848481169276,0.085636113
~,0,<built-in method builtins.min>,40729,40729,0.053193633000000004,0.02060978637212735,0.053193633000000004
/opt/hostedtoolcache/Python/3.11.16/x64/lib/python3.11/_weakrefset.py,39,_remove,18251,18251,0.052531371,0.02035319404006427,0.07343743600000001
/opt/hostedtoolcache/Python/3.11.16/x64/lib/python3.11/site-packages/httpx/_client.py,1594,send,6000,6000,0.052368931,0.02029025692692728,11.91056064
/opt/hostedtoolcache/Python/3.11.16/x64/lib/python3.11/contextlib.py,214,__aexit__,5006,11006,0.052231194,0.020236890950861355,0.459925081
/opt/hostedtoolcache/Python/3.11.16/x64/lib/python3.11/asyncio/locks.py,178,is_set,49921,49921,0.051956470000000005,0.020130449585006604,0.051956470000000005
/home/runner/work/_temp/scanner-verification-il7_c53e/first_hybrid/report_generator.py,146,_build_data,1,1,0.051844188000000006,0.02008694610718558,2.1468201870000003
/opt/hostedtoolcache/Python/3.11.16/x64/lib/python3.11/asyncio/queues.py,99,full,21436,21436,0.051834439,0.0200831688730316,0.11437185200000001
/opt/hostedtoolcache/Python/3.11.16/x64/lib/python3.11/site-packages/httpx/_models.py,441,_prepare,3000,3000,0.051472048000000006,0.019942761070970375,0.514881169
/home/runner/work/_temp/scanner-verification-il7_c53e/first_hybrid/report_generator.py,217,make_row,1000,1000,0.051468209,0.01994127365667997,0.19286993100000002
/opt/hostedtoolcache/Python/3.11.16/x64/lib/python3.11/asyncio/queues.py,175,get_nowait,10344,10344,0.050951417000000006,0.019741043438923942,0.117383474
/home/runner/work/_temp/scanner-verification-il7_c53e/first_hybrid/tiktok_worker_scanner.py,976,check_worker_error,9000,9000,0.050922321000000006,0.01972977024116579,0.081838915
/opt/hostedtoolcache/Python/3.11.16/x64/lib/python3.11/selectors.py,275,_key_from_fd,29029,29029,0.050758552000000005,0.019666318209145776,0.050758552000000005
/opt/hostedtoolcache/Python/3.11.16/x64/lib/python3.11/asyncio/unix_events.py,81,_process_self_data,29123,29123,0.049926376,0.019343892974832272,0.049926376
/opt/hostedtoolcache/Python/3.11.16/x64/lib/python3.11/urllib/request.py,401,add_header,24000,24000,0.049725466,0.01926605072292171,0.074694413
/home/runner/work/_temp/scanner-verification-il7_c53e/first_hybrid/tiktok_worker_scanner.py,3510,claim,2000,2000,0.048413146000000004,0.018757594478696574,0.43158730500000003
~,0,<method 'search' of 're.Pattern' objects>,8252,8252,0.04837479,0.018742733509037116,0.04837479
/opt/hostedtoolcache/Python/3.11.16/x64/lib/python3.11/site-packages/httpx/_client.py,1679,_send_handling_redirects,6000,6000,0.047691008,0.018477803288063,11.623824657
/opt/hostedtoolcache/Python/3.11.16/x64/lib/python3.11/site-packages/httpx/_urlparse.py,348,encode_host,6001,6001,0.047603867,0.018444040649698866,0.232041814
/opt/hostedtoolcache/Python/3.11.16/x64/lib/python3.11/asyncio/queues.py,110,put,11092,11092,0.046486463000000006,0.018011104291857684,0.40867346000000004
/opt/hostedtoolcache/Python/3.11.16/x64/lib/python3.11/contextlib.py,205,__aenter__,5003,11003,0.046149358,0.017880493509266918,0.7208085230000001
/home/runner/work/_temp/scanner-verification-il7_c53e/first_hybrid/scan_runtime.py,84,<lambda>,37996,37996,0.046143017,0.017878036699156098,0.046143017
/opt/hostedtoolcache/Python/3.11.16/x64/lib/python3.11/concurrent/futures/thread.py,47,__init__,32343,32343,0.045831335,0.017757276016462407,0.045831335
~,0,<built-in method time.process_time>,19003,19003,0.045237083000000004,0.0175270340480071,0.045237083000000004
/opt/hostedtoolcache/Python/3.11.16/x64/lib/python3.11/asyncio/events.py,68,cancel,15195,15195,0.044660287,0.017303555378289284,0.058963539
/opt/hostedtoolcache/Python/3.11.16/x64/lib/python3.11/pathlib.py,583,__hash__,18040,18040,0.044134759,0.017099940411577547,0.09013852300000001
/opt/hostedtoolcache/Python/3.11.16/x64/lib/python3.11/site-packages/httpx/_urlparse.py,482,percent_encoded,18000,18000,0.044131171000000004,0.01709855024682788,0.12147645000000001
/opt/hostedtoolcache/Python/3.11.16/x64/lib/python3.11/site-packages/httpx/_models.py,67,_normalize_header_key,24009,24009,0.043881741,0.017001909000030554,0.063161889
/home/runner/work/_temp/scanner-verification-il7_c53e/first_hybrid/backend_metrics.py,31,prune,6687,6687,0.043563863,0.01687874768723962,0.06518367600000001
/opt/hostedtoolcache/Python/3.11.16/x64/lib/python3.11/pathlib.py,402,_select_from,9022,9022,0.043329111000000003,0.016787793407609393,0.46227911400000005
~,0,<method 'get' of '_contextvars.ContextVar' objects>,32345,32345,0.043201587,0.016738384441740882,0.043201587
/home/runner/work/_temp/scanner-verification-il7_c53e/first_hybrid/tiktok_worker_scanner.py,2926,dispatch_profiles,1578,1578,0.042884938000000004,0.01661569930299603,17.842498505000002
/opt/hostedtoolcache/Python/3.11.16/x64/lib/python3.11/asyncio/queues.py,58,_wakeup_next,20688,20688,0.042684421,0.016538009318294664,0.15027352400000002
/opt/hostedtoolcache/Python/3.11.16/x64/lib/python3.11/site-packages/httpx/_models.py,74,_normalize_header_value,24009,24009,0.042314707,0.016394764231823795,0.061349982000000004
/opt/hostedtoolcache/Python/3.11.16/x64/lib/python3.11/json/encoder.py,260,_make_iterencode,6101,6101,0.04225687400000001,0.01637235693027214,0.047758408
~,0,<built-in method time.perf_counter>,41036,41036,0.041087394,0.015919243811142344,0.041087394
/opt/hostedtoolcache/Python/3.11.16/x64/lib/python3.11/urllib/parse.py,957,<listcomp>,3000,3000,0.040608483,0.01573369052507027,0.075700451
/opt/hostedtoolcache/Python/3.11.16/x64/lib/python3.11/concurrent/futures/_base.py,398,__get_result,32343,32343,0.039380620000000005,0.015257957007785612,0.039380620000000005
/opt/hostedtoolcache/Python/3.11.16/x64/lib/python3.11/site-packages/httpx/_models.py,516,__init__,3000,3000,0.039306007000000004,0.015229048322594217,1.04064706
~,0,<built-in method _asyncio._get_running_loop>,27227,27227,0.039043454000000005,0.015127322590844308,0.039043454000000005
/opt/hostedtoolcache/Python/3.11.16/x64/lib/python3.11/urllib/parse.py,374,urlparse,3000,3000,0.038890953000000006,0.015068236327051501,0.2842595
/home/runner/work/_temp/scanner-verification-il7_c53e/first_hybrid/tiktok_worker_scanner.py,340,fsync_directory,4105,4105,0.03850638,0.014919234145258649,0.28621156999999997
/home/runner/work/_temp/scanner-verification-il7_c53e/first_hybrid/tiktok_worker_scanner.py,2073,finish_list_result,4000,4000,0.03831264400000001,0.014844171447950678,0.147712894
/home/runner/work/_temp/scanner-verification-il7_c53e/final/tests/benchmark_hybrid.py,64,__exit__,12822,12822,0.037953454000000005,0.014705003868120127,0.052506054
/opt/hostedtoolcache/Python/3.11.16/x64/lib/python3.11/re/__init__.py,173,search,8252,8252,0.037727951,0.014617633098459143,0.170286057
/opt/hostedtoolcache/Python/3.11.16/x64/lib/python3.11/asyncio/locks.py,89,locked,37996,37996,0.037616995,0.014574643377176039,0.037616995
/home/runner/work/_temp/scanner-verification-il7_c53e/first_hybrid/hybrid_backend.py,348,choose,3000,3000,0.036921316,0.014305103682950319,0.139625151
/opt/hostedtoolcache/Python/3.11.16/x64/lib/python3.11/json/encoder.py,278,_iterencode_list,17029,17029,0.036857189000000005,0.014280257781361206,0.053720172000000004
/home/runner/work/_temp/scanner-verification-il7_c53e/first_hybrid/direct_protocol.py,111,normalize_profile,1000,1000,0.036776673,0.014249061988444821,0.075682812
~,0,<built-in method math.ceil>,26178,26178,0.036757616,0.014241678384867796,0.036757616
/opt/hostedtoolcache/Python/3.11.16/x64/lib/python3.11/pathlib.py,1111,mkdir,5106,5108,0.036574304,0.014170654449363196,0.45443691
~,0,<method 'finditer' of 're.Pattern' objects>,21002,21002,0.036391804,0.014099945121934606,0.036391804
/opt/hostedtoolcache/Python/3.11.16/x64/lib/python3.11/asyncio/base_events.py,687,is_closed,32346,32346,0.03607482000000001,0.013977130187985985,0.03607482000000001
~,0,<built-in method builtins.anext>,20002,20002,0.035842472,0.013887107334235965,0.100202734
/home/runner/work/_temp/scanner-verification-il7_c53e/first_hybrid/tiktok_worker_scanner.py,1550,borrow_client,3197,3197,0.035776195000000004,0.013861428418652488,0.11276290000000001
/opt/hostedtoolcache/Python/3.11.16/x64/lib/python3.11/pathlib.py,765,__truediv__,15135,15135,0.035342026,0.013693210347527317,0.5560160230000001
/opt/hostedtoolcache/Python/3.11.16/x64/lib/python3.11/_weakrefset.py,27,__exit__,6385,6385,0.035277221000000004,0.013668101755943704,0.084071539
~,0,<method '__getitem__' of 'dict' objects>,39000,39000,0.035021658,0.0135690842882964,0.035091968
/opt/hostedtoolcache/Python/3.11.16/x64/lib/python3.11/site-packages/httpx/_urls.py,274,params,9000,9000,0.034524588,0.01337649532728309,7.860701876
/opt/hostedtoolcache/Python/3.11.16/x64/lib/python3.11/asyncio/tasks.py,399,wait,3156,3156,0.034350174000000004,0.01330891890737005,17.755248243
/opt/hostedtoolcache/Python/3.11.16/x64/lib/python3.11/asyncio/base_events.py,531,_asyncgen_firstiter_hook,13001,13001,0.034337526,0.01330401846039297,0.088599568
~,0,<built-in method posix.close>,5112,5112,0.034203908,0.013252248384160895,0.034203908
/opt/hostedtoolcache/Python/3.11.16/x64/lib/python3.11/pathlib.py,504,_from_parts,8030,8030,0.033933702,0.01314755751003942,0.6005844520000001
~,0,<built-in method _hashlib.openssl_md5>,9001,9001,0.033779303000000004,0.013087735869241356,0.033779303000000004
/opt/hostedtoolcache/Python/3.11.16/x64/lib/python3.11/site-packages/httpx/_urlparse.py,186,copy_with,9000,9000,0.033243423,0.012880110037008848,21.444311541
/home/runner/work/_temp/scanner-verification-il7_c53e/first_hybrid/tiktok_worker_scanner.py,680,found_lists_for,3000,3000,0.033168139,0.012850941373961538,0.087708439
<frozen _collections_abc>,959,setdefault,6000,6000,0.033120561,0.01283250735543881,0.207130841
/home/runner/work/_temp/scanner-verification-il7_c53e/first_hybrid/hybrid_backend.py,419,fetch_chain_page,11622,11622,0.032976899000000004,0.012776845747783766,3.7815650950000004
/opt/hostedtoolcache/Python/3.11.16/x64/lib/python3.11/pathlib.py,1261,is_file,9025,9025,0.032662134,0.012654890561766998,0.203870137
/opt/hostedtoolcache/Python/3.11.16/x64/lib/python3.11/asyncio/queues.py,186,task_done,10344,10344,0.032627343,0.012641410845544708,0.043154314000000006
/opt/hostedtoolcache/Python/3.11.16/x64/lib/python3.11/asyncio/futures.py,311,_set_result_unless_cancelled,9384,9384,0.032489648,0.012588061142310298,0.199464033
/home/runner/work/_temp/scanner-verification-il7_c53e/first_hybrid/report_generator.py,34,saved_profile,2000,2000,0.03248474900000001,0.012586163032748256,1.001056997
~,0,<method 'endswith' of 'str' objects>,34703,34703,0.032359037,0.012537456123325226,0.032359037
/opt/hostedtoolcache/Python/3.11.16/x64/lib/python3.11/pathlib.py,667,with_name,3102,3102,0.032354434,0.012535672698480549,0.11185079200000002
/opt/hostedtoolcache/Python/3.11.16/x64/lib/python3.11/pathlib.py,622,name,11225,11225,0.032293728,0.012512152257763398,0.043291919000000005
/opt/hostedtoolcache/Python/3.11.16/x64/lib/python3.11/http/cookiejar.py,1680,extract_cookies,3000,3000,0.032105326000000003,0.012439156210058186,0.393993955
/opt/hostedtoolcache/Python/3.11.16/x64/lib/python3.11/site-packages/httpx/_models.py,195,raw,12002,12002,0.03205023,0.01241780935469377,0.05971612900000001
~,0,<method 'lower' of 'bytes' objects>,36016,36016,0.032031366,0.012410500528652054,0.032031366
/home/runner/work/_temp/scanner-verification-il7_c53e/final/tests/benchmark_hybrid.py,168,<genexpr>,7018,7018,0.031679726000000005,0.01227425818401102,0.6100741080000001
/opt/hostedtoolcache/Python/3.11.16/x64/lib/python3.11/_weakrefset.py,53,_commit_removals,6385,6385,0.031552474000000004,0.012224954604099003,0.040760874
/opt/hostedtoolcache/Python/3.11.16/x64/lib/python3.11/site-packages/httpx/_transports/mock.py,29,handle_async_request,6000,6000,0.031495203,0.012202765048530986,9.488514456
~,0,<method '_is_owned' of '_thread.RLock' objects>,32343,32343,0.031046062000000006,0.012028746100418089,0.031046062000000006
/opt/hostedtoolcache/Python/3.11.16/x64/lib/python3.11/functools.py,35,update_wrapper,2035,2035,0.030655403,0.011877385907848634,0.060286914000000004
~,0,<built-in method posix.rmdir>,1003,1003,0.030632374,0.011868463359348068,0.030636491000000002
~,0,<method 'values' of 'dict' objects>,30818,30818,0.030578299000000003,0.011847512088768886,0.030578299000000003
~,0,<method 'translate' of 'str' objects>,6041,6041,0.030521689000000005,0.011825578636573091,0.030521689000000005
/home/runner/work/_temp/scanner-verification-il7_c53e/first_hybrid/vendor/tiktok_sign.py,293,pack_payload,6000,6000,0.030425558000000002,0.011788332837367405,0.549334245
~,0,<built-in method posix.scandir>,5017,5017,0.030184045000000003,0.01169475901931118,0.053760999000000004
~,0,<method 'strip' of 'str' objects>,31080,31080,0.03017537,0.01169139790470601,0.03017537
/opt/hostedtoolcache/Python/3.11.16/x64/lib/python3.11/asyncio/queues.py,95,empty,26038,26038,0.029986834,0.01161834993891929,0.029986834
/home/runner/work/_temp/scanner-verification-il7_c53e/first_hybrid/backend_metrics.py,44,end,3000,3000,0.029902316,0.011585603577628278,0.28816392
/home/runner/work/_temp/scanner-verification-il7_c53e/first_hybrid/backend_metrics.py,89,snapshot,234,234,0.029592252000000003,0.011465469786396398,0.398248464
/opt/hostedtoolcache/Python/3.11.16/x64/lib/python3.11/site-packages/httpx/_content.py,176,encode_json,3000,3000,0.029565793000000003,0.011455218289988547,0.16754638400000002
/opt/hostedtoolcache/Python/3.11.16/x64/lib/python3.11/site-packages/httpx/_models.py,1101,extract_cookies,3000,3000,0.029497558,0.011428780750497643,1.767236414
/opt/hostedtoolcache/Python/3.11.16/x64/lib/python3.11/site-packages/httpx/_decoders.py,260,flush,6000,6000,0.029180389,0.011305894138600664,0.046149685
/opt/hostedtoolcache/Python/3.11.16/x64/lib/python3.11/site-packages/httpx/_client.py,1485,request,6000,6000,0.028725726000000004,0.011129735700591543,13.165992816000001
/opt/hostedtoolcache/Python/3.11.16/x64/lib/python3.11/pathlib.py,569,_cparts,9022,9022,0.028224986000000004,0.01093572480406227,0.036800612
/home/runner/work/_temp/scanner-verification-il7_c53e/first_hybrid/tiktok_worker_scanner.py,1903,lookup_profile,5025,5025,0.02812954,0.010898744406989671,1.676580645
/opt/hostedtoolcache/Python/3.11.16/x64/lib/python3.11/contextlib.py,332,helper,10001,10001,0.028036916000000002,0.010862857389215724,0.075592218
/opt/hostedtoolcache/Python/3.11.16/x64/lib/python3.11/dataclasses.py,1321,<genexpr>,22000,22000,0.027733662,0.010745362121379944,0.11062099600000001
/opt/hostedtoolcache/Python/3.11.16/x64/lib/python3.11/site-packages/httpx/_models.py,200,<listcomp>,12002,12002,0.027665899,0.010719107457519432,0.027665899
/opt/hostedtoolcache/Python/3.11.16/x64/lib/python3.11/asyncio/tasks.py,376,create_task,5010,5010,0.027601362,0.010694102702098836,0.19908603700000002
~,0,<method 'discard' of 'set' objects>,24251,24251,0.027515547,0.01066085382027262,0.027515547
~,0,<method 'result' of '_asyncio.Future' objects>,29343,29343,0.027475013000000003,0.010645148988064453,0.027475013000000003
/opt/hostedtoolcache/Python/3.11.16/x64/lib/python3.11/http/cookiejar.py,1599,make_cookies,3000,3000,0.027418632000000002,0.010623304261545266,0.19673538000000002
/home/runner/work/_temp/scanner-verification-il7_c53e/first_hybrid/scan_statistics.py,53,request_finished,3000,3000,0.027416861,0.010622618090482932,0.17013124300000002
/opt/hostedtoolcache/Python/3.11.16/x64/lib/python3.11/urllib/parse.py,413,_splitnetloc,3013,3013,0.027396622000000002,0.010614776522933194,0.047710899
/opt/hostedtoolcache/Python/3.11.16/x64/lib/python3.11/site-packages/httpx/_models.py,571,_prepare,3000,3000,0.027342205,0.010593692745011651,0.24319475000000002
/opt/hostedtoolcache/Python/3.11.16/x64/lib/python3.11/asyncio/threads.py,12,to_thread,6000,6000,0.027331191,0.01058942538867029,0.38413656500000004
/opt/hostedtoolcache/Python/3.11.16/x64/lib/python3.11/site-packages/httpx/_models.py,202,keys,6001,6001,0.026944691000000003,0.01043967659386947,0.257798745
/opt/hostedtoolcache/Python/3.11.16/x64/lib/python3.11/email/message.py,531,get_all,6000,6000,0.026813180000000002,0.010388722871351872,0.042465616000000005
/opt/hostedtoolcache/Python/3.11.16/x64/lib/python3.11/pathlib.py,1245,is_dir,4109,4109,0.026588131000000004,0.010301528003250631,0.137661274
~,0,<method 'exception' of '_asyncio.Future' objects>,29343,29343,0.026341265000000003,0.010205880174072623,0.026341265000000003
/opt/hostedtoolcache/Python/3.11.16/x64/lib/python3.11/json/__init__.py,244,detect_encoding,3000,3000,0.025939623000000002,0.01005026463606126,0.040167082
/opt/hostedtoolcache/Python/3.11.16/x64/lib/python3.11/random.py,128,seed,3002,3002,0.025614722000000003,0.009924382273371527,0.10557862700000001
/home/runner/work/_temp/scanner-verification-il7_c53e/first_hybrid/direct_protocol.py,96,guard,3000,3000,0.025584036,0.009912493032705917,0.042109848000000005
/opt/hostedtoolcache/Python/3.11.16/x64/lib/python3.11/pathlib.py,877,_make_child_relpath,11024,11024,0.025507981000000002,0.009883025646965747,0.058144122000000006
/opt/hostedtoolcache/Python/3.11.16/x64/lib/python3.11/site-packages/httpx/_models.py,242,get,6000,6000,0.025417343000000002,0.009847908101653568,0.209764362
/home/runner/work/_temp/scanner-verification-il7_c53e/first_hybrid/hybrid_backend.py,406,prepare_chain,4000,4000,0.025397318000000002,0.009840149448054896,2.035816992
~,0,<method 'lstrip' of 'str' objects>,23580,23580,0.02521366,0.009768991455414457,0.02521366
/home/runner/work/_temp/scanner-verification-il7_c53e/final/tests/benchmark_hybrid.py,73,user,8500,8500,0.025117875,0.00973187971334461,0.025117875
~,0,<method 'capitalize' of 'str' objects>,24000,24000,0.024968947000000002,0.009674177802575925,0.024968947000000002
/opt/hostedtoolcache/Python/3.11.16/x64/lib/python3.11/pathlib.py,981,resolve,3015,3015,0.024865186,0.00963397577231117,1.0888324770000002
<frozen posixpath>,60,isabs,6031,6031,0.024825919000000002,0.009618761837187122,0.052706147
~,0,<method 'groupdict' of 're.Match' objects>,12002,12002,0.024742329,0.00958637502798298,0.024742329
/home/runner/work/_temp/scanner-verification-il7_c53e/first_hybrid/tiktok_worker_scanner.py,3586,summary,264,264,0.024701469,0.009570543887606366,0.104533986
/opt/hostedtoolcache/Python/3.11.16/x64/lib/python3.11/site-packages/httpx/_models.py,961,close,3000,3000,0.024448650000000002,0.009472589578284894,0.07888976
/opt/hostedtoolcache/Python/3.11.16/x64/lib/python3.11/urllib/request.py,301,request_host,3000,3000,0.024360858000000003,0.009438574711032233,0.321155477
/opt/hostedtoolcache/Python/3.11.16/x64/lib/python3.11/site-packages/httpx/_client.py,424,_merge_headers,3000,3000,0.024123420000000003,0.009346579745081605,0.12869001900000002
~,0,<method 'reverse' of 'list' objects>,26279,26279,0.023963621,0.009284665883088393,0.023963621
/opt/hostedtoolcache/Python/3.11.16/x64/lib/python3.11/urllib/request.py,374,_parse,3000,3000,0.023377974000000003,0.009057757907852387,0.09223856500000001
/opt/hostedtoolcache/Python/3.11.16/x64/lib/python3.11/_weakrefset.py,72,__len__,6386,6386,0.023327359000000002,0.009038147208631575,0.035530727000000005
~,0,<built-in method builtins.compile>,39,39,0.023303223,0.009028795754786004,0.023303223
/opt/hostedtoolcache/Python/3.11.16/x64/lib/python3.11/site-packages/httpx/_models.py,699,_get_content_decoder,3000,3000,0.023279647,0.009019661272027338,0.076220127
/home/runner/work/_temp/scanner-verification-il7_c53e/first_hybrid/tiktok_worker_scanner.py,3351,register_profile,1000,1000,0.023219008000000003,0.008996166790350944,0.257124336
/opt/hostedtoolcache/Python/3.11.16/x64/lib/python3.11/urllib/request.py,343,full_url,3000,3000,0.022822802000000003,0.00884265742167603,0.142241172
/opt/hostedtoolcache/Python/3.11.16/x64/lib/python3.11/asyncio/timeouts.py,85,__aenter__,3000,3000,0.022751571,0.00881505908687019,0.152129536
/home/runner/work/_temp/scanner-verification-il7_c53e/first_hybrid/backend_metrics.py,39,begin,3000,3000,0.022463069000000002,0.008703279457380858,0.215877949
~,0,<built-in method _stat.S_ISLNK>,24111,24111,0.022460760000000003,0.008702384839095748,0.022460760000000003
/home/runner/work/_temp/scanner-verification-il7_c53e/first_hybrid/scan_statistics.py,43,prune,7234,7234,0.022417051,0.008685449858314506,0.028528016000000003
/opt/hostedtoolcache/Python/3.11.16/x64/lib/python3.11/site-packages/httpx/_auth.py,87,async_auth_flow,6000,6000,0.022410916000000003,0.008683072862567798,0.04231101
/home/runner/work/_temp/scanner-verification-il7_c53e/first_hybrid/tiktok_worker_scanner.py,1948,parse_count,8000,8000,0.022375274,0.008669263427783087,0.035965254
~,0,<built-in method builtins.all>,7008,7008,0.022145874000000003,0.008580382771826272,0.036000268
/opt/hostedtoolcache/Python/3.11.16/x64/lib/python3.11/site-packages/httpx/_exceptions.py,366,request_context,24000,24000,0.021977494,0.008515144215374623,0.021977494
/opt/hostedtoolcache/Python/3.11.16/x64/lib/python3.11/pathlib.py,1036,open,4124,4124,0.021935631000000004,0.008498924464283429,0.5859403329999999
/opt/hostedtoolcache/Python/3.11.16/x64/lib/python3.11/asyncio/queues.py,53,_put,10344,10344,0.021929477000000003,0.0084965401070177,0.031109966000000003
/opt/hostedtoolcache/Python/3.11.16/x64/lib/python3.11/http/cookiejar.py,1227,deepvalues,6001,6001,0.021725569,0.00841753628489546,0.027432243000000002
/home/runner/work/_temp/scanner-verification-il7_c53e/first_hybrid/tiktok_worker_scanner.py,229,finish,4000,4000,0.021709454000000003,0.008411292554421423,0.08393187900000001
/opt/hostedtoolcache/Python/3.11.16/x64/lib/python3.11/asyncio/timeouts.py,129,timeout,3000,3000,0.021539495000000002,0.008345442216994379,0.046661267000000006
~,0,<method 'update' of 'dict' objects>,12509,12509,0.021466223,0.008317053100066444,0.021466223
~,0,<method 'remove' of 'collections.deque' objects>,21129,21129,0.021297967,0.00825186258721261,0.021297967
/home/runner/work/_temp/scanner-verification-il7_c53e/first_hybrid/hybrid_backend.py,232,<genexpr>,9500,9500,0.021264853,0.008239032621905925,0.45766719400000005
/home/runner/work/_temp/scanner-verification-il7_c53e/first_hybrid/hybrid_backend.py,86,pace,3000,3000,0.021260280000000003,0.00823726082051233,0.22741038800000002
/opt/hostedtoolcache/Python/3.11.16/x64/lib/python3.11/pathlib.py,868,__new__,5015,5015,0.021122418,0.008183846413400218,0.42641141200000005
/opt/hostedtoolcache/Python/3.11.16/x64/lib/python3.11/asyncio/queues.py,50,_get,10344,10344,0.02109176,0.008171968021288955,0.030220115000000002
~,0,<method 'is_dir' of 'posix.DirEntry' objects>,24057,24057,0.021042775,0.00815298886291038,0.021042775
/home/runner/work/_temp/scanner-verification-il7_c53e/first_hybrid/tiktok_worker_scanner.py,2283,checkpoint,3000,3000,0.020883434,0.008091252452270386,0.198449
/opt/hostedtoolcache/Python/3.11.16/x64/lib/python3.11/site-packages/httpx/_client.py,457,_build_request_auth,3000,3000,0.020839201,0.008074114448543546,0.074241388
~,0,<method 'hexdigest' of '_hashlib.HASH' objects>,10001,10001,0.020708152,0.008023339727172646,0.020708152
/opt/hostedtoolcache/Python/3.11.16/x64/lib/python3.11/site-packages/httpx/_models.py,468,read,3000,3000,0.020693742,0.008017756596168556,0.109896883
~,0,<method 'load_verify_locations' of '_ssl._SSLContext' objects>,1,1,0.020375186,0.00789433259338312,0.020375186
/home/runner/work/_temp/scanner-verification-il7_c53e/first_hybrid/avatar_cache.py,243,ensure,3630,3630,0.020350117,0.007884619650208835,0.23321929300000002
/opt/hostedtoolcache/Python/3.11.16/x64/lib/python3.11/site-packages/httpx/_models.py,252,get_list,3000,3000,0.020141408,0.007803755688464761,0.045096558
/opt/hostedtoolcache/Python/3.11.16/x64/lib/python3.11/site-packages/httpx/_urlparse.py,167,authority,6000,6000,0.019999946,0.007748946467222553,0.026541591000000003
/opt/hostedtoolcache/Python/3.11.16/x64/lib/python3.11/pathlib.py,94,join_parsed_parts,15136,15136,0.019880597,0.0077027048917744706,0.019880597
~,0,<method 'split' of 're.Pattern' objects>,9000,9000,0.019851917,0.0076915928725380224,0.019851917
/opt/hostedtoolcache/Python/3.11.16/x64/lib/python3.11/_weakrefset.py,21,__enter__,6385,6385,0.019693757000000003,0.007630314038422375,0.026908567
/opt/hostedtoolcache/Python/3.11.16/x64/lib/python3.11/asyncio/timeouts.py,50,reschedule,3000,3000,0.019329778000000002,0.007489290968350426,0.10858540900000001
/opt/hostedtoolcache/Python/3.11.16/x64/lib/python3.11/urllib/parse.py,1080,_splittype,3000,3000,0.019243499,0.0074558623104807745,0.035197543000000005
/opt/hostedtoolcache/Python/3.11.16/x64/lib/python3.11/asyncio/locks.py,359,locked,6000,6000,0.019217482,0.007445782066252228,0.040358835
/opt/hostedtoolcache/Python/3.11.16/x64/lib/python3.11/site-packages/httpx/_models.py,274,update,3001,3001,0.018917370000000003,0.00732950416119333,0.084181635
/opt/hostedtoolcache/Python/3.11.16/x64/lib/python3.11/site-packages/httpx/_urlparse.py,200,__str__,3000,3000,0.018748428,0.007264047858758038,0.036227152000000006
~,0,<method 'end' of 're.Match' objects>,21054,21054,0.018725929000000002,0.0072553306578932945,0.018725929000000002
/opt/hostedtoolcache/Python/3.11.16/x64/lib/python3.11/base64.py,51,b64encode,6000,6000,0.018537537,0.007182338484671776,0.034001629000000005
/opt/hostedtoolcache/Python/3.11.16/x64/lib/python3.11/urllib/parse.py,119,_coerce_args,6013,6013,0.018441743,0.007145223255566601,0.023589415
/home/runner/work/_temp/scanner-verification-il7_c53e/first_hybrid/tiktok_worker_scanner.py,3383,recover,1,1,0.01799287,0.00697130814361672,0.45150582600000005
/opt/hostedtoolcache/Python/3.11.16/x64/lib/python3.11/asyncio/timeouts.py,97,__aexit__,3000,3000,0.017802376,0.006897501553922574,0.051444563000000006
/opt/hostedtoolcache/Python/3.11.16/x64/lib/python3.11/asyncio/base_events.py,1854,_timer_handle_cancelled,14194,14194,0.017746488,0.006875847839449537,0.017746488
/home/runner/work/_temp/scanner-verification-il7_c53e/first_hybrid/direct_protocol.py,86,<genexpr>,18000,18000,0.017720509,0.006865782318259031,0.017720509
/home/runner/work/_temp/scanner-verification-il7_c53e/first_hybrid/tiktok_worker_scanner.py,2306,count,2000,2000,0.017674706000000002,0.006848036020592118,0.101067898
<frozen posixpath>,409,realpath,3015,3015,0.017259516000000003,0.006687171332071152,0.7995761990000001
/opt/hostedtoolcache/Python/3.11.16/x64/lib/python3.11/enum.py,193,__get__,5283,5283,0.017095822,0.0066237483586788475,0.023857898000000002
/opt/hostedtoolcache/Python/3.11.16/x64/lib/python3.11/random.py,520,uniform,6000,6000,0.016955113,0.006569230886058851,0.023569819000000002
/opt/hostedtoolcache/Python/3.11.16/x64/lib/python3.11/asyncio/locks.py,400,release,6000,6000,0.016900869000000002,0.006548214136705227,0.023951771
/home/runner/work/_temp/scanner-verification-il7_c53e/first_hybrid/vendor/tiktok_sign.py,633,_clock_nonce,6000,6000,0.016787525,0.006504299188715823,0.022337174
/home/runner/work/_temp/scanner-verification-il7_c53e/first_hybrid/report_generator.py,61,profile_for_report,2000,2000,0.016687946000000002,0.006465717467532199,1.025827626
/home/runner/work/_temp/scanner-verification-il7_c53e/first_hybrid/scan_statistics.py,48,request_started,3000,3000,0.016502350000000002,0.006393808599951725,0.1382977
/opt/hostedtoolcache/Python/3.11.16/x64/lib/python3.11/asyncio/locks.py,364,acquire,6000,6000,0.016500374,0.006393043001973649,0.056859209
/opt/hostedtoolcache/Python/3.11.16/x64/lib/python3.11/typing.py,1602,__subclasscheck__,3000,3000,0.016282772,0.006308733461879862,0.041277967000000006
/opt/hostedtoolcache/Python/3.11.16/x64/lib/python3.11/pathlib.py,956,rglob,9022,9022,0.016128569000000002,0.0062489877609622135,0.479837632
/opt/hostedtoolcache/Python/3.11.16/x64/lib/python3.11/site-packages/httpx/_models.py,231,multi_items,6000,6000,0.016105974000000002,0.0062402333650540005,0.12068208200000001
~,0,<method 'acquire' of '_thread.RLock' objects>,11841,11841,0.016017144,0.006205816326393826,0.016017144
/opt/hostedtoolcache/Python/3.11.16/x64/lib/python3.11/pathlib.py,327,_select_from,18040,18040,0.015913300000000002,0.006165582137914405,0.015913300000000002
/home/runner/work/_temp/scanner-verification-il7_c53e/first_hybrid/vendor/tiktok_sign.py,605,gnarly_payload,3000,3000,0.015901082,0.006160848293736199,0.7752961440000001
/opt/hostedtoolcache/Python/3.11.16/x64/lib/python3.11/site-packages/httpx/_models.py,831,json,3000,3000,0.015750139,0.006102365674503028,0.18554248
/home/runner/work/_temp/scanner-verification-il7_c53e/first_hybrid/report_generator.py,222,<dictcomp>,2000,2000,0.015718369,0.006090056439804911,0.015718369
/home/runner/work/_temp/scanner-verification-il7_c53e/first_hybrid/hybrid_backend.py,374,lookup,5025,5025,0.015665176,0.006069446898687601,1.7525482680000002
/home/runner/work/_temp/scanner-verification-il7_c53e/final/tests/benchmark_hybrid.py,72,total,12000,12000,0.015548189,0.006024120476288214,0.015548189
~,0,<built-in method binascii.b2a_base64>,6000,6000,0.015464092,0.00599153723076075,0.015464092
/opt/hostedtoolcache/Python/3.11.16/x64/lib/python3.11/site-packages/httpx/_models.py,348,<listcomp>,9005,9005,0.015346662,0.005946039168733684,0.015346662
/opt/hostedtoolcache/Python/3.11.16/x64/lib/python3.11/pathlib.py,745,parts,3000,3000,0.015241794000000001,0.005905408233123925,0.015241794000000001
/opt/hostedtoolcache/Python/3.11.16/x64/lib/python3.11/site-packages/httpx/_client.py,391,_merge_url,3000,3000,0.015179168000000002,0.0058811438915373875,0.054608786000000006
/opt/hostedtoolcache/Python/3.11.16/x64/lib/python3.11/site-packages/httpx/_models.py,1228,__bool__,3000,3000,0.015177056000000001,0.0058803256005810645,0.034591710000000005
/opt/hostedtoolcache/Python/3.11.16/x64/lib/python3.11/site-packages/httpx/_urlparse.py,422,validate_path,6001,6001,0.014901729,0.005773650603359522,0.022372157
/home/runner/work/_temp/scanner-verification-il7_c53e/first_hybrid/tiktok_worker_scanner.py,1097,text,6252,6252,0.014588007,0.005652099525992113,0.014588007
/opt/hostedtoolcache/Python/3.11.16/x64/lib/python3.11/site-packages/httpx/_urls.py,168,host,6000,6000,0.01458771,0.00565198445382638,0.021537928
/opt/hostedtoolcache/Python/3.11.16/x64/lib/python3.11/site-packages/httpx/_client.py,413,_merge_cookies,3000,3000,0.014516269,0.00562430475486295,0.052682361000000004
/opt/hostedtoolcache/Python/3.11.16/x64/lib/python3.11/site-packages/httpx/_urls.py,150,username,3000,3000,0.014334924,0.0055540429303011,0.029532970000000002
/home/runner/work/_temp/scanner-verification-il7_c53e/first_hybrid/tiktok_worker_scanner.py,1195,available,3001,3001,0.014318689,0.005547752706022727,0.020147560000000002
/home/runner/work/_temp/scanner-verification-il7_c53e/first_hybrid/tiktok_worker_scanner.py,1324,wake_capacity,6000,6000,0.014280032000000002,0.005532775114404059,0.021224993
/opt/hostedtoolcache/Python/3.11.16/x64/lib/python3.11/site-packages/httpx/_models.py,619,reason_phrase,3000,3000,0.014225542,0.005511663052751544,0.048389153000000004
~,0,<method 'release' of '_thread.RLock' objects>,11841,11841,0.014206054000000001,0.00550411245892728,0.014206054000000001
/home/runner/work/_temp/scanner-verification-il7_c53e/first_hybrid/hybrid_backend.py,290,lookup_profile,5025,5025,0.014168252000000001,0.005489466135664509,1.6907488970000002
/home/runner/work/_temp/scanner-verification-il7_c53e/first_hybrid/tiktok_worker_scanner.py,3341,_add_job,1000,1000,0.014162500000000001,0.005487237532643309,0.261182629
/opt/hostedtoolcache/Python/3.11.16/x64/lib/python3.11/site-packages/httpx/_decoders.py,233,__init__,6000,6000,0.01412353,0.005472138669684995,0.01412353
~,0,<method 'find' of 'str' objects>,12070,12070,0.014097929,0.005462219603978149,0.014097929
/opt/hostedtoolcache/Python/3.11.16/x64/lib/python3.11/typing.py,1327,__instancecheck__,3000,3000,0.013986121,0.005418899776684255,0.055264088
/home/runner/work/_temp/scanner-verification-il7_c53e/final/tests/benchmark_hybrid.py,100,<listcomp>,2000,2000,0.013880261000000001,0.0053778844922919775,0.033707015
/opt/hostedtoolcache/Python/3.11.16/x64/lib/python3.11/site-packages/httpx/_models.py,771,has_redirect_location,3000,3000,0.013755870000000002,0.00532968940216502,0.013755870000000002
/opt/hostedtoolcache/Python/3.11.16/x64/lib/python3.11/site-packages/httpx/_urls.py,327,copy_with,3000,3000,0.013684457,0.005302020551755936,21.513888642
/home/runner/work/_temp/scanner-verification-il7_c53e/first_hybrid/hybrid_backend.py,370,lookup_profile,2000,2000,0.013644537,0.005286553612846625,0.08380755200000001
/home/runner/work/_temp/scanner-verification-il7_c53e/first_hybrid/tiktok_worker_scanner.py,3166,sanitize_run_name,1000,1000,0.013637219,0.00528371826567883,0.042937206000000006
/opt/hostedtoolcache/Python/3.11.16/x64/lib/python3.11/site-packages/httpx/_models.py,876,read,3000,3000,0.013594238000000002,0.005267065347310566,0.529121177
/opt/hostedtoolcache/Python/3.11.16/x64/lib/python3.11/email/message.py,156,__init__,6000,6000,0.013564265,0.00525545235733239,0.013564265
/opt/hostedtoolcache/Python/3.11.16/x64/lib/python3.11/re/_parser.py,516,_parse,118,301,0.013482220000000001,0.005223664155859083,0.046269036
<frozen posixpath>,394,abspath,3016,3016,0.013453724000000002,0.005212623427122617,0.063679123
~,0,<built-in method time.time>,12392,12392,0.013430974000000002,0.005203808976717135,0.013430974000000002
/opt/hostedtoolcache/Python/3.11.16/x64/lib/python3.11/site-packages/httpx/_status_codes.py,38,get_reason_phrase,3000,3000,0.013286956,0.0051480094374425555,0.034163611
/opt/hostedtoolcache/Python/3.11.16/x64/lib/python3.11/urllib/parse.py,1101,_splithost,3000,3000,0.013193281000000001,0.005111715211432292,0.022346364
/opt/hostedtoolcache/Python/3.11.16/x64/lib/python3.11/site-packages/httpx/_client.py,433,_merge_queryparams,3000,3000,0.013126576000000001,0.005085870467946681,0.024930659
/opt/hostedtoolcache/Python/3.11.16/x64/lib/python3.11/site-packages/httpx/_models.py,635,content,6000,6000,0.013123668000000002,0.005084743768088257,0.018816019
/home/runner/work/_temp/scanner-verification-il7_c53e/first_hybrid/tiktok_worker_scanner.py,2094,<lambda>,2000,2000,0.013105852000000001,0.005077840987937749,0.171651185
/home/runner/work/_temp/scanner-verification-il7_c53e/first_hybrid/tiktok_worker_scanner.py,2293,cursor_seen,2000,2000,0.012916323,0.005004408285920142,0.13708671900000002
/opt/hostedtoolcache/Python/3.11.16/x64/lib/python3.11/asyncio/locks.py,194,clear,10344,10344,0.012811328,0.004963728144367458,0.012811328
/home/runner/work/_temp/scanner-verification-il7_c53e/first_hybrid/scan_statistics.py,71,account_finished,1000,1000,0.012554946,0.004864393356505558,0.083590381
/opt/hostedtoolcache/Python/3.11.16/x64/lib/python3.11/enum.py,688,__call__,3242,3242,0.012462148000000001,0.004828438922715322,0.021968658000000002
/opt/hostedtoolcache/Python/3.11.16/x64/lib/python3.11/http/cookiejar.py,1753,__iter__,6001,6001,0.012459031,0.004827231246147677,0.012459031
/home/runner/work/_temp/scanner-verification-il7_c53e/first_hybrid/tiktok_worker_scanner.py,2087,replay_committed_list,4000,4000,0.012411409,0.004808780179896695,0.19612026800000001
/opt/hostedtoolcache/Python/3.11.16/x64/lib/python3.11/_weakrefset.py,17,__init__,6385,6385,0.012373565000000001,0.004794117583802408,0.012373565000000001
/home/runner/work/_temp/scanner-verification-il7_c53e/first_hybrid/avatar_cache.py,177,io,2914,2914,0.012352208,0.004785842848975599,0.146875899
/opt/hostedtoolcache/Python/3.11.16/x64/lib/python3.11/pathlib.py,630,suffix,2014,2014,0.012215707000000001,0.004732955759094339,0.024569886000000003
/home/runner/work/_temp/scanner-verification-il7_c53e/first_hybrid/hybrid_backend.py,99,observe,3000,3000,0.012086276,0.004682807929185245,0.023662858000000002
/opt/hostedtoolcache/Python/3.11.16/x64/lib/python3.11/site-packages/httpx/_content.py,35,__iter__,12000,12000,0.011853073,0.00459245380707933,0.011853073
/home/runner/work/_temp/scanner-verification-il7_c53e/first_hybrid/tiktok_worker_scanner.py,2794,open_user_store,4000,4000,0.011799929,0.004571863250932125,0.49562086400000005
/opt/hostedtoolcache/Python/3.11.16/x64/lib/python3.11/asyncio/tasks.py,65,_set_task_name,5010,5010,0.011720900000000001,0.004541243593741144,0.016534222
/opt/hostedtoolcache/Python/3.11.16/x64/lib/python3.11/re/__init__.py,178,sub,3001,3001,0.011657388000000001,0.004516635972899256,0.032730697
/home/runner/work/_temp/scanner-verification-il7_c53e/first_hybrid/tiktok_worker_scanner.py,2001,<dictcomp>,2000,2000,0.011638800000000001,0.004509434082607515,0.018280605000000002
/home/runner/work/_temp/scanner-verification-il7_c53e/first_hybrid/vendor/tiktok_sign.py,317,mix_state,6000,6000,0.011577479000000002,0.00448567536114314,0.011577479000000002
~,0,<method 'startswith' of 'bytes' objects>,9018,9018,0.011573576,0.004484163150157092,0.011573576
<frozen posixpath>,386,normpath,3016,3016,0.011533688,0.004468708609595603,0.021248609
~,0,<built-in method _json.encode_basestring_ascii>,11145,11145,0.011481189000000001,0.004448367957646707,0.011481189000000001
/opt/hostedtoolcache/Python/3.11.16/x64/lib/python3.11/site-packages/httpx/_client.py,318,cookies,9000,9000,0.011473666,0.004445453183563171,0.011473666
/opt/hostedtoolcache/Python/3.11.16/x64/lib/python3.11/email/_policybase.py,313,header_store_parse,12000,12000,0.011463664,0.004441577924971715,0.011463664
/opt/hostedtoolcache/Python/3.11.16/x64/lib/python3.11/pathlib.py,682,with_suffix,1008,1008,0.011370928,0.004405647512980385,0.030656377000000002
/opt/hostedtoolcache/Python/3.11.16/x64/lib/python3.11/functools.py,518,decorating_function,2007,2007,0.011227417,0.004350044410029128,0.07076547700000001
/opt/hostedtoolcache/Python/3.11.16/x64/lib/python3.11/site-packages/httpx/_urls.py,233,netloc,3000,3000,0.011145375,0.00431825737090093,0.025847959
/opt/hostedtoolcache/Python/3.11.16/x64/lib/python3.11/site-packages/httpx/_urls.py,244,path,3000,3000,0.011140904,0.004316525089241021,0.024950952000000002
/opt/hostedtoolcache/Python/3.11.16/x64/lib/python3.11/asyncio/tasks.py,35,current_task,3000,3000,0.011138286,0.004315510749409744,0.017687243000000002
/opt/hostedtoolcache/Python/3.11.16/x64/lib/python3.11/random.py,119,__init__,3003,3003,0.011122552,0.004309414636764476,0.11670214100000002
/opt/hostedtoolcache/Python/3.11.16/x64/lib/python3.11/asyncio/timeouts.py,33,__init__,3000,3000,0.011087363000000001,0.004295780716091136,0.011087363000000001
/opt/hostedtoolcache/Python/3.11.16/x64/lib/python3.11/urllib/parse.py,1059,unwrap,3000,3000,0.011074679,0.004290866320972756,0.014324194
/opt/hostedtoolcache/Python/3.11.16/x64/lib/python3.11/site-packages/httpx/_models.py,260,<listcomp>,3000,3000,0.011071924,0.004289798900714861,0.016447182
/home/runner/work/_temp/scanner-verification-il7_c53e/first_hybrid/tiktok_worker_scanner.py,532,output_file_path,2000,2000,0.010995553,0.004260209081289936,0.847091012
/opt/hostedtoolcache/Python/3.11.16/x64/lib/python3.11/email/_policybase.py,209,header_max_count,12000,12000,0.01094834,0.004241916481422068,0.01094834
/home/runner/work/_temp/scanner-verification-il7_c53e/first_hybrid/tiktok_worker_scanner.py,1205,choose,3000,3000,0.010787046000000002,0.004179423384116496,0.031013012000000003
/opt/hostedtoolcache/Python/3.11.16/x64/lib/python3.11/collections/__init__.py,601,__missing__,11734,11734,0.010763121,0.004170153681876884,0.010763121
~,0,<method 'split' of 'bytes' objects>,9000,9000,0.010760173000000001,0.004169011484083682,0.010760173000000001
/opt/hostedtoolcache/Python/3.11.16/x64/lib/python3.11/site-packages/httpx/_content.py,186,encode_request,3000,3000,0.010584322,0.004100878300863709,0.014459444
~,0,<built-in method builtins.print>,349,349,0.010579020000000001,0.00409882404960877,0.010579020000000001
/opt/hostedtoolcache/Python/3.11.16/x64/lib/python3.11/asyncio/locks.py,182,set,5358,5358,0.010539645,0.004083568270060821,0.010554332000000001
/opt/hostedtoolcache/Python/3.11.16/x64/lib/python3.11/site-packages/httpx/_decoders.py,237,decode,9000,9000,0.010432837,0.004042185684614285,0.010432837
<frozen codecs>,186,__init__,4112,4112,0.010298009,0.003989946795855151,0.010298009
~,0,<method 'setdefault' of 'dict' objects>,11123,11123,0.010280838,0.003983293919902952,0.010280838
/opt/hostedtoolcache/Python/3.11.16/x64/lib/python3.11/logging/__init__.py,1479,info,3000,3000,0.010271285,0.003979592625629388,0.014765350000000002
<string>,2,__init__,3000,3000,0.010194578,0.00394987262355232,0.010194578
/home/runner/work/_temp/scanner-verification-il7_c53e/first_hybrid/vendor/tiktok_sign.py,212,encode_query,3000,3000,0.010184636,0.003946020611863033,3.7772222110000007
/opt/hostedtoolcache/Python/3.11.16/x64/lib/python3.11/site-packages/httpx/_urls.py,159,password,3000,3000,0.010126854000000001,0.003923633070178218,0.021420761
/opt/hostedtoolcache/Python/3.11.16/x64/lib/python3.11/site-packages/httpx/_models.py,313,<listcomp>,6000,6000,0.010028955,0.003885702262255306,0.010028955
/home/runner/work/_temp/scanner-verification-il7_c53e/first_hybrid/scan_statistics.py,220,report_loop,729,729,0.009934969,0.003849287539802136,1.236159041
/home/runner/work/_temp/scanner-verification-il7_c53e/first_hybrid/tiktok_worker_scanner.py,527,output_file_name,2000,2000,0.009920848000000001,0.0038438163813768263,0.034083529
~,0,<built-in method marshal.loads>,83,83,0.009725429,0.003768101608463031,0.009725429
/opt/hostedtoolcache/Python/3.11.16/x64/lib/python3.11/functools.py,479,lru_cache,2007,2007,0.009694414000000002,0.003756084897283866,0.012069691
/opt/hostedtoolcache/Python/3.11.16/x64/lib/python3.11/site-packages/httpx/_client.py,1474,_transport_for_url,3000,3000,0.009683220000000001,0.003751747800235999,0.012450716
/opt/hostedtoolcache/Python/3.11.16/x64/lib/python3.11/site-packages/httpx/_urls.py,600,__getitem__,7000,7000,0.009680254000000001,0.003750598628372146,0.009680254000000001
/opt/hostedtoolcache/Python/3.11.16/x64/lib/python3.11/site-packages/httpx/_urls.py,374,__str__,3000,3000,0.009677351,0.0037494738657555694,0.045904503000000006
~,0,<built-in method builtins.hash>,9141,9324,0.009632047000000001,0.0037319209048250227,0.010043424
/home/runner/work/_temp/scanner-verification-il7_c53e/first_hybrid/tiktok_worker_scanner.py,3649,<genexpr>,1005,1005,0.009507156000000001,0.0036835320905133292,0.047796588
~,0,<method 'extend' of 'list' objects>,10484,10484,0.009416223,0.003648300247932156,0.009500469000000001
/opt/hostedtoolcache/Python/3.11.16/x64/lib/python3.11/enum.py,1095,__new__,3242,3242,0.009375605,0.003632562870060954,0.00950651
/home/runner/work/_temp/scanner-verification-il7_c53e/first_hybrid/tiktok_worker_scanner.py,2581,size_skip_result,1000,1000,0.009272718000000001,0.0035926994696711166,0.013434155000000001
~,0,<method 'pop' of 'list' objects>,6444,6444,0.009269094,0.003591295356780151,0.009269094
/home/runner/work/_temp/scanner-verification-il7_c53e/first_hybrid/tiktok_worker_scanner.py,3652,write_json_array,6,6,0.009268687000000001,0.0035911376652937766,1.379402975
/home/runner/work/_temp/scanner-verification-il7_c53e/first_hybrid/tiktok_worker_scanner.py,1957,approximate_count,4000,4000,0.009228793,0.003575680800042071,0.013741995
/home/runner/work/_temp/scanner-verification-il7_c53e/first_hybrid/tiktok_worker_scanner.py,2380,iter_members,2000,2000,0.009174386000000001,0.0035546008966042234,0.158545333
/opt/hostedtoolcache/Python/3.11.16/x64/lib/python3.11/urllib/parse.py,1211,_splittag,3000,3000,0.009054507,0.0035081539735203216,0.012855611000000001
/home/runner/work/_temp/scanner-verification-il7_c53e/first_hybrid/hybrid_backend.py,350,<listcomp>,3000,3000,0.008934401,0.003461619099656551,0.008934401
/home/runner/work/_temp/scanner-verification-il7_c53e/first_hybrid/tiktok_worker_scanner.py,613,reconcile_complete_lists,1000,1000,0.008902187,0.0034491378378823886,0.027242617
/opt/hostedtoolcache/Python/3.11.16/x64/lib/python3.11/site-packages/httpx/_content.py,221,encode_response,3000,3000,0.008839608,0.003424891706369218,0.17638599200000002
/opt/hostedtoolcache/Python/3.11.16/x64/lib/python3.11/site-packages/httpx/_urlparse.py,177,netloc,3000,3000,0.008765925,0.003396343348161433,0.011914510000000001
/home/runner/work/_temp/scanner-verification-il7_c53e/first_hybrid/direct_protocol.py,92,verified,8500,8500,0.008661423,0.003355854218654898,0.008661423
/opt/hostedtoolcache/Python/3.11.16/x64/lib/python3.11/pathlib.py,257,casefold_parts,9028,9028,0.008581726999999999,0.0033249761334014794,0.008581726999999999
/opt/hostedtoolcache/Python/3.11.16/x64/lib/python3.11/site-packages/httpx/_urls.py,319,is_relative_url,3000,3000,0.008534047000000001,0.0033065025951450684,0.014294890000000001
/home/runner/work/_temp/scanner-verification-il7_c53e/first_hybrid/report_generator.py,26,open_database,2012,2012,0.008452123,0.003274761274924466,0.5309104710000001
<string>,1,<lambda>,3013,3013,0.008320055,0.003223591743665074,0.01291306
~,0,<method 'groups' of 're.Match' objects>,6001,6001,0.00830789,0.003218878434250451,0.00830789
/home/runner/work/_temp/scanner-verification-il7_c53e/first_hybrid/tiktok_worker_scanner.py,2013,parse_has_more,4000,4000,0.008292302,0.0032128388890671255,0.0114823
/opt/hostedtoolcache/Python/3.11.16/x64/lib/python3.11/site-packages/httpx/_models.py,1065,aclose,3000,3000,0.008259997,0.0032003223694913414,0.011478066
/opt/hostedtoolcache/Python/3.11.16/x64/lib/python3.11/site-packages/httpx/_models.py,610,http_version,3000,3000,0.008228685000000001,0.0031881905861464435,0.008228685000000001
/opt/hostedtoolcache/Python/3.11.16/x64/lib/python3.11/site-packages/httpx/_urls.py,612,__bool__,3000,3000,0.008203157,0.003178299804170569,0.008203157
/home/runner/work/_temp/scanner-verification-il7_c53e/first_hybrid/tiktok_worker_scanner.py,1615,before_send,3000,3000,0.008146579000000001,0.0031563787503225975,0.027492993
~,0,<method 'remove' of 'set' objects>,6385,6385,0.008033444,0.003112544779042414,0.008033444
/home/runner/work/_temp/scanner-verification-il7_c53e/first_hybrid/report_generator.py,44,count_value,2000,2000,0.008003838000000001,0.0031010739826158344,0.013392087
/opt/hostedtoolcache/Python/3.11.16/x64/lib/python3.11/pathlib.py,934,_scandir,4012,4012,0.007933683,0.003073892542255545,0.058066769000000004
/opt/hostedtoolcache/Python/3.11.16/x64/lib/python3.11/site-packages/httpx/_content.py,32,__init__,6000,6000,0.007840584000000001,0.0030378214865060976,0.007840584000000001
~,0,<built-in method builtins.issubclass>,3149,3149,0.007810265,0.003026074439392084,0.019346888000000003
/home/runner/work/_temp/scanner-verification-il7_c53e/first_hybrid/hybrid_backend.py,190,<dictcomp>,3000,3000,0.007614208000000001,0.002950112474418566,0.021868088
/opt/hostedtoolcache/Python/3.11.16/x64/lib/python3.11/site-packages/httpx/_urlparse.py,395,normalize_port,6001,6001,0.0075870550000000005,0.0029395920888423,0.0075870550000000005
/opt/hostedtoolcache/Python/3.11.16/x64/lib/python3.11/re/_compiler.py,37,_compile,76,463,0.007554315,0.0029269070292257957,0.021860399
~,0,<method 'send' of 'generator' objects>,3000,3000,0.007550842,0.0029255614210386203,0.010646494000000001
/opt/hostedtoolcache/Python/3.11.16/x64/lib/python3.11/site-packages/httpx/_models.py,974,aread,3000,3000,0.007546253,0.0029237834204711146,0.010650692
~,0,<method 'fileno' of '_io.TextIOWrapper' objects>,4121,4121,0.007528625000000001,0.002916953480614067,0.007528625000000001
/opt/hostedtoolcache/Python/3.11.16/x64/lib/python3.11/site-packages/httpx/_urlparse.py,447,normalize_path,6000,6000,0.0073511340000000005,0.0028481848820681613,0.0073511340000000005
/home/runner/work/_temp/scanner-verification-il7_c53e/first_hybrid/scan_statistics.py,107,<dictcomp>,468,468,0.007189586,0.0027855933728767428,0.011208371
~,0,<built-in method _stat.S_ISDIR>,5110,5110,0.007158671000000001,0.0027736154065345245,0.007158671000000001
/opt/hostedtoolcache/Python/3.11.16/x64/lib/python3.11/asyncio/locks.py,409,_wake_up_next,6000,6000,0.007050902,0.0027318604832049257,0.007050902
/home/runner/work/_temp/scanner-verification-il7_c53e/first_hybrid/avatar_cache.py,35,account_key,1000,1000,0.007048442,0.0027309073602160257,0.025947064000000002
/opt/hostedtoolcache/Python/3.11.16/x64/lib/python3.11/asyncio/tasks.py,436,wait_for,698,698,0.006948448,0.00269216484795907,0.041355936
~,0,<built-in method _stat.S_ISREG>,8021,8021,0.006898075000000001,0.002672647911243671,0.006898075000000001
/opt/hostedtoolcache/Python/3.11.16/x64/lib/python3.11/site-packages/httpx/_client.py,168,__init__,3000,3000,0.006895872000000001,0.0026717943624857245,0.006895872000000001
/home/runner/work/_temp/scanner-verification-il7_c53e/first_hybrid/tiktok_worker_scanner.py,3323,current_phase,3316,3316,0.006868056,0.002661017098640499,0.006868056
/home/runner/work/_temp/scanner-verification-il7_c53e/first_hybrid/avatar_cache.py,142,reference,2000,2000,0.006865933,0.002660194545752111,0.008881140000000001
/opt/hostedtoolcache/Python/3.11.16/x64/lib/python3.11/enum.py,1257,value,5282,5282,0.0067620760000000005,0.0026199553204438856,0.0067620760000000005
/opt/hostedtoolcache/Python/3.11.16/x64/lib/python3.11/urllib/parse.py,421,_checknetloc,3013,3013,0.006746623,0.002613968080790439,0.009377178
/opt/hostedtoolcache/Python/3.11.16/x64/lib/python3.11/site-packages/httpx/_models.py,482,aread,3000,3000,0.006700233000000001,0.002595994350930646,0.009427249
/opt/hostedtoolcache/Python/3.11.16/x64/lib/python3.11/statistics.py,154,_sum,1,1,0.006638509000000001,0.0025720794877733735,0.01745568
~,0,<method 'random' of '_random.Random' objects>,6008,6008,0.0066223490000000005,0.00256581832212271,0.0066223490000000005
/home/runner/work/_temp/scanner-verification-il7_c53e/first_hybrid/scan_statistics.py,102,metrics,468,468,0.006614344,0.0025627167979250885,0.02968432
/home/runner/work/_temp/scanner-verification-il7_c53e/first_hybrid/tiktok_worker_scanner.py,2835,<lambda>,2000,2000,0.006503245,0.0025196716715251495,0.006503245
/opt/hostedtoolcache/Python/3.11.16/x64/lib/python3.11/site-packages/httpx/_config.py,132,as_dict,3000,3000,0.006461276,0.0025034108509067905,0.006461276
<frozen abc>,121,__subclasscheck__,3021,3070,0.006375103,0.0024700232625643036,0.012125959
/home/runner/work/_temp/scanner-verification-il7_c53e/first_hybrid/avatar_cache.py,31,digest,1000,1000,0.006357474,0.0024631929352588863,0.016616236
~,0,<method 'keys' of 'dict' objects>,6031,6031,0.006287306,0.0024360064580697944,0.006287306
/opt/hostedtoolcache/Python/3.11.16/x64/lib/python3.11/asyncio/tasks.py,519,_on_completion,1001,1001,0.0061915170000000005,0.002398893166206468,0.033710074
/home/runner/work/_temp/scanner-verification-il7_c53e/first_hybrid/tiktok_worker_scanner.py,2297,close,1000,1000,0.006188036000000001,0.002397544458432337,0.470663755
/opt/hostedtoolcache/Python/3.11.16/x64/lib/python3.11/re/_parser.py,261,get,3120,3120,0.006083155000000001,0.002356908485993773,0.009711944
/home/runner/work/_temp/scanner-verification-il7_c53e/first_hybrid/tiktok_worker_scanner.py,1577,release_client,3000,3000,0.0060830070000000005,0.0023568511436350905,0.0060830070000000005
~,0,<method 'getvalue' of '_io.BytesIO' objects>,6000,6000,0.006060608,0.0023481726876072935,0.006060608
/home/runner/work/_temp/scanner-verification-il7_c53e/first_hybrid/report_generator.py,52,certainty,1000,1000,0.006011354,0.002329089305617333,0.016077841000000002
/opt/hostedtoolcache/Python/3.11.16/x64/lib/python3.11/re/_parser.py,168,__getitem__,3046,3046,0.0059487260000000005,0.0023048241891340583,0.008793118
/home/runner/work/_temp/scanner-verification-il7_c53e/first_hybrid/scan_statistics.py,192,display,232,232,0.0059193250000000005,0.0022934328196232198,0.042055808
/home/runner/work/_temp/scanner-verification-il7_c53e/first_hybrid/tiktok_worker_scanner.py,2756,<dictcomp>,1000,1000,0.005872298000000001,0.002275212285152073,1.430682291
/opt/hostedtoolcache/Python/3.11.16/x64/lib/python3.11/site-packages/httpx/_auth.py,38,auth_flow,6000,6000,0.0058324710000000005,0.0022597813789411226,0.0058324710000000005
/opt/hostedtoolcache/Python/3.11.16/x64/lib/python3.11/asyncio/locks.py,362,<genexpr>,6000,6000,0.005828287000000001,0.002258160294963253,0.005828287000000001
/opt/hostedtoolcache/Python/3.11.16/x64/lib/python3.11/site-packages/httpx/_urls.py,307,is_absolute_url,3000,3000,0.005760843000000001,0.002232029227132602,0.005760843000000001
~,0,<method 'upper' of 'str' objects>,5000,5000,0.005736443,0.0022225754869174916,0.005736443
~,0,<built-in method _hashlib.openssl_sha256>,1002,1002,0.005732221,0.0022209396799015815,0.005732221
~,0,<built-in method builtins.round>,3440,3440,0.005729961,0.002220064046586576,0.005729961
~,0,<built-in method posix.getpid>,3100,3100,0.005686198,0.0022031081435933846,0.005686198
~,0,<built-in method _abc._abc_subclasscheck>,3021,3070,0.0056498500000000005,0.002189025170259827,0.005839515
~,0,<method 'seek' of '_io.BytesIO' objects>,6000,6000,0.005574877000000001,0.0021599770036554227,0.005574877000000001
/opt/hostedtoolcache/Python/3.11.16/x64/lib/python3.11/urllib/parse.py,108,_noop,6013,6013,0.005562189,0.002155061058743566,0.005562189
/home/runner/work/_temp/scanner-verification-il7_c53e/first_hybrid/report_generator.py,53,<listcomp>,1000,1000,0.005561588,0.002154828202273513,0.008960497000000001
~,0,<built-in method builtins.setattr>,4637,4637,0.005560574,0.002154435329626869,0.006312982
~,0,<method 'set' of '_contextvars.ContextVar' objects>,3002,3002,0.005455757,0.002113824153883951,0.005455757
~,0,<method 'truncate' of '_io.BytesIO' objects>,6000,6000,0.005333811,0.0020665763750203517,0.005333811
/home/runner/work/_temp/scanner-verification-il7_c53e/first_hybrid/tiktok_worker_scanner.py,2005,<dictcomp>,2000,2000,0.005283698000000001,0.0020471601748810156,0.005283698000000001
/home/runner/work/_temp/scanner-verification-il7_c53e/first_hybrid/tiktok_worker_scanner.py,2430,<dictcomp>,1000,1000,0.005241001,0.0020306172918496813,1.4066880140000002
/home/runner/work/_temp/scanner-verification-il7_c53e/first_hybrid/scan_statistics.py,100,rate,2340,2340,0.005240402,0.0020303852102763675,0.009437703
~,0,<method 'stat' of 'posix.DirEntry' objects>,1002,1002,0.005230684,0.0020266199870218413,0.005230684
/home/runner/work/_temp/scanner-verification-il7_c53e/first_hybrid/report_generator.py,239,<dictcomp>,1000,1000,0.005187468000000001,0.0020098760182867513,0.008509411
/home/runner/work/_temp/scanner-verification-il7_c53e/first_hybrid/tiktok_worker_scanner.py,559,explicit_restriction,2000,2000,0.005149614,0.0019952095477087685,0.006902137
~,0,<method '__exit__' of 'posix.ScandirIterator' objects>,5015,5015,0.005097276,0.0019749312749473575,0.005097276
/opt/hostedtoolcache/Python/3.11.16/x64/lib/python3.11/statistics.py,287,_exact_ratio,3000,3000,0.005086794,0.001970870041138555,0.007827176
/opt/hostedtoolcache/Python/3.11.16/x64/lib/python3.11/site-packages/httpx/_client.py,298,headers,3000,3000,0.005039635000000001,0.0019525983634826377,0.005039635000000001
<frozen importlib._bootstrap_external>,1607,find_spec,242,242,0.004917961,0.001905455970575535,0.02195031
/home/runner/work/_temp/scanner-verification-il7_c53e/first_hybrid/report_generator.py,269,encode,1001,1001,0.004894905000000001,0.001896522960968995,0.030303717
~,0,<method 'set_name' of '_asyncio.Task' objects>,5008,5008,0.004813322,0.001864913760642383,0.004813322
/opt/hostedtoolcache/Python/3.11.16/x64/lib/python3.11/site-packages/httpx/_urls.py,512,get,2000,2000,0.004786491,0.0018545181334410875,0.004786491
/home/runner/work/_temp/scanner-verification-il7_c53e/first_hybrid/report_generator.py,234,<genexpr>,3000,3000,0.0047551,0.0018423557416750002,0.006388162
/home/runner/work/_temp/scanner-verification-il7_c53e/first_hybrid/hybrid_backend.py,161,response_headers,3000,3000,0.004711919,0.0018256253336328418,0.004711919
~,0,<method 'rpartition' of 'str' objects>,3935,3935,0.004709751000000001,0.0018247853455678274,0.004709751000000001
/home/runner/work/_temp/scanner-verification-il7_c53e/first_hybrid/avatar_cache.py,81,embedded_avatar,1000,1000,0.0046883870000000005,0.0018165078986024333,0.008935392
~,0,<built-in method posix._path_normpath>,3016,3016,0.004660502,0.0018057039008197143,0.004660502
/opt/hostedtoolcache/Python/3.11.16/x64/lib/python3.11/logging/__init__.py,1734,isEnabledFor,3001,3001,0.004506029,0.0017458535888423081,0.004519062
/opt/hostedtoolcache/Python/3.11.16/x64/lib/python3.11/re/_parser.py,240,__next,3775,3775,0.004488448,0.0017390418590586259,0.004488448
/home/runner/work/_temp/scanner-verification-il7_c53e/first_hybrid/tiktok_worker_scanner.py,2762,<genexpr>,3000,3000,0.004430217,0.0017164803530559179,0.004430217
/home/runner/work/_temp/scanner-verification-il7_c53e/first_hybrid/report_generator.py,86,iter_avatar_profiles,1001,1001,0.004425948,0.0017148263359666432,0.12582568500000002
/home/runner/work/_temp/scanner-verification-il7_c53e/first_hybrid/hybrid_backend.py,136,get_client,3000,3000,0.004416108,0.0017110138440110413,0.005452201
/home/runner/work/_temp/scanner-verification-il7_c53e/first_hybrid/tiktok_worker_scanner.py,2788,<dictcomp>,1000,1000,0.004394898,0.0017027960640945462,0.004394898
~,0,<built-in method builtins.__build_class__>,313,318,0.00435472,0.0016872291635059112,0.022024557
~,0,<built-in method io.text_encoding>,4134,4134,0.004325522000000001,0.001675916446014076,0.004325522000000001
/opt/hostedtoolcache/Python/3.11.16/x64/lib/python3.11/site-packages/httpx/_client.py,584,_set_timeout,3000,3000,0.004268512,0.0016538280144704927,0.004268512
~,0,<built-in method builtins.exec>,4,120,0.004264118000000001,0.001652125566335034,190.474881931
/opt/hostedtoolcache/Python/3.11.16/x64/lib/python3.11/urllib/request.py,360,data,3000,3000,0.004248186,0.0016459527389126101,0.004248186
/home/runner/work/_temp/scanner-verification-il7_c53e/first_hybrid/tiktok_worker_scanner.py,2413,<genexpr>,3000,3000,0.004228113,0.0016381754877922046,0.004228113
<frozen os>,806,fsencode,1025,1025,0.004113633,0.0015938203984550813,0.011507128
/home/runner/work/_temp/scanner-verification-il7_c53e/first_hybrid/tiktok_worker_scanner.py,684,<listcomp>,3000,3000,0.004080533,0.0015809958574255671,0.004080533
<frozen importlib._bootstrap_external>,126,_path_join,1259,1259,0.004024405,0.001559249155343858,0.011416802
/opt/hostedtoolcache/Python/3.11.16/x64/lib/python3.11/pathlib.py,266,make_uri,1006,1006,0.004012527,0.0015546470436112732,0.030336845
/opt/hostedtoolcache/Python/3.11.16/x64/lib/python3.11/site-packages/httpx/_models.py,1267,__init__,3000,3000,0.003974982,0.0015401002945794572,0.003974982
/opt/hostedtoolcache/Python/3.11.16/x64/lib/python3.11/http/cookiejar.py,44,_debug,3000,3000,0.00393408,0.0015242528813713247,0.00393408
~,0,<built-in method _thread.get_ident>,3353,3353,0.003933927,0.0015241936017707956,0.003933927
<frozen importlib._bootstrap_external>,128,<listcomp>,1259,1259,0.0039300690000000004,0.0015226988259613736,0.006247865
/opt/hostedtoolcache/Python/3.11.16/x64/lib/python3.11/asyncio/tasks.py,431,_release_waiter,1043,1043,0.0038237970000000003,0.0014815239128408745,0.021491925000000002
~,0,<method 'asend' of 'async_generator' objects>,3000,3000,0.0038212940000000003,0.0014805541295720866,0.0038212940000000003
~,0,<method 'group' of 're.Match' objects>,3474,3474,0.0037465930000000003,0.0014516113489241793,0.0037465930000000003
/home/runner/work/_temp/scanner-verification-il7_c53e/final/tests/benchmark_hybrid.py,52,<genexpr>,1001,1001,0.003720492,0.0014414985590325978,0.005718073000000001
~,0,<method 'release' of '_thread.lock' objects>,4026,4026,0.003710794,0.001437741084745461,0.003710794
/opt/hostedtoolcache/Python/3.11.16/x64/lib/python3.11/collections/__init__.py,587,__init__,716,716,0.003709996,0.0014374319009466225,0.006858201
/home/runner/work/_temp/scanner-verification-il7_c53e/first_hybrid/tiktok_worker_scanner.py,2468,inspect_reusable_export,1000,1000,0.003669602,0.0014217813115101816,0.044295028
/opt/hostedtoolcache/Python/3.11.16/x64/lib/python3.11/site-packages/httpx/_client.py,329,params,3000,3000,0.0036009260000000004,0.0013951729072883415,0.0036009260000000004
/opt/hostedtoolcache/Python/3.11.16/x64/lib/python3.11/site-packages/httpx/_models.py,606,request,3000,3000,0.003547905,0.001374630007290581,0.003547905
/home/runner/work/_temp/scanner-verification-il7_c53e/first_hybrid/tiktok_worker_scanner.py,2759,<genexpr>,3000,3000,0.0035166000000000004,0.001362500936084269,0.0035166000000000004
/opt/hostedtoolcache/Python/3.11.16/x64/lib/python3.11/pathlib.py,563,as_uri,1006,1006,0.003464949,0.0013424888403526845,0.03507749300000001
/opt/hostedtoolcache/Python/3.11.16/x64/lib/python3.11/site-packages/httpx/_client.py,253,timeout,3000,3000,0.003464445,0.0013422935663744708,0.003464445
/home/runner/work/_temp/scanner-verification-il7_c53e/first_hybrid/tiktok_worker_scanner.py,942,retry_after_seconds,3000,3000,0.0033780990000000003,0.0013088389494640656,0.0033780990000000003
/opt/hostedtoolcache/Python/3.11.16/x64/lib/python3.11/urllib/request.py,337,full_url,3000,3000,0.003325408,0.0012884239074282308,0.003325408
/opt/hostedtoolcache/Python/3.11.16/x64/lib/python3.11/site-packages/httpx/_models.py,595,request,3000,3000,0.003304411,0.001280288654014433,0.003304411
/home/runner/work/_temp/scanner-verification-il7_c53e/first_hybrid/tiktok_worker_scanner.py,1219,good_response,3000,3000,0.003299722,0.00127847190860998,0.003299722
/home/runner/work/_temp/scanner-verification-il7_c53e/first_hybrid/report_generator.py,248,<listcomp>,1000,1000,0.003292203,0.0012755586843199221,0.005036921000000001
/home/runner/work/_temp/scanner-verification-il7_c53e/first_hybrid/tiktok_worker_scanner.py,1197,<listcomp>,3001,3001,0.0032802200000000004,0.0012709158905085424,0.0032802200000000004
~,0,<method 'aclose' of 'async_generator' objects>,3000,3000,0.003279919,0.0012707992685493314,0.003279919
/opt/hostedtoolcache/Python/3.11.16/x64/lib/python3.11/site-packages/httpx/_multipart.py,56,get_multipart_boundary_from_content_type,3000,3000,0.0032788830000000002,0.0012703978720385587,0.0032788830000000002
/opt/hostedtoolcache/Python/3.11.16/x64/lib/python3.11/asyncio/base_events.py,522,_check_default_executor,3000,3000,0.0032497520000000003,0.0012591111135874778,0.0032497520000000003
/opt/hostedtoolcache/Python/3.11.16/x64/lib/python3.11/pathlib.py,38,_ignore_error,1007,1007,0.0031700960000000003,0.0012282485262688381,0.004522328000000001
/opt/hostedtoolcache/Python/3.11.16/x64/lib/python3.11/pathlib.py,987,check_eloop,1003,1003,0.0031525570000000003,0.0012214530693166737,0.004379359
/home/runner/work/_temp/scanner-verification-il7_c53e/final/tests/benchmark_hybrid.py,167,<genexpr>,1002,1002,0.00313809,0.001215847853755526,0.153174941
/opt/hostedtoolcache/Python/3.11.16/x64/lib/python3.11/asyncio/locks.py,100,<genexpr>,3075,3075,0.0031312460000000003,0.0012131961571148616,0.003190277
~,0,<method 'start' of 're.Match' objects>,3000,3000,0.0031280170000000003,0.0012119450863298375,0.0031280170000000003
/opt/hostedtoolcache/Python/3.11.16/x64/lib/python3.11/site-packages/httpx/_decoders.py,52,flush,3000,3000,0.0031217970000000004,0.0012095351574717235,0.0031217970000000004
~,0,<method 'cancelling' of '_asyncio.Task' objects>,3000,3000,0.003105313,0.0012031484585493513,0.003105313
/home/runner/work/_temp/scanner-verification-il7_c53e/first_hybrid/report_generator.py,230,<listcomp>,1000,1000,0.003098794,0.0012006226826287653,0.00487659
~,0,<method 'isalpha' of 'str' objects>,3013,3013,0.003091921,0.001197959749985386,0.003091921
/opt/hostedtoolcache/Python/3.11.16/x64/lib/python3.11/site-packages/httpx/_types.py,99,close,3000,3000,0.0030875110000000002,0.0011962511026760156,0.0030875110000000002
/home/runner/work/_temp/scanner-verification-il7_c53e/first_hybrid/backend_metrics.py,66,score,219,219,0.00299175,0.0011591486593670339,0.005938113
/home/runner/work/_temp/scanner-verification-il7_c53e/first_hybrid/report_generator.py,227,<genexpr>,3000,3000,0.002987159,0.0011573698839027892,0.002987159
~,0,<method 'rfind' of 'str' objects>,2212,2212,0.002958268,0.0011461761130603814,0.002958268
/home/runner/work/_temp/scanner-verification-il7_c53e/first_hybrid/report_generator.py,245,<genexpr>,1000,1000,0.002948478,0.0011423829935232532,0.004591448000000001
~,0,<method 'clear' of 'set' objects>,2,2,0.002920387,0.001131499181376423,0.002920387
/home/runner/work/_temp/scanner-verification-il7_c53e/first_hybrid/tiktok_worker_scanner.py,3637,rows,11,11,0.002919455,0.0011311380794960756,0.004809983
/opt/hostedtoolcache/Python/3.11.16/x64/lib/python3.11/re/_compiler.py,243,_optimize_charset,217,217,0.002916857,0.0011301314886321878,0.005183867000000001
/opt/hostedtoolcache/Python/3.11.16/x64/lib/python3.11/site-packages/httpx/_decoders.py,49,decode,3000,3000,0.0027590080000000003,0.0010689731509594457,0.0027590080000000003
~,0,<method 'as_integer_ratio' of 'float' objects>,3000,3000,0.002740382,0.0010617565376296653,0.002740382
/home/runner/work/_temp/scanner-verification-il7_c53e/first_hybrid/tiktok_worker_scanner.py,3336,add_jobs,1,1,0.002688995,0.0010418467282676217,0.27031636400000003
/home/runner/work/_temp/scanner-verification-il7_c53e/final/tests/benchmark_hybrid.py,31,main,1,1,0.002635903,0.0010212763194356288,190.240979721
/opt/hostedtoolcache/Python/3.11.16/x64/lib/python3.11/re/_parser.py,178,getwidth,178,559,0.002599974,0.001007355686968879,0.0036917380000000004
~,0,<built-in method posix.fstat>,1003,1003,0.002573123,0.000996952310800194,0.002573123
/home/runner/work/_temp/scanner-verification-il7_c53e/first_hybrid/tiktok_worker_scanner.py,288,<genexpr>,1392,1392,0.0025209880000000005,0.0009767526900577857,0.003608211
~,0,<method 'pop' of 'dict' objects>,2146,2146,0.0024435670000000002,0.0009467560498449151,0.0024435670000000002
/opt/hostedtoolcache/Python/3.11.16/x64/lib/python3.11/collections/__init__.py,694,subtract,181,181,0.002443483,0.0009467235041818795,0.0047362440000000006
/home/runner/work/_temp/scanner-verification-il7_c53e/first_hybrid/tiktok_worker_scanner.py,1518,consume,138,138,0.002423913,0.0009391411395913179,0.015302149000000001
/opt/hostedtoolcache/Python/3.11.16/x64/lib/python3.11/asyncio/tasks.py,551,_cancel_and_wait,464,464,0.0024009350000000003,0.0009302383509575966,0.007669829
/opt/hostedtoolcache/Python/3.11.16/x64/lib/python3.11/asyncio/locks.py,200,wait,468,468,0.0023826660000000003,0.0009231600566957176,0.004762468000000001
/opt/hostedtoolcache/Python/3.11.16/x64/lib/python3.11/re/_parser.py,456,_parse_sub,76,218,0.002300144,0.0008911870423501719,0.048175377000000005
/opt/hostedtoolcache/Python/3.11.16/x64/lib/python3.11/pathlib.py,555,__bytes__,1006,1006,0.0022795360000000004,0.0008832025063520986,0.013668224
<frozen importlib._bootstrap>,1054,_find_spec,111,111,0.0022794910000000002,0.0008831850711754723,0.03236620900000001
/home/runner/work/_temp/scanner-verification-il7_c53e/first_hybrid/report_generator.py,57,local_avatar,1000,1000,0.002228243,0.0008633291171367853,0.011163635
/home/runner/work/_temp/scanner-verification-il7_c53e/first_hybrid/tiktok_worker_scanner.py,2837,<lambda>,1000,1000,0.0021291020000000003,0.0008249170983389891,0.0021291020000000003
~,0,<built-in method _imp.create_dynamic>,13,13,0.002066175,0.0008005361347932418,0.0023171430000000002
/home/runner/work/_temp/scanner-verification-il7_c53e/first_hybrid/scan_statistics.py,31,iso,392,392,0.0019360750000000002,0.0007501291019249704,0.005368316000000001
~,0,<built-in method builtins.iter>,1895,1895,0.001922995,0.0007450612772522801,0.001922995
/opt/hostedtoolcache/Python/3.11.16/x64/lib/python3.11/re/_parser.py,164,__len__,1064,1064,0.001897589,0.0007352177639774816,0.002810113
/opt/hostedtoolcache/Python/3.11.16/x64/lib/python3.11/re/_parser.py,256,match,1437,1437,0.0018888520000000001,0.0007318326275734071,0.0024123150000000004
/opt/hostedtoolcache/Python/3.11.16/x64/lib/python3.11/json/encoder.py,224,floatstr,1176,1176,0.0018853300000000002,0.0007304680344161277,0.0018853300000000002
/home/runner/work/_temp/scanner-verification-il7_c53e/first_hybrid/tiktok_worker_scanner.py,3387,<setcomp>,1,1,0.001861727,0.0007213230905514865,0.0027945030000000003
/home/runner/work/_temp/scanner-verification-il7_c53e/final/tests/benchmark_hybrid.py,161,<genexpr>,1001,1001,0.0018139340000000001,0.0007028057706293244,0.002768574
~,0,<method 'cancelled' of '_asyncio.Task' objects>,2016,2016,0.00181367,0.0007027034842597838,0.00181367
/home/runner/work/_temp/scanner-verification-il7_c53e/final/tests/benchmark_hybrid.py,176,<genexpr>,1001,1001,0.0018087070000000001,0.0007007805780020958,0.002756
/home/runner/work/_temp/scanner-verification-il7_c53e/final/tests/benchmark_hybrid.py,162,<genexpr>,1001,1001,0.0018083600000000002,0.000700646133417889,0.002741102
/home/runner/work/_temp/scanner-verification-il7_c53e/final/tests/benchmark_hybrid.py,179,<genexpr>,1001,1001,0.001808062,0.0007005306738037864,0.002751789
~,0,<method 'exception' of '_asyncio.Task' objects>,2015,2015,0.001772672,0.0006868188760081821,0.001772672
~,0,<method 'executescript' of 'sqlite3.Connection' objects>,2,2,0.00175551,0.0006801694870913083,0.00175551
~,0,<built-in method io.open_code>,104,104,0.001744534,0.0006759168537879866,0.001744534
/home/runner/work/_temp/scanner-verification-il7_c53e/first_hybrid/tiktok_worker_scanner.py,2761,<listcomp>,1000,1000,0.001738526,0.0006735890639842005,0.001738526
/opt/hostedtoolcache/Python/3.11.16/x64/lib/python3.11/dataclasses.py,664,_is_type,234,234,0.001671216,0.0006475099142350586,0.0030670240000000002
/home/runner/work/_temp/scanner-verification-il7_c53e/first_hybrid/tiktok_worker_scanner.py,2764,<listcomp>,1000,1000,0.0016435710000000001,0.0006367989040610128,0.0016435710000000001
/opt/hostedtoolcache/Python/3.11.16/x64/lib/python3.11/re/_parser.py,176,append,867,867,0.0016269010000000003,0.0006303401397419193,0.002337304
/home/runner/work/_temp/scanner-verification-il7_c53e/first_hybrid/tiktok_worker_scanner.py,3083,run_scan,18,18,0.001619418,0.0006274408635931622,0.020909132
/opt/hostedtoolcache/Python/3.11.16/x64/lib/python3.11/typing.py,168,_type_check,162,162,0.0015999270000000001,0.0006198891074237889,0.004930531
<frozen importlib._bootstrap_external>,437,cache_from_source,184,184,0.001583756,0.0006136236798410616,0.006150654
/home/runner/work/_temp/scanner-verification-il7_c53e/first_hybrid/tiktok_worker_scanner.py,3704,validate_scan_config,26,26,0.001549669,0.0006004167272708789,0.01291393
<frozen importlib._bootstrap>,244,_verbose_message,1337,1337,0.001529074,0.0005924372281016087,0.001529074
~,0,<built-in method fromtimestamp>,392,392,0.001517923,0.0005881167913336294,0.001517923
~,0,<method 'read' of '_io.BufferedReader' objects>,99,99,0.001517888,0.000588103230640698,0.001517888
<frozen importlib._bootstrap_external>,1467,_get_spec,111,111,0.001513032,0.0005862217813585432,0.025310808
<frozen importlib._bootstrap_external>,1007,get_code,92,92,0.0015065300000000003,0.0005837025920602383,0.042919739
/opt/hostedtoolcache/Python/3.11.16/x64/lib/python3.11/contextlib.py,763,__init__,1000,1000,0.0014669260000000001,0.00056835808683568,0.0014669260000000001
<frozen importlib._bootstrap>,1165,_find_and_load,13,113,0.0014667770000000003,0.0005683003570286288,0.23738702300000003
<frozen importlib._bootstrap>,493,_init_module_attrs,105,105,0.0014665210000000001,0.0005682011702460439,0.00721017
/opt/hostedtoolcache/Python/3.11.16/x64/lib/python3.11/typing.py,1266,_is_dunder,570,570,0.00140967,0.0005461743429932068,0.0022385120000000002
~,0,<method 'popitem' of 'collections.OrderedDict' objects>,744,744,0.0013904640000000001,0.0005387330096091329,0.0013904640000000001
/opt/hostedtoolcache/Python/3.11.16/x64/lib/python3.11/typing.py,1320,__setattr__,503,503,0.001386307,0.0005371223867372389,0.003322732
/opt/hostedtoolcache/Python/3.11.16/x64/lib/python3.11/enum.py,242,__set_name__,65,65,0.001382957,0.0005358244346995086,0.002948402
/opt/hostedtoolcache/Python/3.11.16/x64/lib/python3.11/enum.py,1668,convert_class,3,3,0.0013815350000000001,0.0005352734831181199,0.004265858
/home/runner/work/_temp/scanner-verification-il7_c53e/first_hybrid/tiktok_worker_scanner.py,3594,<genexpr>,264,264,0.0013592170000000002,0.00052662641040825,0.001955693
/home/runner/work/_temp/scanner-verification-il7_c53e/first_hybrid/tiktok_worker_scanner.py,1521,<lambda>,67,67,0.0013507690000000001,0.0005233532465829529,0.127176454
/home/runner/work/_temp/scanner-verification-il7_c53e/first_hybrid/tiktok_worker_scanner.py,3610,snapshot,26,26,0.0013344080000000003,0.0005170142038100259,0.23054491700000002
/opt/hostedtoolcache/Python/3.11.16/x64/lib/python3.11/re/_parser.py,293,tell,677,677,0.001333644,0.0005167181932557494,0.0019163480000000002
<frozen genericpath>,87,samestat,1003,1003,0.001310904,0.0005079076173339625,0.001310904
~,0,<method 'isdigit' of 'str' objects>,1000,1000,0.0013085220000000001,0.0005069847153178808,0.0013085220000000001
/opt/hostedtoolcache/Python/3.11.16/x64/lib/python3.11/pathlib.py,792,is_absolute,1006,1006,0.0012756990000000001,0.0004942674974867104,0.0012756990000000001
/opt/hostedtoolcache/Python/3.11.16/x64/lib/python3.11/enum.py,1507,_get_value,471,471,0.00123972,0.0004803274926014871,0.001938628
/opt/hostedtoolcache/Python/3.11.16/x64/lib/python3.11/dataclasses.py,884,_process_class,7,7,0.001189392,0.0004608279910627142,0.019291606000000003
~,0,<method 'result' of '_asyncio.Task' objects>,1247,1247,0.0011890870000000001,0.00046070981931002527,0.0011890870000000001
/home/runner/work/_temp/scanner-verification-il7_c53e/first_hybrid/report_generator.py,187,<genexpr>,1001,1001,0.0011880290000000002,0.00046029989893512426,0.0011880290000000002
/opt/hostedtoolcache/Python/3.11.16/x64/lib/python3.11/contextlib.py,769,__exit__,1000,1000,0.00113797,0.00044090462100773915,0.00113797
/opt/hostedtoolcache/Python/3.11.16/x64/lib/python3.11/dataclasses.py,723,_get_field,78,78,0.0011030480000000001,0.0004273741490490475,0.004035578000000001
<frozen importlib._bootstrap_external>,140,_path_stat,490,490,0.0010969110000000001,0.0004249963784055996,0.0040314
/home/runner/work/_temp/scanner-verification-il7_c53e/first_hybrid/report_generator.py,208,<genexpr>,1001,1001,0.0010895940000000002,0.000422161418686175,0.0010895940000000002
~,0,<method 'isspace' of 'str' objects>,1363,1363,0.001087223,0.0004212427786021574,0.001087223
/opt/hostedtoolcache/Python/3.11.16/x64/lib/python3.11/re/_compiler.py,216,_compile_charset,217,217,0.001081549,0.0004190443965537749,0.001762189
/opt/hostedtoolcache/Python/3.11.16/x64/lib/python3.11/contextlib.py,766,__enter__,1000,1000,0.001076268,0.0004169982817145947,0.001076268
/opt/hostedtoolcache/Python/3.11.16/x64/lib/python3.11/enum.py,1525,__and__,152,152,0.001057528,0.0004097374992706946,0.0036067040000000005
/opt/hostedtoolcache/Python/3.11.16/x64/lib/python3.11/re/_compiler.py,511,_compile_info,76,76,0.001057024,0.0004095422252924808,0.005791466
/opt/hostedtoolcache/Python/3.11.16/x64/lib/python3.11/urllib/parse.py,662,<dictcomp>,1,1,0.0010191290000000001,0.00039485986933134986,0.0018499200000000001
/home/runner/work/_temp/scanner-verification-il7_c53e/first_hybrid/report_generator.py,202,<genexpr>,1001,1001,0.001011535,0.0003919175864135816,0.001011535
/home/runner/work/_temp/scanner-verification-il7_c53e/first_hybrid/tiktok_worker_scanner.py,2890,_run_scan,11,11,0.000997162,0.00038634879099916445,0.007128146
<frozen importlib._bootstrap>,1120,_find_and_load_unlocked,12,112,0.0009899700000000002,0.00038356226232592384,0.236638427
~,0,<built-in method _imp.exec_dynamic>,13,13,0.000986001,0.0003820244797474905,0.000986001
<frozen importlib._bootstrap>,666,_load_unlocked,12,105,0.000972208,0.00037668040438736697,0.232072848
~,0,<built-in method _collections._count_elements>,1,1,0.0009590060000000001,0.0003715653110136013,0.0021470350000000003
/opt/hostedtoolcache/Python/3.11.16/x64/lib/python3.11/re/_compiler.py,740,compile,76,76,0.000930894,0.0003606733624510121,0.079639215
/home/runner/work/_temp/scanner-verification-il7_c53e/first_hybrid/report_generator.py,191,<genexpr>,1002,1002,0.000912537,0.0003535609727326197,0.000912537
/opt/hostedtoolcache/Python/3.11.16/x64/lib/python3.11/enum.py,367,__setitem__,81,81,0.0009109210000000001,0.0003529348561675534,0.003285254
/opt/hostedtoolcache/Python/3.11.16/x64/lib/python3.11/typing.py,1376,__init__,69,69,0.000903449,0.0003500398419508606,0.006529054
/home/runner/work/_temp/scanner-verification-il7_c53e/first_hybrid/report_generator.py,197,<genexpr>,1001,1001,0.0008970740000000001,0.0003475698585954784,0.0008970740000000001
/home/runner/work/_temp/scanner-verification-il7_c53e/first_hybrid/report_generator.py,192,<genexpr>,1002,1002,0.000876028,0.0003394156202115765,0.000876028
/home/runner/work/_temp/scanner-verification-il7_c53e/first_hybrid/backend_metrics.py,113,<genexpr>,702,702,0.0008706530000000001,0.000337333085225666,0.0008706530000000001
/home/runner/work/_temp/scanner-verification-il7_c53e/first_hybrid/report_generator.py,193,<genexpr>,1002,1002,0.000867895,0.00033626450262266296,0.000867895
<frozen importlib._bootstrap>,179,_get_module_lock,117,117,0.0008630160000000001,0.0003343741420280104,0.0017278670000000001
<frozen importlib._bootstrap>,1026,__enter__,444,444,0.0008566890000000001,0.0003319227561943628,0.0012367240000000002
<frozen importlib._bootstrap>,1030,__exit__,444,444,0.0008543,0.0003309971420396948,0.0012324710000000002
/home/runner/work/_temp/scanner-verification-il7_c53e/first_hybrid/report_generator.py,194,<genexpr>,1002,1002,0.000834442,0.0003233031923187253,0.000834442
~,0,<method 'cancel' of '_asyncio.Task' objects>,233,233,0.000830089,0.0003216166295664149,0.0038456460000000003
/home/runner/work/_temp/scanner-verification-il7_c53e/first_hybrid/tiktok_worker_scanner.py,1385,set_limit,219,219,0.00081862,0.0003171729842169437,0.001253472
/home/runner/work/_temp/scanner-verification-il7_c53e/first_hybrid/tiktok_worker_scanner.py,284,validate_worker_origin,29,29,0.0008125000000000001,0.0003148018001957767,0.009756859
<frozen importlib._bootstrap_external>,84,_unpack_uint32,253,253,0.0008028520000000002,0.00031106369832711357,0.001268075
/home/runner/work/_temp/scanner-verification-il7_c53e/first_hybrid/hybrid_backend.py,24,validate,26,26,0.0007978840000000001,0.000309138854827578,0.00126912
<frozen importlib._bootstrap_external>,1127,get_data,101,101,0.000765332,0.00029652663550453433,0.0045561
/home/runner/work/_temp/scanner-verification-il7_c53e/first_hybrid/backend_metrics.py,114,<genexpr>,702,702,0.0007329470000000001,0.0002839791200591926,0.0007329470000000001
<frozen importlib._bootstrap_external>,778,spec_from_file_location,105,105,0.0006952220000000001,0.00026936263032087176,0.001283248
/home/runner/work/_temp/scanner-verification-il7_c53e/first_hybrid/report_generator.py,157,<setcomp>,1,1,0.0006787960000000001,0.0002629984034039292,0.0006787960000000001
~,0,<method 'find' of 'bytearray' objects>,637,637,0.0006734750000000001,0.00026093679062997015,0.0006734750000000001
/opt/hostedtoolcache/Python/3.11.16/x64/lib/python3.11/re/_parser.py,979,parse,76,76,0.0006626080000000001,0.0002567263891989209,0.049712407
/opt/hostedtoolcache/Python/3.11.16/x64/lib/python3.11/re/_parser.py,83,groups,359,359,0.000659967,0.00025570313805514607,0.00094928
/opt/hostedtoolcache/Python/3.11.16/x64/lib/python3.11/asyncio/tasks.py,654,ensure_future,236,236,0.00065392,0.0002533602377649505,0.011203719000000001
/opt/hostedtoolcache/Python/3.11.16/x64/lib/python3.11/re/_compiler.py,398,_simple,202,202,0.000641154,0.0002484140718802745,0.002016151
<frozen importlib._bootstrap>,100,acquire,117,117,0.000636128,0.0002464667563753096,0.00088164
<frozen importlib._bootstrap_external>,132,_path_split,184,184,0.0006349770000000001,0.0002460208033020477,0.002034679
/opt/hostedtoolcache/Python/3.11.16/x64/lib/python3.11/re/_parser.py,376,_escape,180,180,0.000633357,0.0002453931369435034,0.0009966670000000001
<frozen importlib._bootstrap>,566,module_from_spec,105,105,0.0006239720000000001,0.00024175693399601132,0.010613499
/opt/hostedtoolcache/Python/3.11.16/x64/lib/python3.11/re/_parser.py,113,__init__,530,530,0.0006229830000000001,0.00024137374755860383,0.0006229830000000001
/home/runner/work/_temp/scanner-verification-il7_c53e/final/tests/benchmark_hybrid.py,1,<module>,1,1,0.0006006080000000001,0.00023270459029167397,190.46353198900002
~,0,<built-in method _imp.acquire_lock>,672,672,0.0005966190000000001,0.00023115905874585122,0.0005966190000000001
/opt/hostedtoolcache/Python/3.11.16/x64/lib/python3.11/enum.py,828,__setattr__,214,214,0.000593828,0.0002300776903466556,0.000782693
<frozen importlib._bootstrap>,125,release,117,117,0.0005923510000000001,0.0002295054291049459,0.000843912
~,0,<built-in method _imp.release_lock>,672,672,0.000587854,0.0002277630737874315,0.000587854
<frozen importlib._bootstrap_external>,727,_compile_bytecode,83,83,0.0005836060000000001,0.00022611719311391566,0.010585995
/opt/hostedtoolcache/Python/3.11.16/x64/lib/python3.11/typing.py,251,_collect_parameters,72,72,0.0005820770000000001,0.0002255247845569934,0.001675216
/opt/hostedtoolcache/Python/3.11.16/x64/lib/python3.11/urllib/parse.py,205,_hostinfo,116,116,0.000567665,0.00021994087865616685,0.0008892680000000001
<frozen importlib._bootstrap_external>,134,<genexpr>,368,368,0.000566703,0.00021956815332473508,0.0007656550000000001
<frozen importlib._bootstrap>,233,_call_with_frames_removed,28,245,0.00056652,0.00021949725027312178,0.225971199
/opt/hostedtoolcache/Python/3.11.16/x64/lib/python3.11/typing.py,1388,__eq__,329,329,0.000562495,0.00021793777058599806,0.000849313
~,0,<built-in method builtins.chr>,702,702,0.0005527740000000001,0.00021417138498636346,0.0005527740000000001
/opt/hostedtoolcache/Python/3.11.16/x64/lib/python3.11/inspect.py,2669,__init__,85,85,0.000543877,0.0002107242568431735,0.0010351120000000001
/opt/hostedtoolcache/Python/3.11.16/x64/lib/python3.11/site-packages/_distutils_hack/__init__.py,101,find_spec,111,111,0.000539242,0.00020892843365067203,0.000948042
~,0,<built-in method _thread.start_new_thread>,8,8,0.0005375530000000001,0.0002082740333546343,0.0005375530000000001
/opt/hostedtoolcache/Python/3.11.16/x64/lib/python3.11/urllib/parse.py,164,hostname,87,87,0.00053545,0.00020745922943363526,0.001457188
/opt/hostedtoolcache/Python/3.11.16/x64/lib/python3.11/enum.py,79,_is_private,155,155,0.00052026,0.00020157388870135974,0.000852415
~,0,<method 'get' of 'mappingproxy' objects>,555,555,0.0005058490000000001,0.00019599037024890272,0.0005058490000000001
<frozen importlib._bootstrap>,198,cb,111,111,0.000500357,0.000193862503803764,0.0008032260000000001
/home/runner/work/_temp/scanner-verification-il7_c53e/first_hybrid/hybrid_backend.py,66,limit,438,438,0.0004932550000000001,0.00019111084548377582,0.0004932550000000001
/opt/hostedtoolcache/Python/3.11.16/x64/lib/python3.11/re/_parser.py,86,opengroup,102,102,0.000493153,0.00019107132575008968,0.001125676
<frozen importlib._bootstrap_external>,934,exec_module,11,92,0.000491563,0.00019045528284262965,0.230688357
/opt/hostedtoolcache/Python/3.11.16/x64/lib/python3.11/enum.py,38,_is_descriptor,146,146,0.00048462600000000005,0.00018776755350360429,0.0008288960000000001
/opt/hostedtoolcache/Python/3.11.16/x64/lib/python3.11/inspect.py,2331,_signature_from_function,7,7,0.00047630800000000005,0.0001845447579663385,0.002176822
/opt/hostedtoolcache/Python/3.11.16/x64/lib/python3.11/hmac.py,1,<module>,1,1,0.00045242000000000004,0.00017528939131639793,0.000922691
<frozen importlib._bootstrap_external>,1602,_get_spec,105,105,0.000450589,0.00017457997335189516,0.0018610400000000002
/opt/hostedtoolcache/Python/3.11.16/x64/lib/python3.11/inspect.py,2955,__init__,14,14,0.00043395600000000004,0.000168135544622472,0.000892979
/opt/hostedtoolcache/Python/3.11.16/x64/lib/python3.11/inspect.py,2756,__str__,78,78,0.000427337,0.0001655710238649386,0.001324263
<frozen importlib._bootstrap_external>,1424,_path_importer_cache,286,286,0.000425165,0.00016472948600644607,0.001333902
<frozen importlib._bootstrap>,405,parent,200,200,0.000414808,0.00016071668324382736,0.000575065
<frozen importlib._bootstrap_external>,567,_get_cached,105,105,0.000413262,0.0001601176880646241,0.003813129
/opt/hostedtoolcache/Python/3.11.16/x64/lib/python3.11/re/_compiler.py,573,_code,76,76,0.000412468,0.00015981005405926355,0.028128462
<frozen importlib._bootstrap>,169,__enter__,112,112,0.00041212,0.00015967522202668736,0.002956475
~,0,<built-in method fromhex>,484,484,0.000406039,0.00015731914849192983,0.000406039
<frozen importlib._bootstrap_external>,642,_classify_pyc,85,85,0.0004054330000000001,0.00015708435478002997,0.0009694910000000001
/opt/hostedtoolcache/Python/3.11.16/x64/lib/python3.11/inspect.py,1437,formatannotation,85,85,0.000404328,0.00015665622433176372,0.0006959900000000001
/opt/hostedtoolcache/Python/3.11.16/x64/lib/python3.11/typing.py,916,__eq__,225,225,0.00039878,0.00015450666077793454,0.00060416
/opt/hostedtoolcache/Python/3.11.16/x64/lib/python3.11/typing.py,1279,__init__,69,69,0.00039667900000000004,0.0001536926317536745,0.0022552650000000002
<frozen importlib._bootstrap>,71,__init__,111,111,0.00038582100000000006,0.0001494857173579505,0.000638523
/opt/hostedtoolcache/Python/3.11.16/x64/lib/python3.11/collections/__init__.py,350,namedtuple,5,5,0.00038337500000000004,0.00014853801864622265,0.0008943880000000001
<frozen importlib._bootstrap_external>,150,_path_is_mode_type,144,144,0.00038114700000000003,0.00014767478367903964,0.0015001720000000001
<frozen importlib._bootstrap>,392,cached,197,197,0.00038025700000000006,0.00014732995463020981,0.004193386
~,0,<method 'clear' of 'list' objects>,349,349,0.00037549,0.0001454829882529381,0.00037549
/opt/hostedtoolcache/Python/3.11.16/x64/lib/python3.11/typing.py,159,_type_convert,170,170,0.000374264,0.00014500797655196573,0.0011161220000000002
<frozen importlib._bootstrap_external>,675,_validate_timestamp_pyc,85,85,0.00037047900000000006,0.0001435414844735153,0.0011724320000000002
/opt/hostedtoolcache/Python/3.11.16/x64/lib/python3.11/typing.py,1687,__eq__,200,200,0.00036970300000000003,0.00014324082453880522,0.0005485290000000001
/opt/hostedtoolcache/Python/3.11.16/x64/lib/python3.11/typing.py,1394,__hash__,87,162,0.00036544800000000004,0.00014159223172670302,0.001021936
/opt/hostedtoolcache/Python/3.11.16/x64/lib/python3.11/datetime.py,592,__new__,12,12,0.000361704,0.0001401416250314009,0.0006490070000000001
/opt/hostedtoolcache/Python/3.11.16/x64/lib/python3.11/re/_compiler.py,436,_get_literal_prefix,63,80,0.00036148900000000005,0.00014005832363196447,0.000543015
/home/runner/work/_temp/scanner-verification-il7_c53e/first_hybrid/tiktok_worker_scanner.py,3752,save_scan_config,26,26,0.000360949,0.00013984910151244973,0.078665277
/opt/hostedtoolcache/Python/3.11.16/x64/lib/python3.11/inspect.py,3215,__str__,7,7,0.000357909,0.0001386712584692557,0.001926062
/opt/hostedtoolcache/Python/3.11.16/x64/lib/python3.11/enum.py,48,_is_dunder,165,165,0.000355882,0.0001378859006243365,0.000502445
~,0,<method 'format' of 'str' objects>,232,232,0.00035072,0.00013588589214112346,0.00035072
/opt/hostedtoolcache/Python/3.11.16/x64/lib/python3.11/dataclasses.py,413,_create_fn,27,27,0.000348224,0.00013491882101092205,0.004508309
/opt/hostedtoolcache/Python/3.11.16/x64/lib/python3.11/typing.py,373,inner,100,102,0.000348057,0.00013485411713322023,0.014041608000000002
/opt/hostedtoolcache/Python/3.11.16/x64/lib/python3.11/typing.py,1695,__hash__,71,130,0.00034515800000000003,0.00013373090431012175,0.00071549
~,0,<built-in method posix.listdir>,11,11,0.00034511400000000004,0.00013371385658186497,0.00034511400000000004
/home/runner/work/_temp/scanner-verification-il7_c53e/first_hybrid/report_generator.py,138,build_data,1,1,0.00034317,0.00013296065695161193,2.148010186
/opt/hostedtoolcache/Python/3.11.16/x64/lib/python3.11/re/_compiler.py,570,isstring,152,152,0.000339072,0.00013137289353351678,0.00046821700000000005
/home/runner/work/_temp/scanner-verification-il7_c53e/first_hybrid/tiktok_worker_scanner.py,3242,__init__,1,1,0.00033675800000000004,0.00013047633800655924,0.003415317
/opt/hostedtoolcache/Python/3.11.16/x64/lib/python3.11/inspect.py,2435,_signature_from_callable,7,21,0.000333609,0.00012925626309109276,0.003942788
/opt/hostedtoolcache/Python/3.11.16/x64/lib/python3.11/re/_parser.py,453,_uniq,115,115,0.00032825,0.00012717992727909378,0.000522433
/opt/hostedtoolcache/Python/3.11.16/x64/lib/python3.11/re/_parser.py,231,__init__,76,76,0.000322403,0.0001249145166627926,0.000513925
/opt/hostedtoolcache/Python/3.11.16/x64/lib/python3.11/re/_parser.py,172,__setitem__,214,214,0.000308443,0.00011950573742496732,0.000429247
<frozen importlib._bootstrap_external>,159,_path_isfile,132,132,0.00030785400000000004,0.0001192775303353485,0.001682581
/opt/hostedtoolcache/Python/3.11.16/x64/lib/python3.11/enum.py,59,_is_sunder,155,155,0.00029921200000000003,0.00011592920152637384,0.00042022500000000004
<frozen importlib._bootstrap_external>,1499,find_spec,111,111,0.00029502200000000004,0.00011430579285828731,0.025605830000000003
~,0,<built-in method _thread.allocate_lock>,257,257,0.00029361800000000005,0.00011376181534754902,0.00029361800000000005
~,0,<built-in method builtins.eval>,5,5,0.00029119300000000003,0.00011282225305158008,0.000299169
<frozen importlib._bootstrap>,920,find_spec,111,111,0.00029024300000000003,0.00011245417710058194,0.0006661729999999999
/opt/hostedtoolcache/Python/3.11.16/x64/lib/python3.11/typing.py,679,Union,20,20,0.000286474,0.000110993884196043,0.005341778000000001
/opt/hostedtoolcache/Python/3.11.16/x64/lib/python3.11/re/_parser.py,316,_class_escape,67,67,0.000280116,0.00010853048746294178,0.000490468
/opt/hostedtoolcache/Python/3.11.16/x64/lib/python3.11/enum.py,444,<genexpr>,186,186,0.000278431,0.00010787763696038191,0.00038031800000000004
<frozen importlib._bootstrap_external>,599,_check_name_wrapper,89,93,0.000274386,0.00010631040830586879,0.0052807900000000005
~,0,<built-in method fromkeys>,136,136,0.00027072800000000003,0.00010489312217034121,0.0006505580000000001
/opt/hostedtoolcache/Python/3.11.16/x64/lib/python3.11/re/_compiler.py,386,_mk_bitmap,41,41,0.000264708,0.00010256068298612143,0.0005573300000000001
<frozen importlib._bootstrap>,173,__exit__,112,112,0.000261375,0.00010126931757067217,0.0010744880000000002
/opt/hostedtoolcache/Python/3.11.16/x64/lib/python3.11/inspect.py,2734,kind,276,276,0.000260834,0.00010105970800278796,0.000260834
/home/runner/work/_temp/scanner-verification-il7_c53e/first_hybrid/backend_metrics.py,118,<dictcomp>,234,234,0.000250395,9.701513447387262e-05,0.000250395
/opt/hostedtoolcache/Python/3.11.16/x64/lib/python3.11/re/_compiler.py,467,_get_charset_prefix,49,49,0.000249653,9.672764778372462e-05,0.00048086800000000007
/opt/hostedtoolcache/Python/3.11.16/x64/lib/python3.11/dataclasses.py,528,_init_fn,7,7,0.00023931200000000002,9.27210441950175e-05,0.002715986
<frozen importlib._bootstrap_external>,1146,path_stats,92,92,0.00023528100000000003,9.115923981767699e-05,0.000991963
/opt/hostedtoolcache/Python/3.11.16/x64/lib/python3.11/typing.py,1381,<genexpr>,257,257,0.000235087,9.108407483399945e-05,0.000235087
<frozen importlib._bootstrap>,748,find_spec,111,111,0.00023252200000000003,9.00902697663045e-05,0.00039747800000000005
/opt/hostedtoolcache/Python/3.11.16/x64/lib/python3.11/re/__init__.py,225,compile,97,97,0.000230778,8.941455980994579e-05,0.078144194
/opt/hostedtoolcache/Python/3.11.16/x64/lib/python3.11/hmac.py,20,<genexpr>,257,257,0.00023033700000000003,8.924369507900878e-05,0.00023033700000000003
<frozen importlib._bootstrap_external>,71,_relax_case,242,242,0.00023030900000000002,8.923284652466356e-05,0.00023030900000000002
<frozen importlib._bootstrap_external>,180,_path_isabs,116,116,0.00022779700000000001,8.825957622055057e-05,0.00035417600000000005
/opt/hostedtoolcache/Python/3.11.16/x64/lib/python3.11/re/_parser.py,98,closegroup,102,102,0.000226794,8.787096550597043e-05,0.0018730020000000001
/opt/hostedtoolcache/Python/3.11.16/x64/lib/python3.11/typing.py,1586,__getitem__,27,27,0.000224588,8.701625440291582e-05,0.003390896
~,0,<method 'read' of '_io.TextIOWrapper' objects>,12,12,0.000220551,8.545212533535846e-05,0.00036125200000000006
/opt/hostedtoolcache/Python/3.11.16/x64/lib/python3.11/hmac.py,19,<genexpr>,257,257,0.00021628,8.379733334934472e-05,0.00021628
/opt/hostedtoolcache/Python/3.11.16/x64/lib/python3.11/inspect.py,2075,_signature_is_functionlike,32,32,0.00021550600000000002,8.349744831137361e-05,0.00045225800000000003
/opt/hostedtoolcache/Python/3.11.16/x64/lib/python3.11/enum.py,499,__new__,5,5,0.00021290700000000003,8.24904699991166e-05,0.0036261740000000002
/opt/hostedtoolcache/Python/3.11.16/x64/lib/python3.11/site-packages/httpx/_status_codes.py,1,<module>,1,1,0.00021165300000000001,8.200460974379905e-05,0.007268238000000001
~,0,<built-in method _abc._abc_init>,26,26,0.00020688500000000002,8.015725591815787e-05,0.00020688500000000002
/opt/hostedtoolcache/Python/3.11.16/x64/lib/python3.11/re/_compiler.py,388,<listcomp>,41,41,0.00020686900000000001,8.015105674424632e-05,0.00020686900000000001
/home/runner/work/_temp/scanner-verification-il7_c53e/first_hybrid/scan_statistics.py,163,write,17,17,0.00020478500000000003,7.934361434226726e-05,0.12744426
/opt/hostedtoolcache/Python/3.11.16/x64/lib/python3.11/re/_parser.py,274,getuntil,22,22,0.000198478,7.689997747600908e-05,0.00038148900000000005
/opt/hostedtoolcache/Python/3.11.16/x64/lib/python3.11/argparse.py,1424,add_argument,11,11,0.00019737400000000002,7.64722344761123e-05,0.0015323070000000001
/opt/hostedtoolcache/Python/3.11.16/x64/lib/python3.11/unittest/mock.py,2113,_mock_set_magics,2,2,0.000197202,7.640559335656315e-05,0.00039591800000000004
~,0,<built-in method math.isfinite>,212,212,0.00019508800000000003,7.558652750349994e-05,0.00019508800000000003
/opt/hostedtoolcache/Python/3.11.16/x64/lib/python3.11/site-packages/httpx/__init__.py,1,<module>,1,1,0.000194527,7.536916896822628e-05,0.12482395500000001
~,0,<built-in method _heapq.heapify>,30,30,0.000194369,7.530795212584975e-05,0.000574391
/opt/hostedtoolcache/Python/3.11.16/x64/lib/python3.11/dataclasses.py,368,field,78,78,0.000193482,7.496428542212832e-05,0.000308867
/opt/hostedtoolcache/Python/3.11.16/x64/lib/python3.11/typing.py,334,_remove_dups_flatten,20,20,0.00019012,7.366168400396439e-05,0.0007969370000000001
/opt/hostedtoolcache/Python/3.11.16/x64/lib/python3.11/threading.py,295,wait,16,16,0.000189272,7.333312778665238e-05,0.000905511
/opt/hostedtoolcache/Python/3.11.16/x64/lib/python3.11/dataclasses.py,449,_field_init,78,78,0.00018783500000000002,7.27763644797215e-05,0.000273261
/opt/hostedtoolcache/Python/3.11.16/x64/lib/python3.11/dataclasses.py,646,_is_classvar,156,156,0.00018772800000000002,7.273490750418803e-05,0.00018772800000000002
/home/runner/work/_temp/scanner-verification-il7_c53e/first_hybrid/tiktok_worker_scanner.py,1,<module>,1,1,0.00018507700000000002,7.170778187671849e-05,0.030602514
/opt/hostedtoolcache/Python/3.11.16/x64/lib/python3.11/typing.py,1310,__getattr__,67,67,0.00017855,6.917890636917652e-05,0.00048063700000000007
/opt/hostedtoolcache/Python/3.11.16/x64/lib/python3.11/inspect.py,3002,<genexpr>,92,92,0.00017793100000000001,6.893907582847354e-05,0.000251904
/opt/hostedtoolcache/Python/3.11.16/x64/lib/python3.11/re/_parser.py,963,fix_flags,76,76,0.00017296900000000003,6.701655701915485e-05,0.00023574200000000002
/opt/hostedtoolcache/Python/3.11.16/x64/lib/python3.11/json/__init__.py,120,dump,1,1,0.00017243800000000002,6.681082193496535e-05,0.0007883800000000001
/home/runner/work/_temp/scanner-verification-il7_c53e/first_hybrid/report_generator.py,190,<listcomp>,2,2,0.00017243100000000002,6.680810979637905e-05,0.00017243100000000002
<frozen importlib._bootstrap>,357,__init__,111,111,0.000171988,6.663647016870307e-05,0.000171988
/opt/hostedtoolcache/Python/3.11.16/x64/lib/python3.11/email/quoprimime.py,1,<module>,1,1,0.000171683,6.651829841601419e-05,0.000354191
/opt/hostedtoolcache/Python/3.11.16/x64/lib/python3.11/threading.py,280,_release_save,16,16,0.00016637000000000002,6.445978522901092e-05,0.000180697
/opt/hostedtoolcache/Python/3.11.16/x64/lib/python3.11/dataclasses.py,654,_is_initvar,156,156,0.000165673,6.418973371548913e-05,0.000165673
~,0,<built-in method _imp.is_builtin>,111,111,0.000164956,6.39119332345779e-05,0.000164956
/opt/hostedtoolcache/Python/3.11.16/x64/lib/python3.11/types.py,164,__init__,74,74,0.000163999,6.354114514499347e-05,0.000229279
/home/runner/work/_temp/scanner-verification-il7_c53e/first_hybrid/tiktok_worker_scanner.py,3734,<genexpr>,78,78,0.000163787,6.345900609066545e-05,0.00021030000000000002
/opt/hostedtoolcache/Python/3.11.16/x64/lib/python3.11/http/__init__.py,26,__new__,62,62,0.000160821,6.230983422681232e-05,0.00021927
~,0,<built-in method builtins.delattr>,78,78,0.00015909800000000001,6.164226068621254e-05,0.00027719800000000004
/opt/hostedtoolcache/Python/3.11.16/x64/lib/python3.11/dataclasses.py,425,<genexpr>,147,147,0.00015827200000000002,6.13222283330289e-05,0.00015827200000000002
/opt/hostedtoolcache/Python/3.11.16/x64/lib/python3.11/typing.py,866,__init__,29,29,0.000157794,6.11370280124214e-05,0.0005968130000000001
/opt/hostedtoolcache/Python/3.11.16/x64/lib/python3.11/inspect.py,2722,name,178,178,0.00015517700000000002,6.012307562951391e-05,0.00015517700000000002
~,0,<built-in method _imp.find_frozen>,111,111,0.000151474,5.86883543173601e-05,0.000151474
<frozen os>,674,__getitem__,43,43,0.00015123100000000002,5.859420436357848e-05,0.000388504
~,0,<built-in method _sre.compile>,76,76,0.000150347,5.8251700004965466e-05,0.000150347
<frozen importlib._bootstrap>,48,_new_module,92,92,0.000149695,5.79990836680699e-05,0.000149695
/opt/hostedtoolcache/Python/3.11.16/x64/lib/python3.11/typing.py,715,<genexpr>,81,81,0.000149266,5.783286831756653e-05,0.002061674
/opt/hostedtoolcache/Python/3.11.16/x64/lib/python3.11/threading.py,856,__init__,8,8,0.000148875,5.768137600510308e-05,0.00036039400000000005
/opt/hostedtoolcache/Python/3.11.16/x64/lib/python3.11/dataclasses.py,660,_is_kw_only,156,156,0.00014851100000000002,5.754034479861538e-05,0.00014851100000000002
<frozen importlib._bootstrap_external>,1411,_path_hooks,11,11,0.000145534,5.6386911002698055e-05,0.0009087370000000001
<frozen os>,756,encode,43,43,0.000145236,5.627145138859548e-05,0.00022164500000000002
/opt/hostedtoolcache/Python/3.11.16/x64/lib/python3.11/site-packages/httpx/_status_codes.py,28,__new__,62,62,0.00014452600000000002,5.5996363046270554e-05,0.00020350400000000002
/opt/hostedtoolcache/Python/3.11.16/x64/lib/python3.11/enum.py,70,_is_internal_class,81,81,0.00014139800000000002,5.4784424546563e-05,0.00022765
/opt/hostedtoolcache/Python/3.11.16/x64/lib/python3.11/inspect.py,391,_has_code_flag,26,26,0.00014131700000000002,5.4753041228635796e-05,0.0007510020000000001
<frozen importlib._bootstrap>,1207,_handle_fromlist,22,27,0.000140908,5.459457484552185e-05,0.011222297000000001
/opt/hostedtoolcache/Python/3.11.16/x64/lib/python3.11/re/_compiler.py,31,_combine_flags,131,131,0.000139946,5.4221849514090056e-05,0.000139946
/opt/hostedtoolcache/Python/3.11.16/x64/lib/python3.11/typing.py,1670,__getitem__,14,14,0.000138558,5.36840711772633e-05,0.0024671420000000003
/opt/hostedtoolcache/Python/3.11.16/x64/lib/python3.11/urllib/parse.py,193,_userinfo,58,58,0.000137486,5.3268726525189604e-05,0.00018864
/opt/hostedtoolcache/Python/3.11.16/x64/lib/python3.11/re/__init__.py,253,escape,41,41,0.00013560200000000002,5.253877379710488e-05,0.00023203
/opt/hostedtoolcache/Python/3.11.16/x64/lib/python3.11/re/_compiler.py,428,_get_iscased,129,129,0.000134689,5.2185033435777194e-05,0.000134689
~,0,<built-in method builtins.repr>,136,136,0.000132773,5.1442682359869366e-05,0.000134758
/home/runner/work/_temp/scanner-verification-il7_c53e/first_hybrid/tiktok_worker_scanner.py,3020,session_runtime,9,9,0.00013248600000000002,5.133148467783099e-05,0.00936067
<frozen importlib._bootstrap>,165,__init__,112,112,0.000130344,5.050157027042255e-05,0.000130344
/opt/hostedtoolcache/Python/3.11.16/x64/lib/python3.11/logging/__init__.py,1327,getLogger,19,19,0.00012988500000000002,5.032373146883503e-05,0.000377273
<frozen abc>,105,__new__,26,26,0.000129795,5.028886111558257e-05,0.001037186
/opt/hostedtoolcache/Python/3.11.16/x64/lib/python3.11/asyncio/locks.py,78,__init__,134,134,0.000128054,4.961431350433229e-05,0.000128054
/opt/hostedtoolcache/Python/3.11.16/x64/lib/python3.11/typing.py,1595,copy_with,41,41,0.00012774000000000002,4.949265471631818e-05,0.003573164
/opt/hostedtoolcache/Python/3.11.16/x64/lib/python3.11/enum.py,1151,__init__,139,139,0.00012575500000000002,4.872356970291681e-05,0.00012575500000000002
/opt/hostedtoolcache/Python/3.11.16/x64/lib/python3.11/re/_parser.py,77,__init__,76,76,0.000124755,4.833612133344507e-05,0.000124755
~,0,<method 'isidentifier' of 'str' objects>,134,134,0.000122016,4.727490024946202e-05,0.000122016
/opt/hostedtoolcache/Python/3.11.16/x64/lib/python3.11/dataclasses.py,827,_set_new_attribute,32,32,0.000121404,4.7037781847345326e-05,0.00027974200000000003
/opt/hostedtoolcache/Python/3.11.16/x64/lib/python3.11/datetime.py,1,<module>,1,1,0.00012072500000000001,4.677470440447402e-05,0.001987538
/opt/hostedtoolcache/Python/3.11.16/x64/lib/python3.11/enum.py,747,__delattr__,75,75,0.00011810000000000001,4.575765243461075e-05,0.00011810000000000001
/opt/hostedtoolcache/Python/3.11.16/x64/lib/python3.11/argparse.py,164,__init__,11,11,0.00011581400000000001,4.487194546199839e-05,0.000628394
/opt/hostedtoolcache/Python/3.11.16/x64/lib/python3.11/dataclasses.py,287,__init__,78,78,0.00011538500000000001,4.470573011149501e-05,0.00011538500000000001
/opt/hostedtoolcache/Python/3.11.16/x64/lib/python3.11/pathlib.py,1053,read_text,10,10,0.00011156700000000001,4.3226452236851966e-05,0.003312746
<frozen importlib._bootstrap_external>,1097,__init__,92,92,0.00011063000000000002,4.2863413114656964e-05,0.00011063000000000002
/opt/hostedtoolcache/Python/3.11.16/x64/lib/python3.11/fractions.py,452,_add,11,11,0.000110042,4.2635593473407585e-05,0.000209189
/opt/hostedtoolcache/Python/3.11.16/x64/lib/python3.11/site-packages/httpx/_types.py,1,<module>,1,1,0.00010973700000000001,4.251742172071871e-05,0.009753544000000001
/opt/hostedtoolcache/Python/3.11.16/x64/lib/python3.11/shutil.py,710,rmtree,1,1,0.00010961400000000001,4.246976557127369e-05,0.489130899
~,0,<built-in method builtins.locals>,54,54,0.00010892200000000001,4.220165129959925e-05,0.00010892200000000001
/opt/hostedtoolcache/Python/3.11.16/x64/lib/python3.11/shutil.py,1408,get_terminal_size,11,11,0.00010765500000000001,4.1710754215478576e-05,0.00030986
/opt/hostedtoolcache/Python/3.11.16/x64/lib/python3.11/dataclasses.py,392,_fields_in_init_order,7,7,0.00010681900000000001,4.138684737860022e-05,0.00019885100000000002
/opt/hostedtoolcache/Python/3.11.16/x64/lib/python3.11/enum.py,229,__set_name__,74,74,0.00010617000000000001,4.1135393386813066e-05,0.00010617000000000001
/opt/hostedtoolcache/Python/3.11.16/x64/lib/python3.11/typing.py,1591,<genexpr>,64,64,0.00010597200000000001,4.105867860965766e-05,0.0007875220000000001
<frozen importlib._bootstrap_external>,1562,__init__,11,11,0.000105227,4.077002957440122e-05,0.00035102500000000003
<frozen importlib._bootstrap_external>,1658,_fill_cache,11,11,0.000103752,4.0198543229430437e-05,0.00047644
/opt/hostedtoolcache/Python/3.11.16/x64/lib/python3.11/zipfile.py,1246,ZipFile,1,1,0.000102281,3.962860667793752e-05,0.000103764
/opt/hostedtoolcache/Python/3.11.16/x64/lib/python3.11/urllib/request.py,1,<module>,1,1,0.00010025600000000001,3.8844023729757284e-05,0.033224754
<frozen zipimport>,64,__init__,12,12,9.9484e-05,3.8544913588525105e-05,0.000312663
<frozen importlib._bootstrap>,413,has_location,105,105,9.9267e-05,3.8460837292349746e-05,9.9267e-05
/opt/hostedtoolcache/Python/3.11.16/x64/lib/python3.11/dataclasses.py,509,_init_param,78,78,9.9184e-05,3.842867907768359e-05,9.9184e-05
~,0,<method '__contains__' of 'frozenset' objects>,112,112,9.866600000000001e-05,3.822798082229724e-05,9.866600000000001e-05
/opt/hostedtoolcache/Python/3.11.16/x64/lib/python3.11/gettext.py,479,find,3,3,9.787600000000001e-05,3.7921896610414574e-05,0.000740471
/opt/hostedtoolcache/Python/3.11.16/x64/lib/python3.11/site-packages/httpx/_status_codes.py,8,codes,1,1,9.6663e-05,3.745192173824537e-05,0.0031858420000000004
/opt/hostedtoolcache/Python/3.11.16/x64/lib/python3.11/site-packages/httpx/_client.py,1,<module>,1,1,9.626200000000001e-05,3.7296554942087214e-05,0.12054026500000001
/opt/hostedtoolcache/Python/3.11.16/x64/lib/python3.11/inspect.py,3059,_bind,1,1,9.589900000000001e-05,3.715591118396898e-05,0.00015802400000000002
/home/runner/work/_temp/scanner-verification-il7_c53e/final/tests/benchmark_hybrid.py,115,run,19,19,9.5068e-05,3.6833941588937975e-05,0.022919251
/opt/hostedtoolcache/Python/3.11.16/x64/lib/python3.11/argparse.py,1565,_get_optional_kwargs,11,11,9.447700000000001e-05,3.660495960258019e-05,0.000153766
/opt/hostedtoolcache/Python/3.11.16/x64/lib/python3.11/typing.py,2910,__new__,2,2,9.3633e-05,3.627795317874604e-05,0.001283234
/opt/hostedtoolcache/Python/3.11.16/x64/lib/python3.11/dataclasses.py,573,<listcomp>,7,7,9.227600000000001e-05,3.575218574137292e-05,0.00019146
/opt/hostedtoolcache/Python/3.11.16/x64/lib/python3.11/urllib/parse.py,156,username,29,29,9.185500000000001e-05,3.558906997782532e-05,0.00019312400000000003
/opt/hostedtoolcache/Python/3.11.16/x64/lib/python3.11/inspect.py,292,isclass,45,45,9.147400000000001e-05,3.5441452149056594e-05,0.00012851300000000002
<frozen importlib._bootstrap_external>,1122,get_filename,92,92,9.1103e-05,3.529770880398258e-05,9.1103e-05
/opt/hostedtoolcache/Python/3.11.16/x64/lib/python3.11/typing.py,1040,__init__,9,9,9.0747e-05,3.5159777184450646e-05,0.000554024
~,0,<built-in method builtins.callable>,88,88,8.9969e-05,3.4858342353001644e-05,8.9969e-05
/opt/hostedtoolcache/Python/3.11.16/x64/lib/python3.11/encodings/__init__.py,43,normalize_encoding,2,2,8.9839e-05,3.4807974064970326e-05,0.00013432
/opt/hostedtoolcache/Python/3.11.16/x64/lib/python3.11/asyncio/tasks.py,764,_done_callback,11,11,8.907e-05,3.451002626884656e-05,0.000207598
~,0,<built-in method _imp._fix_co_filename>,83,83,8.837100000000001e-05,3.4239199858585826e-05,8.837100000000001e-05
/opt/hostedtoolcache/Python/3.11.16/x64/lib/python3.11/argparse.py,1918,_parse_known_args,1,1,8.823300000000001e-05,3.418573198359873e-05,0.00065415
/opt/hostedtoolcache/Python/3.11.16/x64/lib/python3.11/asyncio/tasks.py,728,gather,6,6,8.7181e-05,3.377813629891448e-05,0.00031981800000000003
/opt/hostedtoolcache/Python/3.11.16/x64/lib/python3.11/threading.py,945,start,8,8,8.6728e-05,3.3602622187543777e-05,0.0014496460000000002
/opt/hostedtoolcache/Python/3.11.16/x64/lib/python3.11/fractions.py,62,__new__,23,23,8.6481e-05,3.3506922440284266e-05,0.000120686
/opt/hostedtoolcache/Python/3.11.16/x64/lib/python3.11/inspect.py,378,isfunction,47,47,8.578600000000001e-05,3.3237645823501415e-05,0.000124847
/opt/hostedtoolcache/Python/3.11.16/x64/lib/python3.11/dataclasses.py,437,_field_assign,78,78,8.5426e-05,3.3098164410491596e-05,8.5426e-05
/opt/hostedtoolcache/Python/3.11.16/x64/lib/python3.11/typing.py,1679,<genexpr>,49,49,8.528000000000001e-05,3.304159694854873e-05,0.0009473670000000001
/opt/hostedtoolcache/Python/3.11.16/x64/lib/python3.11/site-packages/httpx/_urlparse.py,44,<listcomp>,1,1,8.5197e-05,3.3009438733882566e-05,0.00015529
/opt/hostedtoolcache/Python/3.11.16/x64/lib/python3.11/http/client.py,1,<module>,1,1,8.4626e-05,3.278820571491422e-05,0.022689984
/home/runner/work/_temp/scanner-verification-il7_c53e/first_hybrid/avatar_cache.py,171,<listcomp>,1,1,8.4595e-05,3.277619481546059e-05,0.00014591200000000002
<frozen importlib._bootstrap_external>,1568,<genexpr>,88,88,8.4246e-05,3.264097533451496e-05,8.4246e-05
/home/runner/work/_temp/scanner-verification-il7_c53e/first_hybrid/tiktok_worker_scanner.py,1445,__init__,2,2,8.422e-05,3.26309016769087e-05,0.002587928
/opt/hostedtoolcache/Python/3.11.16/x64/lib/python3.11/dataclasses.py,820,_set_qualname,34,34,8.3986e-05,3.2540238758452316e-05,0.00011545900000000001
/opt/hostedtoolcache/Python/3.11.16/x64/lib/python3.11/site-packages/httpx/_urlparse.py,50,<listcomp>,1,1,8.321600000000001e-05,3.224190351395909e-05,0.00015271500000000002
<frozen importlib._bootstrap_external>,931,create_module,92,92,8.314400000000002e-05,3.221400723135712e-05,8.314400000000002e-05
/home/runner/work/_temp/scanner-verification-il7_c53e/first_hybrid/avatar_cache.py,172,<listcomp>,1,1,8.238100000000001e-05,3.19183841254502e-05,0.000141153
/opt/hostedtoolcache/Python/3.11.16/x64/lib/python3.11/inspect.py,1943,_signature_get_user_defined_method,21,21,8.2279e-05,3.1878864391764074e-05,0.00043958
~,0,<built-in method builtins.abs>,96,96,8.1427e-05,3.1548758380974166e-05,8.1427e-05
/opt/hostedtoolcache/Python/3.11.16/x64/lib/python3.11/site-packages/httpx/_urlparse.py,56,<listcomp>,1,1,8.1328e-05,3.151040099239647e-05,0.000146854
/opt/hostedtoolcache/Python/3.11.16/x64/lib/python3.11/site-packages/httpx/_urlparse.py,77,<listcomp>,1,1,7.9515e-05,3.080795709854423e-05,0.000151323
/opt/hostedtoolcache/Python/3.11.16/x64/lib/python3.11/site-packages/httpx/_models.py,1,<module>,1,1,7.943300000000001e-05,3.077618633224755e-05,0.07215054300000001
/opt/hostedtoolcache/Python/3.11.16/x64/lib/python3.11/dataclasses.py,396,<genexpr>,85,85,7.9227e-05,3.069637196813637e-05,7.9227e-05
/opt/hostedtoolcache/Python/3.11.16/x64/lib/python3.11/site-packages/httpx/_urlparse.py,90,<listcomp>,1,1,7.9226e-05,3.0695984519766896e-05,0.000137847
/opt/hostedtoolcache/Python/3.11.16/x64/lib/python3.11/site-packages/httpx/_urlparse.py,67,<listcomp>,1,1,7.9139e-05,3.0662276511622856e-05,0.000137417
/opt/hostedtoolcache/Python/3.11.16/x64/lib/python3.11/asyncio/coroutines.py,21,iscoroutinefunction,26,26,7.789900000000001e-05,3.018184053347792e-05,0.0009086140000000001
/opt/hostedtoolcache/Python/3.11.16/x64/lib/python3.11/concurrent/futures/thread.py,123,__init__,3,3,7.6452e-05,2.9621202742852336e-05,0.000151683
/opt/hostedtoolcache/Python/3.11.16/x64/lib/python3.11/dataclasses.py,1106,<genexpr>,85,85,7.6073e-05,2.9474359810822548e-05,7.6073e-05
~,0,<built-in method _sre.unicode_iscased>,84,84,7.5342e-05,2.9191135052738716e-05,7.5342e-05
/opt/hostedtoolcache/Python/3.11.16/x64/lib/python3.11/gettext.py,224,_expand_lang,6,6,7.5324e-05,2.9184160982088225e-05,0.000168195
/opt/hostedtoolcache/Python/3.11.16/x64/lib/python3.11/email/message.py,979,MIMEPart,1,1,7.518100000000001e-05,2.9128755865253776e-05,7.518100000000001e-05
/opt/hostedtoolcache/Python/3.11.16/x64/lib/python3.11/functools.py,687,_c3_mro,1,7,7.458600000000001e-05,2.88982240854181e-05,0.000248252
~,0,<built-in method posix.cpu_count>,3,3,7.4409e-05,2.88296457240216e-05,7.4409e-05
/opt/hostedtoolcache/Python/3.11.16/x64/lib/python3.11/threading.py,971,run,8,8,7.370700000000002e-05,2.8557656968652454e-05,67.692852798
/opt/hostedtoolcache/Python/3.11.16/x64/lib/python3.11/urllib/parse.py,175,port,29,29,7.3216e-05,2.836741981924183e-05,0.000274036
/opt/hostedtoolcache/Python/3.11.16/x64/lib/python3.11/logging/__init__.py,2074,getLogger,19,19,7.3095e-05,2.8320538566535752e-05,0.00046596800000000004
/opt/hostedtoolcache/Python/3.11.16/x64/lib/python3.11/argparse.py,1395,register,37,37,7.307800000000001e-05,2.8313951944254735e-05,0.00010348100000000001
/opt/hostedtoolcache/Python/3.11.16/x64/lib/python3.11/functools.py,660,_c3_merge,7,7,7.2556e-05,2.811170389539049e-05,0.0001343
/opt/hostedtoolcache/Python/3.11.16/x64/lib/python3.11/uuid.py,139,__init__,5,5,7.2366e-05,2.8038088705190865e-05,9.9356e-05
/opt/hostedtoolcache/Python/3.11.16/x64/lib/python3.11/datetime.py,1665,datetime,1,1,7.150300000000001e-05,2.770372076233677e-05,7.150300000000001e-05
/opt/hostedtoolcache/Python/3.11.16/x64/lib/python3.11/importlib/resources/_common.py,1,<module>,1,1,7.1202e-05,2.7587098803125775e-05,0.003164122
/opt/hostedtoolcache/Python/3.11.16/x64/lib/python3.11/http/cookiejar.py,1,<module>,1,1,7.115000000000001e-05,2.756695148791325e-05,0.024909915
/opt/hostedtoolcache/Python/3.11.16/x64/lib/python3.11/unittest/mock.py,2178,__init__,77,77,7.112000000000001e-05,2.7555328036829098e-05,7.112000000000001e-05
/opt/hostedtoolcache/Python/3.11.16/x64/lib/python3.11/inspect.py,2726,default,79,79,7.0554e-05,2.7336032259708096e-05,7.0554e-05
/opt/hostedtoolcache/Python/3.11.16/x64/lib/python3.11/inspect.py,2037,_signature_bound_method,7,7,7.047100000000001e-05,2.7303874045041946e-05,0.000631721
/opt/hostedtoolcache/Python/3.11.16/x64/lib/python3.11/inspect.py,735,unwrap,14,14,7.036600000000001e-05,2.726319196624742e-05,0.000114944
/opt/hostedtoolcache/Python/3.11.16/x64/lib/python3.11/subprocess.py,1791,_execute_child,1,1,7.001400000000001e-05,2.712681014019337e-05,0.00076643
/opt/hostedtoolcache/Python/3.11.16/x64/lib/python3.11/typing.py,284,_check_generic,27,27,6.995100000000001e-05,2.710240089291665e-05,9.392100000000001e-05
<frozen importlib._bootstrap_external>,1231,create_module,13,13,6.880200000000001e-05,2.665722271639364e-05,0.0024486340000000003
/opt/hostedtoolcache/Python/3.11.16/x64/lib/python3.11/enum.py,798,<genexpr>,63,63,6.8273e-05,2.6452262528943094e-05,6.8273e-05
/opt/hostedtoolcache/Python/3.11.16/x64/lib/python3.11/calendar.py,52,_localized_month,1,1,6.7076e-05,2.598848683068544e-05,8.084100000000001e-05
/opt/hostedtoolcache/Python/3.11.16/x64/lib/python3.11/typing.py,729,Literal,1,1,6.6092e-05,2.560723763512526e-05,0.000528005
<frozen importlib._bootstrap_external>,1699,path_hook_for_FileFinder,12,12,6.594600000000001e-05,2.5550670173182392e-05,0.0005741300000000001
/opt/hostedtoolcache/Python/3.11.16/x64/lib/python3.11/argparse.py,1342,__init__,3,3,6.557500000000001e-05,2.540692682810838e-05,0.00019649600000000002
/opt/hostedtoolcache/Python/3.11.16/x64/lib/python3.11/zipfile.py,1,<module>,1,1,6.545e-05,2.5358495781924416e-05,0.000517636
~,0,<built-in method _posixsubprocess.fork_exec>,1,1,6.4591e-05,2.5025677632548203e-05,6.4591e-05
<frozen codecs>,319,decode,12,12,6.3579e-05,2.4633579882642812e-05,0.00014070100000000002
/opt/hostedtoolcache/Python/3.11.16/x64/lib/python3.11/dataclasses.py,401,_tuple_str,16,16,6.336800000000001e-05,2.4551828276684286e-05,0.000122686
/opt/hostedtoolcache/Python/3.11.16/x64/lib/python3.11/urllib/parse.py,160,password,29,29,6.3286e-05,2.45200575103876e-05,0.000150657
/opt/hostedtoolcache/Python/3.11.16/x64/lib/python3.11/inspect.py,1790,_shadowed_dict,14,14,6.2725e-05,2.4302698975113963e-05,7.8738e-05
/opt/hostedtoolcache/Python/3.11.16/x64/lib/python3.11/threading.py,1051,_stop,8,8,6.270100000000001e-05,2.4293400214246644e-05,0.00020735700000000003
/opt/hostedtoolcache/Python/3.11.16/x64/lib/python3.11/re/_compiler.py,407,_generate_overlap_table,14,14,6.2457e-05,2.4198862812095538e-05,8.61e-05
/opt/hostedtoolcache/Python/3.11.16/x64/lib/python3.11/typing.py,2071,__init_subclass__,5,5,6.2288e-05,2.4133384037654817e-05,0.00014081300000000002
/opt/hostedtoolcache/Python/3.11.16/x64/lib/python3.11/urllib/request.py,1699,URLopener,1,1,6.1806e-05,2.3946633923569444e-05,6.1806e-05
/opt/hostedtoolcache/Python/3.11.16/x64/lib/python3.11/site-packages/httpx/_multipart.py,26,<dictcomp>,1,1,6.168700000000001e-05,2.3900527567602314e-05,0.000122889
/opt/hostedtoolcache/Python/3.11.16/x64/lib/python3.11/site-packages/httpx/_multipart.py,1,<module>,1,1,6.1492e-05,2.3824975135555322e-05,0.015225721000000001
/opt/hostedtoolcache/Python/3.11.16/x64/lib/python3.11/sqlite3/dbapi2.py,1,<module>,1,1,6.0913000000000004e-05,2.36006425296312e-05,0.001372741
/opt/hostedtoolcache/Python/3.11.16/x64/lib/python3.11/random.py,1,<module>,1,1,6.0833000000000005e-05,2.356964666007346e-05,0.002388084
/opt/hostedtoolcache/Python/3.11.16/x64/lib/python3.11/subprocess.py,1880,<genexpr>,19,19,6.0729e-05,2.3529352029648397e-05,0.00038276900000000003
<frozen _collections_abc>,771,get,20,20,6.0517000000000004e-05,2.3447212975320394e-05,0.00027970500000000005
/opt/hostedtoolcache/Python/3.11.16/x64/lib/python3.11/urllib/request.py,2404,ftpwrapper,1,1,6.0362e-05,2.3387158478052277e-05,6.0362e-05
/opt/hostedtoolcache/Python/3.11.16/x64/lib/python3.11/unittest/mock.py,505,_mock_add_spec,1,1,6.0152e-05,2.3305794320463213e-05,0.000976983
/opt/hostedtoolcache/Python/3.11.16/x64/lib/python3.11/threading.py,611,wait,8,8,6.0022e-05,2.3255426032431887e-05,0.0008083910000000001
/opt/hostedtoolcache/Python/3.11.16/x64/lib/python3.11/enum.py,239,__init__,65,65,5.9856000000000004e-05,2.3191109603099585e-05,5.9856000000000004e-05
/home/runner/work/_temp/scanner-verification-il7_c53e/first_hybrid/tiktok_worker_scanner.py,3648,export_rows,5,5,5.9752000000000007e-05,2.3150814972674527e-05,1.345052339
/opt/hostedtoolcache/Python/3.11.16/x64/lib/python3.11/typing.py,500,__getitem__,20,22,5.9318000000000004e-05,2.2982662380323792e-05,0.005529264
/opt/hostedtoolcache/Python/3.11.16/x64/lib/python3.11/argparse.py,1485,_add_action,11,11,5.8929000000000004e-05,2.2831944964599295e-05,0.000102762
<frozen abc>,7,abstractmethod,57,57,5.8837e-05,2.2796299714607892e-05,5.8837e-05
/opt/hostedtoolcache/Python/3.11.16/x64/lib/python3.11/typing.py,1655,__getitem_inner__,7,7,5.8488e-05,2.2661080233662262e-05,0.0010235210000000001
/opt/hostedtoolcache/Python/3.11.16/x64/lib/python3.11/hashlib.py,126,__get_openssl_constructor,14,14,5.8225000000000006e-05,2.25591813124912e-05,0.000674544
<frozen codecs>,309,__init__,12,12,5.8181000000000004e-05,2.2542133584234446e-05,7.555200000000001e-05
/opt/hostedtoolcache/Python/3.11.16/x64/lib/python3.11/email/_policybase.py,99,_extend_docstrings,1,1,5.7949000000000004e-05,2.2452245562517004e-05,0.00013916000000000002
/opt/hostedtoolcache/Python/3.11.16/x64/lib/python3.11/site-packages/httpx/_urlparse.py,1,<module>,1,1,5.7841000000000004e-05,2.2410401138614056e-05,0.010709016
/opt/hostedtoolcache/Python/3.11.16/x64/lib/python3.11/inspect.py,1774,_check_class,14,14,5.7237e-05,2.2176382323453135e-05,0.000152645
/opt/hostedtoolcache/Python/3.11.16/x64/lib/python3.11/statistics.py,1,<module>,1,1,5.7197e-05,2.2160884388674267e-05,0.014305454
/opt/hostedtoolcache/Python/3.11.16/x64/lib/python3.11/hashlib.py,1,<module>,1,1,5.6551e-05,2.191059274199553e-05,0.001892039
<frozen importlib._bootstrap_external>,1239,exec_module,13,13,5.6356e-05,2.1835040309948545e-05,0.001090585
/opt/hostedtoolcache/Python/3.11.16/x64/lib/python3.11/subprocess.py,807,__init__,1,1,5.6335e-05,2.182690389418964e-05,0.001000767
/opt/hostedtoolcache/Python/3.11.16/x64/lib/python3.11/argparse.py,604,_format_args,11,11,5.6271000000000004e-05,2.1802107198543447e-05,0.00011685600000000001
/opt/hostedtoolcache/Python/3.11.16/x64/lib/python3.11/inspect.py,409,iscoroutinefunction,26,26,5.6016e-05,2.1703307864328156e-05,0.0008070180000000001
/opt/hostedtoolcache/Python/3.11.16/x64/lib/python3.11/inspect.py,1762,_static_getmro,42,42,5.5696000000000003e-05,2.1579324386097205e-05,5.5696000000000003e-05
/opt/hostedtoolcache/Python/3.11.16/x64/lib/python3.11/typing.py,1877,__init_subclass__,8,8,5.5421000000000004e-05,2.147277608449248e-05,0.00013689500000000002
/opt/hostedtoolcache/Python/3.11.16/x64/lib/python3.11/email/quoprimime.py,55,<listcomp>,1,1,5.5283000000000006e-05,2.1419308209505385e-05,5.5283000000000006e-05
/opt/hostedtoolcache/Python/3.11.16/x64/lib/python3.11/dataclasses.py,588,_repr_fn,7,7,5.4964000000000004e-05,2.1295712179643904e-05,0.00126463
/opt/hostedtoolcache/Python/3.11.16/x64/lib/python3.11/platform.py,1,<module>,1,1,5.4843e-05,2.1248830926937825e-05,0.015758986000000003
/opt/hostedtoolcache/Python/3.11.16/x64/lib/python3.11/argparse.py,1399,_registry_get,28,28,5.4615000000000005e-05,2.116049269869827e-05,7.9039e-05
/opt/hostedtoolcache/Python/3.11.16/x64/lib/python3.11/inspect.py,167,get_annotations,7,7,5.4611e-05,2.1158942905220384e-05,9.676e-05
/home/runner/work/_temp/scanner-verification-il7_c53e/first_hybrid/report_generator.py,22,read_json,6,6,5.4504000000000005e-05,2.1117485929686908e-05,0.0033191510000000002
/opt/hostedtoolcache/Python/3.11.16/x64/lib/python3.11/inspect.py,1804,getattr_static,14,14,5.3862e-05,2.086874407648606e-05,0.000260075
<frozen runpy>,91,_run_module_code,1,1,5.3166000000000006e-05,2.059908001133374e-05,190.463675182
/opt/hostedtoolcache/Python/3.11.16/x64/lib/python3.11/fnmatch.py,74,translate,2,2,5.305e-05,2.0554136000475018e-05,0.00012000400000000001
/opt/hostedtoolcache/Python/3.11.16/x64/lib/python3.11/asyncio/base_events.py,618,run_until_complete,3,3,5.2730000000000005e-05,2.043015252224407e-05,185.896913356
~,0,<built-in method builtins.divmod>,60,60,5.2118000000000005e-05,2.0193034120127376e-05,5.2118000000000005e-05
/opt/hostedtoolcache/Python/3.11.16/x64/lib/python3.11/unittest/mock.py,420,__new__,1,1,5.2116e-05,2.019225922338843e-05,0.00022704300000000001
/opt/hostedtoolcache/Python/3.11.16/x64/lib/python3.11/site-packages/httpx/_transports/default.py,1,<module>,1,1,5.1874000000000005e-05,2.0098496717976276e-05,0.001096606
/opt/hostedtoolcache/Python/3.11.16/x64/lib/python3.11/typing.py,1641,__getitem__,8,8,5.1227e-05,1.9847817622928067e-05,0.001189699
/opt/hostedtoolcache/Python/3.11.16/x64/lib/python3.11/threading.py,1453,current_thread,17,17,5.0571e-05,1.9593651492554613e-05,9.162000000000001e-05
~,0,<method 'translate' of 'bytearray' objects>,41,41,5.0383e-05,1.952081119909393e-05,5.0383e-05
/opt/hostedtoolcache/Python/3.11.16/x64/lib/python3.11/asyncio/base_events.py,390,__init__,1,1,5.0222e-05,1.945843201160898e-05,9.102e-05
/opt/hostedtoolcache/Python/3.11.16/x64/lib/python3.11/typing.py,350,_flatten_literal_params,1,1,4.9744000000000003e-05,1.9273231691001498e-05,9.291400000000001e-05
/opt/hostedtoolcache/Python/3.11.16/x64/lib/python3.11/site-packages/idna/core.py,1,<module>,1,1,4.9353e-05,1.9121739378538052e-05,0.003784359
/opt/hostedtoolcache/Python/3.11.16/x64/lib/python3.11/site-packages/httpx/_client.py,189,__init__,1,1,4.9344e-05,1.911825234321281e-05,0.000783802
/opt/hostedtoolcache/Python/3.11.16/x64/lib/python3.11/threading.py,1125,_wait_for_tstate_lock,8,8,4.8783000000000004e-05,1.890089380793917e-05,0.000341245
/opt/hostedtoolcache/Python/3.11.16/x64/lib/python3.11/functools.py,65,wraps,27,27,4.863e-05,1.8841614207409994e-05,4.863e-05
/opt/hostedtoolcache/Python/3.11.16/x64/lib/python3.11/threading.py,1087,join,8,8,4.8389e-05,1.874823915036731e-05,0.00045224100000000004
/opt/hostedtoolcache/Python/3.11.16/x64/lib/python3.11/uuid.py,1,<module>,1,1,4.8239000000000004e-05,1.8690121894946555e-05,0.0013365130000000001
/opt/hostedtoolcache/Python/3.11.16/x64/lib/python3.11/site-packages/_distutils_hack/__init__.py,108,<lambda>,53,53,4.8205000000000003e-05,1.8676948650384513e-05,4.8205000000000003e-05
/opt/hostedtoolcache/Python/3.11.16/x64/lib/python3.11/re/_parser.py,304,checkgroupname,22,22,4.7964000000000004e-05,1.8583573593341828e-05,7.0789e-05
~,0,<built-in method _sre.unicode_tolower>,57,57,4.7953e-05,1.8579311661277636e-05,4.7953e-05
/home/runner/work/_temp/scanner-verification-il7_c53e/first_hybrid/tiktok_worker_scanner.py,765,finalize,1,1,4.7811e-05,1.8524293992812653e-05,0.00263758
/opt/hostedtoolcache/Python/3.11.16/x64/lib/python3.11/argparse.py,1965,take_action,6,6,4.7679e-05,1.8473150808042385e-05,0.00032954400000000003
/opt/hostedtoolcache/Python/3.11.16/x64/lib/python3.11/typing.py,306,_deduplicate,21,21,4.7383000000000004e-05,1.8358466090678754e-05,0.0005037580000000001
/opt/hostedtoolcache/Python/3.11.16/x64/lib/python3.11/contextlib.py,272,contextmanager,8,8,4.7340000000000004e-05,1.8341805810791472e-05,0.000300902
/opt/hostedtoolcache/Python/3.11.16/x64/lib/python3.11/site-packages/httpx/_exceptions.py,1,<module>,1,1,4.6974e-05,1.8199999707564818e-05,0.000504612
/opt/hostedtoolcache/Python/3.11.16/x64/lib/python3.11/functools.py,421,_unwrap_partial,26,26,4.6891e-05,1.8167841492898665e-05,6.8299e-05
/home/runner/work/_temp/scanner-verification-il7_c53e/first_hybrid/tiktok_worker_scanner.py,3623,finalize,1,1,4.6840000000000006e-05,1.814808162605561e-05,1.3919908470000002
/opt/hostedtoolcache/Python/3.11.16/x64/lib/python3.11/inspect.py,300,ismethod,26,26,4.6840000000000006e-05,1.814808162605561e-05,6.97e-05
/opt/hostedtoolcache/Python/3.11.16/x64/lib/python3.11/site-packages/httpx/_content.py,1,<module>,1,1,4.6157000000000005e-05,1.788345438970642e-05,0.016629289000000002
/opt/hostedtoolcache/Python/3.11.16/x64/lib/python3.11/subprocess.py,506,run,1,1,4.5645e-05,1.7685080824536894e-05,0.001160173
/opt/hostedtoolcache/Python/3.11.16/x64/lib/python3.11/argparse.py,1880,parse_known_args,1,1,4.5155000000000004e-05,1.7495231123495753e-05,0.000724502
/opt/hostedtoolcache/Python/3.11.16/x64/lib/python3.11/site-packages/httpx/_multipart.py,29,<listcomp>,1,1,4.5017e-05,1.7441763248508654e-05,0.00023496900000000002
/opt/hostedtoolcache/Python/3.11.16/x64/lib/python3.11/threading.py,839,<listcomp>,8,8,4.432500000000001e-05,1.717364897683422e-05,7.5269e-05
/opt/hostedtoolcache/Python/3.11.16/x64/lib/python3.11/logging/__init__.py,228,_acquireLock,20,20,4.4087e-05,1.7081436264899946e-05,6.472800000000001e-05
/opt/hostedtoolcache/Python/3.11.16/x64/lib/python3.11/inspect.py,3261,signature,7,7,4.3789000000000004e-05,1.6965976650797376e-05,0.004016621000000001
/opt/hostedtoolcache/Python/3.11.16/x64/lib/python3.11/enum.py,1377,_missing_,2,2,4.3280000000000006e-05,1.6768765430736266e-05,0.000129182
<frozen _collections_abc>,409,__subclasshook__,44,44,4.3118e-05,1.6705998794881847e-05,4.3118e-05
~,0,<built-in method builtins.__import__>,8,9,4.2909000000000005e-05,1.6625022085662256e-05,0.022398437000000004
/home/runner/work/_temp/scanner-verification-il7_c53e/first_hybrid/tiktok_worker_scanner.py,1512,cache_saved_avatars,4,4,4.2718e-05,1.6551019447093155e-05,0.00053105
/opt/hostedtoolcache/Python/3.11.16/x64/lib/python3.11/statistics.py,203,<genexpr>,12,12,4.2618000000000004e-05,1.6512274610145984e-05,0.000118901
/opt/hostedtoolcache/Python/3.11.16/x64/lib/python3.11/site-packages/httpx/_auth.py,1,<module>,1,1,4.253e-05,1.647817915363247e-05,0.108856331
/home/runner/work/_temp/scanner-verification-il7_c53e/final/tests/benchmark_hybrid.py,135,<dictcomp>,2,2,4.245e-05,1.6447183284074736e-05,8.572e-05
/home/runner/work/_temp/scanner-verification-il7_c53e/first_hybrid/tiktok_worker_scanner.py,3684,default_scan_config,1,1,4.2357e-05,1.6411150585713864e-05,0.000998082
/opt/hostedtoolcache/Python/3.11.16/x64/lib/python3.11/encodings/__init__.py,71,search_function,2,2,4.2219e-05,1.6357682710726764e-05,0.0023652210000000003
/opt/hostedtoolcache/Python/3.11.16/x64/lib/python3.11/dataclasses.py,228,_recursive_repr,7,7,4.1621e-05,1.6125988585782675e-05,0.000236805
/home/runner/work/_temp/scanner-verification-il7_c53e/first_hybrid/hybrid_backend.py,312,__init__,1,1,4.1185e-05,1.5957061096693e-05,0.0027642860000000003
/home/runner/work/_temp/scanner-verification-il7_c53e/first_hybrid/tiktok_worker_scanner.py,702,_build_document_locked,2,2,4.0587e-05,1.572536697174891e-05,0.000127247
/opt/hostedtoolcache/Python/3.11.16/x64/lib/python3.11/calendar.py,1,<module>,1,1,4.0538000000000004e-05,1.57063820016448e-05,0.00029352800000000004
/opt/hostedtoolcache/Python/3.11.16/x64/lib/python3.11/fractions.py,357,forward,11,11,4.0476000000000003e-05,1.5682360202737547e-05,0.00025424400000000004
/home/runner/work/_temp/scanner-verification-il7_c53e/first_hybrid/tiktok_worker_scanner.py,1261,__init__,2,2,3.9655000000000006e-05,1.5364265091401264e-05,5.8580000000000005e-05
/opt/hostedtoolcache/Python/3.11.16/x64/lib/python3.11/re/_parser.py,265,getwhile,9,9,3.927e-05,1.5215097469154647e-05,6.2385e-05
/opt/hostedtoolcache/Python/3.11.16/x64/lib/python3.11/argparse.py,1674,_add_action,11,11,3.9175000000000004e-05,1.5178289874054833e-05,0.00015128300000000002
/opt/hostedtoolcache/Python/3.11.16/x64/lib/python3.11/argparse.py,1986,consume_optional,6,6,3.9033000000000004e-05,1.512327220558985e-05,0.00049863
/opt/hostedtoolcache/Python/3.11.16/x64/lib/python3.11/logging/__init__.py,237,_releaseLock,20,20,3.8886e-05,1.5066317295277505e-05,5.5761000000000004e-05
~,0,<built-in method _codecs.utf_8_decode>,12,12,3.8562e-05,1.4940784023568667e-05,3.8562e-05
/opt/hostedtoolcache/Python/3.11.16/x64/lib/python3.11/site-packages/httpx/_decoders.py,1,<module>,1,1,3.8289000000000006e-05,1.4835010618702887e-05,0.002024286
/opt/hostedtoolcache/Python/3.11.16/x64/lib/python3.11/site-packages/httpx/_api.py,1,<module>,1,1,3.8222e-05,1.4809051577948279e-05,0.12213707300000001
/opt/hostedtoolcache/Python/3.11.16/x64/lib/python3.11/email/header.py,1,<module>,1,1,3.7989000000000005e-05,1.471877610786137e-05,0.006664481000000001
~,0,<method 'locked' of '_thread.lock' objects>,42,42,3.7969e-05,1.4711027140471933e-05,3.7969e-05
/opt/hostedtoolcache/Python/3.11.16/x64/lib/python3.11/asyncio/selector_events.py,86,close,1,1,3.7640000000000006e-05,1.4583556626915737e-05,0.000199452
/opt/hostedtoolcache/Python/3.11.16/x64/lib/python3.11/dataclasses.py,410,<listcomp>,16,16,3.7488000000000004e-05,1.4524664474756036e-05,3.7488000000000004e-05
/opt/hostedtoolcache/Python/3.11.16/x64/lib/python3.11/importlib/resources/_legacy.py,1,<module>,1,1,3.7267e-05,1.4439038385102781e-05,0.0005564070000000001
/opt/hostedtoolcache/Python/3.11.16/x64/lib/python3.11/pathlib.py,703,relative_to,3,3,3.6999e-05,1.4335202222084361e-05,0.000289318
/opt/hostedtoolcache/Python/3.11.16/x64/lib/python3.11/concurrent/futures/thread.py,216,shutdown,4,4,3.6971e-05,1.4324353667739152e-05,0.000471841
/opt/hostedtoolcache/Python/3.11.16/x64/lib/python3.11/enum.py,484,__prepare__,2,2,3.6618e-05,1.4187584393315633e-05,0.00017987500000000002
/opt/hostedtoolcache/Python/3.11.16/x64/lib/python3.11/threading.py,283,_acquire_restore,16,16,3.6489e-05,1.413760355365378e-05,5.4855e-05
/opt/hostedtoolcache/Python/3.11.16/x64/lib/python3.11/locale.py,396,normalize,6,6,3.6439e-05,1.4118231135180195e-05,5.7267000000000006e-05
/opt/hostedtoolcache/Python/3.11.16/x64/lib/python3.11/asyncio/runners.py,86,run,1,1,3.6361e-05,1.4088010162361398e-05,185.89618608
/opt/hostedtoolcache/Python/3.11.16/x64/lib/python3.11/dataclasses.py,1221,wrap,7,7,3.6103e-05,1.3988048483037696e-05,0.019327709000000002
/opt/hostedtoolcache/Python/3.11.16/x64/lib/python3.11/threading.py,562,__init__,8,8,3.5877e-05,1.3900485151537085e-05,9.9337e-05
/opt/hostedtoolcache/Python/3.11.16/x64/lib/python3.11/inspect.py,2063,_signature_is_builtin,7,7,3.5827e-05,1.3881112733063498e-05,9.526800000000001e-05
/opt/hostedtoolcache/Python/3.11.16/x64/lib/python3.11/tempfile.py,1,<module>,1,1,3.5408000000000004e-05,1.3718771866254846e-05,0.00022167400000000002
/opt/hostedtoolcache/Python/3.11.16/x64/lib/python3.11/argparse.py,1599,_pop_action_class,11,11,3.5324e-05,1.368622620321922e-05,7.6092e-05
/opt/hostedtoolcache/Python/3.11.16/x64/lib/python3.11/argparse.py,2205,_match_argument,6,6,3.5305e-05,1.3678864684199258e-05,0.000124661
/opt/hostedtoolcache/Python/3.11.16/x64/lib/python3.11/threading.py,829,_maintain_shutdown_locks,8,8,3.5103000000000006e-05,1.3600600113565971e-05,0.000121343
/opt/hostedtoolcache/Python/3.11.16/x64/lib/python3.11/site-packages/httpx/_transports/asgi.py,1,<module>,1,1,3.4725000000000004e-05,1.3454144629905657e-05,0.0017081660000000001
/home/runner/work/_temp/scanner-verification-il7_c53e/first_hybrid/tiktok_worker_scanner.py,1580,get_client,1,1,3.4724e-05,1.3453757181536185e-05,0.000983084
/opt/hostedtoolcache/Python/3.11.16/x64/lib/python3.11/unittest/mock.py,1425,__enter__,1,1,3.4615e-05,1.3411525309263767e-05,0.001816027
/home/runner/work/_temp/scanner-verification-il7_c53e/first_hybrid/hybrid_backend.py,1,<module>,1,1,3.4614000000000004e-05,1.3411137860894296e-05,0.011396969
/opt/hostedtoolcache/Python/3.11.16/x64/lib/python3.11/importlib/resources/abc.py,1,<module>,1,1,3.4505e-05,1.3368905988621879e-05,0.000858592
/opt/hostedtoolcache/Python/3.11.16/x64/lib/python3.11/email/errors.py,1,<module>,1,1,3.4379000000000004e-05,1.332008749406844e-05,0.000379056
/opt/hostedtoolcache/Python/3.11.16/x64/lib/python3.11/importlib/resources/_adapters.py,1,<module>,1,1,3.4374e-05,1.3318150252221083e-05,0.00040242100000000003
/opt/hostedtoolcache/Python/3.11.16/x64/lib/python3.11/argparse.py,1742,__init__,1,1,3.4196e-05,1.3249184442455114e-05,0.001279427
/opt/hostedtoolcache/Python/3.11.16/x64/lib/python3.11/argparse.py,2597,_get_formatter,11,11,3.4195e-05,1.3248796994085643e-05,0.000662589
/opt/hostedtoolcache/Python/3.11.16/x64/lib/python3.11/ssl.py,745,create_default_context,1,1,3.4112e-05,1.321663877941949e-05,0.021530229
/opt/hostedtoolcache/Python/3.11.16/x64/lib/python3.11/argparse.py,2475,_get_values,6,6,3.4069e-05,1.3199978499532204e-05,0.00024710300000000004
/opt/hostedtoolcache/Python/3.11.16/x64/lib/python3.11/enum.py,933,_check_for_existing_members_,6,6,3.4029e-05,1.3184480564753337e-05,5.2389e-05
/opt/hostedtoolcache/Python/3.11.16/x64/lib/python3.11/enum.py,1514,__or__,5,5,3.392e-05,1.3142248692480918e-05,0.00024547800000000004
~,0,<built-in method math.gcd>,34,34,3.3705000000000003e-05,1.3058947293044497e-05,3.3705000000000003e-05
/opt/hostedtoolcache/Python/3.11.16/x64/lib/python3.11/typing.py,1981,_caller,9,9,3.3373e-05,1.2930314434379885e-05,5.0275e-05
<frozen importlib._bootstrap_external>,999,source_to_code,9,9,3.3357e-05,1.2924115260468337e-05,0.019755862000000003
/home/runner/work/_temp/scanner-verification-il7_c53e/first_hybrid/scan_runtime.py,51,__init__,1,1,3.3292e-05,1.2898931116452674e-05,0.000178042
/opt/hostedtoolcache/Python/3.11.16/x64/lib/python3.11/site-packages/httpx/_transports/__init__.py,1,<module>,1,1,3.3062e-05,1.280981799147418e-05,0.005573997000000001
/opt/hostedtoolcache/Python/3.11.16/x64/lib/python3.11/encodings/utf_8_sig.py,54,_buffer_decode,5,5,3.2759e-05,1.2692421135524246e-05,4.9952e-05
/opt/hostedtoolcache/Python/3.11.16/x64/lib/python3.11/site-packages/httpx/_urls.py,1,<module>,1,1,3.2689000000000005e-05,1.2665299749661226e-05,0.017492248000000002
/home/runner/work/_temp/scanner-verification-il7_c53e/final/tests/benchmark_hybrid.py,156,<lambda>,3,3,3.2542e-05,1.260834483934888e-05,0.00117362
/opt/hostedtoolcache/Python/3.11.16/x64/lib/python3.11/logging/__init__.py,1378,_fixupParents,7,7,3.2019e-05,1.240570934211517e-05,4.8971e-05
/opt/hostedtoolcache/Python/3.11.16/x64/lib/python3.11/logging/__init__.py,1447,__init__,7,7,3.1989e-05,1.2394085891031018e-05,5.9663e-05
/opt/hostedtoolcache/Python/3.11.16/x64/lib/python3.11/importlib/resources/_itertools.py,1,<module>,1,1,3.1979e-05,1.23902114073363e-05,0.000727897
/opt/hostedtoolcache/Python/3.11.16/x64/lib/python3.11/enum.py,979,_find_data_type_,4,4,3.1953000000000004e-05,1.2380137749730036e-05,4.8701e-05
<frozen importlib._bootstrap_external>,164,_path_isdir,12,12,3.1714e-05,1.2287537589426293e-05,0.000157159
<frozen zipimport>,401,_read_directory,1,1,3.1477000000000004e-05,1.2195712325861495e-05,7.492000000000001e-05
/opt/hostedtoolcache/Python/3.11.16/x64/lib/python3.11/http/__init__.py,1,<module>,1,1,3.1339e-05,1.2142244450874395e-05,0.0040776860000000005
/opt/hostedtoolcache/Python/3.11.16/x64/lib/python3.11/site-packages/httpx/_config.py,1,<module>,1,1,3.0946000000000005e-05,1.198997724167201e-05,0.000115525
<frozen genericpath>,16,exists,12,12,3.0590000000000004e-05,1.1852045622140075e-05,7.761600000000001e-05
/opt/hostedtoolcache/Python/3.11.16/x64/lib/python3.11/inspect.py,1783,_is_type,14,14,3.0555e-05,1.1838484929208563e-05,5.3568000000000006e-05
/opt/hostedtoolcache/Python/3.11.16/x64/lib/python3.11/unittest/mock.py,1130,_increment_mock_call,1,1,3.0388e-05,1.1773781051506785e-05,7.8998e-05
/home/runner/work/_temp/scanner-verification-il7_c53e/first_hybrid/avatar_cache.py,124,__init__,2,2,3.0366e-05,1.1765257187378406e-05,0.00167288
/opt/hostedtoolcache/Python/3.11.16/x64/lib/python3.11/platform.py,1119,python_version,1,1,3.0327000000000003e-05,1.1750146700969009e-05,6.2327e-05
/opt/hostedtoolcache/Python/3.11.16/x64/lib/python3.11/email/utils.py,1,<module>,1,1,3.0275e-05,1.172999938575648e-05,0.0037073460000000003
~,0,<method 'close' of '_io.TextIOWrapper' objects>,4,4,3.0247e-05,1.171915083141127e-05,3.0247e-05
/home/runner/work/_temp/scanner-verification-il7_c53e/final/tests/benchmark_hybrid.py,135,<genexpr>,16,16,3.0066000000000003e-05,1.164902267653689e-05,4.3270000000000004e-05
/opt/hostedtoolcache/Python/3.11.16/x64/lib/python3.11/inspect.py,3007,from_callable,7,7,3.0044000000000002e-05,1.1640498812408513e-05,0.003972832
/home/runner/work/_temp/scanner-verification-il7_c53e/first_hybrid/report_generator.py,1,<module>,1,1,3.0017e-05,1.1630037706432774e-05,0.004742777
/opt/hostedtoolcache/Python/3.11.16/x64/lib/python3.11/urllib/parse.py,857,__missing__,13,13,2.9847e-05,1.1564171483622581e-05,7.031000000000001e-05
/opt/hostedtoolcache/Python/3.11.16/x64/lib/python3.11/importlib/resources/_legacy.py,15,deprecated,7,7,2.9576000000000003e-05,1.1459172975495745e-05,0.00021392900000000002
/opt/hostedtoolcache/Python/3.11.16/x64/lib/python3.11/dataclasses.py,548,<dictcomp>,7,7,2.9075000000000002e-05,1.126506134239041e-05,2.9075000000000002e-05
/home/runner/work/_temp/scanner-verification-il7_c53e/first_hybrid/vendor/tiktok_sign.py,1,<module>,1,1,2.8993000000000002e-05,1.1233290576093729e-05,3.7550000000000005e-05
<frozen os>,619,get_exec_path,1,1,2.8983e-05,1.1229416092399011e-05,9.586800000000001e-05
/home/runner/work/_temp/scanner-verification-il7_c53e/first_hybrid/hybrid_backend.py,141,factory,1,1,2.8966e-05,1.1222829470117992e-05,0.0009151570000000001
/opt/hostedtoolcache/Python/3.11.16/x64/lib/python3.11/pathlib.py,1230,exists,7,7,2.8811e-05,1.1162774972849873e-05,0.00022834600000000004
/opt/hostedtoolcache/Python/3.11.16/x64/lib/python3.11/email/feedparser.py,1,<module>,1,1,2.8682e-05,1.1112794133188021e-05,0.016041814
/opt/hostedtoolcache/Python/3.11.16/x64/lib/python3.11/site-packages/idna/__init__.py,1,<module>,1,1,2.8341000000000002e-05,1.0980674239198163e-05,0.005118297
/opt/hostedtoolcache/Python/3.11.16/x64/lib/python3.11/datetime.py,515,_check_date_fields,5,5,2.8014000000000003e-05,1.085397862238091e-05,4.6659e-05
/home/runner/work/_temp/scanner-verification-il7_c53e/first_hybrid/direct_protocol.py,1,<module>,1,1,2.7944000000000002e-05,1.082685723651789e-05,0.007224506
/opt/hostedtoolcache/Python/3.11.16/x64/lib/python3.11/argparse.py,2531,_get_value,6,6,2.7919e-05,1.0817171027281094e-05,0.00020121400000000002
/opt/hostedtoolcache/Python/3.11.16/x64/lib/python3.11/asyncio/runners.py,160,run,1,1,2.7893000000000002e-05,1.0807097369674831e-05,185.89789084900002
<frozen runpy>,42,__exit__,1,1,2.7882000000000002e-05,1.0802835437610643e-05,2.7882000000000002e-05
~,0,<built-in method _operator.index>,35,35,2.7852e-05,1.079121198652649e-05,2.7852e-05
/opt/hostedtoolcache/Python/3.11.16/x64/lib/python3.11/email/message.py,1,<module>,1,1,2.7821e-05,1.0779201087072865e-05,0.002331259
/home/runner/work/_temp/scanner-verification-il7_c53e/first_hybrid/tiktok_worker_scanner.py,1484,__aexit__,4,4,2.7514e-05,1.0660254437645047e-05,0.000188693
/opt/hostedtoolcache/Python/3.11.16/x64/lib/python3.11/asyncio/base_events.py,181,_run_until_complete_cb,3,3,2.7462000000000002e-05,1.0640107122432518e-05,5.1216000000000006e-05
/opt/hostedtoolcache/Python/3.11.16/x64/lib/python3.11/collections/__init__.py,424,<genexpr>,27,27,2.7412e-05,1.0620734703958931e-05,2.7412e-05
/opt/hostedtoolcache/Python/3.11.16/x64/lib/python3.11/platform.py,1187,platform,1,1,2.7403000000000002e-05,1.0617247668633686e-05,0.001337354
/opt/hostedtoolcache/Python/3.11.16/x64/lib/python3.11/datetime.py,1311,time,1,1,2.7361e-05,1.0600974837115873e-05,2.7361e-05
~,0,<built-in method posix.get_terminal_size>,11,11,2.7361e-05,1.0600974837115873e-05,2.7361e-05
/opt/hostedtoolcache/Python/3.11.16/x64/lib/python3.11/site-packages/httpx/_client.py,188,BaseClient,1,1,2.7360000000000002e-05,1.06005873887464e-05,3.7389000000000004e-05
/opt/hostedtoolcache/Python/3.11.16/x64/lib/python3.11/concurrent/futures/thread.py,1,<module>,1,1,2.7292000000000002e-05,1.0574240899622325e-05,0.001732121
/opt/hostedtoolcache/Python/3.11.16/x64/lib/python3.11/mimetypes.py,1,<module>,1,1,2.7271e-05,1.0566104483863417e-05,0.001322196
/opt/hostedtoolcache/Python/3.11.16/x64/lib/python3.11/functools.py,668,<listcomp>,24,24,2.6835000000000003e-05,1.0397176994773745e-05,2.6835000000000003e-05
/home/runner/work/_temp/scanner-verification-il7_c53e/final/tests/benchmark_hybrid.py,109,transport,1,1,2.68e-05,1.0383616301842234e-05,0.000848863
<frozen importlib._bootstrap>,216,_lock_unlock_module,5,5,2.6698e-05,1.0344096568156118e-05,0.000122649
/home/runner/work/_temp/scanner-verification-il7_c53e/final/tests/benchmark_hybrid.py,133,process_io,2,2,2.6611000000000003e-05,1.031038856001208e-05,0.00041243000000000003
/opt/hostedtoolcache/Python/3.11.16/x64/lib/python3.11/typing.py,757,<genexpr>,28,28,2.661e-05,1.0310001111642607e-05,2.661e-05
/opt/hostedtoolcache/Python/3.11.16/x64/lib/python3.11/typing.py,1721,<genexpr>,28,28,2.6532000000000003e-05,1.0279780138823812e-05,2.6532000000000003e-05
<frozen runpy>,250,_get_code_from_file,1,1,2.6298e-05,1.0189117220367429e-05,0.0033300720000000003
/home/runner/work/_temp/scanner-verification-il7_c53e/first_hybrid/tiktok_worker_scanner.py,1506,fill,4,4,2.6262e-05,1.0175169079066447e-05,0.0005723690000000001
/home/runner/work/_temp/scanner-verification-il7_c53e/first_hybrid/tiktok_worker_scanner.py,3227,__exit__,1,1,2.6207e-05,1.0153859418745502e-05,0.00020094400000000002
/opt/hostedtoolcache/Python/3.11.16/x64/lib/python3.11/asyncio/runners.py,65,close,1,1,2.6201000000000002e-05,1.0151534728528671e-05,0.001226027
/opt/hostedtoolcache/Python/3.11.16/x64/lib/python3.11/enum.py,943,_get_mixins_,4,4,2.6096000000000002e-05,1.0110852649734141e-05,0.000110425
/opt/hostedtoolcache/Python/3.11.16/x64/lib/python3.11/typing.py,1636,copy_with,7,7,2.604e-05,1.0089155541043723e-05,0.0006665040000000001
/opt/hostedtoolcache/Python/3.11.16/x64/lib/python3.11/argparse.py,1853,_add_action,11,11,2.5940000000000002e-05,1.0050410704096553e-05,0.000177223
/opt/hostedtoolcache/Python/3.11.16/x64/lib/python3.11/typing.py,966,__init__,9,9,2.5653000000000003e-05,9.939213022058168e-06,0.000403335
/opt/hostedtoolcache/Python/3.11.16/x64/lib/python3.11/inspect.py,2426,_descriptor_get,7,7,2.5628000000000003e-05,9.929526812821373e-06,5.1202e-05
/opt/hostedtoolcache/Python/3.11.16/x64/lib/python3.11/weakref.py,427,__setitem__,8,8,2.5488e-05,9.875284041095331e-06,2.5488e-05
/opt/hostedtoolcache/Python/3.11.16/x64/lib/python3.11/importlib/resources/readers.py,1,<module>,1,1,2.5457e-05,9.863273141641709e-06,0.0034756540000000003
/home/runner/work/_temp/scanner-verification-il7_c53e/first_hybrid/tiktok_worker_scanner.py,3013,statistics_summary,3,3,2.5233e-05,9.776484706880042e-06,0.000933759
/home/runner/work/_temp/scanner-verification-il7_c53e/first_hybrid/scan_statistics.py,14,__init__,1,1,2.5178000000000002e-05,9.755175046559096e-06,8.453800000000001e-05
/opt/hostedtoolcache/Python/3.11.16/x64/lib/python3.11/fractions.py,38,Fraction,1,1,2.4986e-05,9.680784959620526e-06,4.2519000000000004e-05
<frozen _collections_abc>,78,_check_methods,9,9,2.4967e-05,9.673423440600563e-06,2.4967e-05
/opt/hostedtoolcache/Python/3.11.16/x64/lib/python3.11/site-packages/httpx/_models.py,515,Response,1,1,2.4958e-05,9.669936405275318e-06,2.8454000000000002e-05
/opt/hostedtoolcache/Python/3.11.16/x64/lib/python3.11/email/_policybase.py,1,<module>,1,1,2.4873e-05,9.63700329387022e-06,0.011783109
/opt/hostedtoolcache/Python/3.11.16/x64/lib/python3.11/pathlib.py,281,_make_selector,2,4,2.4846000000000002e-05,9.626542187894484e-06,0.001319862
/opt/hostedtoolcache/Python/3.11.16/x64/lib/python3.11/threading.py,1324,_make_invoke_excepthook,8,8,2.4777e-05,9.599808250400935e-06,2.4777e-05
/opt/hostedtoolcache/Python/3.11.16/x64/lib/python3.11/pathlib.py,260,compile_pattern,2,2,2.4776e-05,9.599420802031462e-06,0.001259148
~,0,<method 'insert' of 'list' objects>,23,23,2.4746e-05,9.58779735094731e-06,2.4746e-05
/opt/hostedtoolcache/Python/3.11.16/x64/lib/python3.11/email/charset.py,1,<module>,1,1,2.4709e-05,9.573461761276857e-06,0.00127578
/opt/hostedtoolcache/Python/3.11.16/x64/lib/python3.11/importlib/resources/__init__.py,1,<module>,1,1,2.4677e-05,9.561063413453762e-06,0.0052692680000000006
/opt/hostedtoolcache/Python/3.11.16/x64/lib/python3.11/site-packages/httpx/_config.py,86,__init__,3,3,2.4656000000000002e-05,9.552926997694856e-06,4.1367000000000006e-05
/opt/hostedtoolcache/Python/3.11.16/x64/lib/python3.11/asyncio/selector_events.py,49,__init__,1,1,2.4555e-05,9.513794712378213e-06,0.00033944300000000004
/opt/hostedtoolcache/Python/3.11.16/x64/lib/python3.11/datetime.py,1673,__new__,3,3,2.4356000000000002e-05,9.436692486853339e-06,8.453800000000001e-05
/opt/hostedtoolcache/Python/3.11.16/x64/lib/python3.11/datetime.py,528,_check_time_fields,5,5,2.4245000000000002e-05,9.393685717841978e-06,3.9804e-05
/opt/hostedtoolcache/Python/3.11.16/x64/lib/python3.11/typing.py,2893,<dictcomp>,2,2,2.4238e-05,9.390973579255676e-06,0.000756692
/home/runner/work/_temp/scanner-verification-il7_c53e/first_hybrid/avatar_cache.py,165,__init__,1,1,2.4166000000000002e-05,9.36307729665371e-06,0.001502793
/opt/hostedtoolcache/Python/3.11.16/x64/lib/python3.11/site-packages/httpx/_transports/wsgi.py,1,<module>,1,1,2.4144e-05,9.354553432525333e-06,7.7614e-05
/opt/hostedtoolcache/Python/3.11.16/x64/lib/python3.11/typing.py,1664,<genexpr>,15,15,2.4056e-05,9.32045797601182e-06,5.9572000000000005e-05
/opt/hostedtoolcache/Python/3.11.16/x64/lib/python3.11/contextlib.py,305,asynccontextmanager,5,5,2.3989e-05,9.294498935257214e-06,0.000163227
/opt/hostedtoolcache/Python/3.11.16/x64/lib/python3.11/site-packages/httpx/_client.py,1353,__init__,1,1,2.3934e-05,9.27318927493627e-06,0.000814589
/opt/hostedtoolcache/Python/3.11.16/x64/lib/python3.11/asyncio/tasks.py,707,__init__,5,5,2.3763000000000003e-05,9.206935603756607e-06,2.8622e-05
/home/runner/work/_temp/scanner-verification-il7_c53e/first_hybrid/hybrid_backend.py,342,__aexit__,3,3,2.3712000000000003e-05,9.187175736913549e-06,0.000228265
/opt/hostedtoolcache/Python/3.11.16/x64/lib/python3.11/zipfile.py,833,ZipExtFile,1,1,2.3704000000000002e-05,9.184076149957775e-06,2.3704000000000002e-05
<frozen runpy>,262,run_path,1,1,2.3703e-05,9.183688701588302e-06,190.467177635
/opt/hostedtoolcache/Python/3.11.16/x64/lib/python3.11/argparse.py,929,__init__,8,8,2.3632e-05,9.15617986735581e-06,3.6919000000000003e-05
/opt/hostedtoolcache/Python/3.11.16/x64/lib/python3.11/typing.py,925,__hash__,12,12,2.3454000000000003e-05,9.087214057589843e-06,3.4243000000000004e-05
/home/runner/work/_temp/scanner-verification-il7_c53e/first_hybrid/avatar_cache.py,1,<module>,1,1,2.3222000000000002e-05,8.997326035872403e-06,0.0016142410000000002
/opt/hostedtoolcache/Python/3.11.16/x64/lib/python3.11/site-packages/httpx/_models.py,1084,__init__,2,2,2.3093e-05,8.94734519621055e-06,6.2415e-05
/opt/hostedtoolcache/Python/3.11.16/x64/lib/python3.11/inspect.py,3023,replace,7,7,2.3089000000000002e-05,8.945795402732663e-06,0.000531785
~,0,<built-in method posix.pipe>,2,2,2.3072000000000002e-05,8.939208780451644e-06,2.3072000000000002e-05
/opt/hostedtoolcache/Python/3.11.16/x64/lib/python3.11/sqlite3/__init__.py,1,<module>,1,1,2.3053e-05,8.931847261431681e-06,0.002041528
/opt/hostedtoolcache/Python/3.11.16/x64/lib/python3.11/threading.py,1206,daemon,16,16,2.2974e-05,8.901238840243415e-06,2.2974e-05
/opt/hostedtoolcache/Python/3.11.16/x64/lib/python3.11/queue.py,1,<module>,1,1,2.2813e-05,8.838859652758467e-06,0.0008530510000000001
/opt/hostedtoolcache/Python/3.11.16/x64/lib/python3.11/argparse.py,597,format,11,11,2.2784e-05,8.827623650043787e-06,3.24e-05
/opt/hostedtoolcache/Python/3.11.16/x64/lib/python3.11/email/charset.py,206,__init__,2,2,2.2725e-05,8.804764196244956e-06,3.7250000000000004e-05
/opt/hostedtoolcache/Python/3.11.16/x64/lib/python3.11/email/_policybase.py,94,_append_doc,6,6,2.2605e-05,8.758270391908347e-06,3.8633e-05
/opt/hostedtoolcache/Python/3.11.16/x64/lib/python3.11/http/__init__.py,163,__new__,9,9,2.2575e-05,8.746646940824195e-06,3.1981000000000004e-05
/opt/hostedtoolcache/Python/3.11.16/x64/lib/python3.11/typing.py,1298,__mro_entries__,3,3,2.2281000000000002e-05,8.632737120199509e-06,3.8753e-05
/opt/hostedtoolcache/Python/3.11.16/x64/lib/python3.11/argparse.py,844,__init__,11,11,2.2185000000000002e-05,8.595542076730224e-06,2.2185000000000002e-05
/opt/hostedtoolcache/Python/3.11.16/x64/lib/python3.11/dataclasses.py,624,_cmp_fn,7,7,2.2086e-05,8.557184688152524e-06,0.0010091590000000001
/home/runner/work/_temp/scanner-verification-il7_c53e/first_hybrid/tiktok_worker_scanner.py,751,_persist_locked,2,2,2.1992000000000002e-05,8.52076454142218e-06,0.002430977
~,0,<method 'setter' of 'property' objects>,16,16,2.184e-05,8.461872389262478e-06,2.184e-05
/opt/hostedtoolcache/Python/3.11.16/x64/lib/python3.11/email/_encoded_words.py,1,<module>,1,1,2.18e-05,8.446374454483608e-06,0.00061699
/opt/hostedtoolcache/Python/3.11.16/x64/lib/python3.11/numbers.py,32,Complex,1,1,2.1751000000000002e-05,8.427389484379494e-06,3.6658e-05
<frozen runpy>,33,__enter__,1,1,2.1731000000000003e-05,8.41964051699006e-06,2.2943e-05
/opt/hostedtoolcache/Python/3.11.16/x64/lib/python3.11/asyncio/locks.py,167,__init__,11,11,2.1589000000000003e-05,8.364622848525077e-06,2.1589000000000003e-05
/home/runner/work/_temp/scanner-verification-il7_c53e/first_hybrid/tiktok_worker_scanner.py,3277,<setcomp>,2,2,2.133e-05,8.264273720831898e-06,2.133e-05
/opt/hostedtoolcache/Python/3.11.16/x64/lib/python3.11/gettext.py,519,translation,3,3,2.1289000000000002e-05,8.248388337683558e-06,0.00076176
/opt/hostedtoolcache/Python/3.11.16/x64/lib/python3.11/fractions.py,257,numerator,23,23,2.1249000000000003e-05,8.232890402904689e-06,2.1249000000000003e-05
/opt/hostedtoolcache/Python/3.11.16/x64/lib/python3.11/site-packages/httpx/_transports/base.py,1,<module>,1,1,2.1049e-05,8.155400729010344e-06,0.00022047100000000002
/opt/hostedtoolcache/Python/3.11.16/x64/lib/python3.11/asyncio/base_events.py,587,_check_running,6,6,2.0929000000000002e-05,8.108906924673738e-06,3.3343e-05
/home/runner/work/_temp/scanner-verification-il7_c53e/first_hybrid/tiktok_worker_scanner.py,1560,trust_store,1,1,2.0920000000000003e-05,8.105419889348491e-06,0.035384884000000005
/opt/hostedtoolcache/Python/3.11.16/x64/lib/python3.11/fractions.py,261,denominator,23,23,2.0919e-05,8.10503244097902e-06,2.0919e-05
/opt/hostedtoolcache/Python/3.11.16/x64/lib/python3.11/encodings/utf_8_sig.py,50,__init__,5,5,2.0838999999999998e-05,8.07403657142128e-06,4.1507e-05
/opt/hostedtoolcache/Python/3.11.16/x64/lib/python3.11/platform.py,825,uname,2,2,2.0821000000000003e-05,8.067062500770792e-06,3.7881000000000005e-05
/opt/hostedtoolcache/Python/3.11.16/x64/lib/python3.11/dataclasses.py,603,<genexpr>,12,12,2.078e-05,8.05117711762245e-06,3.0046000000000003e-05
/opt/hostedtoolcache/Python/3.11.16/x64/lib/python3.11/email/parser.py,1,<module>,1,1,2.0637000000000002e-05,7.995772000787994e-06,0.016637133000000002
/opt/hostedtoolcache/Python/3.11.16/x64/lib/python3.11/asyncio/selector_events.py,265,_add_reader,1,1,2.0177e-05,7.817545750830998e-06,9.2823e-05
/opt/hostedtoolcache/Python/3.11.16/x64/lib/python3.11/contextlib.py,558,__exit__,2,2,2.01e-05,7.787712226381676e-06,3.3674e-05
/home/runner/work/_temp/scanner-verification-il7_c53e/first_hybrid/report_generator.py,205,<dictcomp>,1,1,2.0015e-05,7.75477911497658e-06,3.5436000000000004e-05
/home/runner/work/_temp/scanner-verification-il7_c53e/first_hybrid/scan_runtime.py,29,runtime_ceiling,1,1,1.9928e-05,7.721071106832539e-06,0.00088979
/opt/hostedtoolcache/Python/3.11.16/x64/lib/python3.11/urllib/parse.py,833,__getattr__,7,7,1.9899e-05,7.70983510411786e-06,1.9899e-05
/opt/hostedtoolcache/Python/3.11.16/x64/lib/python3.11/unittest/mock.py,762,__setattr__,4,5,1.9735e-05,7.646293571524496e-06,5.2828e-05
/opt/hostedtoolcache/Python/3.11.16/x64/lib/python3.11/http/cookiejar.py,1246,CookieJar,1,1,1.9676000000000003e-05,7.6234341177256655e-06,0.0020052200000000003
/opt/hostedtoolcache/Python/3.11.16/x64/lib/python3.11/dataclasses.py,1017,<listcomp>,7,7,1.9675e-05,7.623046669356193e-06,1.9675e-05
/home/runner/work/_temp/scanner-verification-il7_c53e/first_hybrid/hybrid_backend.py,125,__aenter__,2,2,1.9639000000000003e-05,7.609098528055212e-06,0.00014158400000000002
/opt/hostedtoolcache/Python/3.11.16/x64/lib/python3.11/dataclasses.py,592,<listcomp>,7,7,1.9565e-05,7.580427348714303e-06,1.9565e-05
/home/runner/work/_temp/scanner-verification-il7_c53e/first_hybrid/tiktok_worker_scanner.py,3200,__enter__,1,1,1.9517e-05,7.56182982697966e-06,0.001710361
/opt/hostedtoolcache/Python/3.11.16/x64/lib/python3.11/argparse.py,2342,_get_nargs_pattern,6,6,1.9346e-05,7.495576155799995e-06,3.0517000000000003e-05
~,0,<built-in method _sre.ascii_iscased>,22,22,1.9302000000000003e-05,7.47852842754324e-06,1.9302000000000003e-05
/opt/hostedtoolcache/Python/3.11.16/x64/lib/python3.11/mimetypes.py,405,_default_mime_types,1,1,1.9296e-05,7.476203737326409e-06,1.9296e-05
/opt/hostedtoolcache/Python/3.11.16/x64/lib/python3.11/random.py,493,<listcomp>,1,1,1.9268000000000003e-05,7.465355182981201e-06,3.3953000000000005e-05
/opt/hostedtoolcache/Python/3.11.16/x64/lib/python3.11/__future__.py,1,<module>,1,1,1.9225e-05,7.448694903093916e-06,4.6286000000000004e-05
/home/runner/work/_temp/scanner-verification-il7_c53e/first_hybrid/backend_metrics.py,10,__init__,1,1,1.9205e-05,7.440945935704481e-06,6.396900000000001e-05
/opt/hostedtoolcache/Python/3.11.16/x64/lib/python3.11/subprocess.py,1282,_close_pipe_fds,1,1,1.9197000000000003e-05,7.4378463487487095e-06,7.032200000000001e-05
/opt/hostedtoolcache/Python/3.11.16/x64/lib/python3.11/http/client.py,258,HTTPResponse,1,1,1.9156e-05,7.421960965600368e-06,1.9156e-05
~,0,<method 'endswith' of 'bytes' objects>,19,19,1.9086e-05,7.394839579737346e-06,1.9086e-05
/opt/hostedtoolcache/Python/3.11.16/x64/lib/python3.11/importlib/resources/abc.py,56,Traversable,1,1,1.9014e-05,7.366943297135383e-06,0.00024580800000000003
/opt/hostedtoolcache/Python/3.11.16/x64/lib/python3.11/re/__init__.py,163,match,6,6,1.8955e-05,7.34408384333655e-06,4.7549e-05
/opt/hostedtoolcache/Python/3.11.16/x64/lib/python3.11/functools.py,800,singledispatch,1,1,1.8936e-05,7.336722324316588e-06,5.0454e-05
/opt/hostedtoolcache/Python/3.11.16/x64/lib/python3.11/re/_compiler.py,391,_bytes_to_codes,2,2,1.8856e-05,7.30572645475885e-06,3.0777e-05
/opt/hostedtoolcache/Python/3.11.16/x64/lib/python3.11/functools.py,732,_compose_mro,1,1,1.8855e-05,7.305339006389379e-06,0.00027471200000000004
/opt/hostedtoolcache/Python/3.11.16/x64/lib/python3.11/argparse.py,588,_metavar_formatter,11,11,1.8836e-05,7.297977487369415e-06,2.1893000000000002e-05
/opt/hostedtoolcache/Python/3.11.16/x64/lib/python3.11/enum.py,1357,_iter_member_by_value_,6,6,1.8826000000000002e-05,7.294103003674699e-06,3.4203000000000004e-05
/opt/hostedtoolcache/Python/3.11.16/x64/lib/python3.11/subprocess.py,1688,_get_handles,1,1,1.8806000000000003e-05,7.2863540362852645e-06,7.9849e-05
/home/runner/work/_temp/scanner-verification-il7_c53e/first_hybrid/tiktok_worker_scanner.py,3636,export_discoveries,1,1,1.8804e-05,7.285579139546321e-06,0.038189185
/opt/hostedtoolcache/Python/3.11.16/x64/lib/python3.11/asyncio/selector_events.py,105,_make_self_pipe,1,1,1.8707000000000002e-05,7.247996647707564e-06,0.000157915
/opt/hostedtoolcache/Python/3.11.16/x64/lib/python3.11/subprocess.py,417,check_output,1,1,1.8565000000000003e-05,7.192978979242579e-06,0.0011826060000000001
~,0,<method 'values' of 'mappingproxy' objects>,16,16,1.8564e-05,7.192591530873106e-06,1.8564e-05
/opt/hostedtoolcache/Python/3.11.16/x64/lib/python3.11/typing.py,2891,_make_nmtuple,2,2,1.8524e-05,7.177093596094238e-06,0.0011692100000000002
/opt/hostedtoolcache/Python/3.11.16/x64/lib/python3.11/pkgutil.py,407,get_importer,1,1,1.8305000000000002e-05,7.0922424031799295e-06,0.000146734
/opt/hostedtoolcache/Python/3.11.16/x64/lib/python3.11/platform.py,1002,_sys_version,1,1,1.8274e-05,7.080231503726306e-06,3.2000000000000005e-05
/opt/hostedtoolcache/Python/3.11.16/x64/lib/python3.11/email/message.py,141,Message,1,1,1.8263e-05,7.0759695716621175e-06,0.0004983090000000001
/opt/hostedtoolcache/Python/3.11.16/x64/lib/python3.11/site-packages/certifi/core.py,1,<module>,1,1,1.7943e-05,6.951986093431164e-06,0.006087164000000001
/opt/hostedtoolcache/Python/3.11.16/x64/lib/python3.11/urllib/request.py,317,Request,1,1,1.7842e-05,6.91285380811452e-06,2.2502000000000002e-05
/opt/hostedtoolcache/Python/3.11.16/x64/lib/python3.11/numbers.py,1,<module>,1,1,1.7634e-05,6.832264547264402e-06,0.000308455
/opt/hostedtoolcache/Python/3.11.16/x64/lib/python3.11/tempfile.py,361,mkdtemp,1,1,1.7622000000000002e-05,6.827615166830742e-06,0.000291174
/opt/hostedtoolcache/Python/3.11.16/x64/lib/python3.11/threading.py,575,is_set,16,16,1.7586e-05,6.81366702552976e-06,1.7586e-05
/opt/hostedtoolcache/Python/3.11.16/x64/lib/python3.11/decimal.py,1,<module>,1,1,1.7572e-05,6.808242748357155e-06,0.0011300980000000002
/opt/hostedtoolcache/Python/3.11.16/x64/lib/python3.11/fractions.py,277,_operator_fallbacks,7,7,1.7533e-05,6.793132261947757e-06,1.7533e-05
/opt/hostedtoolcache/Python/3.11.16/x64/lib/python3.11/dataclasses.py,1204,dataclass,7,7,1.7516e-05,6.786545639666738e-06,0.015381872000000001
~,0,<built-in method _sre.ascii_tolower>,21,21,1.7413e-05,6.746638457611151e-06,1.7413e-05
<frozen codecs>,260,__init__,12,12,1.7371e-05,6.730365626093338e-06,1.7371e-05
/opt/hostedtoolcache/Python/3.11.16/x64/lib/python3.11/asyncio/queues.py,33,__init__,2,2,1.7231e-05,6.676122854367297e-06,2.6419000000000002e-05
/opt/hostedtoolcache/Python/3.11.16/x64/lib/python3.11/site-packages/httpx/_transports/mock.py,1,<module>,1,1,1.7194000000000002e-05,6.661787264696844e-06,0.00044841700000000005
/opt/hostedtoolcache/Python/3.11.16/x64/lib/python3.11/fractions.py,1,<module>,1,1,1.7193e-05,6.661399816327371e-06,0.008871999
~,0,<built-in method _socket.socketpair>,1,1,1.7082e-05,6.618393047316009e-06,1.7082e-05
/opt/hostedtoolcache/Python/3.11.16/x64/lib/python3.11/threading.py,429,__init__,3,3,1.7042e-05,6.602895112537141e-06,4.4964000000000005e-05
/opt/hostedtoolcache/Python/3.11.16/x64/lib/python3.11/typing.py,723,Optional,2,2,1.7041e-05,6.602507664167669e-06,0.0004918170000000001
/opt/hostedtoolcache/Python/3.11.16/x64/lib/python3.11/unittest/mock.py,1102,__init__,1,1,1.7011e-05,6.5908842130835175e-06,0.001042765
/opt/hostedtoolcache/Python/3.11.16/x64/lib/python3.11/secrets.py,1,<module>,1,1,1.6953000000000002e-05,6.568412207654158e-06,0.001718225
/opt/hostedtoolcache/Python/3.11.16/x64/lib/python3.11/dataclasses.py,1043,<listcomp>,7,7,1.6933000000000002e-05,6.560663240264723e-06,1.6933000000000002e-05
/opt/hostedtoolcache/Python/3.11.16/x64/lib/python3.11/datetime.py,1336,__new__,2,2,1.69e-05,6.547877444072156e-06,3.9563e-05
/opt/hostedtoolcache/Python/3.11.16/x64/lib/python3.11/email/_policybase.py,104,<genexpr>,10,10,1.6891e-05,6.544390408746911e-06,2.1731000000000003e-05
/opt/hostedtoolcache/Python/3.11.16/x64/lib/python3.11/numbers.py,294,Integral,1,1,1.6833e-05,6.521918403317549e-06,3.1038e-05
/opt/hostedtoolcache/Python/3.11.16/x64/lib/python3.11/argparse.py,1652,__init__,2,2,1.6832e-05,6.5215309549480785e-06,0.00014536100000000002
/opt/hostedtoolcache/Python/3.11.16/x64/lib/python3.11/http/cookiejar.py,1261,__init__,2,2,1.6811000000000002e-05,6.513394539189173e-06,2.8262e-05
/home/runner/work/_temp/scanner-verification-il7_c53e/first_hybrid/hybrid_backend.py,117,__init__,1,1,1.6781e-05,6.5017710881050205e-06,0.000674849
/opt/hostedtoolcache/Python/3.11.16/x64/lib/python3.11/pathlib.py,736,is_relative_to,3,3,1.6763000000000002e-05,6.4947970174545295e-06,0.00030608100000000004
/opt/hostedtoolcache/Python/3.11.16/x64/lib/python3.11/functools.py,725,<listcomp>,1,7,1.6743000000000002e-05,6.487048050065096e-06,0.000199642
/opt/hostedtoolcache/Python/3.11.16/x64/lib/python3.11/site-packages/httpx/_client.py,594,Client,1,1,1.6691e-05,6.466900734852565e-06,5.0895000000000007e-05
/opt/hostedtoolcache/Python/3.11.16/x64/lib/python3.11/signal.py,56,signal,2,2,1.662e-05,6.4393919006200726e-06,4.254e-05
<frozen importlib._bootstrap_external>,1220,__init__,13,13,1.6573000000000002e-05,6.421181827254902e-06,1.6573000000000002e-05
/home/runner/work/_temp/scanner-verification-il7_c53e/first_hybrid/tiktok_worker_scanner.py,576,__init__,1,1,1.6441e-05,6.370038642484634e-06,0.001203075
/opt/hostedtoolcache/Python/3.11.16/x64/lib/python3.11/argparse.py,1612,_check_conflict,11,11,1.6259e-05,6.299523039240781e-06,1.6259e-05
/home/runner/work/_temp/scanner-verification-il7_c53e/first_hybrid/tiktok_worker_scanner.py,3320,_set_control,3,3,1.6242e-05,6.292936416959761e-06,9.402600000000001e-05
/home/runner/work/_temp/scanner-verification-il7_c53e/first_hybrid/tiktok_worker_scanner.py,1938,__init__,4,4,1.6218e-05,6.283637656092439e-06,2.9193000000000003e-05
/opt/hostedtoolcache/Python/3.11.16/x64/lib/python3.11/gettext.py,578,dgettext,3,3,1.6212e-05,6.281312965875608e-06,0.0007806270000000001
/opt/hostedtoolcache/Python/3.11.16/x64/lib/python3.11/site-packages/certifi/core.py,21,where,1,1,1.6089e-05,6.233656816430587e-06,0.00543509
/opt/hostedtoolcache/Python/3.11.16/x64/lib/python3.11/tempfile.py,682,SpooledTemporaryFile,1,1,1.6061e-05,6.222808262085378e-06,1.6061e-05
/opt/hostedtoolcache/Python/3.11.16/x64/lib/python3.11/http/client.py,840,HTTPConnection,1,1,1.594e-05,6.175927009379299e-06,1.594e-05
/opt/hostedtoolcache/Python/3.11.16/x64/lib/python3.11/dataclasses.py,599,_frozen_get_del_attr,2,2,1.5850000000000002e-05,6.141056656126845e-06,0.0005468900000000001
~,0,<method 'isalnum' of 'str' objects>,13,13,1.5746e-05,6.100762025701785e-06,1.5746e-05
/home/runner/work/_temp/scanner-verification-il7_c53e/first_hybrid/scan_runtime.py,1,<module>,1,1,1.5729e-05,6.094175403420766e-06,0.002308175
/opt/hostedtoolcache/Python/3.11.16/x64/lib/python3.11/numbers.py,147,Real,1,1,1.5569e-05,6.032183664305289e-06,2.6199e-05
/opt/hostedtoolcache/Python/3.11.16/x64/lib/python3.11/typing.py,1552,__mro_entries__,3,3,1.5529e-05,6.0166857295264205e-06,5.810800000000001e-05
/opt/hostedtoolcache/Python/3.11.16/x64/lib/python3.11/statistics.py,414,mean,1,1,1.5489e-05,6.001187794747551e-06,0.017513318
/opt/hostedtoolcache/Python/3.11.16/x64/lib/python3.11/asyncio/events.py,754,_init_event_loop_policy,1,1,1.5449e-05,5.985689859968683e-06,3.8061e-05
/opt/hostedtoolcache/Python/3.11.16/x64/lib/python3.11/socket.py,651,socketpair,1,1,1.5108000000000002e-05,5.853569965978824e-06,4.2189000000000006e-05
/opt/hostedtoolcache/Python/3.11.16/x64/lib/python3.11/site-packages/httpx/_multipart.py,115,FileField,1,1,1.5078e-05,5.8419465148946725e-06,1.5078e-05
/opt/hostedtoolcache/Python/3.11.16/x64/lib/python3.11/inspect.py,310,ismethoddescriptor,7,7,1.5076000000000001e-05,5.841171618155729e-06,3.2641e-05
/opt/hostedtoolcache/Python/3.11.16/x64/lib/python3.11/importlib/resources/_adapters.py,146,_reader,1,1,1.5058e-05,5.834197547505238e-06,0.004953542
/opt/hostedtoolcache/Python/3.11.16/x64/lib/python3.11/uuid.py,85,UUID,1,1,1.5037e-05,5.8260611317463315e-06,1.6711e-05
/opt/hostedtoolcache/Python/3.11.16/x64/lib/python3.11/site-packages/httpx/_models.py,328,__delitem__,2,2,1.4969e-05,5.799714642622254e-06,3.6709000000000004e-05
/home/runner/work/_temp/scanner-verification-il7_c53e/first_hybrid/scan_runtime.py,127,__aexit__,2,2,1.4847e-05,5.752445941546704e-06,0.00032768200000000004
<frozen abc>,146,update_abstractmethods,7,7,1.4753000000000001e-05,5.716025794816362e-06,2.322e-05
/opt/hostedtoolcache/Python/3.11.16/x64/lib/python3.11/inspect.py,3015,parameters,15,15,1.4693000000000001e-05,5.692778892648059e-06,1.4693000000000001e-05
<frozen io>,61,__getattr__,5,5,1.464e-05,5.672244129066057e-06,1.464e-05
/opt/hostedtoolcache/Python/3.11.16/x64/lib/python3.11/site-packages/httpx/_utils.py,1,<module>,1,1,1.4606e-05,5.659070884504018e-06,3.5075000000000006e-05
/home/runner/work/_temp/scanner-verification-il7_c53e/first_hybrid/hybrid_backend.py,50,__init__,1,1,1.4587000000000001e-05,5.651709365484055e-06,4.4243e-05
~,0,<built-in method _abc._abc_register>,5,5,1.4499000000000001e-05,5.617613908970543e-06,0.000116378
/home/runner/work/_temp/scanner-verification-il7_c53e/first_hybrid/tiktok_worker_scanner.py,1082,__init__,3,3,1.4479000000000001e-05,5.6098649415811095e-06,2.3085e-05
/opt/hostedtoolcache/Python/3.11.16/x64/lib/python3.11/unittest/mock.py,2107,__init__,1,1,1.4447e-05,5.5974665937580145e-06,0.0014531300000000002
/opt/hostedtoolcache/Python/3.11.16/x64/lib/python3.11/logging/__init__.py,202,_checkLevel,7,7,1.4376000000000001e-05,5.569957759525521e-06,2.0078e-05
/opt/hostedtoolcache/Python/3.11.16/x64/lib/python3.11/argparse.py,2243,_parse_optional,12,12,1.4336000000000001e-05,5.554459824746653e-06,1.4336000000000001e-05
/opt/hostedtoolcache/Python/3.11.16/x64/lib/python3.11/site-packages/httpx/_client.py,1307,AsyncClient,1,1,1.4326000000000001e-05,5.550585341051936e-06,4.7018e-05
/home/runner/work/_temp/scanner-verification-il7_c53e/first_hybrid/tiktok_worker_scanner.py,3316,_control,3,3,1.4314e-05,5.5459359606182745e-06,4.7828000000000004e-05
/opt/hostedtoolcache/Python/3.11.16/x64/lib/python3.11/platform.py,753,from_subprocess,1,1,1.4286e-05,5.535087406273066e-06,0.0011982940000000001
~,0,<built-in method posix.urandom>,2,2,1.4276e-05,5.531212922578349e-06,1.4276e-05
/opt/hostedtoolcache/Python/3.11.16/x64/lib/python3.11/platform.py,543,_platform,1,1,1.4265000000000001e-05,5.526950990514161e-06,4.8099e-05
~,0,<built-in method posix.waitpid>,1,1,1.4256e-05,5.523463955188914e-06,1.4256e-05
/opt/hostedtoolcache/Python/3.11.16/x64/lib/python3.11/functools.py,981,__get__,1,1,1.4217000000000001e-05,5.5083534687795175e-06,0.0012348930000000001
/home/runner/work/_temp/scanner-verification-il7_c53e/first_hybrid/tiktok_worker_scanner.py,686,_profiles_locked,2,2,1.4187000000000002e-05,5.496730017695366e-06,1.9546e-05
/opt/hostedtoolcache/Python/3.11.16/x64/lib/python3.11/enum.py,1008,_find_new_,2,2,1.4185e-05,5.4959551209564216e-06,2.9595e-05
~,0,<built-in method _struct.calcsize>,5,5,1.4168e-05,5.489368498675402e-06,1.4168e-05
/opt/hostedtoolcache/Python/3.11.16/x64/lib/python3.11/unittest/mock.py,1119,__call__,1,1,1.4107e-05,5.4657341481376266e-06,0.0029159900000000002
~,0,<function socket.close at 0x7f3606befba0>,2,2,1.4066e-05,5.449848764989286e-06,1.4066e-05
/opt/hostedtoolcache/Python/3.11.16/x64/lib/python3.11/asyncio/selector_events.py,97,_close_self_pipe,1,1,1.3955000000000001e-05,5.4068419959779246e-06,9.691100000000001e-05
/opt/hostedtoolcache/Python/3.11.16/x64/lib/python3.11/argparse.py,206,__init__,11,11,1.3907000000000001e-05,5.388244474243283e-06,1.3907000000000001e-05
/opt/hostedtoolcache/Python/3.11.16/x64/lib/python3.11/dataclasses.py,1052,<listcomp>,7,7,1.3893e-05,5.382820197070678e-06,1.3893e-05
/opt/hostedtoolcache/Python/3.11.16/x64/lib/python3.11/signal.py,36,_enum_to_int,4,4,1.3877000000000001e-05,5.376621023159131e-06,1.3877000000000001e-05
/home/runner/work/_temp/scanner-verification-il7_c53e/first_hybrid/direct_protocol.py,51,__init__,1,1,1.3817e-05,5.3533741209908265e-06,5.1817e-05
~,0,<built-in method sys.getrecursionlimit>,14,14,1.3577e-05,5.260386512317613e-06,1.3577e-05
<frozen os>,773,getenv,5,5,1.3575000000000001e-05,5.25961161557867e-06,7.933900000000001e-05
/opt/hostedtoolcache/Python/3.11.16/x64/lib/python3.11/site-packages/httpx/_urls.py,15,URL,1,1,1.3415000000000001e-05,5.197619876463193e-06,1.3415000000000001e-05
/opt/hostedtoolcache/Python/3.11.16/x64/lib/python3.11/inspect.py,505,isbuiltin,7,7,1.3392000000000002e-05,5.188708563965345e-06,1.9425e-05
/opt/hostedtoolcache/Python/3.11.16/x64/lib/python3.11/enum.py,1367,_iter_member_by_def_,6,6,1.3323000000000001e-05,5.161974626471795e-06,6.8266e-05
/opt/hostedtoolcache/Python/3.11.16/x64/lib/python3.11/inspect.py,3019,return_annotation,14,14,1.3219e-05,5.121679996046735e-06,1.3219e-05
/opt/hostedtoolcache/Python/3.11.16/x64/lib/python3.11/http/cookiejar.py,92,<listcomp>,1,1,1.3195000000000002e-05,5.1123812351794145e-06,2.6059000000000002e-05
/opt/hostedtoolcache/Python/3.11.16/x64/lib/python3.11/contextlib.py,521,callback,2,2,1.3185000000000002e-05,5.1085067514846976e-06,2.2862000000000002e-05
/opt/hostedtoolcache/Python/3.11.16/x64/lib/python3.11/selectors.py,180,get_key,2,2,1.3136000000000001e-05,5.089521781380582e-06,4.4954000000000004e-05
/opt/hostedtoolcache/Python/3.11.16/x64/lib/python3.11/functools.py,818,dispatch,1,1,1.3033e-05,5.049614599324995e-06,0.000308044
/opt/hostedtoolcache/Python/3.11.16/x64/lib/python3.11/unittest/mock.py,436,__init__,1,1,1.3025000000000002e-05,5.0465150123692205e-06,0.000990969
/opt/hostedtoolcache/Python/3.11.16/x64/lib/python3.11/asyncio/events.py,803,set_event_loop,2,2,1.3025000000000002e-05,5.0465150123692205e-06,3.218e-05
/opt/hostedtoolcache/Python/3.11.16/x64/lib/python3.11/signal.py,62,getsignal,2,2,1.3023e-05,5.045740115630278e-06,2.4846000000000002e-05
/opt/hostedtoolcache/Python/3.11.16/x64/lib/python3.11/site-packages/certifi/__init__.py,1,<module>,1,1,1.2995e-05,5.034891561285069e-06,0.0070380780000000006
/opt/hostedtoolcache/Python/3.11.16/x64/lib/python3.11/unittest/mock.py,1571,__exit__,1,1,1.2994000000000001e-05,5.034504112915597e-06,2.4165e-05
/opt/hostedtoolcache/Python/3.11.16/x64/lib/python3.11/asyncio/base_events.py,565,shutdown_default_executor,2,2,1.2954e-05,5.019006178136728e-06,0.000212536
/opt/hostedtoolcache/Python/3.11.16/x64/lib/python3.11/subprocess.py,2021,_wait,2,2,1.2952e-05,5.018231281397784e-06,4.1456000000000004e-05
~,0,<built-in method builtins.globals>,15,15,1.2833e-05,4.972124925430649e-06,1.2833e-05
/opt/hostedtoolcache/Python/3.11.16/x64/lib/python3.11/dataclasses.py,397,<genexpr>,7,7,1.2805e-05,4.96127637108544e-06,1.2805e-05
/opt/hostedtoolcache/Python/3.11.16/x64/lib/python3.11/dataclasses.py,1046,<listcomp>,7,7,1.2704e-05,4.922144085768797e-06,1.2704e-05
/opt/hostedtoolcache/Python/3.11.16/x64/lib/python3.11/calendar.py,54,<listcomp>,1,1,1.2703e-05,4.921756637399325e-06,1.2703e-05
/opt/hostedtoolcache/Python/3.11.16/x64/lib/python3.11/enum.py,772,__getattr__,3,3,1.2664000000000001e-05,4.906646150989929e-06,2.2522000000000002e-05
/opt/hostedtoolcache/Python/3.11.16/x64/lib/python3.11/inspect.py,3197,bind_partial,1,1,1.2645e-05,4.899284631969965e-06,0.000170669
/opt/hostedtoolcache/Python/3.11.16/x64/lib/python3.11/platform.py,796,__iter__,1,1,1.2543e-05,4.859764898283849e-06,0.001247436
/opt/hostedtoolcache/Python/3.11.16/x64/lib/python3.11/functools.py,852,register,2,2,1.2534e-05,4.856277862958603e-06,4.8471000000000004e-05
/opt/hostedtoolcache/Python/3.11.16/x64/lib/python3.11/encodings/utf_8_sig.py,1,<module>,1,1,1.2534e-05,4.856277862958603e-06,8.876600000000001e-05
<frozen _collections_abc>,907,pop,2,2,1.2472e-05,4.832256064051356e-06,8.3675e-05
/opt/hostedtoolcache/Python/3.11.16/x64/lib/python3.11/unittest/mock.py,1176,_execute_mock_call,1,1,1.2454000000000001e-05,4.825281993400866e-06,0.002815873
/opt/hostedtoolcache/Python/3.11.16/x64/lib/python3.11/http/cookiejar.py,874,DefaultCookiePolicy,1,1,1.2413000000000001e-05,4.8093966102525245e-06,1.2413000000000001e-05
/opt/hostedtoolcache/Python/3.11.16/x64/lib/python3.11/functools.py,774,_find_impl,1,1,1.2404e-05,4.805909574927279e-06,0.00028921000000000003
~,0,<method 'items' of 'mappingproxy' objects>,11,11,1.2401e-05,4.804747229818864e-06,1.2401e-05
/opt/hostedtoolcache/Python/3.11.16/x64/lib/python3.11/datetime.py,893,date,1,1,1.2383000000000002e-05,4.797773159168373e-06,1.2383000000000002e-05
/home/runner/work/_temp/scanner-verification-il7_c53e/first_hybrid/tiktok_worker_scanner.py,1242,summary,1,1,1.2381e-05,4.7969982624294294e-06,3.0326e-05
/opt/hostedtoolcache/Python/3.11.16/x64/lib/python3.11/subprocess.py,1165,communicate,1,1,1.2353e-05,4.786149708084221e-06,9.4645e-05
/home/runner/work/_temp/scanner-verification-il7_c53e/first_hybrid/backend_metrics.py,1,<module>,1,1,1.2302e-05,4.7663898412411635e-06,8.347500000000001e-05
/opt/hostedtoolcache/Python/3.11.16/x64/lib/python3.11/importlib/readers.py,1,<module>,1,1,1.2283e-05,4.759028322221201e-06,0.004196549
/opt/hostedtoolcache/Python/3.11.16/x64/lib/python3.11/argparse.py,958,__call__,6,6,1.2253000000000001e-05,4.747404871137049e-06,1.8694e-05
/opt/hostedtoolcache/Python/3.11.16/x64/lib/python3.11/argparse.py,1475,add_argument_group,2,2,1.2232e-05,4.739268455378143e-06,0.000159326
~,0,<built-in method sys.set_asyncgen_hooks>,6,6,1.2222000000000001e-05,4.735393971683426e-06,1.2222000000000001e-05
/opt/hostedtoolcache/Python/3.11.16/x64/lib/python3.11/pathlib.py,349,__init__,2,2,1.2203000000000002e-05,4.728032452663463e-06,0.001275569
<frozen posixpath>,150,dirname,2,2,1.2193e-05,4.724157968968745e-06,2.3665e-05
~,0,<built-in method sys._getframe>,12,12,1.2192000000000001e-05,4.7237705205992735e-06,1.2192000000000001e-05
<frozen abc>,110,register,5,5,1.2161000000000001e-05,4.71175962114565e-06,0.000128539
/opt/hostedtoolcache/Python/3.11.16/x64/lib/python3.11/statistics.py,1170,NormalDist,1,1,1.1972000000000002e-05,4.638531879315495e-06,1.1972000000000002e-05
/opt/hostedtoolcache/Python/3.11.16/x64/lib/python3.11/dataclasses.py,327,__set_name__,5,5,1.1920000000000001e-05,4.6183845641029645e-06,2.0208e-05
/home/runner/work/_temp/scanner-verification-il7_c53e/first_hybrid/scan_statistics.py,1,<module>,1,1,1.1902e-05,4.6114104934524726e-06,4.5154e-05
/opt/hostedtoolcache/Python/3.11.16/x64/lib/python3.11/tempfile.py,154,__next__,1,1,1.1851e-05,4.5916506266094155e-06,9.452600000000001e-05
~,0,<method 'disable' of '_lsprof.Profiler' objects>,9,9,1.1823999999999999e-05,4.5811895206336784e-06,1.1823999999999999e-05
/opt/hostedtoolcache/Python/3.11.16/x64/lib/python3.11/pathlib.py,304,__init__,2,4,1.1802000000000002e-05,4.572665656505301e-06,0.001299183
/opt/hostedtoolcache/Python/3.11.16/x64/lib/python3.11/asyncio/runners.py,131,_lazy_init,2,2,1.1712e-05,4.537795303252846e-06,0.00042744800000000003
/opt/hostedtoolcache/Python/3.11.16/x64/lib/python3.11/selectors.py,483,close,1,1,1.1692000000000001e-05,4.530046335863411e-06,2.5187e-05
/opt/hostedtoolcache/Python/3.11.16/x64/lib/python3.11/dataclasses.py,845,_hash_add,2,2,1.1562e-05,4.479678047832086e-06,0.000229077
/opt/hostedtoolcache/Python/3.11.16/x64/lib/python3.11/platform.py,549,<genexpr>,6,6,1.1493e-05,4.452944110338537e-06,1.577e-05
/opt/hostedtoolcache/Python/3.11.16/x64/lib/python3.11/importlib/resources/abc.py,14,ResourceReader,1,1,1.1401000000000001e-05,4.417298860347139e-06,0.00012200700000000001
/opt/hostedtoolcache/Python/3.11.16/x64/lib/python3.11/selectors.py,69,__getitem__,2,2,1.1400000000000001e-05,4.4169114119776675e-06,2.7831000000000002e-05
<frozen _collections_abc>,156,__subclasshook__,4,4,1.1222e-05,4.3479456022117e-06,2.135e-05
/opt/hostedtoolcache/Python/3.11.16/x64/lib/python3.11/asyncio/selector_events.py,281,_remove_reader,1,1,1.1211e-05,4.3436836701475115e-06,5.4011e-05
~,0,<built-in method _asyncio._set_running_loop>,6,6,1.113e-05,4.312300352220301e-06,1.113e-05
/opt/hostedtoolcache/Python/3.11.16/x64/lib/python3.11/site-packages/httpx/_models.py,139,Headers,1,1,1.1121e-05,4.308813316895055e-06,1.2554e-05
/opt/hostedtoolcache/Python/3.11.16/x64/lib/python3.11/__future__.py,83,__init__,10,10,1.1051000000000001e-05,4.281691931032035e-06,1.1051000000000001e-05
/home/runner/work/_temp/scanner-verification-il7_c53e/first_hybrid/hybrid_backend.py,436,create_client,1,1,1.098e-05,4.254183096799543e-06,0.0027772400000000003
~,0,<method 'difference_update' of 'set' objects>,8,8,1.0971e-05,4.250696061474298e-06,1.0971e-05
~,0,<built-in method builtins.dir>,1,1,1.0971e-05,4.250696061474298e-06,1.0971e-05
/opt/hostedtoolcache/Python/3.11.16/x64/lib/python3.11/selectors.py,215,_fileobj_lookup,4,4,1.0959000000000001e-05,4.246046681040636e-06,2.3563e-05
/opt/hostedtoolcache/Python/3.11.16/x64/lib/python3.11/http/client.py,108,<dictcomp>,1,1,1.093e-05,4.234810678325956e-06,1.093e-05
/opt/hostedtoolcache/Python/3.11.16/x64/lib/python3.11/site-packages/httpx/_client.py,305,headers,1,1,1.093e-05,4.234810678325956e-06,0.000318514
/opt/hostedtoolcache/Python/3.11.16/x64/lib/python3.11/datetime.py,2293,timezone,1,1,1.0860000000000001e-05,4.207689292462936e-06,0.000120304
/opt/hostedtoolcache/Python/3.11.16/x64/lib/python3.11/subprocess.py,1259,wait,2,2,1.0841e-05,4.200327773442972e-06,5.2297000000000004e-05
<frozen os>,760,decode,4,4,1.0840000000000001e-05,4.199940325073501e-06,1.5628e-05
/opt/hostedtoolcache/Python/3.11.16/x64/lib/python3.11/selectors.py,347,__init__,1,1,1.081e-05,4.188316873989349e-06,1.6751e-05
/opt/hostedtoolcache/Python/3.11.16/x64/lib/python3.11/pathlib.py,1141,unlink,2,2,1.0809000000000001e-05,4.187929425619878e-06,5.6486e-05
<frozen codecs>,94,__new__,2,2,1.0789000000000001e-05,4.180180458230443e-06,1.3595000000000001e-05
/opt/hostedtoolcache/Python/3.11.16/x64/lib/python3.11/dataclasses.py,346,__init__,7,7,1.0751000000000001e-05,4.1654574201905175e-06,1.0751000000000001e-05
/home/runner/work/_temp/scanner-verification-il7_c53e/first_hybrid/tiktok_worker_scanner.py,3240,DurableScanState,1,1,1.0721000000000001e-05,4.153833969106366e-06,1.0721000000000001e-05
/opt/hostedtoolcache/Python/3.11.16/x64/lib/python3.11/typing.py,2076,<genexpr>,10,10,1.0700000000000001e-05,4.1456975533474596e-06,1.0700000000000001e-05
/opt/hostedtoolcache/Python/3.11.16/x64/lib/python3.11/site-packages/httpx/_models.py,334,<listcomp>,2,2,1.057e-05,4.095329265316135e-06,1.6461e-05
/home/runner/work/_temp/scanner-verification-il7_c53e/first_hybrid/tiktok_worker_scanner.py,199,ListExportResult,1,1,1.0469000000000001e-05,4.056196979999492e-06,1.5269000000000002e-05
/opt/hostedtoolcache/Python/3.11.16/x64/lib/python3.11/statistics.py,333,_convert,1,1,1.042e-05,4.037212009895376e-06,2.1130000000000003e-05
/opt/hostedtoolcache/Python/3.11.16/x64/lib/python3.11/datetime.py,923,__new__,2,2,1.0398000000000001e-05,4.028688145766998e-06,3.285e-05
/opt/hostedtoolcache/Python/3.11.16/x64/lib/python3.11/queue.py,28,Queue,1,1,1.0329e-05,4.001954208273449e-06,1.0329e-05
/home/runner/work/_temp/scanner-verification-il7_c53e/first_hybrid/hybrid_backend.py,334,__aenter__,2,2,1.0299e-05,3.990330757189298e-06,0.000152805
/opt/hostedtoolcache/Python/3.11.16/x64/lib/python3.11/asyncio/unix_events.py,67,close,1,1,1.0289000000000001e-05,3.986456273494581e-06,0.00021207500000000002
/home/runner/work/_temp/scanner-verification-il7_c53e/final/tests/benchmark_hybrid.py,183,<dictcomp>,1,1,1.0287e-05,3.985681376755637e-06,1.6861e-05
/opt/hostedtoolcache/Python/3.11.16/x64/lib/python3.11/pathlib.py,1070,write_text,1,1,1.0150000000000001e-05,3.932600950138011e-06,0.000130664
~,0,<method 'rsplit' of 'str' objects>,6,6,1.0047e-05,3.892693768082423e-06,1.0047e-05
<frozen importlib._bootstrap>,1192,_gcd_import,1,1,1.0028000000000001e-05,3.8853322490624605e-06,2.0749e-05
/opt/hostedtoolcache/Python/3.11.16/x64/lib/python3.11/importlib/resources/_adapters.py,42,CompatibilityFiles,1,1,9.959e-06,3.8585983115689115e-06,0.00024133000000000002
/opt/hostedtoolcache/Python/3.11.16/x64/lib/python3.11/asyncio/base_events.py,697,is_running,9,9,9.93e-06,3.847362308854231e-06,9.93e-06
/opt/hostedtoolcache/Python/3.11.16/x64/lib/python3.11/site-packages/httpx/_models.py,1079,Cookies,1,1,9.91e-06,3.839613341464796e-06,4.248e-05
/opt/hostedtoolcache/Python/3.11.16/x64/lib/python3.11/pathlib.py,1046,read_bytes,1,1,9.859e-06,3.819853474621738e-06,8.0771e-05
/home/runner/work/_temp/scanner-verification-il7_c53e/final/tests/benchmark_hybrid.py,108,factory,1,1,9.849e-06,3.815978990927021e-06,0.002789012
/home/runner/work/_temp/scanner-verification-il7_c53e/first_hybrid/tiktok_worker_scanner.py,2207,UserStore,1,1,9.768e-06,3.784595672999812e-06,9.768e-06
/opt/hostedtoolcache/Python/3.11.16/x64/lib/python3.11/site-packages/httpx/_main.py,1,<module>,1,1,9.759000000000001e-06,3.7811086376745664e-06,0.0006613340000000001
/opt/hostedtoolcache/Python/3.11.16/x64/lib/python3.11/email/header.py,175,Header,1,1,9.758e-06,3.7807211893050947e-06,9.758e-06
/opt/hostedtoolcache/Python/3.11.16/x64/lib/python3.11/pathlib.py,313,select_from,2,2,9.739000000000001e-06,3.773359670285132e-06,7.1685e-05
/opt/hostedtoolcache/Python/3.11.16/x64/lib/python3.11/email/_parseaddr.py,1,<module>,1,1,9.73e-06,3.769872634959886e-06,0.0012333210000000001
/opt/hostedtoolcache/Python/3.11.16/x64/lib/python3.11/signal.py,24,_int_to_enum,4,4,9.73e-06,3.769872634959886e-06,1.5649000000000002e-05
/opt/hostedtoolcache/Python/3.11.16/x64/lib/python3.11/typing.py,1049,<genexpr>,9,9,9.667e-06,3.7454633876831675e-06,9.667e-06
/opt/hostedtoolcache/Python/3.11.16/x64/lib/python3.11/argparse.py,2105,<listcomp>,6,6,9.608e-06,3.7226039338843358e-06,9.608e-06
/opt/hostedtoolcache/Python/3.11.16/x64/lib/python3.11/enum.py,117,_iter_bits_lsb,6,6,9.567e-06,3.7067185507359947e-06,1.1741e-05
/home/runner/work/_temp/scanner-verification-il7_c53e/first_hybrid/scan_statistics.py,13,ScanStatistics,1,1,9.538e-06,3.695482548021315e-06,9.538e-06
/opt/hostedtoolcache/Python/3.11.16/x64/lib/python3.11/unittest/mock.py,1280,__init__,1,1,9.447000000000001e-06,3.660224746399388e-06,1.7743000000000003e-05
/opt/hostedtoolcache/Python/3.11.16/x64/lib/python3.11/asyncio/base_events.py,1939,_set_coroutine_origin_tracking,6,6,9.426000000000001e-06,3.652088330640482e-06,9.426000000000001e-06
/opt/hostedtoolcache/Python/3.11.16/x64/lib/python3.11/unittest/mock.py,2486,__new__,2,2,9.417e-06,3.648601295315236e-06,1.4747000000000001e-05
/opt/hostedtoolcache/Python/3.11.16/x64/lib/python3.11/hashlib.py,82,__get_builtin_constructor,2,2,9.388e-06,3.637365292600556e-06,0.000553843
/opt/hostedtoolcache/Python/3.11.16/x64/lib/python3.11/random.py,235,_randbelow_with_getrandbits,1,1,9.377e-06,3.633103360536367e-06,2.8192e-05
/home/runner/work/_temp/scanner-verification-il7_c53e/first_hybrid/tiktok_worker_scanner.py,1540,<genexpr>,5,5,9.338000000000001e-06,3.6179928741269704e-06,1.3155e-05
/opt/hostedtoolcache/Python/3.11.16/x64/lib/python3.11/logging/__init__.py,764,__init__,4,4,9.279e-06,3.5951334203281382e-06,1.2975e-05
/opt/hostedtoolcache/Python/3.11.16/x64/lib/python3.11/urllib/error.py,1,<module>,1,1,9.277000000000001e-06,3.594358523589195e-06,0.000646896
<frozen os>,1081,__subclasshook__,3,3,9.258e-06,3.586997004569232e-06,1.7544e-05
/opt/hostedtoolcache/Python/3.11.16/x64/lib/python3.11/bisect.py,1,<module>,1,1,9.247000000000001e-06,3.582735072505043e-06,0.000562078
/opt/hostedtoolcache/Python/3.11.16/x64/lib/python3.11/pathlib.py,578,__eq__,1,1,9.240000000000001e-06,3.580022933918741e-06,2.4807e-05
/opt/hostedtoolcache/Python/3.11.16/x64/lib/python3.11/platform.py,914,system,1,1,9.227e-06,3.574986105115608e-06,4.5565e-05
/opt/hostedtoolcache/Python/3.11.16/x64/lib/python3.11/logging/__init__.py,801,addFilter,4,4,9.128000000000001e-06,3.536628716537908e-06,1.2624000000000001e-05
/opt/hostedtoolcache/Python/3.11.16/x64/lib/python3.11/selectors.py,21,_fileobj_to_fd,4,4,9.106e-06,3.5281048524095294e-06,1.2604e-05
/opt/hostedtoolcache/Python/3.11.16/x64/lib/python3.11/gettext.py,616,gettext,3,3,9.086e-06,3.520355885020095e-06,0.000789713
/opt/hostedtoolcache/Python/3.11.16/x64/lib/python3.11/pathlib.py,380,__init__,2,2,9.038e-06,3.5017583632854526e-06,0.001308221
/opt/hostedtoolcache/Python/3.11.16/x64/lib/python3.11/unittest/mock.py,150,_callable,2,2,9.027e-06,3.497496431221263e-06,1.5118000000000002e-05
/opt/hostedtoolcache/Python/3.11.16/x64/lib/python3.11/asyncio/base_events.py,664,close,1,1,9.026000000000001e-06,3.497108982851792e-06,1.8174000000000003e-05
/opt/hostedtoolcache/Python/3.11.16/x64/lib/python3.11/email/_policybase.py,112,Policy,1,1,8.988000000000001e-06,3.482385944811866e-06,1.4858e-05
/opt/hostedtoolcache/Python/3.11.16/x64/lib/python3.11/re/_parser.py,903,_parse_flags,2,2,8.956e-06,3.469987596988771e-06,1.5549e-05
/opt/hostedtoolcache/Python/3.11.16/x64/lib/python3.11/functools.py,841,_is_union_type,1,1,8.946e-06,3.4661131132940536e-06,1.7723e-05
/opt/hostedtoolcache/Python/3.11.16/x64/lib/python3.11/zipfile.py,2358,Path,1,1,8.927000000000001e-06,3.4587515942740907e-06,8.927000000000001e-06
/opt/hostedtoolcache/Python/3.11.16/x64/lib/python3.11/random.py,103,Random,1,1,8.867e-06,3.4355046921057873e-06,8.867e-06
/opt/hostedtoolcache/Python/3.11.16/x64/lib/python3.11/weakref.py,104,__init__,1,1,8.847e-06,3.4277557247163526e-06,1.8194000000000002e-05
/opt/hostedtoolcache/Python/3.11.16/x64/lib/python3.11/unittest/mock.py,1085,_try_iter,1,1,8.706000000000001e-06,3.3731255046208397e-06,2.1159000000000002e-05
/opt/hostedtoolcache/Python/3.11.16/x64/lib/python3.11/zipfile.py,363,ZipInfo,1,1,8.686000000000001e-06,3.365376537231405e-06,8.686000000000001e-06
/opt/hostedtoolcache/Python/3.11.16/x64/lib/python3.11/unittest/mock.py,53,_is_async_obj,1,1,8.677e-06,3.3618895019061595e-06,8.895600000000001e-05
/opt/hostedtoolcache/Python/3.11.16/x64/lib/python3.11/weakref.py,367,__init__,2,2,8.665000000000001e-06,3.357240121472499e-06,8.665000000000001e-06
/opt/hostedtoolcache/Python/3.11.16/x64/lib/python3.11/site-packages/httpx/_client.py,1978,aclose,1,1,8.606e-06,3.334380667673667e-06,1.058e-05
/home/runner/work/_temp/scanner-verification-il7_c53e/first_hybrid/scan_runtime.py,140,__init__,2,2,8.596e-06,3.33050618397895e-06,1.4577000000000001e-05
/opt/hostedtoolcache/Python/3.11.16/x64/lib/python3.11/unittest/mock.py,1620,_patch_object,1,1,8.596e-06,3.33050618397895e-06,2.6339000000000003e-05
/opt/hostedtoolcache/Python/3.11.16/x64/lib/python3.11/selectors.py,351,register,1,1,8.596e-06,3.33050618397895e-06,3.0236000000000003e-05
/opt/hostedtoolcache/Python/3.11.16/x64/lib/python3.11/importlib/resources/_common.py,59,from_package,1,1,8.585e-06,3.3262442519147606e-06,0.0049844600000000005
~,0,<built-in method maketrans>,2,2,8.557000000000001e-06,3.315395697569553e-06,8.557000000000001e-06
/opt/hostedtoolcache/Python/3.11.16/x64/lib/python3.11/importlib/resources/_common.py,47,get_package,1,1,8.456e-06,3.276263412252908e-06,5.3631e-05
/opt/hostedtoolcache/Python/3.11.16/x64/lib/python3.11/asyncio/unix_events.py,1440,set_event_loop,2,2,8.415e-06,3.2603780291045675e-06,1.6841e-05
/opt/hostedtoolcache/Python/3.11.16/x64/lib/python3.11/platform.py,736,get,1,1,8.406e-06,3.256890993779322e-06,0.0012093450000000001
/opt/hostedtoolcache/Python/3.11.16/x64/lib/python3.11/dataclasses.py,638,_hash_fn,2,2,8.404000000000001e-06,3.256116097040379e-06,0.00020608400000000001
/opt/hostedtoolcache/Python/3.11.16/x64/lib/python3.11/importlib/resources/readers.py,53,MultiplexedPath,1,1,8.366000000000001e-06,3.241393059000453e-06,8.366000000000001e-06
<frozen runpy>,65,_run_code,1,1,8.315000000000001e-06,3.221633192157395e-06,190.46355388900002
/opt/hostedtoolcache/Python/3.11.16/x64/lib/python3.11/warnings.py,182,_add_filter,1,1,8.296e-06,3.214271673137432e-06,1.2083000000000001e-05
/opt/hostedtoolcache/Python/3.11.16/x64/lib/python3.11/site-packages/httpx/_client.py,125,ClientState,1,1,8.235e-06,3.190637322599657e-06,0.000150851
/opt/hostedtoolcache/Python/3.11.16/x64/lib/python3.11/unittest/mock.py,68,_is_instance_mock,4,4,8.235e-06,3.190637322599657e-06,1.2002000000000001e-05
/opt/hostedtoolcache/Python/3.11.16/x64/lib/python3.11/urllib/error.py,35,HTTPError,1,1,8.196e-06,3.17552683619026e-06,9.748e-06
/opt/hostedtoolcache/Python/3.11.16/x64/lib/python3.11/tempfile.py,86,_infer_return_type,1,1,8.166000000000001e-06,3.163903385106108e-06,6.3489e-05
/home/runner/work/_temp/scanner-verification-il7_c53e/first_hybrid/hybrid_backend.py,317,<dictcomp>,1,1,8.095000000000001e-06,3.1363945508736155e-06,0.000682944
/opt/hostedtoolcache/Python/3.11.16/x64/lib/python3.11/urllib/response.py,1,<module>,1,1,8.084000000000001e-06,3.132132618809427e-06,6.985e-05
/opt/hostedtoolcache/Python/3.11.16/x64/lib/python3.11/socket.py,220,__init__,2,2,8.056e-06,3.1212840644642184e-06,8.056e-06
/opt/hostedtoolcache/Python/3.11.16/x64/lib/python3.11/http/cookiejar.py,884,__init__,2,2,8.045e-06,3.117022132400029e-06,8.045e-06
/opt/hostedtoolcache/Python/3.11.16/x64/lib/python3.11/sqlite3/dbapi2.py,54,register_adapters_and_converters,1,1,7.986000000000001e-06,3.0941626786011976e-06,1.3886e-05
<frozen importlib._bootstrap_external>,1136,get_resource_reader,1,1,7.965e-06,3.0860262628422916e-06,0.00493101
/opt/hostedtoolcache/Python/3.11.16/x64/lib/python3.11/fractions.py,369,reverse,1,1,7.956e-06,3.0825392275170452e-06,5.878e-05
/opt/hostedtoolcache/Python/3.11.16/x64/lib/python3.11/email/base64mime.py,1,<module>,1,1,7.943e-06,3.077502398713913e-06,7.943e-06
/opt/hostedtoolcache/Python/3.11.16/x64/lib/python3.11/email/encoders.py,1,<module>,1,1,7.934e-06,3.074015363388668e-06,0.0007765780000000001
~,0,<method 'seek' of '_io.BufferedReader' objects>,4,4,7.914e-06,3.0662663959992333e-06,7.914e-06
/opt/hostedtoolcache/Python/3.11.16/x64/lib/python3.11/tempfile.py,230,_get_candidate_names,1,1,7.885e-06,3.055030393284553e-06,1.045e-05
/opt/hostedtoolcache/Python/3.11.16/x64/lib/python3.11/importlib/resources/abc.py,131,TraversableResources,1,1,7.845e-06,3.0395324585056843e-06,0.00011040600000000001
/opt/hostedtoolcache/Python/3.11.16/x64/lib/python3.11/warnings.py,467,__enter__,1,1,7.835e-06,3.035657974810967e-06,9.097000000000001e-06
/home/runner/work/_temp/scanner-verification-il7_c53e/first_hybrid/tiktok_worker_scanner.py,1079,CredentialRedactor,1,1,7.835e-06,3.035657974810967e-06,0.0012008000000000001
/opt/hostedtoolcache/Python/3.11.16/x64/lib/python3.11/fractions.py,500,_div,1,1,7.806000000000001e-06,3.024421972096287e-06,1.5018000000000001e-05
/opt/hostedtoolcache/Python/3.11.16/x64/lib/python3.11/uuid.py,721,uuid4,1,1,7.804e-06,3.0236470753573432e-06,2.9064e-05
/home/runner/work/_temp/scanner-verification-il7_c53e/first_hybrid/tiktok_worker_scanner.py,1438,WorkerApiClient,1,1,7.794e-06,3.019772591662626e-06,7.794e-06
/opt/hostedtoolcache/Python/3.11.16/x64/lib/python3.11/selectors.py,365,unregister,1,1,7.755000000000001e-06,3.0046621052532293e-06,2.1470000000000003e-05
/home/runner/work/_temp/scanner-verification-il7_c53e/first_hybrid/tiktok_worker_scanner.py,1536,<listcomp>,1,1,7.734e-06,2.9965256894943224e-06,0.00016264300000000002
/opt/hostedtoolcache/Python/3.11.16/x64/lib/python3.11/argparse.py,1603,_get_handler,3,3,7.713e-06,2.9883892737354164e-06,1.1851e-05
~,0,<method '__init_subclass__' of 'object' objects>,8,8,7.685e-06,2.977540719390208e-06,7.685e-06
/opt/hostedtoolcache/Python/3.11.16/x64/lib/python3.11/site-packages/httpx/_client.py,234,_enforce_trailing_slash,1,1,7.683e-06,2.976765822651265e-06,1.3875e-05
/opt/hostedtoolcache/Python/3.11.16/x64/lib/python3.11/concurrent/futures/__init__.py,40,__getattr__,1,1,7.654e-06,2.9655298199365843e-06,0.0022462700000000003
/opt/hostedtoolcache/Python/3.11.16/x64/lib/python3.11/datetime.py,573,timedelta,1,1,7.604e-06,2.9461574014629986e-06,7.604e-06
/opt/hostedtoolcache/Python/3.11.16/x64/lib/python3.11/logging/__init__.py,795,__init__,7,7,7.596000000000001e-06,2.9430578145072244e-06,7.596000000000001e-06
/opt/hostedtoolcache/Python/3.11.16/x64/lib/python3.11/numbers.py,283,__float__,1,1,7.5940000000000005e-06,2.942282917768281e-06,9.618e-06
/opt/hostedtoolcache/Python/3.11.16/x64/lib/python3.11/weakref.py,369,remove,4,4,7.553e-06,2.9263975346199402e-06,7.553e-06
/opt/hostedtoolcache/Python/3.11.16/x64/lib/python3.11/functools.py,723,<listcomp>,7,7,7.545000000000001e-06,2.923297947664167e-06,7.545000000000001e-06
~,0,<built-in method time.get_clock_info>,1,1,7.505e-06,2.907800012885297e-06,7.505e-06
/opt/hostedtoolcache/Python/3.11.16/x64/lib/python3.11/random.py,480,choices,1,1,7.4140000000000005e-06,2.8725422112633704e-06,4.2279e-05
/opt/hostedtoolcache/Python/3.11.16/x64/lib/python3.11/asyncio/events.py,686,set_event_loop,2,2,7.404000000000001e-06,2.8686677275686535e-06,8.426e-06
/opt/hostedtoolcache/Python/3.11.16/x64/lib/python3.11/selectors.py,234,register,1,1,7.394000000000001e-06,2.8647932438739362e-06,1.596e-05
/home/runner/work/_temp/scanner-verification-il7_c53e/first_hybrid/scan_statistics.py,85,stop,1,1,7.3850000000000004e-06,2.8613062085486903e-06,2.5348000000000002e-05
/opt/hostedtoolcache/Python/3.11.16/x64/lib/python3.11/encodings/utf_8.py,33,getregentry,1,1,7.364e-06,2.8531697927897843e-06,1.4527000000000002e-05
/opt/hostedtoolcache/Python/3.11.16/x64/lib/python3.11/pathlib.py,440,__getitem__,1,1,7.313e-06,2.8334099259467263e-06,2.3504e-05
~,0,<built-in method posix.uname>,1,1,7.313e-06,2.8334099259467263e-06,7.313e-06
/opt/hostedtoolcache/Python/3.11.16/x64/lib/python3.11/argparse.py,2076,consume_positionals,1,1,7.284e-06,2.822173923232046e-06,1.2083000000000001e-05
/opt/hostedtoolcache/Python/3.11.16/x64/lib/python3.11/asyncio/base_events.py,578,_do_shutdown,1,1,7.224000000000001e-06,2.798927021063743e-06,0.000270524
/opt/hostedtoolcache/Python/3.11.16/x64/lib/python3.11/socket.py,495,_real_close,2,2,7.224000000000001e-06,2.798927021063743e-06,2.129e-05
/opt/hostedtoolcache/Python/3.11.16/x64/lib/python3.11/argparse.py,1873,parse_args,1,1,7.223e-06,2.798539572694271e-06,0.000731725
/opt/hostedtoolcache/Python/3.11.16/x64/lib/python3.11/datetime.py,2313,_create,3,3,7.2120000000000006e-06,2.7942776406300823e-06,9.928e-06
/opt/hostedtoolcache/Python/3.11.16/x64/lib/python3.11/tempfile.py,143,rng,1,1,7.2050000000000005e-06,2.79156550204378e-06,3.9374e-05
/opt/hostedtoolcache/Python/3.11.16/x64/lib/python3.11/site-packages/httpx/_urls.py,420,QueryParams,1,1,7.134000000000001e-06,2.7640566678112877e-06,7.134000000000001e-06
/opt/hostedtoolcache/Python/3.11.16/x64/lib/python3.11/platform.py,778,uname_result,1,1,7.123e-06,2.7597947357470986e-06,9.888000000000001e-06
~,0,<method 'close' of 'select.epoll' objects>,1,1,7.113e-06,2.7559202520523813e-06,7.113e-06
/opt/hostedtoolcache/Python/3.11.16/x64/lib/python3.11/functools.py,904,wrapper,1,1,7.1030000000000004e-06,2.7520457683576644e-06,0.00032296200000000004
/home/runner/work/_temp/scanner-verification-il7_c53e/first_hybrid/tiktok_worker_scanner.py,1253,AsyncRequestGate,1,1,7.0930000000000005e-06,2.7481712846629467e-06,3.9404000000000004e-05
~,0,<built-in method math.floor>,8,8,7.0420000000000005e-06,2.728411417819889e-06,7.0420000000000005e-06
/opt/hostedtoolcache/Python/3.11.16/x64/lib/python3.11/platform.py,792,processor,1,1,7.0130000000000004e-06,2.717175415105209e-06,0.0012176700000000001
/opt/hostedtoolcache/Python/3.11.16/x64/lib/python3.11/statistics.py,549,median,1,1,6.995000000000001e-06,2.710201344454718e-06,0.00032234200000000004
~,0,<built-in method _hashlib.openssl_sha3_224>,1,1,6.9230000000000005e-06,2.6823050618527536e-06,6.9230000000000005e-06
/opt/hostedtoolcache/Python/3.11.16/x64/lib/python3.11/ssl.py,740,verify_mode,1,1,6.903000000000001e-06,2.674556094463319e-06,6.903000000000001e-06
/opt/hostedtoolcache/Python/3.11.16/x64/lib/python3.11/platform.py,161,libc_ver,1,1,6.883000000000001e-06,2.6668071270738847e-06,1.1842000000000001e-05
/opt/hostedtoolcache/Python/3.11.16/x64/lib/python3.11/secrets.py,26,randbelow,1,1,6.873e-06,2.6629326433791674e-06,3.5065000000000004e-05
~,0,<built-in method _hashlib.openssl_sha1>,1,1,6.863e-06,2.65905815968445e-06,6.863e-06
/opt/hostedtoolcache/Python/3.11.16/x64/lib/python3.11/random.py,800,getrandbits,1,1,6.803000000000001e-06,2.6358112575161466e-06,1.7773e-05
~,0,<built-in method _functools.reduce>,1,1,6.802e-06,2.635423809146675e-06,8.506000000000001e-06
/home/runner/work/_temp/scanner-verification-il7_c53e/first_hybrid/tiktok_worker_scanner.py,3329,close,1,1,6.783e-06,2.628062290126712e-06,0.002487327
/opt/hostedtoolcache/Python/3.11.16/x64/lib/python3.11/argparse.py,2557,_check_value,6,6,6.7720000000000006e-06,2.6238003580625233e-06,6.7720000000000006e-06
/opt/hostedtoolcache/Python/3.11.16/x64/lib/python3.11/argparse.py,987,__init__,2,2,6.763e-06,2.6203133227372774e-06,1.7844e-05
/opt/hostedtoolcache/Python/3.11.16/x64/lib/python3.11/unittest/mock.py,74,_is_exception,2,2,6.762000000000001e-06,2.619925874367806e-06,1.0320000000000001e-05
~,0,<method 'rfind' of 'bytes' objects>,2,2,6.7430000000000005e-06,2.612564355347843e-06,6.7430000000000005e-06
/opt/hostedtoolcache/Python/3.11.16/x64/lib/python3.11/email/iterators.py,1,<module>,1,1,6.742000000000001e-06,2.612176906978372e-06,9.147e-06
/opt/hostedtoolcache/Python/3.11.16/x64/lib/python3.11/email/_policybase.py,279,Compat32,1,1,6.712e-06,2.6005534558942194e-06,6.712e-06
/opt/hostedtoolcache/Python/3.11.16/x64/lib/python3.11/contextlib.py,403,__exit__,1,1,6.693e-06,2.593191936874257e-06,1.0049e-05
/opt/hostedtoolcache/Python/3.11.16/x64/lib/python3.11/enum.py,360,__init__,2,2,6.663e-06,2.581568485790105e-06,6.663e-06
/opt/hostedtoolcache/Python/3.11.16/x64/lib/python3.11/functools.py,724,<listcomp>,7,7,6.652e-06,2.577306553725916e-06,6.652e-06
/opt/hostedtoolcache/Python/3.11.16/x64/lib/python3.11/encodings/utf_8_sig.py,121,getregentry,1,1,6.642e-06,2.5734320700311986e-06,1.3074e-05
/opt/hostedtoolcache/Python/3.11.16/x64/lib/python3.11/asyncio/runners.py,62,__exit__,1,1,6.6410000000000005e-06,2.573044621661727e-06,0.0012326680000000001
/opt/hostedtoolcache/Python/3.11.16/x64/lib/python3.11/asyncio/locks.py,229,__init__,1,1,6.632e-06,2.5695575863364817e-06,8.235e-06
/opt/hostedtoolcache/Python/3.11.16/x64/lib/python3.11/asyncio/events.py,762,get_event_loop_policy,3,3,6.622e-06,2.5656831026417644e-06,4.4683000000000006e-05
/opt/hostedtoolcache/Python/3.11.16/x64/lib/python3.11/importlib/resources/readers.py,16,__init__,1,1,6.582000000000001e-06,2.550185167862895e-06,9.857400000000001e-05
/opt/hostedtoolcache/Python/3.11.16/x64/lib/python3.11/socket.py,499,close,2,2,6.582000000000001e-06,2.550185167862895e-06,2.7872e-05
/opt/hostedtoolcache/Python/3.11.16/x64/lib/python3.11/concurrent/futures/thread.py,118,ThreadPoolExecutor,1,1,6.392000000000001e-06,2.4765699776632674e-06,6.392000000000001e-06
<frozen posixpath>,140,basename,1,1,6.37e-06,2.4680461135348892e-06,1.1491e-05
/home/runner/work/_temp/scanner-verification-il7_c53e/first_hybrid/report_generator.py,206,<dictcomp>,1,1,6.362e-06,2.464946526579116e-06,6.362e-06
/opt/hostedtoolcache/Python/3.11.16/x64/lib/python3.11/datetime.py,51,_days_in_month,5,5,6.352e-06,2.4610720428843986e-06,6.352e-06
/opt/hostedtoolcache/Python/3.11.16/x64/lib/python3.11/site-packages/httpx/_auth.py,175,DigestAuth,1,1,6.352e-06,2.4610720428843986e-06,6.352e-06
/opt/hostedtoolcache/Python/3.11.16/x64/lib/python3.11/site-packages/idna/intranges.py,1,<module>,1,1,6.3320000000000005e-06,2.4533230754949644e-06,6.3320000000000005e-06
~,0,<method 'count' of 'list' objects>,6,6,6.3320000000000005e-06,2.4533230754949644e-06,6.3320000000000005e-06
/home/runner/work/_temp/scanner-verification-il7_c53e/final/tests/benchmark_hybrid.py,147,<genexpr>,2,2,6.322000000000001e-06,2.4494485918002466e-06,9.467000000000001e-06
/opt/hostedtoolcache/Python/3.11.16/x64/lib/python3.11/tempfile.py,857,TemporaryDirectory,1,1,6.322000000000001e-06,2.4494485918002466e-06,6.322000000000001e-06
/opt/hostedtoolcache/Python/3.11.16/x64/lib/python3.11/asyncio/coroutines.py,11,_is_debug_mode,1,1,6.282e-06,2.4339506570213774e-06,2.4005e-05
/opt/hostedtoolcache/Python/3.11.16/x64/lib/python3.11/unittest/mock.py,332,_get,3,3,6.282e-06,2.4339506570213774e-06,1.053e-05
/opt/hostedtoolcache/Python/3.11.16/x64/lib/python3.11/unittest/mock.py,585,__set_side_effect,1,1,6.2520000000000004e-06,2.422327205937226e-06,2.9485000000000003e-05
/home/runner/work/_temp/scanner-verification-il7_c53e/first_hybrid/hybrid_backend.py,48,BackendGate,1,1,6.231e-06,2.4141907901783194e-06,4.1217e-05
/opt/hostedtoolcache/Python/3.11.16/x64/lib/python3.11/warnings.py,166,simplefilter,1,1,6.222000000000001e-06,2.4107037548530743e-06,1.9186000000000002e-05
/home/runner/work/_temp/scanner-verification-il7_c53e/first_hybrid/scan_runtime.py,186,close,2,2,6.221e-06,2.410316306483602e-06,9.016e-06
/home/runner/work/_temp/scanner-verification-il7_c53e/first_hybrid/tiktok_worker_scanner.py,1000,ProxyConfig,1,1,6.192e-06,2.3990803037689224e-06,1.4597000000000001e-05
<frozen _collections_abc>,315,__subclasshook__,6,6,6.18e-06,2.394430923335262e-06,6.18e-06
/opt/hostedtoolcache/Python/3.11.16/x64/lib/python3.11/json/__init__.py,274,load,1,1,6.154000000000001e-06,2.384357265728997e-06,5.9672e-05
/opt/hostedtoolcache/Python/3.11.16/x64/lib/python3.11/importlib/resources/_adapters.py,12,__init__,2,2,6.151e-06,2.3831949206205818e-06,8.425e-06
/opt/hostedtoolcache/Python/3.11.16/x64/lib/python3.11/urllib/request.py,2144,FancyURLopener,1,1,6.121e-06,2.3715714695364302e-06,6.121e-06
/opt/hostedtoolcache/Python/3.11.16/x64/lib/python3.11/quopri.py,1,<module>,1,1,6.1110000000000004e-06,2.367696985841713e-06,6.1110000000000004e-06
~,0,<built-in method math.exp>,1,1,6.0720000000000005e-06,2.3525864994323154e-06,6.0720000000000005e-06
/opt/hostedtoolcache/Python/3.11.16/x64/lib/python3.11/subprocess.py,1961,_handle_exitstatus,1,1,6.071e-06,2.3521990510628432e-06,8.015e-06
/opt/hostedtoolcache/Python/3.11.16/x64/lib/python3.11/weakref.py,289,update,1,1,6.061e-06,2.3483245673681263e-06,9.347e-06
/home/runner/work/_temp/scanner-verification-il7_c53e/first_hybrid/tiktok_worker_scanner.py,3560,advance_phase,1,1,6.0210000000000005e-06,2.3328266325892575e-06,1.9787000000000002e-05
/opt/hostedtoolcache/Python/3.11.16/x64/lib/python3.11/logging/__init__.py,1467,debug,1,1,6.0110000000000006e-06,2.32895214889454e-06,3.1008e-05
/opt/hostedtoolcache/Python/3.11.16/x64/lib/python3.11/platform.py,772,_unknown_as_blank,6,6,5.99e-06,2.3208157331356338e-06,5.99e-06
<frozen os>,818,fsdecode,2,2,5.981e-06,2.3173286978103882e-06,9.638e-06
/opt/hostedtoolcache/Python/3.11.16/x64/lib/python3.11/unittest/mock.py,1127,_mock_call,1,1,5.9700000000000004e-06,2.3130667657461996e-06,0.002821843
/opt/hostedtoolcache/Python/3.11.16/x64/lib/python3.11/importlib/resources/_adapters.py,48,SpecPath,1,1,5.961e-06,2.3095797304209536e-06,5.961e-06
/opt/hostedtoolcache/Python/3.11.16/x64/lib/python3.11/importlib/resources/_common.py,42,resolve,1,1,5.950000000000001e-06,2.305317798356765e-06,3.3823000000000005e-05
/opt/hostedtoolcache/Python/3.11.16/x64/lib/python3.11/inspect.py,449,isawaitable,1,1,5.9310000000000005e-06,2.297956279336802e-06,4.4924000000000006e-05
/opt/hostedtoolcache/Python/3.11.16/x64/lib/python3.11/typing.py,2443,get_origin,1,1,5.891e-06,2.282458344557933e-06,8.777e-06
<frozen runpy>,60,__exit__,1,1,5.891e-06,2.282458344557933e-06,5.891e-06
/opt/hostedtoolcache/Python/3.11.16/x64/lib/python3.11/enum.py,965,_find_data_repr_,2,2,5.872000000000001e-06,2.2750968255379704e-06,7.684000000000001e-06
/opt/hostedtoolcache/Python/3.11.16/x64/lib/python3.11/typing.py,506,__getitem__,1,1,5.8700000000000005e-06,2.274321928799027e-06,0.000540758
/opt/hostedtoolcache/Python/3.11.16/x64/lib/python3.11/calendar.py,150,Calendar,1,1,5.851e-06,2.2669604097790644e-06,5.851e-06
/opt/hostedtoolcache/Python/3.11.16/x64/lib/python3.11/datetime.py,545,_check_tzinfo_arg,5,5,5.8410000000000005e-06,2.263085926084347e-06,6.702e-06
/home/runner/work/_temp/scanner-verification-il7_c53e/first_hybrid/tiktok_worker_scanner.py,1499,start_avatar_backfill,1,1,5.83e-06,2.2588239940201576e-06,4.3991e-05
/opt/hostedtoolcache/Python/3.11.16/x64/lib/python3.11/importlib/resources/_adapters.py,165,wrap_spec,2,2,5.8120000000000004e-06,2.251849923369667e-06,1.4237000000000001e-05
/opt/hostedtoolcache/Python/3.11.16/x64/lib/python3.11/contextlib.py,398,__enter__,1,1,5.8120000000000004e-06,2.251849923369667e-06,9.568e-06
/home/runner/work/_temp/scanner-verification-il7_c53e/first_hybrid/backend_metrics.py,12,<dictcomp>,1,1,5.781e-06,2.239839023916043e-06,1.5129e-05
/opt/hostedtoolcache/Python/3.11.16/x64/lib/python3.11/mimetypes.py,64,MimeTypes,1,1,5.7800000000000006e-06,2.239451575546572e-06,5.7800000000000006e-06
~,0,<built-in method sys.audit>,5,5,5.742e-06,2.2247285375066457e-06,5.742e-06
/home/runner/work/_temp/scanner-verification-il7_c53e/first_hybrid/tiktok_worker_scanner.py,3606,all_complete,1,1,5.74e-06,2.223953640767702e-06,0.00021308700000000001
/opt/hostedtoolcache/Python/3.11.16/x64/lib/python3.11/argparse.py,964,__init__,2,2,5.74e-06,2.223953640767702e-06,1.1081000000000001e-05
/opt/hostedtoolcache/Python/3.11.16/x64/lib/python3.11/unittest/mock.py,337,_set,3,3,5.682e-06,2.2014816353383426e-06,5.682e-06
~,0,<method 'register' of 'select.epoll' objects>,1,1,5.680000000000001e-06,2.200706738599399e-06,5.680000000000001e-06
~,0,<built-in method _signal.signal>,2,2,5.6610000000000005e-06,2.1933452195794362e-06,5.6610000000000005e-06
/opt/hostedtoolcache/Python/3.11.16/x64/lib/python3.11/importlib/resources/_common.py,17,files,1,1,5.659e-06,2.1925703228404927e-06,0.0050437500000000005
/opt/hostedtoolcache/Python/3.11.16/x64/lib/python3.11/datetime.py,765,__neg__,2,2,5.621e-06,2.1778472848005674e-06,0.00011025500000000001
/opt/hostedtoolcache/Python/3.11.16/x64/lib/python3.11/asyncio/runners.py,58,__enter__,1,1,5.62e-06,2.1774598364310956e-06,0.000431555
/home/runner/work/_temp/scanner-verification-il7_c53e/first_hybrid/tiktok_worker_scanner.py,1190,__init__,1,1,5.6100000000000005e-06,2.1735853527363787e-06,6.8330000000000005e-06
~,0,<method 'union' of 'set' objects>,3,3,5.56e-06,2.1542129342627917e-06,5.56e-06
/opt/hostedtoolcache/Python/3.11.16/x64/lib/python3.11/ssl.py,492,__new__,1,1,5.510000000000001e-06,2.134840515789206e-06,0.0010879190000000001
~,0,<method 'tolist' of 'memoryview' objects>,2,2,5.46e-06,2.1154680973156194e-06,5.46e-06
/opt/hostedtoolcache/Python/3.11.16/x64/lib/python3.11/datetime.py,1280,IsoCalendarDate,1,1,5.45e-06,2.111593613620902e-06,5.45e-06
/home/runner/work/_temp/scanner-verification-il7_c53e/first_hybrid/avatar_cache.py,189,close,1,1,5.4400000000000004e-06,2.1077191299261848e-06,6.873e-06
<frozen _collections_abc>,933,clear,1,1,5.4300000000000005e-06,2.103844646231468e-06,1.1341e-05
/opt/hostedtoolcache/Python/3.11.16/x64/lib/python3.11/site-packages/httpx/_transports/default.py,135,HTTPTransport,1,1,5.4300000000000005e-06,2.103844646231468e-06,5.4300000000000005e-06
/opt/hostedtoolcache/Python/3.11.16/x64/lib/python3.11/email/charset.py,162,Charset,1,1,5.411e-06,2.0964831272115055e-06,5.411e-06
/opt/hostedtoolcache/Python/3.11.16/x64/lib/python3.11/asyncio/runners.py,49,__init__,1,1,5.4e-06,2.092221195147316e-06,5.4e-06
/opt/hostedtoolcache/Python/3.11.16/x64/lib/python3.11/urllib/request.py,939,AbstractBasicAuthHandler,1,1,5.36e-06,2.076723260368447e-06,0.001864027
/home/runner/work/_temp/scanner-verification-il7_c53e/first_hybrid/backend_metrics.py,9,BackendMetrics,1,1,5.3400000000000005e-06,2.068974292979013e-06,4.0496e-05
/opt/hostedtoolcache/Python/3.11.16/x64/lib/python3.11/site-packages/httpx/_models.py,382,Request,1,1,5.330000000000001e-06,2.0650998092842956e-06,5.330000000000001e-06
/opt/hostedtoolcache/Python/3.11.16/x64/lib/python3.11/importlib/resources/_adapters.py,151,_native,1,1,5.320000000000001e-06,2.061225325589578e-06,0.004960024
/opt/hostedtoolcache/Python/3.11.16/x64/lib/python3.11/tempfile.py,115,_sanitize_params,1,1,5.320000000000001e-06,2.061225325589578e-06,6.8809e-05
/opt/hostedtoolcache/Python/3.11.16/x64/lib/python3.11/selectors.py,268,close,1,1,5.240000000000001e-06,2.03022945603184e-06,6.382e-06
/home/runner/work/_temp/scanner-verification-il7_c53e/first_hybrid/hybrid_backend.py,311,HybridClient,1,1,5.239e-06,2.029842007662368e-06,5.239e-06
/opt/hostedtoolcache/Python/3.11.16/x64/lib/python3.11/email/_parseaddr.py,211,AddrlistClass,1,1,5.219e-06,2.0220930402729337e-06,5.219e-06
/opt/hostedtoolcache/Python/3.11.16/x64/lib/python3.11/asyncio/events.py,667,__init__,1,1,5.189000000000001e-06,2.0104695891887822e-06,5.189000000000001e-06
/opt/hostedtoolcache/Python/3.11.16/x64/lib/python3.11/subprocess.py,1233,poll,1,1,5.1700000000000005e-06,2.0031080701688194e-06,6.432e-06
/opt/hostedtoolcache/Python/3.11.16/x64/lib/python3.11/subprocess.py,1135,_get_devnull,1,1,5.1600000000000006e-06,1.999233586474102e-06,1.5068e-05
/opt/hostedtoolcache/Python/3.11.16/x64/lib/python3.11/importlib/__init__.py,108,import_module,1,1,5.1090000000000006e-06,1.979473719631044e-06,2.682e-05
/opt/hostedtoolcache/Python/3.11.16/x64/lib/python3.11/site-packages/httpx/_client.py,162,BoundAsyncStream,1,1,5.09e-06,1.9721122006110813e-06,5.09e-06
/opt/hostedtoolcache/Python/3.11.16/x64/lib/python3.11/enum.py,1652,_simple_enum,3,3,5.089e-06,1.971724752241609e-06,5.089e-06
/opt/hostedtoolcache/Python/3.11.16/x64/lib/python3.11/http/__init__.py,6,HTTPStatus,1,1,5.079e-06,1.967850268546892e-06,5.079e-06
/opt/hostedtoolcache/Python/3.11.16/x64/lib/python3.11/importlib/resources/_adapters.py,28,get_resource_reader,1,1,5.069e-06,1.963975784852175e-06,0.0049662560000000005
/opt/hostedtoolcache/Python/3.11.16/x64/lib/python3.11/subprocess.py,1092,__exit__,1,1,5.069e-06,1.963975784852175e-06,9.818e-06
/home/runner/work/_temp/scanner-verification-il7_c53e/first_hybrid/hybrid_backend.py,332,start_avatar_backfill,1,1,5.061e-06,1.960876197896401e-06,4.9052000000000004e-05
/opt/hostedtoolcache/Python/3.11.16/x64/lib/python3.11/urllib/parse.py,935,_byte_quoter_factory,1,1,5.038000000000001e-06,1.951964885398552e-06,1.4246e-05
/opt/hostedtoolcache/Python/3.11.16/x64/lib/python3.11/asyncio/events.py,808,new_event_loop,1,1,5.02e-06,1.9449908147480605e-06,0.00039686
/opt/hostedtoolcache/Python/3.11.16/x64/lib/python3.11/asyncio/unix_events.py,63,__init__,1,1,5.0190000000000006e-06,1.9446033663785887e-06,0.000344462
/opt/hostedtoolcache/Python/3.11.16/x64/lib/python3.11/asyncio/events.py,693,new_event_loop,1,1,5.009000000000001e-06,1.940728882683872e-06,0.000349471
/opt/hostedtoolcache/Python/3.11.16/x64/lib/python3.11/subprocess.py,2008,_try_wait,1,1,5e-06,1.937241847358626e-06,1.9256e-05
/home/runner/work/_temp/scanner-verification-il7_c53e/first_hybrid/tiktok_worker_scanner.py,1173,ProxyState,1,1,4.969e-06,1.9252309479050025e-06,9.888000000000001e-06
/opt/hostedtoolcache/Python/3.11.16/x64/lib/python3.11/argparse.py,1109,__init__,1,1,4.959e-06,1.9213564642102852e-06,8.516000000000001e-06
/opt/hostedtoolcache/Python/3.11.16/x64/lib/python3.11/asyncio/unix_events.py,1431,__init__,1,1,4.93e-06,1.9101204614956055e-06,1.0119000000000001e-05
/opt/hostedtoolcache/Python/3.11.16/x64/lib/python3.11/zipfile.py,2274,CompleteDirs,1,1,4.909e-06,1.9019840457366986e-06,4.909e-06
/opt/hostedtoolcache/Python/3.11.16/x64/lib/python3.11/site-packages/httpx/_config.py,173,__init__,3,3,4.899e-06,1.8981095620419818e-06,4.899e-06
/home/runner/work/_temp/scanner-verification-il7_c53e/first_hybrid/tiktok_worker_scanner.py,1129,configured_proxy_path,1,1,4.8490000000000005e-06,1.8787371435683954e-06,1.8745e-05
~,0,<method 'mro' of 'type' objects>,5,5,4.84e-06,1.8752501082431498e-06,4.84e-06
/opt/hostedtoolcache/Python/3.11.16/x64/lib/python3.11/urllib/request.py,1588,CacheFTPHandler,1,1,4.829000000000001e-06,1.8709881761789612e-06,4.829000000000001e-06
/opt/hostedtoolcache/Python/3.11.16/x64/lib/python3.11/email/parser.py,70,HeaderParser,1,1,4.799e-06,1.8593647250948092e-06,4.799e-06
/opt/hostedtoolcache/Python/3.11.16/x64/lib/python3.11/dataclasses.py,842,_hash_set_none,5,5,4.79e-06,1.8558776897695635e-06,4.79e-06
/opt/hostedtoolcache/Python/3.11.16/x64/lib/python3.11/re/_parser.py,100,checkgroup,2,2,4.78e-06,1.8520032060748464e-06,9.939000000000001e-06
/opt/hostedtoolcache/Python/3.11.16/x64/lib/python3.11/site-packages/httpx/_config.py,72,Timeout,1,1,4.769e-06,1.8477412740106575e-06,4.769e-06
~,0,<method 'union' of 'frozenset' objects>,1,1,4.768e-06,1.8473538256411855e-06,4.768e-06
/opt/hostedtoolcache/Python/3.11.16/x64/lib/python3.11/site-packages/httpx/_transports/base.py,14,BaseTransport,1,1,4.749000000000001e-06,1.839992306621223e-06,4.749000000000001e-06
/opt/hostedtoolcache/Python/3.11.16/x64/lib/python3.11/contextlib.py,539,_push_exit_callback,2,2,4.7080000000000005e-06,1.8241069234728822e-06,6.732e-06
/opt/hostedtoolcache/Python/3.11.16/x64/lib/python3.11/asyncio/locks.py,346,__init__,3,3,4.689e-06,1.8167454044529194e-06,4.689e-06
~,0,<built-in method sys.exc_info>,2,2,4.6690000000000005e-06,1.8089964370634852e-06,4.6690000000000005e-06
/home/runner/work/_temp/scanner-verification-il7_c53e/first_hybrid/tiktok_worker_scanner.py,268,ProfileProcessResult,1,1,4.668e-06,1.8086089886940132e-06,9.107000000000001e-06
/opt/hostedtoolcache/Python/3.11.16/x64/lib/python3.11/functools.py,745,<listcomp>,1,1,4.659000000000001e-06,1.8051219533687679e-06,6.613e-06
/opt/hostedtoolcache/Python/3.11.16/x64/lib/python3.11/pathlib.py,787,parents,1,1,4.638e-06,1.7969855376098615e-06,6.942000000000001e-06
/opt/hostedtoolcache/Python/3.11.16/x64/lib/python3.11/numbers.py,267,Rational,1,1,4.5890000000000004e-06,1.778000567505747e-06,6.612e-06
/opt/hostedtoolcache/Python/3.11.16/x64/lib/python3.11/site-packages/httpx/__version__.py,1,<module>,1,1,4.519e-06,1.7508791816427263e-06,4.519e-06
~,0,<method 'sort' of 'list' objects>,3,3,4.517e-06,1.7501042849037827e-06,4.517e-06
/opt/hostedtoolcache/Python/3.11.16/x64/lib/python3.11/_weakrefset.py,37,__init__,1,1,4.509e-06,1.747004697948009e-06,4.509e-06
/opt/hostedtoolcache/Python/3.11.16/x64/lib/python3.11/selectors.py,209,__init__,1,1,4.508e-06,1.7466172495785372e-06,5.941e-06
/opt/hostedtoolcache/Python/3.11.16/x64/lib/python3.11/enum.py,1374,<lambda>,4,4,4.4990000000000005e-06,1.7431302142532917e-06,4.4990000000000005e-06
~,0,<method 'tell' of '_io.BufferedReader' objects>,3,3,4.4990000000000005e-06,1.7431302142532917e-06,4.4990000000000005e-06
/opt/hostedtoolcache/Python/3.11.16/x64/lib/python3.11/urllib/request.py,834,HTTPPasswordMgr,1,1,4.469e-06,1.7315067631691397e-06,4.469e-06
/opt/hostedtoolcache/Python/3.11.16/x64/lib/python3.11/contextlib.py,468,_exit_wrapper,2,2,4.457000000000001e-06,1.7268573827354793e-06,7.092e-06
/opt/hostedtoolcache/Python/3.11.16/x64/lib/python3.11/urllib/parse.py,850,__init__,1,1,4.440000000000001e-06,1.72027076045446e-06,9.208e-06
/opt/hostedtoolcache/Python/3.11.16/x64/lib/python3.11/pathlib.py,434,__len__,2,2,4.4380000000000005e-06,1.7194958637155166e-06,6.1910000000000005e-06
~,0,<method 'copy' of 'dict' objects>,1,1,4.428000000000001e-06,1.7156213800207993e-06,4.428000000000001e-06
/opt/hostedtoolcache/Python/3.11.16/x64/lib/python3.11/weakref.py,495,popitem,1,1,4.419e-06,1.7121343446955538e-06,5.911000000000001e-06
/opt/hostedtoolcache/Python/3.11.16/x64/lib/python3.11/email/_encoded_words.py,73,_QByteMap,1,1,4.369e-06,1.6927619262219672e-06,6.442e-06
~,0,<built-in method sys.get_asyncgen_hooks>,3,3,4.367e-06,1.6919870294830238e-06,4.367e-06
~,0,<built-in method resource.getrusage>,1,1,4.3580000000000005e-06,1.6884999941577783e-06,4.3580000000000005e-06
/opt/hostedtoolcache/Python/3.11.16/x64/lib/python3.11/typing.py,2916,<genexpr>,4,4,4.339e-06,1.6811384751378157e-06,4.339e-06
/opt/hostedtoolcache/Python/3.11.16/x64/lib/python3.11/site-packages/httpx/_exceptions.py,74,HTTPError,1,1,4.338000000000001e-06,1.680751026768344e-06,5.831000000000001e-06
/home/runner/work/_temp/scanner-verification-il7_c53e/first_hybrid/tiktok_worker_scanner.py,408,configured_input_path,1,1,4.208e-06,1.6303827387370196e-06,1.9066e-05
/home/runner/work/_temp/scanner-verification-il7_c53e/first_hybrid/tiktok_worker_scanner.py,573,SuccessRecorder,1,1,4.197000000000001e-06,1.6261208066728307e-06,4.197000000000001e-06
/opt/hostedtoolcache/Python/3.11.16/x64/lib/python3.11/site-packages/httpx/_urlparse.py,158,ParseResult,1,1,4.128e-06,1.5993868691792815e-06,4.128e-06
/opt/hostedtoolcache/Python/3.11.16/x64/lib/python3.11/selectors.py,247,unregister,1,1,4.078000000000001e-06,1.5800144507056954e-06,9.748e-06
/opt/hostedtoolcache/Python/3.11.16/x64/lib/python3.11/dataclasses.py,846,<listcomp>,2,2,4.028e-06,1.5606420322321092e-06,4.028e-06
/opt/hostedtoolcache/Python/3.11.16/x64/lib/python3.11/importlib/resources/_adapters.py,16,__getattr__,2,2,4.018e-06,1.5567675485373917e-06,5.732e-06
/opt/hostedtoolcache/Python/3.11.16/x64/lib/python3.11/threading.py,1516,_register_atexit,1,1,4.007e-06,1.5525056164732028e-06,4.989e-06
/opt/hostedtoolcache/Python/3.11.16/x64/lib/python3.11/calendar.py,71,_localized_day,1,1,3.997e-06,1.5486311327784855e-06,7.764e-06
/opt/hostedtoolcache/Python/3.11.16/x64/lib/python3.11/typing.py,2892,<listcomp>,2,2,3.997e-06,1.5486311327784855e-06,3.997e-06
/home/runner/work/_temp/scanner-verification-il7_c53e/first_hybrid/backend_metrics.py,15,<dictcomp>,1,1,3.978e-06,1.5412696137585226e-06,1.1241000000000001e-05
~,0,<built-in method posix.read>,1,1,3.968e-06,1.5373951300638055e-06,3.968e-06
~,0,<method 'unregister' of 'select.epoll' objects>,1,1,3.967e-06,1.537007681694334e-06,3.967e-06
/opt/hostedtoolcache/Python/3.11.16/x64/lib/python3.11/queue.py,258,_PySimpleQueue,1,1,3.958e-06,1.5335206463690884e-06,3.958e-06
/opt/hostedtoolcache/Python/3.11.16/x64/lib/python3.11/importlib/resources/_adapters.py,83,ChildPath,1,1,3.937000000000001e-06,1.5253842306101822e-06,3.937000000000001e-06
/home/runner/work/_temp/scanner-verification-il7_c53e/final/tests/benchmark_hybrid.py,110,<dictcomp>,1,1,3.927e-06,1.5215097469154647e-06,3.927e-06
/opt/hostedtoolcache/Python/3.11.16/x64/lib/python3.11/contextlib.py,472,__init__,2,2,3.927e-06,1.5215097469154647e-06,3.927e-06
/opt/hostedtoolcache/Python/3.11.16/x64/lib/python3.11/typing.py,479,__repr__,2,2,3.9080000000000005e-06,1.5141482278955023e-06,3.9080000000000005e-06
/opt/hostedtoolcache/Python/3.11.16/x64/lib/python3.11/functools.py,845,_is_valid_dispatch_type,2,2,3.9080000000000005e-06,1.5141482278955023e-06,5.590000000000001e-06
/opt/hostedtoolcache/Python/3.11.16/x64/lib/python3.11/unittest/mock.py,1401,get_original,1,1,3.887e-06,1.5060118121365958e-06,4.749000000000001e-06
~,0,<method 'splitlines' of 'str' objects>,2,2,3.877e-06,1.5021373284418787e-06,3.877e-06
/opt/hostedtoolcache/Python/3.11.16/x64/lib/python3.11/platform.py,735,_Processor,1,1,3.867e-06,1.4982628447471612e-06,3.867e-06
/opt/hostedtoolcache/Python/3.11.16/x64/lib/python3.11/http/cookiejar.py,743,Cookie,1,1,3.8570000000000005e-06,1.4943883610524441e-06,3.8570000000000005e-06
/home/runner/work/_temp/scanner-verification-il7_c53e/first_hybrid/tiktok_worker_scanner.py,1187,ProxyPool,1,1,3.847000000000001e-06,1.490513877357727e-06,3.847000000000001e-06
~,0,<built-in method fromisoformat>,2,2,3.7980000000000003e-06,1.4715289072536122e-06,3.7980000000000003e-06
/home/runner/work/_temp/scanner-verification-il7_c53e/first_hybrid/tiktok_worker_scanner.py,3041,reporter_done,1,1,3.7970000000000002e-06,1.4711414588841404e-06,5.551000000000001e-06
/opt/hostedtoolcache/Python/3.11.16/x64/lib/python3.11/enum.py,806,__members__,2,2,3.7770000000000004e-06,1.463392491494706e-06,3.7770000000000004e-06
/opt/hostedtoolcache/Python/3.11.16/x64/lib/python3.11/calendar.py,74,<listcomp>,1,1,3.767e-06,1.4595180077999887e-06,3.767e-06
/opt/hostedtoolcache/Python/3.11.16/x64/lib/python3.11/asyncio/runners.py,193,_cancel_all_tasks,1,1,3.756e-06,1.4552560757357998e-06,7.3397e-05
/opt/hostedtoolcache/Python/3.11.16/x64/lib/python3.11/datetime.py,46,_days_before_year,3,3,3.756e-06,1.4552560757357998e-06,3.756e-06
/home/runner/work/_temp/scanner-verification-il7_c53e/first_hybrid/hybrid_backend.py,115,ApiBackend,1,1,3.6970000000000003e-06,1.4323966219369681e-06,3.6970000000000003e-06
~,0,<built-in method _hashlib.openssl_sha224>,1,1,3.6470000000000004e-06,1.4130242034633817e-06,3.6470000000000004e-06
/home/runner/work/_temp/scanner-verification-il7_c53e/first_hybrid/scan_runtime.py,65,__aenter__,1,1,3.616e-06,1.4010133040097582e-06,4.6065e-05
/opt/hostedtoolcache/Python/3.11.16/x64/lib/python3.11/urllib/request.py,426,OpenerDirector,1,1,3.6070000000000004e-06,1.397526268684513e-06,3.6070000000000004e-06
/opt/hostedtoolcache/Python/3.11.16/x64/lib/python3.11/asyncio/base_events.py,656,stop,3,3,3.576e-06,1.3855153692308892e-06,3.576e-06
/opt/hostedtoolcache/Python/3.11.16/x64/lib/python3.11/unittest/mock.py,2518,__init__,2,2,3.5660000000000002e-06,1.381640885536172e-06,3.5660000000000002e-06
/opt/hostedtoolcache/Python/3.11.16/x64/lib/python3.11/hmac.py,27,HMAC,1,1,3.536e-06,1.3700174344520203e-06,3.536e-06
/opt/hostedtoolcache/Python/3.11.16/x64/lib/python3.11/enum.py,1453,<listcomp>,2,2,3.5270000000000003e-06,1.3665303991267748e-06,3.5270000000000003e-06
/opt/hostedtoolcache/Python/3.11.16/x64/lib/python3.11/site-packages/httpx/_decoders.py,306,TextDecoder,1,1,3.5170000000000004e-06,1.3626559154320575e-06,3.5170000000000004e-06
/opt/hostedtoolcache/Python/3.11.16/x64/lib/python3.11/pkgutil.py,40,read_code,1,1,3.5160000000000003e-06,1.362268467062586e-06,7.213e-06
/opt/hostedtoolcache/Python/3.11.16/x64/lib/python3.11/email/feedparser.py,134,FeedParser,1,1,3.507e-06,1.3587814317373402e-06,3.507e-06
/opt/hostedtoolcache/Python/3.11.16/x64/lib/python3.11/argparse.py,626,<listcomp>,3,3,3.4870000000000002e-06,1.3510324643479057e-06,3.4870000000000002e-06
/opt/hostedtoolcache/Python/3.11.16/x64/lib/python3.11/asyncio/base_events.py,1957,set_debug,1,1,3.486e-06,1.350645015978434e-06,4.779e-06
/opt/hostedtoolcache/Python/3.11.16/x64/lib/python3.11/site-packages/httpx/_models.py,1261,_CookieCompatResponse,1,1,3.417e-06,1.323911078484885e-06,3.417e-06
/home/runner/work/_temp/scanner-verification-il7_c53e/first_hybrid/backend_metrics.py,14,<dictcomp>,1,1,3.4160000000000004e-06,1.3235236301154134e-06,3.4160000000000004e-06
/opt/hostedtoolcache/Python/3.11.16/x64/lib/python3.11/threading.py,811,_newname,1,1,3.396e-06,1.3157746627259788e-06,3.396e-06
/opt/hostedtoolcache/Python/3.11.16/x64/lib/python3.11/calendar.py,548,different_locale,1,1,3.3860000000000003e-06,1.3119001790312617e-06,3.3860000000000003e-06
~,0,<method 'reset' of '_contextvars.ContextVar' objects>,2,2,3.3760000000000004e-06,1.3080256953365443e-06,3.3760000000000004e-06
~,0,<built-in method posix.register_at_fork>,2,2,3.3460000000000002e-06,1.2964022442523924e-06,3.3460000000000002e-06
/opt/hostedtoolcache/Python/3.11.16/x64/lib/python3.11/typing.py,2261,runtime_checkable,1,1,3.2960000000000003e-06,1.2770298257788062e-06,4.188e-06
/opt/hostedtoolcache/Python/3.11.16/x64/lib/python3.11/random.py,215,__init_subclass__,1,1,3.2960000000000003e-06,1.2770298257788062e-06,3.2960000000000003e-06
~,0,<method 'setblocking' of '_socket.socket' objects>,2,2,3.2850000000000003e-06,1.2727678937146171e-06,3.2850000000000003e-06
/opt/hostedtoolcache/Python/3.11.16/x64/lib/python3.11/uuid.py,334,hex,1,1,3.276e-06,1.2692808583893716e-06,3.276e-06
<frozen _collections_abc>,262,__subclasshook__,1,1,3.276e-06,1.2692808583893716e-06,6.843e-06
/opt/hostedtoolcache/Python/3.11.16/x64/lib/python3.11/argparse.py,1865,_get_positional_actions,1,1,3.2570000000000003e-06,1.2619193393694092e-06,5.1e-06
/opt/hostedtoolcache/Python/3.11.16/x64/lib/python3.11/urllib/request.py,1256,AbstractHTTPHandler,1,1,3.247e-06,1.2580448556746916e-06,3.247e-06
/opt/hostedtoolcache/Python/3.11.16/x64/lib/python3.11/site-packages/httpx/_types.py,92,SyncByteStream,1,1,3.2460000000000003e-06,1.25765740730522e-06,9.4877e-05
/opt/hostedtoolcache/Python/3.11.16/x64/lib/python3.11/warnings.py,441,__init__,1,1,3.2460000000000003e-06,1.25765740730522e-06,3.2460000000000003e-06
/home/runner/work/_temp/scanner-verification-il7_c53e/first_hybrid/hybrid_backend.py,330,avatar_backfill_task,2,2,3.226e-06,1.2499084399157854e-06,3.226e-06
/opt/hostedtoolcache/Python/3.11.16/x64/lib/python3.11/site-packages/httpx/_urls.py,282,raw_path,1,1,3.226e-06,1.2499084399157854e-06,4.458e-06
/home/runner/work/_temp/scanner-verification-il7_c53e/first_hybrid/tiktok_worker_scanner.py,2804,__init__,1,1,3.215e-06,1.2456465078515964e-06,4.588e-06
/home/runner/work/_temp/scanner-verification-il7_c53e/first_hybrid/avatar_cache.py,137,close,2,2,3.2060000000000003e-06,1.242159472526351e-06,3.2060000000000003e-06
~,0,<built-in method _hashlib.openssl_sha384>,1,1,3.186e-06,1.2344105051369164e-06,3.186e-06
/opt/hostedtoolcache/Python/3.11.16/x64/lib/python3.11/concurrent/futures/thread.py,46,_WorkItem,1,1,3.1660000000000003e-06,1.2266615377474822e-06,3.1660000000000003e-06
/opt/hostedtoolcache/Python/3.11.16/x64/lib/python3.11/sqlite3/dbapi2.py,48,<listcomp>,1,1,3.1560000000000004e-06,1.2227870540527647e-06,3.1560000000000004e-06
/opt/hostedtoolcache/Python/3.11.16/x64/lib/python3.11/typing.py,1676,<genexpr>,2,2,3.1550000000000003e-06,1.222399605683293e-06,4.1517e-05
/opt/hostedtoolcache/Python/3.11.16/x64/lib/python3.11/site-packages/httpx/_client.py,223,is_closed,1,1,3.1450000000000004e-06,1.2185251219885758e-06,3.1450000000000004e-06
/opt/hostedtoolcache/Python/3.11.16/x64/lib/python3.11/site-packages/httpx/_exceptions.py,340,ResponseNotRead,1,1,3.1260000000000002e-06,1.211163602968613e-06,3.1260000000000002e-06
/opt/hostedtoolcache/Python/3.11.16/x64/lib/python3.11/logging/__init__.py,1720,getEffectiveLevel,1,1,3.125e-06,1.2107761545991411e-06,3.125e-06
/opt/hostedtoolcache/Python/3.11.16/x64/lib/python3.11/http/cookiejar.py,1776,FileCookieJar,1,1,3.1150000000000002e-06,1.206901670904424e-06,3.1150000000000002e-06
/opt/hostedtoolcache/Python/3.11.16/x64/lib/python3.11/asyncio/base_events.py,540,shutdown_asyncgens,1,1,3.106e-06,1.2034146355791785e-06,1.2193e-05
/home/runner/work/_temp/scanner-verification-il7_c53e/final/tests/benchmark_hybrid.py,58,__init__,2,2,3.106e-06,1.2034146355791785e-06,3.106e-06
~,0,<built-in method _hashlib.openssl_sha3_256>,1,1,3.096e-06,1.1995401518844612e-06,3.096e-06
/opt/hostedtoolcache/Python/3.11.16/x64/lib/python3.11/http/client.py,1467,HTTPSConnection,1,1,3.096e-06,1.1995401518844612e-06,3.096e-06
<frozen runpy>,28,__init__,1,1,3.0760000000000003e-06,1.1917911844950268e-06,3.0760000000000003e-06
/opt/hostedtoolcache/Python/3.11.16/x64/lib/python3.11/email/feedparser.py,44,BufferedSubFile,1,1,3.075e-06,1.191403736125555e-06,3.075e-06
/opt/hostedtoolcache/Python/3.11.16/x64/lib/python3.11/site-packages/httpx/_types.py,106,AsyncByteStream,1,1,3.0470000000000002e-06,1.1805551817803468e-06,9.4497e-05
/opt/hostedtoolcache/Python/3.11.16/x64/lib/python3.11/warnings.py,488,__exit__,1,1,3.045e-06,1.1797802850414033e-06,3.967e-06
~,0,<built-in method _hashlib.openssl_shake_128>,1,1,3.006e-06,1.1646697986320058e-06,3.006e-06
/home/runner/work/_temp/scanner-verification-il7_c53e/final/tests/benchmark_hybrid.py,57,MeasuredLock,1,1,3.006e-06,1.1646697986320058e-06,3.006e-06
~,0,<built-in method _warnings._filters_mutated>,3,3,2.996e-06,1.1607953149372887e-06,2.996e-06
~,0,<built-in method _sqlite3.register_converter>,2,2,2.995e-06,1.1604078665678169e-06,2.995e-06
~,0,<built-in method _hashlib.openssl_sha3_384>,1,1,2.9850000000000002e-06,1.1565333828730998e-06,2.9850000000000002e-06
<frozen _collections_abc>,113,__subclasshook__,1,1,2.9850000000000002e-06,1.1565333828730998e-06,5.971e-06
/opt/hostedtoolcache/Python/3.11.16/x64/lib/python3.11/urllib/request.py,1080,AbstractDigestAuthHandler,1,1,2.9760000000000004e-06,1.1530463475478542e-06,2.9760000000000004e-06
/opt/hostedtoolcache/Python/3.11.16/x64/lib/python3.11/argparse.py,2227,_match_arguments_partial,1,1,2.9750000000000003e-06,1.1526588991783825e-06,3.937000000000001e-06
/opt/hostedtoolcache/Python/3.11.16/x64/lib/python3.11/importlib/resources/_adapters.py,7,SpecLoaderAdapter,1,1,2.966e-06,1.149171863853137e-06,2.966e-06
/opt/hostedtoolcache/Python/3.11.16/x64/lib/python3.11/asyncio/queues.py,47,_init,2,2,2.9460000000000003e-06,1.1414228964637023e-06,2.9460000000000003e-06
/opt/hostedtoolcache/Python/3.11.16/x64/lib/python3.11/contextlib.py,466,_create_cb_wrapper,2,2,2.945e-06,1.1410354480942307e-06,2.945e-06
/opt/hostedtoolcache/Python/3.11.16/x64/lib/python3.11/calendar.py,156,__init__,1,1,2.916e-06,1.1297994453795506e-06,4.078000000000001e-06
/opt/hostedtoolcache/Python/3.11.16/x64/lib/python3.11/weakref.py,414,__getitem__,1,1,2.915e-06,1.1294119970100788e-06,2.915e-06
/opt/hostedtoolcache/Python/3.11.16/x64/lib/python3.11/subprocess.py,1120,__del__,1,1,2.9060000000000002e-06,1.1259249616848335e-06,3.868e-06
~,0,<built-in method _sqlite3.register_adapter>,2,2,2.905e-06,1.1255375133153617e-06,2.905e-06
/opt/hostedtoolcache/Python/3.11.16/x64/lib/python3.11/site-packages/httpx/_auth.py,22,Auth,1,1,2.865e-06,1.1100395785364926e-06,2.865e-06
/opt/hostedtoolcache/Python/3.11.16/x64/lib/python3.11/zipfile.py,1162,_ZipWriteFile,1,1,2.8450000000000003e-06,1.1022906111470582e-06,2.8450000000000003e-06
~,0,<built-in method _hashlib.openssl_sha3_512>,1,1,2.8350000000000004e-06,1.098416127452341e-06,2.8350000000000004e-06
/opt/hostedtoolcache/Python/3.11.16/x64/lib/python3.11/pathlib.py,43,_is_wildcard_pattern,2,2,2.825e-06,1.0945416437576236e-06,2.825e-06
~,0,<method 'cast' of 'memoryview' objects>,2,2,2.8050000000000002e-06,1.0867926763681894e-06,2.8050000000000002e-06
/opt/hostedtoolcache/Python/3.11.16/x64/lib/python3.11/calendar.py,412,HTMLCalendar,1,1,2.7950000000000003e-06,1.0829181926734718e-06,2.7950000000000003e-06
~,0,<built-in method _hashlib.openssl_sha512>,1,1,2.785e-06,1.0790437089787545e-06,2.785e-06
~,0,<built-in method _hashlib.openssl_shake_256>,1,1,2.785e-06,1.0790437089787545e-06,2.785e-06
/opt/hostedtoolcache/Python/3.11.16/x64/lib/python3.11/typing.py,2974,_namedtuple_mro_entries,2,2,2.775e-06,1.0751692252840374e-06,2.775e-06
/opt/hostedtoolcache/Python/3.11.16/x64/lib/python3.11/importlib/resources/_adapters.py,114,OrphanPath,1,1,2.765e-06,1.07129474158932e-06,2.765e-06
/opt/hostedtoolcache/Python/3.11.16/x64/lib/python3.11/site-packages/idna/core.py,70,IDNAError,1,1,2.765e-06,1.07129474158932e-06,2.765e-06
/opt/hostedtoolcache/Python/3.11.16/x64/lib/python3.11/urllib/request.py,645,HTTPRedirectHandler,1,1,2.765e-06,1.07129474158932e-06,2.765e-06
/opt/hostedtoolcache/Python/3.11.16/x64/lib/python3.11/functools.py,966,__init__,1,1,2.765e-06,1.07129474158932e-06,2.765e-06
/home/runner/work/_temp/scanner-verification-il7_c53e/first_hybrid/tiktok_worker_scanner.py,179,ProfileSnapshot,1,1,2.7560000000000004e-06,1.0678077062640748e-06,2.7560000000000004e-06
/home/runner/work/_temp/scanner-verification-il7_c53e/first_hybrid/avatar_cache.py,164,AvatarCache,1,1,2.7550000000000003e-06,1.067420257894603e-06,2.7550000000000003e-06
~,0,<built-in method math.log>,2,2,2.7550000000000003e-06,1.067420257894603e-06,2.7550000000000003e-06
~,0,<method 'index' of 'tuple' objects>,3,3,2.7160000000000003e-06,1.0523097714852057e-06,2.7160000000000003e-06
/opt/hostedtoolcache/Python/3.11.16/x64/lib/python3.11/tempfile.py,433,_TemporaryFileCloser,1,1,2.685e-06,1.0402988720315822e-06,2.685e-06
/opt/hostedtoolcache/Python/3.11.16/x64/lib/python3.11/calendar.py,76,__init__,2,2,2.684e-06,1.0399114236621104e-06,2.684e-06
/home/runner/work/_temp/scanner-verification-il7_c53e/first_hybrid/tiktok_worker_scanner.py,3193,RunLog,1,1,2.6640000000000002e-06,1.032162456272676e-06,2.6640000000000002e-06
/opt/hostedtoolcache/Python/3.11.16/x64/lib/python3.11/unittest/mock.py,648,__getattr__,1,1,2.6150000000000004e-06,1.0131774861685614e-06,2.6150000000000004e-06
/opt/hostedtoolcache/Python/3.11.16/x64/lib/python3.11/site-packages/httpx/_utils.py,120,URLPattern,1,1,2.604e-06,1.0089155541043723e-06,2.604e-06
/opt/hostedtoolcache/Python/3.11.16/x64/lib/python3.11/email/header.py,536,_Accumulator,1,1,2.5640000000000004e-06,9.934176193255035e-07,2.5640000000000004e-06
~,0,<built-in method _signal.getsignal>,2,2,2.556e-06,9.903180323697297e-07,2.556e-06
/opt/hostedtoolcache/Python/3.11.16/x64/lib/python3.11/http/cookiejar.py,841,CookiePolicy,1,1,2.555e-06,9.89930584000258e-07,2.555e-06
/opt/hostedtoolcache/Python/3.11.16/x64/lib/python3.11/urllib/request.py,1374,HTTPHandler,1,1,2.555e-06,9.89930584000258e-07,2.555e-06
/opt/hostedtoolcache/Python/3.11.16/x64/lib/python3.11/urllib/request.py,1474,FileHandler,1,1,2.555e-06,9.89930584000258e-07,2.555e-06
/opt/hostedtoolcache/Python/3.11.16/x64/lib/python3.11/site-packages/httpx/_auth.py,145,NetRCAuth,1,1,2.545e-06,9.860561003055406e-07,2.545e-06
/opt/hostedtoolcache/Python/3.11.16/x64/lib/python3.11/tempfile.py,133,_RandomNameSequence,1,1,2.5350000000000003e-06,9.821816166108235e-07,2.5350000000000003e-06
/opt/hostedtoolcache/Python/3.11.16/x64/lib/python3.11/urllib/request.py,908,HTTPPasswordMgrWithPriorAuth,1,1,2.5350000000000003e-06,9.821816166108235e-07,2.5350000000000003e-06
/opt/hostedtoolcache/Python/3.11.16/x64/lib/python3.11/site-packages/httpx/_multipart.py,70,DataField,1,1,2.5340000000000002e-06,9.817941682413518e-07,2.5340000000000002e-06
<frozen importlib._bootstrap>,1101,_sanity_check,1,1,2.526e-06,9.786945812855778e-07,3.3370000000000004e-06
/opt/hostedtoolcache/Python/3.11.16/x64/lib/python3.11/site-packages/httpx/_client.py,139,BoundSyncStream,1,1,2.505e-06,9.705581655266716e-07,2.505e-06
/opt/hostedtoolcache/Python/3.11.16/x64/lib/python3.11/functools.py,861,<lambda>,1,1,2.4850000000000003e-06,9.628091981372372e-07,4.4093e-05
/opt/hostedtoolcache/Python/3.11.16/x64/lib/python3.11/importlib/resources/_adapters.py,20,TraversableResourcesLoader,1,1,2.465e-06,9.550602307478027e-07,2.465e-06
/opt/hostedtoolcache/Python/3.11.16/x64/lib/python3.11/site-packages/httpx/_multipart.py,224,MultipartStream,1,1,2.4450000000000003e-06,9.473112633583682e-07,2.4450000000000003e-06
/opt/hostedtoolcache/Python/3.11.16/x64/lib/python3.11/selectors.py,272,get_map,2,2,2.4440000000000002e-06,9.469238149888964e-07,2.4440000000000002e-06
/opt/hostedtoolcache/Python/3.11.16/x64/lib/python3.11/site-packages/idna/idnadata.py,1,<module>,1,1,2.435e-06,9.434367796636508e-07,2.435e-06
/home/runner/work/_temp/scanner-verification-il7_c53e/first_hybrid/tiktok_worker_scanner.py,820,ScanStateRecorder,1,1,2.4340000000000003e-06,9.430493312941792e-07,2.4340000000000003e-06
/home/runner/work/_temp/scanner-verification-il7_c53e/first_hybrid/tiktok_worker_scanner.py,709,<listcomp>,2,2,2.4250000000000005e-06,9.395622959689337e-07,2.4250000000000005e-06
/opt/hostedtoolcache/Python/3.11.16/x64/lib/python3.11/site-packages/httpx/_models.py,1243,_CookieCompatRequest,1,1,2.424e-06,9.391748475994618e-07,2.424e-06
/opt/hostedtoolcache/Python/3.11.16/x64/lib/python3.11/email/header.py,408,_ValueFormatter,1,1,2.385e-06,9.240643611900645e-07,2.385e-06
/home/runner/work/_temp/scanner-verification-il7_c53e/first_hybrid/tiktok_worker_scanner.py,3132,ScanLock,1,1,2.384e-06,9.236769128205928e-07,2.384e-06
~,0,<built-in method math.sqrt>,2,2,2.374e-06,9.198024291258755e-07,2.374e-06
/opt/hostedtoolcache/Python/3.11.16/x64/lib/python3.11/importlib/resources/readers.py,31,ZipReader,1,1,2.345e-06,9.085664264111956e-07,2.345e-06
/opt/hostedtoolcache/Python/3.11.16/x64/lib/python3.11/re/_parser.py,103,checklookbehindgroup,2,2,2.336e-06,9.0507939108595e-07,2.336e-06
/opt/hostedtoolcache/Python/3.11.16/x64/lib/python3.11/calendar.py,295,TextCalendar,1,1,2.334e-06,9.043044943470066e-07,2.334e-06
~,0,<built-in method sys.is_finalizing>,1,1,2.334e-06,9.043044943470066e-07,2.334e-06
~,0,<method 'deleter' of 'property' objects>,2,2,2.306e-06,8.934559400017982e-07,2.306e-06
/opt/hostedtoolcache/Python/3.11.16/x64/lib/python3.11/pathlib.py,427,__init__,1,1,2.3040000000000003e-06,8.926810432628549e-07,2.3040000000000003e-06
/opt/hostedtoolcache/Python/3.11.16/x64/lib/python3.11/urllib/response.py,68,addinfourl,1,1,2.285e-06,8.853195242428921e-07,2.285e-06
/opt/hostedtoolcache/Python/3.11.16/x64/lib/python3.11/email/_policybase.py,18,_PolicyBase,1,1,2.284e-06,8.849320758734202e-07,2.284e-06
/home/runner/work/_temp/scanner-verification-il7_c53e/first_hybrid/tiktok_worker_scanner.py,742,<genexpr>,2,2,2.283e-06,8.845446275039486e-07,2.283e-06
/opt/hostedtoolcache/Python/3.11.16/x64/lib/python3.11/importlib/resources/_adapters.py,25,__init__,2,2,2.274e-06,8.810575921787031e-07,2.274e-06
/opt/hostedtoolcache/Python/3.11.16/x64/lib/python3.11/calendar.py,57,__init__,2,2,2.2650000000000003e-06,8.775705568534576e-07,2.2650000000000003e-06
/opt/hostedtoolcache/Python/3.11.16/x64/lib/python3.11/unittest/mock.py,1266,_check_spec_arg_typos,1,1,2.2640000000000003e-06,8.771831084839859e-07,2.2640000000000003e-06
/opt/hostedtoolcache/Python/3.11.16/x64/lib/python3.11/zipfile.py,813,_Tellable,1,1,2.254e-06,8.733086247892686e-07,2.254e-06
/opt/hostedtoolcache/Python/3.11.16/x64/lib/python3.11/site-packages/httpx/_auth.py,343,_DigestAuthChallenge,1,1,2.254e-06,8.733086247892686e-07,2.254e-06
~,0,<built-in method resource.getrlimit>,1,1,2.244e-06,8.694341410945513e-07,2.244e-06
/opt/hostedtoolcache/Python/3.11.16/x64/lib/python3.11/email/__init__.py,1,<module>,1,1,2.244e-06,8.694341410945513e-07,2.244e-06
~,0,<built-in method posix.confstr>,1,1,2.244e-06,8.694341410945513e-07,2.244e-06
/home/runner/work/_temp/scanner-verification-il7_c53e/first_hybrid/tiktok_worker_scanner.py,1463,<genexpr>,2,2,2.234e-06,8.655596573998341e-07,2.234e-06
/opt/hostedtoolcache/Python/3.11.16/x64/lib/python3.11/http/__init__.py,154,HTTPMethod,1,1,2.234e-06,8.655596573998341e-07,2.234e-06
/opt/hostedtoolcache/Python/3.11.16/x64/lib/python3.11/subprocess.py,1973,_internal_poll,2,2,2.2240000000000002e-06,8.616851737051169e-07,2.2240000000000002e-06
/home/runner/work/_temp/scanner-verification-il7_c53e/first_hybrid/scan_runtime.py,45,DiskLane,1,1,2.2140000000000003e-06,8.578106900103997e-07,2.2140000000000003e-06
/opt/hostedtoolcache/Python/3.11.16/x64/lib/python3.11/email/_policybase.py,41,__init__,1,1,2.204e-06,8.539362063156822e-07,3.045e-06
<string>,1,<module>,1,1,2.193e-06,8.496742742514932e-07,2.193e-06
/opt/hostedtoolcache/Python/3.11.16/x64/lib/python3.11/site-packages/httpx/_config.py,201,Proxy,1,1,2.1740000000000003e-06,8.423127552315306e-07,2.1740000000000003e-06
/opt/hostedtoolcache/Python/3.11.16/x64/lib/python3.11/pathlib.py,757,joinpath,1,1,2.164e-06,8.384382715368133e-07,3.4184000000000003e-05
/opt/hostedtoolcache/Python/3.11.16/x64/lib/python3.11/site-packages/httpx/_auth.py,126,BasicAuth,1,1,2.164e-06,8.384382715368133e-07,2.164e-06
/opt/hostedtoolcache/Python/3.11.16/x64/lib/python3.11/zipfile.py,649,LZMACompressor,1,1,2.144e-06,8.306893041473788e-07,2.144e-06
/opt/hostedtoolcache/Python/3.11.16/x64/lib/python3.11/zipfile.py,2042,PyZipFile,1,1,2.144e-06,8.306893041473788e-07,2.144e-06
/home/runner/work/_temp/scanner-verification-il7_c53e/first_hybrid/tiktok_worker_scanner.py,251,BatchResponse,1,1,2.144e-06,8.306893041473788e-07,2.144e-06
/opt/hostedtoolcache/Python/3.11.16/x64/lib/python3.11/encodings/utf_8_sig.py,26,IncrementalEncoder,1,1,2.1350000000000003e-06,8.272022688221334e-07,2.1350000000000003e-06
/opt/hostedtoolcache/Python/3.11.16/x64/lib/python3.11/tempfile.py,476,_TemporaryFileWrapper,1,1,2.1340000000000002e-06,8.268148204526617e-07,2.1340000000000002e-06
/opt/hostedtoolcache/Python/3.11.16/x64/lib/python3.11/zipfile.py,773,_SharedFile,1,1,2.1240000000000003e-06,8.229403367579444e-07,2.1240000000000003e-06
/home/runner/work/_temp/scanner-verification-il7_c53e/first_hybrid/backend_metrics.py,13,<dictcomp>,1,1,2.1240000000000003e-06,8.229403367579444e-07,2.1240000000000003e-06
/opt/hostedtoolcache/Python/3.11.16/x64/lib/python3.11/datetime.py,1219,tzinfo,1,1,2.1240000000000003e-06,8.229403367579444e-07,2.1240000000000003e-06
/opt/hostedtoolcache/Python/3.11.16/x64/lib/python3.11/contextlib.py,393,__init__,1,1,2.1240000000000003e-06,8.229403367579444e-07,2.1240000000000003e-06
/opt/hostedtoolcache/Python/3.11.16/x64/lib/python3.11/urllib/response.py,14,addbase,1,1,2.114e-06,8.19065853063227e-07,2.114e-06
/opt/hostedtoolcache/Python/3.11.16/x64/lib/python3.11/typing.py,2928,<listcomp>,2,2,2.104e-06,8.151913693685098e-07,2.104e-06
/opt/hostedtoolcache/Python/3.11.16/x64/lib/python3.11/subprocess.py,1311,_on_error_fd_closer,2,2,2.0950000000000003e-06,8.117043340432644e-07,2.0950000000000003e-06
/home/runner/work/_temp/scanner-verification-il7_c53e/first_hybrid/tiktok_worker_scanner.py,1937,SecretLogFilter,1,1,2.094e-06,8.113168856737926e-07,2.094e-06
~,0,<method 'total_seconds' of 'datetime.timedelta' objects>,1,1,2.074e-06,8.03567918284358e-07,2.074e-06
/opt/hostedtoolcache/Python/3.11.16/x64/lib/python3.11/site-packages/httpx/_transports/default.py,279,AsyncHTTPTransport,1,1,2.064e-06,7.996934345896408e-07,2.064e-06
/opt/hostedtoolcache/Python/3.11.16/x64/lib/python3.11/enum.py,794,__iter__,1,1,2.054e-06,7.958189508949235e-07,2.054e-06
/opt/hostedtoolcache/Python/3.11.16/x64/lib/python3.11/random.py,787,SystemRandom,1,1,2.053e-06,7.954315025254518e-07,2.053e-06
/home/runner/work/_temp/scanner-verification-il7_c53e/first_hybrid/tiktok_worker_scanner.py,739,<genexpr>,2,2,2.042e-06,7.911695704612628e-07,2.042e-06
<frozen runpy>,50,__init__,1,1,2.0330000000000003e-06,7.876825351360175e-07,2.0330000000000003e-06
/opt/hostedtoolcache/Python/3.11.16/x64/lib/python3.11/subprocess.py,268,_cleanup,1,1,2.024e-06,7.841954998107718e-07,2.024e-06
/opt/hostedtoolcache/Python/3.11.16/x64/lib/python3.11/urllib/request.py,605,BaseHandler,1,1,2.014e-06,7.803210161160546e-07,2.014e-06
~,0,<method 'pop' of 'set' objects>,2,2,2.014e-06,7.803210161160546e-07,2.014e-06
/opt/hostedtoolcache/Python/3.11.16/x64/lib/python3.11/http/cookiejar.py,1859,LWPCookieJar,1,1,2.004e-06,7.764465324213373e-07,2.004e-06
/opt/hostedtoolcache/Python/3.11.16/x64/lib/python3.11/urllib/request.py,1398,HTTPCookieProcessor,1,1,2.004e-06,7.764465324213373e-07,2.004e-06
/opt/hostedtoolcache/Python/3.11.16/x64/lib/python3.11/dataclasses.py,179,__repr__,2,2,1.985e-06,7.690850134013744e-07,1.985e-06
~,0,<method 'fileno' of '_socket.socket' objects>,2,2,1.984e-06,7.686975650319028e-07,1.984e-06
/home/runner/work/_temp/scanner-verification-il7_c53e/first_hybrid/tiktok_worker_scanner.py,921,WorkerApiError,1,1,1.9830000000000003e-06,7.683101166624311e-07,1.9830000000000003e-06
/opt/hostedtoolcache/Python/3.11.16/x64/lib/python3.11/email/parser.py,16,Parser,1,1,1.974e-06,7.648230813371854e-07,1.974e-06
/opt/hostedtoolcache/Python/3.11.16/x64/lib/python3.11/functools.py,741,is_related,2,2,1.9540000000000003e-06,7.570741139477511e-07,1.9540000000000003e-06
~,0,<method 'detach' of '_socket.socket' objects>,2,2,1.9430000000000003e-06,7.528121818835621e-07,1.9430000000000003e-06
/opt/hostedtoolcache/Python/3.11.16/x64/lib/python3.11/urllib/request.py,624,HTTPErrorProcessor,1,1,1.934e-06,7.493251465583165e-07,1.934e-06
/opt/hostedtoolcache/Python/3.11.16/x64/lib/python3.11/__future__.py,81,_Feature,1,1,1.933e-06,7.489376981888447e-07,1.933e-06
/home/runner/work/_temp/scanner-verification-il7_c53e/first_hybrid/tiktok_worker_scanner.py,259,ProfileJob,1,1,1.925e-06,7.458381112330711e-07,1.925e-06
/opt/hostedtoolcache/Python/3.11.16/x64/lib/python3.11/urllib/request.py,1226,HTTPDigestAuthHandler,1,1,1.924e-06,7.454506628635993e-07,1.924e-06
/opt/hostedtoolcache/Python/3.11.16/x64/lib/python3.11/subprocess.py,481,__init__,1,1,1.9140000000000002e-06,7.415761791688821e-07,1.9140000000000002e-06
/opt/hostedtoolcache/Python/3.11.16/x64/lib/python3.11/argparse.py,592,<listcomp>,1,1,1.9140000000000002e-06,7.415761791688821e-07,1.9140000000000002e-06
/opt/hostedtoolcache/Python/3.11.16/x64/lib/python3.11/calendar.py,573,LocaleTextCalendar,1,1,1.913e-06,7.411887307994103e-07,1.913e-06
/opt/hostedtoolcache/Python/3.11.16/x64/lib/python3.11/sqlite3/dbapi2.py,49,<listcomp>,1,1,1.884e-06,7.299527280847302e-07,1.884e-06
/opt/hostedtoolcache/Python/3.11.16/x64/lib/python3.11/http/client.py,1550,IncompleteRead,1,1,1.883e-06,7.295652797152585e-07,1.883e-06
<frozen runpy>,54,__enter__,1,1,1.8740000000000002e-06,7.260782443900131e-07,1.8740000000000002e-06
/opt/hostedtoolcache/Python/3.11.16/x64/lib/python3.11/importlib/resources/readers.py,15,FileReader,1,1,1.864e-06,7.222037606952957e-07,1.864e-06
/opt/hostedtoolcache/Python/3.11.16/x64/lib/python3.11/site-packages/httpx/_auth.py,113,FunctionAuth,1,1,1.864e-06,7.222037606952957e-07,1.864e-06
/opt/hostedtoolcache/Python/3.11.16/x64/lib/python3.11/urllib/request.py,1383,HTTPSHandler,1,1,1.864e-06,7.222037606952957e-07,1.864e-06
/opt/hostedtoolcache/Python/3.11.16/x64/lib/python3.11/site-packages/httpx/_config.py,159,Limits,1,1,1.8630000000000002e-06,7.218163123258241e-07,1.8630000000000002e-06
/home/runner/work/_temp/scanner-verification-il7_c53e/first_hybrid/avatar_cache.py,122,AvatarReader,1,1,1.8540000000000002e-06,7.183292770005785e-07,1.8540000000000002e-06
/opt/hostedtoolcache/Python/3.11.16/x64/lib/python3.11/argparse.py,1866,<listcomp>,1,1,1.8430000000000002e-06,7.140673449363895e-07,1.8430000000000002e-06
/opt/hostedtoolcache/Python/3.11.16/x64/lib/python3.11/threading.py,1597,main_thread,1,1,1.833e-06,7.101928612416723e-07,1.833e-06
~,0,<method 'remove' of 'list' objects>,1,1,1.833e-06,7.101928612416723e-07,1.833e-06
/opt/hostedtoolcache/Python/3.11.16/x64/lib/python3.11/zipfile.py,2334,FastLookup,1,1,1.824e-06,7.067058259164268e-07,1.824e-06
/opt/hostedtoolcache/Python/3.11.16/x64/lib/python3.11/encodings/utf_8_sig.py,49,IncrementalDecoder,1,1,1.8230000000000002e-06,7.06318377546955e-07,1.8230000000000002e-06
/opt/hostedtoolcache/Python/3.11.16/x64/lib/python3.11/urllib/request.py,1531,FTPHandler,1,1,1.8140000000000001e-06,7.028313422217095e-07,1.8140000000000001e-06
/opt/hostedtoolcache/Python/3.11.16/x64/lib/python3.11/unittest/mock.py,1642,<lambda>,2,2,1.8140000000000001e-06,7.028313422217095e-07,1.8140000000000001e-06
~,0,<method 'pop' of 'collections.deque' objects>,2,2,1.813e-06,7.024438938522378e-07,1.813e-06
/opt/hostedtoolcache/Python/3.11.16/x64/lib/python3.11/http/cookiejar.py,1982,MozillaCookieJar,1,1,1.8030000000000001e-06,6.985694101575206e-07,1.8030000000000001e-06
/home/runner/work/_temp/scanner-verification-il7_c53e/first_hybrid/tiktok_worker_scanner.py,2803,SharedScanControl,1,1,1.794e-06,6.95082374832275e-07,1.794e-06
/opt/hostedtoolcache/Python/3.11.16/x64/lib/python3.11/email/_parseaddr.py,512,AddressList,1,1,1.794e-06,6.95082374832275e-07,1.794e-06
/opt/hostedtoolcache/Python/3.11.16/x64/lib/python3.11/site-packages/httpx/_transports/base.py,65,AsyncBaseTransport,1,1,1.793e-06,6.946949264628032e-07,1.793e-06
/opt/hostedtoolcache/Python/3.11.16/x64/lib/python3.11/urllib/response.py,37,addclosehook,1,1,1.7830000000000001e-06,6.90820442768086e-07,1.7830000000000001e-06
/opt/hostedtoolcache/Python/3.11.16/x64/lib/python3.11/email/message.py,1202,EmailMessage,1,1,1.773e-06,6.869459590733687e-07,1.773e-06
/opt/hostedtoolcache/Python/3.11.16/x64/lib/python3.11/site-packages/httpx/_transports/mock.py,16,__init__,1,1,1.763e-06,6.830714753786515e-07,1.763e-06
/home/runner/work/_temp/scanner-verification-il7_c53e/first_hybrid/tiktok_worker_scanner.py,3195,__init__,1,1,1.763e-06,6.830714753786515e-07,1.763e-06
/opt/hostedtoolcache/Python/3.11.16/x64/lib/python3.11/email/parser.py,78,BytesParser,1,1,1.7240000000000001e-06,6.679609889692542e-07,1.7240000000000001e-06
/opt/hostedtoolcache/Python/3.11.16/x64/lib/python3.11/site-packages/httpx/_transports/wsgi.py,30,WSGIByteStream,1,1,1.7130000000000002e-06,6.636990569050652e-07,1.7130000000000002e-06
/opt/hostedtoolcache/Python/3.11.16/x64/lib/python3.11/statistics.py,256,_coerce,1,1,1.7040000000000001e-06,6.602120215798198e-07,1.7040000000000001e-06
/home/runner/work/_temp/scanner-verification-il7_c53e/first_hybrid/direct_protocol.py,21,ProtocolError,1,1,1.7040000000000001e-06,6.602120215798198e-07,1.7040000000000001e-06
/opt/hostedtoolcache/Python/3.11.16/x64/lib/python3.11/queue.py,223,PriorityQueue,1,1,1.6930000000000001e-06,6.559500895156308e-07,1.6930000000000001e-06
/opt/hostedtoolcache/Python/3.11.16/x64/lib/python3.11/site-packages/httpx/_client.py,121,<listcomp>,1,1,1.6740000000000002e-06,6.485885704956681e-07,1.6740000000000002e-06
/home/runner/work/_temp/scanner-verification-il7_c53e/first_hybrid/scan_runtime.py,134,RetryQueue,1,1,1.6730000000000001e-06,6.482011221261962e-07,1.6730000000000001e-06
/opt/hostedtoolcache/Python/3.11.16/x64/lib/python3.11/urllib/request.py,1050,HTTPBasicAuthHandler,1,1,1.653e-06,6.404521547367618e-07,1.653e-06
/opt/hostedtoolcache/Python/3.11.16/x64/lib/python3.11/site-packages/httpx/_exceptions.py,107,RequestError,1,1,1.653e-06,6.404521547367618e-07,1.653e-06
/home/runner/work/_temp/scanner-verification-il7_c53e/first_hybrid/tiktok_worker_scanner.py,932,InvalidWorkerResponse,1,1,1.6430000000000002e-06,6.365776710420445e-07,1.6430000000000002e-06
/opt/hostedtoolcache/Python/3.11.16/x64/lib/python3.11/importlib/resources/readers.py,107,NamespaceReader,1,1,1.633e-06,6.327031873473273e-07,1.633e-06
/home/runner/work/_temp/scanner-verification-il7_c53e/first_hybrid/scan_runtime.py,193,ShutdownGuard,1,1,1.6230000000000002e-06,6.2882870365261e-07,1.6230000000000002e-06
/opt/hostedtoolcache/Python/3.11.16/x64/lib/python3.11/urllib/request.py,791,ProxyHandler,1,1,1.6230000000000002e-06,6.2882870365261e-07,1.6230000000000002e-06
/opt/hostedtoolcache/Python/3.11.16/x64/lib/python3.11/email/errors.py,37,MessageDefect,1,1,1.6230000000000002e-06,6.2882870365261e-07,1.6230000000000002e-06
/opt/hostedtoolcache/Python/3.11.16/x64/lib/python3.11/site-packages/httpx/_decoders.py,56,DeflateDecoder,1,1,1.613e-06,6.249542199578927e-07,1.613e-06
/opt/hostedtoolcache/Python/3.11.16/x64/lib/python3.11/site-packages/httpx/_decoders.py,228,ByteChunker,1,1,1.613e-06,6.249542199578927e-07,1.613e-06
/opt/hostedtoolcache/Python/3.11.16/x64/lib/python3.11/zipfile.py,672,LZMADecompressor,1,1,1.6030000000000002e-06,6.210797362631755e-07,1.6030000000000002e-06
/opt/hostedtoolcache/Python/3.11.16/x64/lib/python3.11/contextlib.py,440,__init__,1,1,1.6030000000000002e-06,6.210797362631755e-07,1.6030000000000002e-06
/opt/hostedtoolcache/Python/3.11.16/x64/lib/python3.11/email/feedparser.py,530,BytesFeedParser,1,1,1.6030000000000002e-06,6.210797362631755e-07,1.6030000000000002e-06
/opt/hostedtoolcache/Python/3.11.16/x64/lib/python3.11/numbers.py,12,Number,1,1,1.593e-06,6.172052525684582e-07,1.593e-06
/opt/hostedtoolcache/Python/3.11.16/x64/lib/python3.11/site-packages/httpx/_transports/default.py,121,ResponseStream,1,1,1.5830000000000001e-06,6.133307688737411e-07,1.5830000000000001e-06
/opt/hostedtoolcache/Python/3.11.16/x64/lib/python3.11/http/client.py,195,HTTPMessage,1,1,1.5830000000000001e-06,6.133307688737411e-07,1.5830000000000001e-06
/opt/hostedtoolcache/Python/3.11.16/x64/lib/python3.11/inspect.py,2814,__init__,1,1,1.573e-06,6.094562851790237e-07,1.573e-06
/home/runner/work/_temp/scanner-verification-il7_c53e/first_hybrid/direct_protocol.py,49,Session,1,1,1.5630000000000001e-06,6.055818014843065e-07,1.5630000000000001e-06
/opt/hostedtoolcache/Python/3.11.16/x64/lib/python3.11/site-packages/httpx/_transports/mock.py,15,MockTransport,1,1,1.5630000000000001e-06,6.055818014843065e-07,1.5630000000000001e-06
/opt/hostedtoolcache/Python/3.11.16/x64/lib/python3.11/calendar.py,594,LocaleHTMLCalendar,1,1,1.5630000000000001e-06,6.055818014843065e-07,1.5630000000000001e-06
/opt/hostedtoolcache/Python/3.11.16/x64/lib/python3.11/typing.py,1720,_value_and_type_iter,1,1,1.562e-06,6.051943531148347e-07,1.562e-06
/opt/hostedtoolcache/Python/3.11.16/x64/lib/python3.11/site-packages/httpx/_transports/wsgi.py,44,WSGITransport,1,1,1.5520000000000001e-06,6.013198694201175e-07,1.5520000000000001e-06
/opt/hostedtoolcache/Python/3.11.16/x64/lib/python3.11/email/errors.py,85,HeaderDefect,1,1,1.551e-06,6.009324210506457e-07,1.551e-06
/opt/hostedtoolcache/Python/3.11.16/x64/lib/python3.11/encodings/utf_8_sig.py,85,StreamWriter,1,1,1.543e-06,5.978328340948719e-07,1.543e-06
/opt/hostedtoolcache/Python/3.11.16/x64/lib/python3.11/email/parser.py,125,BytesHeaderParser,1,1,1.543e-06,5.978328340948719e-07,1.543e-06
/opt/hostedtoolcache/Python/3.11.16/x64/lib/python3.11/site-packages/httpx/_exceptions.py,258,HTTPStatusError,1,1,1.542e-06,5.974453857254003e-07,1.542e-06
/opt/hostedtoolcache/Python/3.11.16/x64/lib/python3.11/site-packages/httpx/_decoders.py,203,MultiDecoder,1,1,1.5330000000000002e-06,5.939583504001547e-07,1.5330000000000002e-06
/opt/hostedtoolcache/Python/3.11.16/x64/lib/python3.11/queue.py,242,LifoQueue,1,1,1.523e-06,5.900838667054375e-07,1.523e-06
/opt/hostedtoolcache/Python/3.11.16/x64/lib/python3.11/email/errors.py,97,NonPrintableDefect,1,1,1.522e-06,5.896964183359657e-07,1.522e-06
/opt/hostedtoolcache/Python/3.11.16/x64/lib/python3.11/calendar.py,33,IllegalWeekdayError,1,1,1.5130000000000002e-06,5.862093830107203e-07,1.5130000000000002e-06
/opt/hostedtoolcache/Python/3.11.16/x64/lib/python3.11/urllib/response.py,57,addinfo,1,1,1.5130000000000002e-06,5.862093830107203e-07,1.5130000000000002e-06
~,0,<method 'popitem' of 'dict' objects>,1,1,1.492e-06,5.780729672518139e-07,1.492e-06
/opt/hostedtoolcache/Python/3.11.16/x64/lib/python3.11/site-packages/httpx/_decoders.py,36,ContentDecoder,1,1,1.483e-06,5.745859319265685e-07,1.483e-06
/opt/hostedtoolcache/Python/3.11.16/x64/lib/python3.11/uuid.py,78,SafeUUID,1,1,1.4730000000000001e-06,5.707114482318511e-07,1.4730000000000001e-06
/opt/hostedtoolcache/Python/3.11.16/x64/lib/python3.11/site-packages/httpx/_decoders.py,85,GZipDecoder,1,1,1.4730000000000001e-06,5.707114482318511e-07,1.4730000000000001e-06
/opt/hostedtoolcache/Python/3.11.16/x64/lib/python3.11/site-packages/httpx/_content.py,31,ByteStream,1,1,1.463e-06,5.668369645371339e-07,1.463e-06
/opt/hostedtoolcache/Python/3.11.16/x64/lib/python3.11/urllib/request.py,1061,ProxyBasicAuthHandler,1,1,1.463e-06,5.668369645371339e-07,1.463e-06
/opt/hostedtoolcache/Python/3.11.16/x64/lib/python3.11/site-packages/httpx/_content.py,67,AsyncIteratorByteStream,1,1,1.4620000000000001e-06,5.664495161676622e-07,1.4620000000000001e-06
/opt/hostedtoolcache/Python/3.11.16/x64/lib/python3.11/site-packages/httpx/_content.py,92,UnattachedStream,1,1,1.4620000000000001e-06,5.664495161676622e-07,1.4620000000000001e-06
/opt/hostedtoolcache/Python/3.11.16/x64/lib/python3.11/site-packages/httpx/_decoders.py,267,TextChunker,1,1,1.4620000000000001e-06,5.664495161676622e-07,1.4620000000000001e-06
/opt/hostedtoolcache/Python/3.11.16/x64/lib/python3.11/site-packages/httpx/_transports/asgi.py,55,ASGIResponseStream,1,1,1.4530000000000001e-06,5.629624808424167e-07,1.4530000000000001e-06
/opt/hostedtoolcache/Python/3.11.16/x64/lib/python3.11/site-packages/httpx/_transports/asgi.py,63,ASGITransport,1,1,1.4420000000000001e-06,5.587005487782277e-07,1.4420000000000001e-06
/opt/hostedtoolcache/Python/3.11.16/x64/lib/python3.11/calendar.py,26,IllegalMonthError,1,1,1.433e-06,5.552135134529822e-07,1.433e-06
/opt/hostedtoolcache/Python/3.11.16/x64/lib/python3.11/selectors.py,63,__init__,1,1,1.433e-06,5.552135134529822e-07,1.433e-06
/opt/hostedtoolcache/Python/3.11.16/x64/lib/python3.11/urllib/request.py,1416,UnknownHandler,1,1,1.432e-06,5.548260650835105e-07,1.432e-06
/opt/hostedtoolcache/Python/3.11.16/x64/lib/python3.11/urllib/error.py,19,URLError,1,1,1.432e-06,5.548260650835105e-07,1.432e-06
/opt/hostedtoolcache/Python/3.11.16/x64/lib/python3.11/urllib/request.py,1244,ProxyDigestAuthHandler,1,1,1.4230000000000002e-06,5.51339029758265e-07,1.4230000000000002e-06
/opt/hostedtoolcache/Python/3.11.16/x64/lib/python3.11/unittest/mock.py,574,__get_side_effect,1,1,1.4220000000000001e-06,5.509515813887932e-07,1.4220000000000001e-06
/opt/hostedtoolcache/Python/3.11.16/x64/lib/python3.11/site-packages/httpx/_decoders.py,44,IdentityDecoder,1,1,1.413e-06,5.474645460635478e-07,1.413e-06
/home/runner/work/_temp/scanner-verification-il7_c53e/first_hybrid/tiktok_worker_scanner.py,937,ScanCancelled,1,1,1.402e-06,5.432026139993588e-07,1.402e-06
/opt/hostedtoolcache/Python/3.11.16/x64/lib/python3.11/site-packages/httpx/_transports/default.py,265,AsyncResponseStream,1,1,1.393e-06,5.397155786741131e-07,1.393e-06
/opt/hostedtoolcache/Python/3.11.16/x64/lib/python3.11/site-packages/httpx/_decoders.py,161,ZStandardDecoder,1,1,1.393e-06,5.397155786741131e-07,1.393e-06
/opt/hostedtoolcache/Python/3.11.16/x64/lib/python3.11/urllib/request.py,1641,DataHandler,1,1,1.393e-06,5.397155786741131e-07,1.393e-06
/opt/hostedtoolcache/Python/3.11.16/x64/lib/python3.11/functools.py,972,__set_name__,1,1,1.382e-06,5.354536466099242e-07,1.382e-06
/opt/hostedtoolcache/Python/3.11.16/x64/lib/python3.11/site-packages/httpx/_content.py,42,IteratorByteStream,1,1,1.373e-06,5.319666112846786e-07,1.373e-06
<string>,1,__create_fn__,1,1,1.3720000000000002e-06,5.315791629152071e-07,1.3720000000000002e-06
/opt/hostedtoolcache/Python/3.11.16/x64/lib/python3.11/site-packages/httpx/_decoders.py,321,LineDecoder,1,1,1.3720000000000002e-06,5.315791629152071e-07,1.3720000000000002e-06
/opt/hostedtoolcache/Python/3.11.16/x64/lib/python3.11/site-packages/httpx/_decoders.py,108,BrotliDecoder,1,1,1.3630000000000001e-06,5.280921275899614e-07,1.3630000000000001e-06
~,0,<built-in method atexit.register>,1,1,1.343e-06,5.20343160200527e-07,1.343e-06
/opt/hostedtoolcache/Python/3.11.16/x64/lib/python3.11/http/client.py,1576,BadStatusLine,1,1,1.343e-06,5.20343160200527e-07,1.343e-06
~,0,<built-in method _asyncio._get_event_loop>,1,1,1.343e-06,5.20343160200527e-07,1.343e-06
/opt/hostedtoolcache/Python/3.11.16/x64/lib/python3.11/encodings/utf_8_sig.py,97,StreamReader,1,1,1.323e-06,5.125941928110925e-07,1.323e-06
/opt/hostedtoolcache/Python/3.11.16/x64/lib/python3.11/site-packages/httpx/_exceptions.py,271,InvalidURL,1,1,1.323e-06,5.125941928110925e-07,1.323e-06
/opt/hostedtoolcache/Python/3.11.16/x64/lib/python3.11/site-packages/httpx/_exceptions.py,327,StreamClosed,1,1,1.322e-06,5.122067444416206e-07,1.322e-06
/opt/hostedtoolcache/Python/3.11.16/x64/lib/python3.11/logging/__init__.py,1319,disable,1,1,1.322e-06,5.122067444416206e-07,1.322e-06
/opt/hostedtoolcache/Python/3.11.16/x64/lib/python3.11/queue.py,23,Full,1,1,1.312e-06,5.083322607469035e-07,1.312e-06
/opt/hostedtoolcache/Python/3.11.16/x64/lib/python3.11/site-packages/httpx/_exceptions.py,297,StreamError,1,1,1.312e-06,5.083322607469035e-07,1.312e-06
/home/runner/work/_temp/scanner-verification-il7_c53e/first_hybrid/tiktok_worker_scanner.py,167,ExporterError,1,1,1.302e-06,5.044577770521862e-07,1.302e-06
/opt/hostedtoolcache/Python/3.11.16/x64/lib/python3.11/urllib/request.py,898,HTTPPasswordMgrWithDefaultRealm,1,1,1.2930000000000002e-06,5.009707417269407e-07,1.2930000000000002e-06
/opt/hostedtoolcache/Python/3.11.16/x64/lib/python3.11/urllib/request.py,641,HTTPDefaultErrorHandler,1,1,1.292e-06,5.00583293357469e-07,1.292e-06
/opt/hostedtoolcache/Python/3.11.16/x64/lib/python3.11/urllib/error.py,70,ContentTooShortError,1,1,1.283e-06,4.970962580322234e-07,1.283e-06
/opt/hostedtoolcache/Python/3.11.16/x64/lib/python3.11/zipfile.py,48,LargeZipFile,1,1,1.272e-06,4.928343259680344e-07,1.272e-06
/opt/hostedtoolcache/Python/3.11.16/x64/lib/python3.11/http/cookiejar.py,1244,Absent,1,1,1.272e-06,4.928343259680344e-07,1.272e-06
/opt/hostedtoolcache/Python/3.11.16/x64/lib/python3.11/site-packages/httpx/_exceptions.py,309,StreamConsumed,1,1,1.263e-06,4.893472906427889e-07,1.263e-06
/opt/hostedtoolcache/Python/3.11.16/x64/lib/python3.11/site-packages/httpx/_exceptions.py,152,WriteTimeout,1,1,1.252e-06,4.850853585785999e-07,1.252e-06
/opt/hostedtoolcache/Python/3.11.16/x64/lib/python3.11/site-packages/httpx/_exceptions.py,353,RequestNotRead,1,1,1.252e-06,4.850853585785999e-07,1.252e-06
/opt/hostedtoolcache/Python/3.11.16/x64/lib/python3.11/email/errors.py,8,MessageError,1,1,1.252e-06,4.850853585785999e-07,1.252e-06
/opt/hostedtoolcache/Python/3.11.16/x64/lib/python3.11/http/client.py,1533,NotConnected,1,1,1.2420000000000001e-06,4.812108748838827e-07,1.2420000000000001e-06
/opt/hostedtoolcache/Python/3.11.16/x64/lib/python3.11/site-packages/httpx/_client.py,94,UseClientDefault,1,1,1.2420000000000001e-06,4.812108748838827e-07,1.2420000000000001e-06
/opt/hostedtoolcache/Python/3.11.16/x64/lib/python3.11/site-packages/httpx/_exceptions.py,280,CookieConflict,1,1,1.233e-06,4.777238395586371e-07,1.233e-06
/opt/hostedtoolcache/Python/3.11.16/x64/lib/python3.11/site-packages/httpx/_exceptions.py,216,ProtocolError,1,1,1.232e-06,4.773363911891655e-07,1.232e-06
/opt/hostedtoolcache/Python/3.11.16/x64/lib/python3.11/site-packages/httpx/_config.py,16,UnsetType,1,1,1.232e-06,4.773363911891655e-07,1.232e-06
/home/runner/work/_temp/scanner-verification-il7_c53e/first_hybrid/tiktok_worker_scanner.py,1191,<listcomp>,1,1,1.223e-06,4.7384935586391983e-07,1.223e-06
/opt/hostedtoolcache/Python/3.11.16/x64/lib/python3.11/argparse.py,1327,__init__,1,1,1.223e-06,4.7384935586391983e-07,1.223e-06
/opt/hostedtoolcache/Python/3.11.16/x64/lib/python3.11/statistics.py,148,StatisticsError,1,1,1.2220000000000001e-06,4.734619074944482e-07,1.2220000000000001e-06
/opt/hostedtoolcache/Python/3.11.16/x64/lib/python3.11/http/client.py,1539,UnknownProtocol,1,1,1.212e-06,4.695874237997309e-07,1.212e-06
/opt/hostedtoolcache/Python/3.11.16/x64/lib/python3.11/site-packages/httpx/_exceptions.py,167,NetworkError,1,1,1.202e-06,4.657129401050137e-07,1.202e-06
/opt/hostedtoolcache/Python/3.11.16/x64/lib/python3.11/http/cookiejar.py,1774,LoadError,1,1,1.202e-06,4.657129401050137e-07,1.202e-06
/opt/hostedtoolcache/Python/3.11.16/x64/lib/python3.11/email/errors.py,12,MessageParseError,1,1,1.192e-06,4.618384564102964e-07,1.192e-06
/opt/hostedtoolcache/Python/3.11.16/x64/lib/python3.11/http/client.py,1588,RemoteDisconnected,1,1,1.182e-06,4.579639727155792e-07,1.182e-06
/opt/hostedtoolcache/Python/3.11.16/x64/lib/python3.11/email/errors.py,74,InvalidBase64PaddingDefect,1,1,1.173e-06,4.544769373903336e-07,1.173e-06
/opt/hostedtoolcache/Python/3.11.16/x64/lib/python3.11/zipfile.py,44,BadZipFile,1,1,1.1720000000000002e-06,4.5408948902086196e-07,1.1720000000000002e-06
/opt/hostedtoolcache/Python/3.11.16/x64/lib/python3.11/site-packages/httpx/_exceptions.py,175,ReadError,1,1,1.1720000000000002e-06,4.5408948902086196e-07,1.1720000000000002e-06
/opt/hostedtoolcache/Python/3.11.16/x64/lib/python3.11/importlib/resources/_adapters.py,143,__init__,1,1,1.1630000000000001e-06,4.506024536956164e-07,1.1630000000000001e-06
/opt/hostedtoolcache/Python/3.11.16/x64/lib/python3.11/site-packages/idna/core.py,110,IDNABidiError,1,1,1.1630000000000001e-06,4.506024536956164e-07,1.1630000000000001e-06
/opt/hostedtoolcache/Python/3.11.16/x64/lib/python3.11/calendar.py,162,setfirstweekday,1,1,1.162e-06,4.502150053261447e-07,1.162e-06
/opt/hostedtoolcache/Python/3.11.16/x64/lib/python3.11/site-packages/httpx/_exceptions.py,123,TransportError,1,1,1.162e-06,4.502150053261447e-07,1.162e-06
/home/runner/work/_temp/scanner-verification-il7_c53e/first_hybrid/report_generator.py,150,<dictcomp>,1,1,1.153e-06,4.467279700008991e-07,1.153e-06
/opt/hostedtoolcache/Python/3.11.16/x64/lib/python3.11/concurrent/futures/thread.py,112,BrokenThreadPool,1,1,1.153e-06,4.467279700008991e-07,1.153e-06
/opt/hostedtoolcache/Python/3.11.16/x64/lib/python3.11/contextlib.py,446,__exit__,1,1,1.1520000000000002e-06,4.4634052163142743e-07,1.1520000000000002e-06
~,0,<method 'toordinal' of 'datetime.date' objects>,1,1,1.1520000000000002e-06,4.4634052163142743e-07,1.1520000000000002e-06
/home/runner/work/_temp/scanner-verification-il7_c53e/first_hybrid/direct_protocol.py,27,load_session,1,1,1.142e-06,4.424660379367101e-07,1.142e-06
/opt/hostedtoolcache/Python/3.11.16/x64/lib/python3.11/http/client.py,1583,LineTooLong,1,1,1.142e-06,4.424660379367101e-07,1.142e-06
~,0,<method 'clear' of 'dict' objects>,1,1,1.142e-06,4.424660379367101e-07,1.142e-06
/opt/hostedtoolcache/Python/3.11.16/x64/lib/python3.11/email/errors.py,16,HeaderParseError,1,1,1.1320000000000001e-06,4.3859155424199296e-07,1.1320000000000001e-06
/opt/hostedtoolcache/Python/3.11.16/x64/lib/python3.11/email/errors.py,91,InvalidHeaderDefect,1,1,1.122e-06,4.3471707054727564e-07,1.122e-06
/opt/hostedtoolcache/Python/3.11.16/x64/lib/python3.11/site-packages/idna/package_data.py,1,<module>,1,1,1.102e-06,4.269681031578411e-07,1.102e-06
/home/runner/work/_temp/scanner-verification-il7_c53e/first_hybrid/tiktok_worker_scanner.py,171,MissingDependency,1,1,1.102e-06,4.269681031578411e-07,1.102e-06
~,0,<method 'clear' of 'collections.deque' objects>,1,1,1.102e-06,4.269681031578411e-07,1.102e-06
/opt/hostedtoolcache/Python/3.11.16/x64/lib/python3.11/email/errors.py,65,MultipartInvariantViolationDefect,1,1,1.1010000000000001e-06,4.265806547883695e-07,1.1010000000000001e-06
/opt/hostedtoolcache/Python/3.11.16/x64/lib/python3.11/site-packages/httpx/_client.py,445,_build_auth,1,1,1.092e-06,4.2309361946312396e-07,1.092e-06
/opt/hostedtoolcache/Python/3.11.16/x64/lib/python3.11/site-packages/httpx/_exceptions.py,132,TimeoutException,1,1,1.082e-06,4.1921913576840664e-07,1.082e-06
/home/runner/work/_temp/scanner-verification-il7_c53e/first_hybrid/tiktok_worker_scanner.py,1244,<genexpr>,1,1,1.072e-06,4.153446520736894e-07,1.072e-06
/home/runner/work/_temp/scanner-verification-il7_c53e/first_hybrid/tiktok_worker_scanner.py,792,<listcomp>,1,1,1.063e-06,4.118576167484439e-07,1.063e-06
/opt/hostedtoolcache/Python/3.11.16/x64/lib/python3.11/email/errors.py,108,ObsoleteHeaderDefect,1,1,1.063e-06,4.118576167484439e-07,1.063e-06
/opt/hostedtoolcache/Python/3.11.16/x64/lib/python3.11/site-packages/httpx/_transports/base.py,85,aclose,1,1,1.0620000000000002e-06,4.114701683789722e-07,1.0620000000000002e-06
/opt/hostedtoolcache/Python/3.11.16/x64/lib/python3.11/site-packages/httpx/_client.py,239,_get_proxy_map,1,1,1.0620000000000002e-06,4.114701683789722e-07,1.0620000000000002e-06
/opt/hostedtoolcache/Python/3.11.16/x64/lib/python3.11/site-packages/idna/core.py,118,InvalidCodepointContext,1,1,1.0530000000000001e-06,4.079831330537266e-07,1.0530000000000001e-06
/opt/hostedtoolcache/Python/3.11.16/x64/lib/python3.11/site-packages/idna/core.py,114,InvalidCodepoint,1,1,1.052e-06,4.075956846842549e-07,1.052e-06
/opt/hostedtoolcache/Python/3.11.16/x64/lib/python3.11/site-packages/httpx/_exceptions.py,146,ReadTimeout,1,1,1.0420000000000001e-06,4.037212009895377e-07,1.0420000000000001e-06
/opt/hostedtoolcache/Python/3.11.16/x64/lib/python3.11/site-packages/httpx/_exceptions.py,181,WriteError,1,1,1.0420000000000001e-06,4.037212009895377e-07,1.0420000000000001e-06
/opt/hostedtoolcache/Python/3.11.16/x64/lib/python3.11/site-packages/httpx/_exceptions.py,202,ProxyError,1,1,1.0420000000000001e-06,4.037212009895377e-07,1.0420000000000001e-06
/opt/hostedtoolcache/Python/3.11.16/x64/lib/python3.11/site-packages/httpx/_exceptions.py,208,UnsupportedProtocol,1,1,1.0420000000000001e-06,4.037212009895377e-07,1.0420000000000001e-06
/opt/hostedtoolcache/Python/3.11.16/x64/lib/python3.11/site-packages/httpx/_exceptions.py,222,LocalProtocolError,1,1,1.0420000000000001e-06,4.037212009895377e-07,1.0420000000000001e-06
/opt/hostedtoolcache/Python/3.11.16/x64/lib/python3.11/site-packages/httpx/_client.py,1412,<dictcomp>,1,1,1.0420000000000001e-06,4.037212009895377e-07,1.0420000000000001e-06
/opt/hostedtoolcache/Python/3.11.16/x64/lib/python3.11/http/client.py,1528,HTTPException,1,1,1.0420000000000001e-06,4.037212009895377e-07,1.0420000000000001e-06
/opt/hostedtoolcache/Python/3.11.16/x64/lib/python3.11/email/errors.py,54,FirstHeaderLineIsContinuationDefect,1,1,1.0420000000000001e-06,4.037212009895377e-07,1.0420000000000001e-06
/opt/hostedtoolcache/Python/3.11.16/x64/lib/python3.11/email/errors.py,94,HeaderMissingRequiredValue,1,1,1.0420000000000001e-06,4.037212009895377e-07,1.0420000000000001e-06
/opt/hostedtoolcache/Python/3.11.16/x64/lib/python3.11/unittest/mock.py,1114,_mock_check_sig,1,1,1.0420000000000001e-06,4.037212009895377e-07,1.0420000000000001e-06
~,0,<method 'bit_length' of 'int' objects>,1,1,1.0420000000000001e-06,4.037212009895377e-07,1.0420000000000001e-06
/opt/hostedtoolcache/Python/3.11.16/x64/lib/python3.11/email/errors.py,24,MultipartConversionError,1,1,1.041e-06,4.033337526200659e-07,1.041e-06
/opt/hostedtoolcache/Python/3.11.16/x64/lib/python3.11/site-packages/httpx/_exceptions.py,158,PoolTimeout,1,1,1.032e-06,3.998467172948204e-07,1.032e-06
/opt/hostedtoolcache/Python/3.11.16/x64/lib/python3.11/site-packages/httpx/_exceptions.py,187,ConnectError,1,1,1.032e-06,3.998467172948204e-07,1.032e-06
/opt/hostedtoolcache/Python/3.11.16/x64/lib/python3.11/site-packages/httpx/_client.py,1432,_init_transport,1,1,1.032e-06,3.998467172948204e-07,1.032e-06
/opt/hostedtoolcache/Python/3.11.16/x64/lib/python3.11/email/errors.py,48,StartBoundaryNotFoundDefect,1,1,1.032e-06,3.998467172948204e-07,1.032e-06
/opt/hostedtoolcache/Python/3.11.16/x64/lib/python3.11/email/errors.py,51,CloseBoundaryNotFoundDefect,1,1,1.032e-06,3.998467172948204e-07,1.032e-06
/home/runner/work/_temp/scanner-verification-il7_c53e/first_hybrid/tiktok_worker_scanner.py,175,PublicProfileRequired,1,1,1.032e-06,3.998467172948204e-07,1.032e-06
/opt/hostedtoolcache/Python/3.11.16/x64/lib/python3.11/site-packages/httpx/_exceptions.py,232,RemoteProtocolError,1,1,1.0310000000000002e-06,3.994592689253487e-07,1.0310000000000002e-06
/opt/hostedtoolcache/Python/3.11.16/x64/lib/python3.11/email/errors.py,20,BoundaryError,1,1,1.0310000000000002e-06,3.994592689253487e-07,1.0310000000000002e-06
/opt/hostedtoolcache/Python/3.11.16/x64/lib/python3.11/email/errors.py,71,UndecodableBytesDefect,1,1,1.0310000000000002e-06,3.994592689253487e-07,1.0310000000000002e-06
/opt/hostedtoolcache/Python/3.11.16/x64/lib/python3.11/site-packages/httpx/_exceptions.py,140,ConnectTimeout,1,1,1.0220000000000001e-06,3.9597223360010317e-07,1.0220000000000001e-06
/opt/hostedtoolcache/Python/3.11.16/x64/lib/python3.11/site-packages/httpx/_exceptions.py,193,CloseError,1,1,1.0220000000000001e-06,3.9597223360010317e-07,1.0220000000000001e-06
/home/runner/work/_temp/scanner-verification-il7_c53e/first_hybrid/tiktok_worker_scanner.py,1247,<listcomp>,1,1,1.0220000000000001e-06,3.9597223360010317e-07,1.0220000000000001e-06
/opt/hostedtoolcache/Python/3.11.16/x64/lib/python3.11/http/client.py,1564,ImproperConnectionState,1,1,1.0220000000000001e-06,3.9597223360010317e-07,1.0220000000000001e-06
/opt/hostedtoolcache/Python/3.11.16/x64/lib/python3.11/email/errors.py,32,HeaderWriteError,1,1,1.0220000000000001e-06,3.9597223360010317e-07,1.0220000000000001e-06
/opt/hostedtoolcache/Python/3.11.16/x64/lib/python3.11/email/errors.py,116,InvalidDateDefect,1,1,1.0220000000000001e-06,3.9597223360010317e-07,1.0220000000000001e-06
/opt/hostedtoolcache/Python/3.11.16/x64/lib/python3.11/site-packages/httpx/_exceptions.py,249,TooManyRedirects,1,1,1.021e-06,3.955847852306314e-07,1.021e-06
/opt/hostedtoolcache/Python/3.11.16/x64/lib/python3.11/email/errors.py,28,CharsetError,1,1,1.013e-06,3.924851982748576e-07,1.013e-06
/opt/hostedtoolcache/Python/3.11.16/x64/lib/python3.11/site-packages/httpx/_exceptions.py,243,DecodingError,1,1,1.012e-06,3.920977499053859e-07,1.012e-06
/opt/hostedtoolcache/Python/3.11.16/x64/lib/python3.11/http/client.py,1573,ResponseNotReady,1,1,1.012e-06,3.920977499053859e-07,1.012e-06
/opt/hostedtoolcache/Python/3.11.16/x64/lib/python3.11/email/errors.py,68,InvalidMultipartContentTransferEncodingDefect,1,1,1.012e-06,3.920977499053859e-07,1.012e-06
/opt/hostedtoolcache/Python/3.11.16/x64/lib/python3.11/email/errors.py,77,InvalidBase64CharactersDefect,1,1,1.012e-06,3.920977499053859e-07,1.012e-06
~,0,<method 'index' of 'list' objects>,1,1,1.012e-06,3.920977499053859e-07,1.012e-06
/opt/hostedtoolcache/Python/3.11.16/x64/lib/python3.11/email/errors.py,80,InvalidBase64LengthDefect,1,1,1.0110000000000001e-06,3.9171030153591424e-07,1.0110000000000001e-06
/opt/hostedtoolcache/Python/3.11.16/x64/lib/python3.11/importlib/resources/readers.py,27,files,1,1,1.002e-06,3.8822326621066864e-07,1.002e-06
/opt/hostedtoolcache/Python/3.11.16/x64/lib/python3.11/email/errors.py,57,MisplacedEnvelopeHeaderDefect,1,1,1.002e-06,3.8822326621066864e-07,1.002e-06
/opt/hostedtoolcache/Python/3.11.16/x64/lib/python3.11/email/errors.py,60,MissingHeaderBodySeparatorDefect,1,1,1.002e-06,3.8822326621066864e-07,1.002e-06
/opt/hostedtoolcache/Python/3.11.16/x64/lib/python3.11/email/errors.py,111,NonASCIILocalPartDefect,1,1,1.002e-06,3.8822326621066864e-07,1.002e-06
~,0,<built-in method posix.WIFSTOPPED>,1,1,1.002e-06,3.8822326621066864e-07,1.002e-06
/opt/hostedtoolcache/Python/3.11.16/x64/lib/python3.11/functools.py,753,<listcomp>,1,1,9.92e-07,3.843487825159514e-07,9.92e-07
/opt/hostedtoolcache/Python/3.11.16/x64/lib/python3.11/http/client.py,1544,UnknownTransferEncoding,1,1,9.92e-07,3.843487825159514e-07,9.92e-07
/opt/hostedtoolcache/Python/3.11.16/x64/lib/python3.11/http/client.py,1567,CannotSendRequest,1,1,9.92e-07,3.843487825159514e-07,9.92e-07
/opt/hostedtoolcache/Python/3.11.16/x64/lib/python3.11/http/client.py,1570,CannotSendHeader,1,1,9.82e-07,3.804742988212341e-07,9.82e-07
/opt/hostedtoolcache/Python/3.11.16/x64/lib/python3.11/email/errors.py,45,NoBoundaryInMultipartDefect,1,1,9.800000000000001e-07,3.796994020822907e-07,9.800000000000001e-07
/home/runner/work/_temp/scanner-verification-il7_c53e/first_hybrid/tiktok_worker_scanner.py,805,<genexpr>,1,1,9.72e-07,3.7659981512651685e-07,9.72e-07
/opt/hostedtoolcache/Python/3.11.16/x64/lib/python3.11/http/client.py,1536,InvalidURL,1,1,9.72e-07,3.7659981512651685e-07,9.72e-07
/opt/hostedtoolcache/Python/3.11.16/x64/lib/python3.11/random.py,814,seed,1,1,9.62e-07,3.7272533143179964e-07,9.62e-07
/opt/hostedtoolcache/Python/3.11.16/x64/lib/python3.11/http/client.py,1547,UnimplementedFileMode,1,1,9.61e-07,3.723378830623279e-07,9.61e-07
/opt/hostedtoolcache/Python/3.11.16/x64/lib/python3.11/unittest/mock.py,404,__init__,1,1,9.61e-07,3.723378830623279e-07,9.61e-07
/opt/hostedtoolcache/Python/3.11.16/x64/lib/python3.11/subprocess.py,1089,__enter__,1,1,9.520000000000001e-07,3.688508477370824e-07,9.520000000000001e-07
/opt/hostedtoolcache/Python/3.11.16/x64/lib/python3.11/contextlib.py,555,__enter__,1,1,9.42e-07,3.649763640423651e-07,9.42e-07
~,0,<built-in method posix.waitstatus_to_exitcode>,1,1,9.42e-07,3.649763640423651e-07,9.42e-07
/opt/hostedtoolcache/Python/3.11.16/x64/lib/python3.11/importlib/resources/_common.py,101,_,1,1,9.410000000000001e-07,3.6458891567289345e-07,9.410000000000001e-07
/opt/hostedtoolcache/Python/3.11.16/x64/lib/python3.11/contextlib.py,443,__enter__,1,1,9.22e-07,3.5722739665293064e-07,9.22e-07
/home/runner/work/_temp/scanner-verification-il7_c53e/first_hybrid/tiktok_worker_scanner.py,1245,<genexpr>,1,1,9.210000000000001e-07,3.5683994828345887e-07,9.210000000000001e-07
/opt/hostedtoolcache/Python/3.11.16/x64/lib/python3.11/argparse.py,1782,identity,1,1,9.02e-07,3.494784292634961e-07,9.02e-07
/home/runner/work/_temp/scanner-verification-il7_c53e/first_hybrid/vendor/__init__.py,1,<module>,1,1,8.920000000000001e-07,3.456039455687789e-07,8.920000000000001e-07
/home/runner/work/_temp/scanner-verification-il7_c53e/first_hybrid/tiktok_worker_scanner.py,808,<genexpr>,1,1,8.820000000000001e-07,3.417294618740616e-07,8.820000000000001e-07
