file,line,function,primitive_calls,calls,exclusive_cpu_seconds,percent_of_profiled_cpu,cumulative_cpu_seconds
/home/runner/work/_temp/scanner-verification-il7_c53e/final/tests/benchmark_hybrid.py,123,<genexpr>,4601615,4601615,15.558538086,7.560796866047296,26.265205709
/opt/hostedtoolcache/Python/3.11.16/x64/lib/python3.11/asyncio/tasks.py,61,<setcomp>,5319,5319,11.606211443000001,5.640131908272187,30.554248960000002
/opt/hostedtoolcache/Python/3.11.16/x64/lib/python3.11/asyncio/futures.py,299,_get_loop,5884603,5884603,10.005734646,4.86236732113352,14.546271736000001
/home/runner/work/_temp/scanner-verification-il7_c53e/first_hybrid/tiktok_worker_scanner.py,1105,clean,37095,1273968,9.521157839999999,4.626883320264517,15.261727181000001
~,0,<built-in method builtins.isinstance>,8869729,8875729,8.737574732999999,4.246094799714233,11.332992513
~,0,<method 'done' of '_asyncio.Task' objects>,10814873,10814873,8.490246448,4.125903628038822,8.490246448
/opt/hostedtoolcache/Python/3.11.16/x64/lib/python3.11/dataclasses.py,1289,_asdict_inner,17000,770000,5.973190536000001,2.9027200393287758,18.270952635
/opt/hostedtoolcache/Python/3.11.16/x64/lib/python3.11/_weakrefset.py,63,__iter__,5829141,5829141,5.3385499460000005,2.5943113342553774,5.444387565
/opt/hostedtoolcache/Python/3.11.16/x64/lib/python3.11/asyncio/tasks.py,42,all_tasks,5319,5319,5.1003304410000005,2.4785466475682623,41.136750469000006
/opt/hostedtoolcache/Python/3.11.16/x64/lib/python3.11/site-packages/httpx/_urlparse.py,273,<genexpr>,1791431,1791431,4.585037923000001,2.228136099118484,7.350451739
~,0,<method 'get_loop' of '_asyncio.Future' objects>,5884603,5884603,4.54053709,2.2065105609848175,4.54053709
~,0,<method 'execute' of 'sqlite3.Connection' objects>,72085,72085,4.3911295379999995,2.133904758005045,4.3911295379999995
~,0,<built-in method builtins.sum>,16062,16062,4.103823749,1.9942861963470508,31.185982338000002
~,0,<method 'startswith' of 'str' objects>,4662894,4662894,3.996665263,1.9422116671952265,3.996665263
~,0,<method 'get_name' of '_asyncio.Task' objects>,4596297,4596297,3.572069436,1.7358759060605053,3.572069436
/opt/hostedtoolcache/Python/3.11.16/x64/lib/python3.11/copy.py,128,deepcopy,719000,719000,3.44859257,1.675871328745995,5.870234291000001
/opt/hostedtoolcache/Python/3.11.16/x64/lib/python3.11/asyncio/tasks.py,507,_wait,2812,2812,3.197943759,1.554066520722769,6.521858555000001
~,0,<built-in method builtins.any>,34913,34913,2.6162649090000003,1.2713949996700682,18.556651466
/opt/hostedtoolcache/Python/3.11.16/x64/lib/python3.11/asyncio/base_events.py,1859,_run_once,126883,126883,2.303852071,1.1195754653791945,147.320865773
~,0,<method 'get' of '_queue.SimpleQueue' objects>,30483,30483,2.1562957650000003,1.0478692903000462,2.1562957650000003
~,0,<method 'get' of 'dict' objects>,2387248,2387248,2.025511164,0.984313460317676,2.025511164
/opt/hostedtoolcache/Python/3.11.16/x64/lib/python3.11/asyncio/tasks.py,424,<genexpr>,895366,895366,1.671317041,0.8121899741425513,7.4005581110000005
<frozen abc>,117,__instancecheck__,966288,966288,1.6408357550000001,0.79737734776416,2.546993297
/opt/hostedtoolcache/Python/3.11.16/x64/lib/python3.11/asyncio/coroutines.py,34,iscoroutine,895552,895552,1.6055687950000002,0.7802390845694352,5.746298845
~,0,<method 'isprintable' of 'str' objects>,1927840,1927840,1.520580193,0.7389381890675916,1.520580193
~,0,<method 'poll' of 'select.epoll' objects>,126883,126883,1.516170006,0.7367950231824699,1.516170006
~,0,<method 'isascii' of 'str' objects>,1940873,1940873,1.49682129,0.7273923588391871,1.49682129
/opt/hostedtoolcache/Python/3.11.16/x64/lib/python3.11/json/encoder.py,334,_iterencode_dict,453647,829581,1.473354325,0.7159883982326762,1.8520652420000001
/opt/hostedtoolcache/Python/3.11.16/x64/lib/python3.11/dataclasses.py,1253,_is_dataclass_instance,787000,787000,1.443131881,0.7013015582084772,2.333395008
/home/runner/work/_temp/scanner-verification-il7_c53e/first_hybrid/vendor/tiktok_sign.py,340,_quarter_round,476896,476896,1.30680038,0.635050167505398,1.30680038
~,0,<method 'replace' of 'str' objects>,1499148,1499148,1.300245414,0.6318647289946653,1.300245414
~,0,<method 'append' of 'list' objects>,1411613,1411613,1.197700459,0.5820321823821647,1.197700459
~,0,<built-in method builtins.hasattr>,1036722,1036741,1.1890149349999999,0.5778113820552837,1.191792161
~,0,<method 'commit' of 'sqlite3.Connection' objects>,8002,8002,1.1841764760000002,0.5754600939431561,1.1841764760000002
~,0,<method 'casefold' of 'str' objects>,1264946,1264946,1.162215672,0.5647880644027657,1.162215672
~,0,<method 'add_done_callback' of '_asyncio.Task' objects>,895341,895341,1.027998006,0.49956390883932494,1.028077844
~,0,<built-in method _abc._abc_instancecheck>,966288,966288,0.9056821650000001,0.44012354097257117,0.9061575420000001
/opt/hostedtoolcache/Python/3.11.16/x64/lib/python3.11/selectors.py,451,select,126883,126883,0.903671544,0.4391464635073505,2.8156153770000003
/opt/hostedtoolcache/Python/3.11.16/x64/lib/python3.11/asyncio/base_events.py,781,_call_soon,209956,209956,0.877304705,0.4263332857796719,1.9578475530000001
/opt/hostedtoolcache/Python/3.11.16/x64/lib/python3.11/json/encoder.py,414,_iterencode,470647,470647,0.829716015,0.40320717867227845,2.7492235369999998
/opt/hostedtoolcache/Python/3.11.16/x64/lib/python3.11/json/encoder.py,205,iterencode,38102,38102,0.806482836,0.3919168282549998,0.8469402210000001
~,0,<method 'remove_done_callback' of '_asyncio.Task' objects>,894327,894327,0.7870610840000001,0.3824786714794039,0.7870610840000001
~,0,<method 'add' of 'set' objects>,936554,936554,0.784965317,0.38146021662985585,0.7931486110000001
/home/runner/work/_temp/scanner-verification-il7_c53e/first_hybrid/vendor/tiktok_sign.py,240,_escape,73318,73318,0.755633475,0.3672061718190165,1.3114407430000001
~,0,<method 'run' of '_contextvars.Context' objects>,246968,246968,0.739687875,0.3594572790990939,139.83831198000001
/opt/hostedtoolcache/Python/3.11.16/x64/lib/python3.11/json/encoder.py,183,encode,52101,52101,0.718368616,0.34909701351741346,4.4561477080000005
~,0,<built-in method builtins.len>,757351,757918,0.718168223,0.3489996309254242,0.7191562040000001
/opt/hostedtoolcache/Python/3.11.16/x64/lib/python3.11/asyncio/events.py,35,__init__,222863,222863,0.703760119,0.3419978967671933,0.9781707420000001
/opt/hostedtoolcache/Python/3.11.16/x64/lib/python3.11/urllib/parse.py,818,unquote_plus,250912,250912,0.700184059,0.34026008161442345,1.7033295720000001
/opt/hostedtoolcache/Python/3.11.16/x64/lib/python3.11/asyncio/events.py,82,_run,246968,246968,0.6997462320000001,0.340047316058227,140.538058212
/opt/hostedtoolcache/Python/3.11.16/x64/lib/python3.11/threading.py,271,__enter__,274300,274300,0.6568233290000001,0.3191885857141419,1.01657206
/opt/hostedtoolcache/Python/3.11.16/x64/lib/python3.11/asyncio/base_events.py,752,call_soon,179478,179478,0.6302188750000001,0.3062599370638487,2.376849522
/opt/hostedtoolcache/Python/3.11.16/x64/lib/python3.11/copy.py,182,_deepcopy_atomic,719000,719000,0.6172172180000001,0.2999416771505039,0.6172172180000001
~,0,<method '__exit__' of 'sqlite3.Connection' objects>,6003,6003,0.6170490350000001,0.29985994726738163,0.6170490350000001
~,0,<built-in method builtins.id>,728462,728462,0.616398913,0.29954401524645663,0.616398913
/opt/hostedtoolcache/Python/3.11.16/x64/lib/python3.11/threading.py,274,__exit__,274300,274300,0.613321927,0.2980487291227169,0.883129469
/opt/hostedtoolcache/Python/3.11.16/x64/lib/python3.11/dataclasses.py,1323,<genexpr>,116000,202000,0.607112312,0.2950311167113293,7.844578742000001
/home/runner/work/_temp/scanner-verification-il7_c53e/first_hybrid/vendor/tiktok_sign.py,355,_keystream,9512,9512,0.5731104260000001,0.2785076264137527,1.915503517
/home/runner/work/_temp/scanner-verification-il7_c53e/first_hybrid/scan_runtime.py,75,independent,56990,56990,0.571995115,0.2779656320524022,4.953586924000001
/opt/hostedtoolcache/Python/3.11.16/x64/lib/python3.11/urllib/parse.py,745,parse_qsl,6454,6454,0.566305971,0.2752009467144914,2.997171976
/opt/hostedtoolcache/Python/3.11.16/x64/lib/python3.11/urllib/parse.py,675,unquote,264186,264186,0.53699367,0.26095639800995346,0.842253377
~,0,<method 'recv' of '_socket.socket' objects>,56285,56285,0.532001017,0.25853017808189815,0.532001017
~,0,<method 'close' of 'sqlite3.Connection' objects>,2007,2007,0.512035204,0.24882763048236997,0.512035204
~,0,<method 'send' of '_socket.socket' objects>,30478,30478,0.49235436099999996,0.2392635663490266,0.49235436099999996
~,0,<built-in method builtins.getattr>,481560,481560,0.47968838,0.23310843089087033,0.47971575
~,0,<built-in method io.open>,4110,4110,0.47612603400000003,0.23137728016683073,0.541681839
/opt/hostedtoolcache/Python/3.11.16/x64/lib/python3.11/urllib/parse.py,781,_unquote,250912,250912,0.471584406,0.22917023946934698,2.174913978
/opt/hostedtoolcache/Python/3.11.16/x64/lib/python3.11/dataclasses.py,1235,fields,17000,17000,0.45676828900000005,0.2219702281082931,0.8741931000000001
~,0,<built-in method posix.fsync>,8185,8185,0.45610906,0.22164987046738513,0.45610906
/opt/hostedtoolcache/Python/3.11.16/x64/lib/python3.11/asyncio/base_futures.py,14,isfuture,214758,214758,0.453950285,0.2206007963728731,0.7164041680000001
/opt/hostedtoolcache/Python/3.11.16/x64/lib/python3.11/collections/__init__.py,660,update,51590,51590,0.44742903100000003,0.217431740480002,0.9468229920000001
/home/runner/work/_temp/scanner-verification-il7_c53e/first_hybrid/tiktok_worker_scanner.py,2041,normalize_member,15000,15000,0.4400774230000001,0.21385916737451055,0.936299306
~,0,<method 'set_result' of '_asyncio.Future' objects>,108132,108132,0.41260864500000005,0.20051049351655786,2.648264242
/opt/hostedtoolcache/Python/3.11.16/x64/lib/python3.11/site-packages/httpx/_urlparse.py,223,<genexpr>,154411,154411,0.40358488400000003,0.19612532419591636,0.644096821
/opt/hostedtoolcache/Python/3.11.16/x64/lib/python3.11/concurrent/futures/thread.py,161,submit,30477,30477,0.39880699700000005,0.193803471534937,1.49365852
/opt/hostedtoolcache/Python/3.11.16/x64/lib/python3.11/pathlib.py,56,parse_parts,26243,26243,0.387321322,0.18822191528174503,0.717716742
~,0,<built-in method builtins.max>,312338,312338,0.386189908,0.18767209553787725,0.38693305100000003
/opt/hostedtoolcache/Python/3.11.16/x64/lib/python3.11/dataclasses.py,1250,<genexpr>,394000,394000,0.38303058,0.18613679465618901,0.38303058
/home/runner/work/_temp/scanner-verification-il7_c53e/first_hybrid/tiktok_worker_scanner.py,1420,disk_call,78314,78314,0.38153061000000005,0.18540787215637078,6.6754293890000005
/opt/hostedtoolcache/Python/3.11.16/x64/lib/python3.11/asyncio/base_events.py,701,time,171037,171037,0.37070384900000003,0.1801465204673003,0.538090465
/opt/hostedtoolcache/Python/3.11.16/x64/lib/python3.11/asyncio/base_events.py,1954,get_debug,349282,349282,0.34992611900000004,0.17004941526376344,0.34992611900000004
/opt/hostedtoolcache/Python/3.11.16/x64/lib/python3.11/asyncio/futures.py,365,_chain_future,30477,30477,0.34065606600000004,0.16554455836248683,1.24751521
/opt/hostedtoolcache/Python/3.11.16/x64/lib/python3.11/asyncio/base_events.py,426,create_future,108311,108311,0.33196535600000004,0.16132123785714625,0.441284453
/opt/hostedtoolcache/Python/3.11.16/x64/lib/python3.11/concurrent/futures/thread.py,53,run,30477,30477,0.326782803,0.15880273449494522,50.57308866300001
/opt/hostedtoolcache/Python/3.11.16/x64/lib/python3.11/asyncio/futures.py,345,_copy_future_state,30477,30477,0.311278037,0.1512680686070825,2.691511476
~,0,<built-in method _sqlite3.connect>,2007,2007,0.31107976400000004,0.15117171624616432,0.40616518
/opt/hostedtoolcache/Python/3.11.16/x64/lib/python3.11/concurrent/futures/_base.py,537,set_result,30477,30477,0.308446638,0.149892127463551,2.3565399129999998
/home/runner/work/_temp/scanner-verification-il7_c53e/first_hybrid/vendor/tiktok_sign.py,268,encode_field,26158,26158,0.29541835,0.14356092600131345,0.4663726590000001
~,0,<built-in method time.monotonic>,304019,304019,0.28777641800000003,0.1398472676102248,0.28777641800000003
/home/runner/work/_temp/scanner-verification-il7_c53e/first_hybrid/vendor/tiktok_sign.py,393,<listcomp>,2378,2378,0.278595131,0.13538554726142513,0.5017684250000001
~,0,<method '__enter__' of '_thread.RLock' objects>,213339,213339,0.27629865900000006,0.1342695582009755,0.27629865900000006
/opt/hostedtoolcache/Python/3.11.16/x64/lib/python3.11/concurrent/futures/thread.py,69,_worker,6,6,0.27486338800000004,0.1335720767011877,53.721007674
/opt/hostedtoolcache/Python/3.11.16/x64/lib/python3.11/json/__init__.py,183,dumps,52101,52101,0.27345320900000003,0.1328867888608501,4.802379614
/opt/hostedtoolcache/Python/3.11.16/x64/lib/python3.11/asyncio/base_events.py,518,_check_closed,258542,258542,0.272568829,0.1324570172784922,0.272568829
~,0,<method 'append' of 'collections.deque' objects>,288014,288014,0.267466445,0.12997747268739188,0.267466445
/opt/hostedtoolcache/Python/3.11.16/x64/lib/python3.11/site-packages/httpx/_urlparse.py,213,urlparse,6002,6002,0.267366592,0.12992894831798826,10.799238029000001
/opt/hostedtoolcache/Python/3.11.16/x64/lib/python3.11/asyncio/tasks.py,851,shield,30290,30290,0.266969369,0.1297359146025504,0.7100824600000001
/home/runner/work/_temp/scanner-verification-il7_c53e/first_hybrid/tiktok_worker_scanner.py,2608,process_profile,46199,46199,0.266030563,0.1292796942672341,20.302481603
/home/runner/work/_temp/scanner-verification-il7_c53e/first_hybrid/tiktok_worker_scanner.py,3360,discover,2000,2000,0.265636499,0.1290881956932837,5.0239019140000005
~,0,<built-in method posix.unlink>,7019,7019,0.262689822,0.12765623427739073,0.26269941
~,0,<method 'join' of 'str' objects>,144448,217766,0.26243204400000003,0.12753096498256605,1.6262787270000003
/opt/hostedtoolcache/Python/3.11.16/x64/lib/python3.11/threading.py,487,release,30477,30477,0.2612408480000001,0.1269520936944113,0.716752395
/opt/hostedtoolcache/Python/3.11.16/x64/lib/python3.11/urllib/parse.py,939,quote_from_bytes,42183,42183,0.25762999000000003,0.125197368173335,0.47480407100000005
/home/runner/work/_temp/scanner-verification-il7_c53e/first_hybrid/hybrid_backend.py,166,request_json,6073,6073,0.253934778,0.12340165014670877,3.0527895710000004
/opt/hostedtoolcache/Python/3.11.16/x64/lib/python3.11/site-packages/httpx/_models.py,284,__getitem__,37278,37278,0.250352742,0.12166093090861799,0.6670136210000001
/opt/hostedtoolcache/Python/3.11.16/x64/lib/python3.11/asyncio/selector_events.py,737,_process_events,126883,126883,0.25008902,0.12153277307912999,0.346147336
~,0,<method 'popleft' of 'collections.deque' objects>,267889,267889,0.24976940300000003,0.12137745262430463,0.24976940300000003
~,0,<method 'join' of 'bytes' objects>,16501,16501,0.24679008700000002,0.11992963002354022,1.3270634490000002
/opt/hostedtoolcache/Python/3.11.16/x64/lib/python3.11/asyncio/locks.py,248,wait,37980,37980,0.23749007100000002,0.11541021236114034,0.541193463
/opt/hostedtoolcache/Python/3.11.16/x64/lib/python3.11/asyncio/base_events.py,594,run_forever,3,3,0.23614799900000003,0.11475802166587569,147.55706766
/home/runner/work/_temp/scanner-verification-il7_c53e/first_hybrid/vendor/tiktok_sign.py,407,<genexpr>,135546,135546,0.23505575300000003,0.11422723592700325,0.347593468
~,0,<built-in method posix.replace>,4092,4092,0.2349463,0.11417404636029682,0.30936112500000007
/opt/hostedtoolcache/Python/3.11.16/x64/lib/python3.11/site-packages/httpx/_models.py,166,encoding,123854,123854,0.23308976,0.11327184579774383,0.364781821
/home/runner/work/_temp/scanner-verification-il7_c53e/first_hybrid/vendor/tiktok_sign.py,259,hash_state,3567,3567,0.23062601500000002,0.11207456907599955,0.234309133
~,0,<built-in method posix.stat>,26662,26662,0.22733675800000003,0.11047612815052454,0.397694593
/opt/hostedtoolcache/Python/3.11.16/x64/lib/python3.11/asyncio/selector_events.py,116,_read_from_self,28106,28106,0.221536318,0.10765735762521673,0.8001890810000001
/opt/hostedtoolcache/Python/3.11.16/x64/lib/python3.11/asyncio/futures.py,409,wrap_future,30477,30477,0.21782196,0.10585233544571981,1.761217556
/opt/hostedtoolcache/Python/3.11.16/x64/lib/python3.11/re/__init__.py,272,_compile,59022,59022,0.21760906700000002,0.10574887837807592,0.41837750500000004
/home/runner/work/_temp/scanner-verification-il7_c53e/first_hybrid/tiktok_worker_scanner.py,2208,__init__,1000,1000,0.216459112,0.10519004848595906,1.9927402460000003
/opt/hostedtoolcache/Python/3.11.16/x64/lib/python3.11/asyncio/events.py,123,__lt__,103839,103839,0.21542807800000002,0.10468900921138848,0.30292819200000004
~,0,<method 'items' of 'dict' objects>,227164,227164,0.20919346100000002,0.10165924687677545,0.20919346100000002
/opt/hostedtoolcache/Python/3.11.16/x64/lib/python3.11/pathlib.py,536,__str__,59732,59732,0.206865447,0.10052792972743783,0.36712523900000005
~,0,<method '__exit__' of '_thread.RLock' objects>,213348,213348,0.20647669600000002,0.10033901304861968,0.20647669600000002
~,0,<method 'decode' of 'bytes' objects>,218078,218078,0.204874667,0.09956049415593425,0.204874667
/opt/hostedtoolcache/Python/3.11.16/x64/lib/python3.11/concurrent/futures/_base.py,497,set_running_or_notify_cancel,30477,30477,0.204582598,0.09941856087353565,0.46669805000000003
~,0,<method 'put' of '_queue.SimpleQueue' objects>,30487,30487,0.20204182,0.09818384934514289,0.20204182
/home/runner/work/_temp/scanner-verification-il7_c53e/first_hybrid/direct_protocol.py,134,normalize_page,2000,2000,0.20007928100000003,0.09723013771499639,0.38241279300000003
~,0,<built-in method posix.mkdir>,5094,5094,0.198488506,0.09645708779423237,0.27901146800000004
<frozen posixpath>,71,join,33166,33166,0.196868216,0.09566969482155255,0.388418198
/opt/hostedtoolcache/Python/3.11.16/x64/lib/python3.11/asyncio/tasks.py,891,_inner_done_callback,30289,30289,0.19540685800000002,0.0949595361340525,1.1889698180000001
~,0,<method 'flush' of '_io.TextIOWrapper' objects>,4477,4477,0.189276957,0.09198066138285178,0.189276957
/opt/hostedtoolcache/Python/3.11.16/x64/lib/python3.11/asyncio/futures.py,394,_call_set_state,30477,30477,0.189139031,0.09191363513252016,1.45103641
/opt/hostedtoolcache/Python/3.11.16/x64/lib/python3.11/asyncio/base_events.py,816,run_in_executor,30477,30477,0.187276078,0.09100831812097729,3.473560909
/home/runner/work/_temp/scanner-verification-il7_c53e/first_hybrid/backend_metrics.py,107,<genexpr>,163816,163816,0.177768783,0.08638817155943952,0.177768783
/opt/hostedtoolcache/Python/3.11.16/x64/lib/python3.11/concurrent/futures/_base.py,408,add_done_callback,30477,30477,0.17627755,0.08566349487512483,0.39367696300000005
/opt/hostedtoolcache/Python/3.11.16/x64/lib/python3.11/urllib/parse.py,863,quote,42829,42829,0.17267906,0.08391477968324028,0.708572414
~,0,<built-in method builtins.sorted>,4950,4950,0.171111804,0.08315315900991004,0.348918898
/opt/hostedtoolcache/Python/3.11.16/x64/lib/python3.11/asyncio/locks.py,125,release,74057,74057,0.170274806,0.08274641309198974,0.252970497
/opt/hostedtoolcache/Python/3.11.16/x64/lib/python3.11/asyncio/base_events.py,805,call_soon_threadsafe,30478,30478,0.16951580800000002,0.08237757190215457,1.194334827
/home/runner/work/_temp/scanner-verification-il7_c53e/first_hybrid/tiktok_worker_scanner.py,2814,worker_loop,49944,49944,0.168002385,0.0816421118086577,21.087021707
/opt/hostedtoolcache/Python/3.11.16/x64/lib/python3.11/concurrent/futures/_base.py,428,result,30477,30477,0.167373069,0.08133629063097039,0.38155280500000005
/opt/hostedtoolcache/Python/3.11.16/x64/lib/python3.11/threading.py,440,acquire,30477,30477,0.1669755,0.08114308877404641,0.394133357
~,0,<method 'encode' of 'str' objects>,175627,175627,0.16675532599999998,0.08103609344582317,0.16675532599999998
/opt/hostedtoolcache/Python/3.11.16/x64/lib/python3.11/site-packages/httpx/_models.py,144,__init__,15006,15006,0.165115113,0.08023901873086595,0.444963947
/opt/hostedtoolcache/Python/3.11.16/x64/lib/python3.11/threading.py,366,notify,60954,60954,0.16235115500000005,0.07889585108434456,0.317005128
~,0,<built-in method posix.lstat>,25117,25117,0.162048742,0.07874889105185218,0.1620526
/opt/hostedtoolcache/Python/3.11.16/x64/lib/python3.11/site-packages/httpx/_urlparse.py,497,quote,21004,21004,0.161170683,0.0783221912103434,0.543026667
/opt/hostedtoolcache/Python/3.11.16/x64/lib/python3.11/pathlib.py,484,_parse_args,23154,23154,0.16037723500000003,0.07793660876560397,0.901124574
/home/runner/work/_temp/scanner-verification-il7_c53e/first_hybrid/tiktok_worker_scanner.py,2107,export_one_list,30753,30753,0.15974385700000002,0.07762881362630791,9.996185775
/opt/hostedtoolcache/Python/3.11.16/x64/lib/python3.11/asyncio/locks.py,14,__aenter__,61337,61337,0.159619374,0.07756832011007433,0.31868213100000004
/opt/hostedtoolcache/Python/3.11.16/x64/lib/python3.11/concurrent/futures/_base.py,393,done,30477,30477,0.153831238,0.07475552881264295,0.37116339400000004
~,0,<method 'to_bytes' of 'int' objects>,179539,179539,0.15372685800000002,0.07470480451113624,0.15372685800000002
/home/runner/work/_temp/scanner-verification-il7_c53e/first_hybrid/tiktok_worker_scanner.py,350,atomic_write_json,3084,3084,0.15356144000000002,0.07462441830202876,4.2051483659999995
/opt/hostedtoolcache/Python/3.11.16/x64/lib/python3.11/pathlib.py,546,__fspath__,57698,57698,0.152479731,0.07409875310315417,0.516736059
/opt/hostedtoolcache/Python/3.11.16/x64/lib/python3.11/asyncio/locks.py,285,wait_for,37990,37990,0.152079093,0.07390405984096746,0.739616092
~,0,<method 'partition' of 'str' objects>,156858,156858,0.15005811800000002,0.07292195076607247,0.15005811800000002
/home/runner/work/_temp/scanner-verification-il7_c53e/final/tests/benchmark_hybrid.py,75,handle,6000,6000,0.148287575,0.0720615411381494,5.012583326000001
<frozen posixpath>,418,_joinrealpath,3015,3015,0.143864502,0.06991211319756478,0.6652718360000001
~,0,<method 'cancelled' of '_asyncio.Future' objects>,159391,159391,0.14241589200000002,0.0692081495033164,0.14241589200000002
~,0,<method 'fullmatch' of 're.Pattern' objects>,86086,86086,0.142392725,0.06919689131311707,0.142392725
/opt/hostedtoolcache/Python/3.11.16/x64/lib/python3.11/threading.py,243,__init__,30487,30487,0.14123871200000002,0.06863608940322369,0.191713981
~,0,<built-in method _json.encode_basestring>,147007,147007,0.140973962,0.06850743200885787,0.140973962
/home/runner/work/_temp/scanner-verification-il7_c53e/first_hybrid/tiktok_worker_scanner.py,381,parse_username,11522,11522,0.139794048,0.06793404329944996,0.24883032300000002
/opt/hostedtoolcache/Python/3.11.16/x64/lib/python3.11/asyncio/locks.py,20,__aexit__,61067,61067,0.135442371,0.06581931081997257,0.349284972
/home/runner/work/_temp/scanner-verification-il7_c53e/first_hybrid/scan_runtime.py,69,call,21324,21324,0.135418448,0.06580768524548565,0.9611188430000001
~,0,<method '__exit__' of '_thread.lock' objects>,127380,127380,0.132435026,0.0643578673009582,0.132435026
/opt/hostedtoolcache/Python/3.11.16/x64/lib/python3.11/contextlib.py,104,__init__,36198,36198,0.129459541,0.06291190640549243,0.169382105
/home/runner/work/_temp/scanner-verification-il7_c53e/first_hybrid/hybrid_backend.py,183,send,7189,7189,0.125522314,0.06099857924082114,21.195070415
/opt/hostedtoolcache/Python/3.11.16/x64/lib/python3.11/concurrent/futures/_base.py,463,exception,30477,30477,0.123821388,0.060172000554630144,0.298405046
/opt/hostedtoolcache/Python/3.11.16/x64/lib/python3.11/json/decoder.py,343,raw_decode,9027,9027,0.12351826400000002,0.060024695005962574,0.12351826400000002
~,0,<built-in method builtins.next>,56668,56668,0.12349320400000001,0.0600125168971701,0.7847817180000001
~,0,<method 'fetchall' of 'sqlite3.Cursor' objects>,7506,7506,0.12324555400000001,0.05989216938549986,0.12324555400000001
/home/runner/work/_temp/scanner-verification-il7_c53e/first_hybrid/scan_runtime.py,13,await_durable,58576,58576,0.12261705900000001,0.059586747179373546,0.8071479130000001
/opt/hostedtoolcache/Python/3.11.16/x64/lib/python3.11/threading.py,396,notify_all,30477,30477,0.12259273000000001,0.059574924305917355,0.263049137
/home/runner/work/_temp/scanner-verification-il7_c53e/final/tests/benchmark_hybrid.py,117,ticker,5319,5319,0.120243082,0.0584330939400747,72.018346019
/home/runner/work/_temp/scanner-verification-il7_c53e/first_hybrid/vendor/tiktok_sign.py,237,<genexpr>,37848,37848,0.11891853200000002,0.05778941820180374,1.430359275
/opt/hostedtoolcache/Python/3.11.16/x64/lib/python3.11/concurrent/futures/_base.py,383,cancelled,30477,30477,0.118499951,0.0575860053942833,0.295013401
/opt/hostedtoolcache/Python/3.11.16/x64/lib/python3.11/site-packages/httpx/_models.py,293,<listcomp>,37278,37278,0.118027294,0.05735631391912272,0.164919906
~,0,<built-in method from_bytes>,139368,139368,0.117988986,0.05733769783805241,0.117988986
/opt/hostedtoolcache/Python/3.11.16/x64/lib/python3.11/asyncio/futures.py,381,_set_state,30477,30477,0.11768339400000001,0.05718919294491157,2.92324472
/home/runner/work/_temp/scanner-verification-il7_c53e/first_hybrid/tiktok_worker_scanner.py,2402,write_final_json,1000,1000,0.11724211100000001,0.056974747917686155,9.16715929
~,0,<method 'write' of '_io.TextIOWrapper' objects>,65166,65166,0.117196599,0.05695263099480654,0.117196599
/opt/hostedtoolcache/Python/3.11.16/x64/lib/python3.11/pathlib.py,523,_format_parsed_parts,35446,35446,0.11550110700000002,0.05612869300467215,0.160259792
/home/runner/work/_temp/scanner-verification-il7_c53e/first_hybrid/tiktok_worker_scanner.py,2315,save_batch,2000,2000,0.11548818000000001,0.05612241102492912,3.8370079830000003
/home/runner/work/_temp/scanner-verification-il7_c53e/first_hybrid/scan_runtime.py,110,_run,17263,17263,0.114859293,0.05581679832324628,1.7797948790000002
/opt/hostedtoolcache/Python/3.11.16/x64/lib/python3.11/site-packages/httpx/_models.py,304,__setitem__,6000,6000,0.113764448,0.055284749579395706,0.14418725000000002
/opt/hostedtoolcache/Python/3.11.16/x64/lib/python3.11/asyncio/locks.py,93,acquire,74327,74327,0.11107304700000001,0.05397684159128034,0.12731478300000001
/home/runner/work/_temp/scanner-verification-il7_c53e/first_hybrid/tiktok_worker_scanner.py,299,utc_iso,18229,18229,0.110954037,0.0539190077234674,0.30470919900000004
~,0,<method 'ljust' of 'bytes' objects>,133168,133168,0.110895925,0.05389076772912789,0.110895925
~,0,<method 'isoformat' of 'datetime.datetime' objects>,18536,18536,0.11086427200000001,0.05387538569889612,0.11086427200000001
/opt/hostedtoolcache/Python/3.11.16/x64/lib/python3.11/asyncio/locks.py,298,notify,19000,19000,0.109204115,0.05306861903654233,0.436216302
/opt/hostedtoolcache/Python/3.11.16/x64/lib/python3.11/concurrent/futures/_base.py,328,__init__,30477,30477,0.107630603,0.05230395820963643,0.299277687
/home/runner/work/_temp/scanner-verification-il7_c53e/first_hybrid/vendor/tiktok_sign.py,309,<genexpr>,51127,51127,0.106014543,0.051518620839518144,0.145149875
~,0,<method 'done' of '_asyncio.Future' objects>,117819,117819,0.10465398000000001,0.05085744429390706,0.10465398000000001
/home/runner/work/_temp/scanner-verification-il7_c53e/first_hybrid/tiktok_worker_scanner.py,1970,parse_profile_response,2000,2000,0.10455064900000001,0.05080722976239729,0.268804209
~,0,<method 'sub' of 're.Pattern' objects>,27014,27014,0.102958062,0.05003329928564235,0.102958062
/opt/hostedtoolcache/Python/3.11.16/x64/lib/python3.11/site-packages/httpx/_client.py,1717,_send_single_request,6000,6000,0.101847216,0.04949347472699576,7.0964444250000005
~,0,<built-in method sys.intern>,89459,89459,0.101333175,0.049243672363795774,0.101333175
~,0,<method 'match' of 're.Pattern' objects>,48311,48311,0.101271973,0.04921393075907443,0.101271973
/opt/hostedtoolcache/Python/3.11.16/x64/lib/python3.11/re/__init__.py,168,fullmatch,28526,28526,0.10025468400000001,0.04871957097793372,0.26032329800000004
/opt/hostedtoolcache/Python/3.11.16/x64/lib/python3.11/asyncio/selector_events.py,128,_write_to_self,30478,30478,0.098221484,0.04773152106584846,0.5905758449999999
/opt/hostedtoolcache/Python/3.11.16/x64/lib/python3.11/concurrent/futures/_base.py,337,_invoke_callbacks,30477,30477,0.09807136100000001,0.04765856758515204,1.548941151
/opt/hostedtoolcache/Python/3.11.16/x64/lib/python3.11/site-packages/httpx/_urls.py,425,__init__,11887,11887,0.097767743,0.04751102197320658,3.2748108510000002
/opt/hostedtoolcache/Python/3.11.16/x64/lib/python3.11/pathlib.py,515,_from_parsed_parts,38429,38429,0.09550498400000001,0.04641141601657659,0.139252121
~,0,<method 'add_done_callback' of '_asyncio.Future' objects>,90054,90054,0.094232218,0.04579290513008971,0.094232218
/home/runner/work/_temp/scanner-verification-il7_c53e/final/tests/benchmark_hybrid.py,59,__enter__,12656,12656,0.09415010100000001,0.04575299971270299,0.14958633600000001
/opt/hostedtoolcache/Python/3.11.16/x64/lib/python3.11/pathlib.py,239,splitroot,56264,56264,0.093799926,0.04558282935171319,0.116338833
/opt/hostedtoolcache/Python/3.11.16/x64/lib/python3.11/concurrent/futures/thread.py,180,_adjust_thread_count,30477,30477,0.093404676,0.045390754431512664,0.48878848500000005
/opt/hostedtoolcache/Python/3.11.16/x64/lib/python3.11/asyncio/base_events.py,734,call_at,12906,12906,0.09193844200000001,0.04467822621254926,0.47141105200000005
/opt/hostedtoolcache/Python/3.11.16/x64/lib/python3.11/pathlib.py,530,_make_child,15121,15121,0.09130636,0.04437106087488908,0.50921131
/opt/hostedtoolcache/Python/3.11.16/x64/lib/python3.11/urllib/parse.py,469,urlsplit,3011,3011,0.091056362,0.04424957233371187,0.212010097
/opt/hostedtoolcache/Python/3.11.16/x64/lib/python3.11/asyncio/queues.py,149,get,17263,17263,0.09089062,0.04416902867419543,0.29558626200000004
/home/runner/work/_temp/scanner-verification-il7_c53e/first_hybrid/tiktok_worker_scanner.py,307,console,5198,5198,0.090686265,0.0440697207164027,0.5766525140000001
/home/runner/work/_temp/scanner-verification-il7_c53e/first_hybrid/vendor/tiktok_sign.py,383,_crypt,2378,2378,0.09036797,0.04391504269812256,3.014433415
/home/runner/work/_temp/scanner-verification-il7_c53e/first_hybrid/backend_metrics.py,80,stage,26378,26378,0.089749665,0.04361457240454993,0.113581597
/opt/hostedtoolcache/Python/3.11.16/x64/lib/python3.11/asyncio/tasks.py,637,sleep,16636,16636,0.08940489700000001,0.043447029618749314,0.650763325
/home/runner/work/_temp/scanner-verification-il7_c53e/first_hybrid/tiktok_worker_scanner.py,2287,save_checkpoint,7000,7000,0.088058058,0.042792522361449,4.559973886
/home/runner/work/_temp/scanner-verification-il7_c53e/first_hybrid/tiktok_worker_scanner.py,1332,slot,12000,12000,0.08761961,0.04257945502530206,0.2997517
/home/runner/work/_temp/scanner-verification-il7_c53e/first_hybrid/tiktok_worker_scanner.py,2396,write_json_property,9000,9000,0.086894422,0.042227044077217626,4.836850722
~,0,<built-in method _asyncio.get_running_loop>,59713,59713,0.085907565,0.04174747297152674,0.085907565
~,0,<method 'lower' of 'str' objects>,95654,95654,0.08584819800000001,0.04171862309983151,0.08584819800000001
/opt/hostedtoolcache/Python/3.11.16/x64/lib/python3.11/pathlib.py,353,_select_from,11026,11026,0.085404031,0.04150277656958304,0.20253074000000001
/opt/hostedtoolcache/Python/3.11.16/x64/lib/python3.11/site-packages/httpx/_urls.py,77,__init__,8380,8380,0.083900314,0.04077203318494252,11.190195786
~,0,<method '__enter__' of '_thread.lock' objects>,60961,60961,0.08345007200000001,0.0405532344595259,0.08345007200000001
~,0,<built-in method _heapq.heappop>,10120,10120,0.082521064,0.040101775541206745,0.24452583000000003
/opt/hostedtoolcache/Python/3.11.16/x64/lib/python3.11/threading.py,286,_is_owned,30491,30491,0.08008846200000001,0.038919633011087515,0.12553656100000002
/opt/hostedtoolcache/Python/3.11.16/x64/lib/python3.11/json/decoder.py,332,decode,9027,9027,0.07987422000000001,0.03881552038603098,0.259275393
~,0,<built-in method builtins.ord>,95490,95490,0.079551454,0.03865866964929866,0.079551454
/home/runner/work/_temp/scanner-verification-il7_c53e/first_hybrid/backend_metrics.py,66,score,5866,5866,0.07921084,0.03849314553324762,0.178929426
~,0,<built-in method _heapq.heappush>,12906,12906,0.07861267100000001,0.038202460491017574,0.219161038
/opt/hostedtoolcache/Python/3.11.16/x64/lib/python3.11/dataclasses.py,1265,asdict,17000,17000,0.078113526,0.03795989695896573,18.409595616
/opt/hostedtoolcache/Python/3.11.16/x64/lib/python3.11/asyncio/locks.py,142,_wake_up_first,74057,74057,0.077811267,0.03781301176401346,0.082695691
/opt/hostedtoolcache/Python/3.11.16/x64/lib/python3.11/asyncio/mixins.py,12,_get_loop,27166,27166,0.077198923,0.037515438266391025,0.116458511
/opt/hostedtoolcache/Python/3.11.16/x64/lib/python3.11/contextlib.py,141,__exit__,26196,26196,0.07707309600000001,0.03745429162253505,0.2674071
/home/runner/work/_temp/scanner-verification-il7_c53e/first_hybrid/tiktok_worker_scanner.py,1308,check,33000,33000,0.077049585,0.0374428662627657,0.10865217
/opt/hostedtoolcache/Python/3.11.16/x64/lib/python3.11/site-packages/httpx/_models.py,884,iter_bytes,6000,6000,0.07485609700000001,0.03637692310638166,0.49957145300000005
/opt/hostedtoolcache/Python/3.11.16/x64/lib/python3.11/contextlib.py,299,helper,26197,26197,0.07455227900000001,0.03622928030282573,0.19887547600000002
/opt/hostedtoolcache/Python/3.11.16/x64/lib/python3.11/json/encoder.py,105,__init__,39098,39098,0.072780671,0.03536835312957689,0.072780671
/opt/hostedtoolcache/Python/3.11.16/x64/lib/python3.11/asyncio/queues.py,137,put_nowait,10289,10289,0.07213494100000001,0.035054555436417924,0.322406487
/home/runner/work/_temp/scanner-verification-il7_c53e/first_hybrid/hybrid_backend.py,76,slot,6000,6000,0.071262274,0.03463047588072753,0.576564282
<frozen posixpath>,41,_get_sep,39200,39200,0.071146096,0.034574018246118915,0.10837829800000001
/opt/hostedtoolcache/Python/3.11.16/x64/lib/python3.11/asyncio/events.py,151,cancel,13906,13906,0.070872562,0.03444109219622105,0.141028922
/opt/hostedtoolcache/Python/3.11.16/x64/lib/python3.11/re/__init__.py,218,finditer,21004,21004,0.07033837300000001,0.03418149875018186,0.24030163400000001
~,0,<built-in method __new__ of type object at 0x7f0aa00496e0>,58635,58700,0.07013527900000001,0.03408280358549316,0.07324185
/opt/hostedtoolcache/Python/3.11.16/x64/lib/python3.11/asyncio/base_events.py,1844,_add_callback,28106,28106,0.069783539,0.033911872700151405,0.096058316
/home/runner/work/_temp/scanner-verification-il7_c53e/first_hybrid/backend_metrics.py,31,prune,12234,12234,0.06975107900000001,0.033896098501771374,0.10442190600000001
/opt/hostedtoolcache/Python/3.11.16/x64/lib/python3.11/shutil.py,641,_rmtree_safe_fd,1,1003,0.069427087,0.033738651980466855,0.5004246560000001
/opt/hostedtoolcache/Python/3.11.16/x64/lib/python3.11/asyncio/tasks.py,662,_ensure_future,30487,30487,0.06939189200000001,0.03372154868681359,0.16857032600000002
/home/runner/work/_temp/scanner-verification-il7_c53e/first_hybrid/tiktok_worker_scanner.py,2373,iter_encoded_members,9500,9500,0.069090855,0.033575257332601305,0.25710010299999997
/home/runner/work/_temp/scanner-verification-il7_c53e/first_hybrid/tiktok_worker_scanner.py,312,<genexpr>,70558,70558,0.06897458100000001,0.03351875304601966,0.06897458100000001
/opt/hostedtoolcache/Python/3.11.16/x64/lib/python3.11/site-packages/httpx/_models.py,935,iter_raw,6000,6000,0.06793805900000001,0.033015046833657656,0.247366211
/opt/hostedtoolcache/Python/3.11.16/x64/lib/python3.11/site-packages/httpx/_models.py,1249,__init__,3000,3000,0.067685387,0.0328922588406484,1.347873067
~,0,<method 'fetchone' of 'sqlite3.Cursor' objects>,13424,13424,0.067660142,0.03287999082961624,0.067660142
~,0,<built-in method posix.fspath>,69715,69715,0.067569187,0.03283579051496263,0.10955755600000001
~,0,<method '__exit__' of '_io._IOBase' objects>,4203,4203,0.067399414,0.032753287958537075,0.067399414
/home/runner/work/_temp/scanner-verification-il7_c53e/first_hybrid/tiktok_worker_scanner.py,3520,record,1000,1000,0.06700346,0.03256087092386768,6.301450729000001
/home/runner/work/_temp/scanner-verification-il7_c53e/first_hybrid/tiktok_worker_scanner.py,1122,<listcomp>,27019,27019,0.066320715,0.032229085493400124,1.556483356
/home/runner/work/_temp/scanner-verification-il7_c53e/first_hybrid/tiktok_worker_scanner.py,1364,pace,6000,6000,0.06629462400000001,0.03221640636185566,0.170998207
~,0,<built-in method posix.open>,5094,5094,0.065736626,0.0319452427405475,0.122005364
/home/runner/work/_temp/scanner-verification-il7_c53e/first_hybrid/backend_metrics.py,22,add,6000,6000,0.06554688900000001,0.03185303851756436,0.41904302200000004
/opt/hostedtoolcache/Python/3.11.16/x64/lib/python3.11/site-packages/httpx/_models.py,203,<dictcomp>,6002,6002,0.065515027,0.03183755492209964,0.231492788
/opt/hostedtoolcache/Python/3.11.16/x64/lib/python3.11/asyncio/futures.py,387,_call_check_cancel,30477,30477,0.06539370500000001,0.03177859751926962,0.092219042
/opt/hostedtoolcache/Python/3.11.16/x64/lib/python3.11/asyncio/tasks.py,908,_outer_done_callback,30289,30289,0.06474492800000001,0.03146331911192507,0.09176129300000001
/home/runner/work/_temp/scanner-verification-il7_c53e/first_hybrid/report_generator.py,251,generate_report,1,1,0.06459205600000001,0.031389029732542664,2.2735357410000003
/opt/hostedtoolcache/Python/3.11.16/x64/lib/python3.11/asyncio/queues.py,86,qsize,31614,31614,0.062804044,0.0305201309034027,0.09051245100000001
/opt/hostedtoolcache/Python/3.11.16/x64/lib/python3.11/asyncio/base_events.py,710,call_later,9906,9906,0.062448753,0.030347474381016964,0.49157726700000004
/home/runner/work/_temp/scanner-verification-il7_c53e/first_hybrid/vendor/tiktok_sign.py,483,dynosaur_payload,1189,1189,0.06210842800000001,0.030182090706843044,0.912469918
/opt/hostedtoolcache/Python/3.11.16/x64/lib/python3.11/urllib/request.py,319,__init__,3000,3000,0.06175225,0.03000900313966485,0.595012439
/opt/hostedtoolcache/Python/3.11.16/x64/lib/python3.11/contextlib.py,132,__enter__,26197,26197,0.060952411000000005,0.0296203149370127,0.6392381030000001
/opt/hostedtoolcache/Python/3.11.16/x64/lib/python3.11/pathlib.py,1008,stat,26160,26160,0.060519515,0.029409945639972537,0.45536039000000006
/home/runner/work/_temp/scanner-verification-il7_c53e/first_hybrid/tiktok_worker_scanner.py,2023,parse_list_page,4000,4000,0.059393694000000004,0.02886284385949165,0.13634969800000002
/opt/hostedtoolcache/Python/3.11.16/x64/lib/python3.11/site-packages/httpx/_models.py,237,<listcomp>,6000,6000,0.059317816,0.028825970334393672,0.103862514
/opt/hostedtoolcache/Python/3.11.16/x64/lib/python3.11/json/__init__.py,299,loads,9027,9027,0.059278974000000005,0.028807094751723397,0.38221835400000004
/home/runner/work/_temp/scanner-verification-il7_c53e/first_hybrid/hybrid_backend.py,348,choose,3000,3000,0.058805181000000005,0.028576851228215325,0.421501094
/home/runner/work/_temp/scanner-verification-il7_c53e/first_hybrid/vendor/tiktok_sign.py,323,fold_checksum,2378,2378,0.05849565300000001,0.028426433604180346,0.102052954
/home/runner/work/_temp/scanner-verification-il7_c53e/first_hybrid/tiktok_worker_scanner.py,1897,save_raw,12994,12994,0.058205452000000005,0.028285408091423582,1.65054815
/home/runner/work/_temp/scanner-verification-il7_c53e/first_hybrid/scan_statistics.py,35,add,7000,7000,0.057937608,0.028155247142843724,0.314743243
/home/runner/work/_temp/scanner-verification-il7_c53e/first_hybrid/tiktok_worker_scanner.py,2576,numeric_uid,8500,8500,0.057907002,0.028140373910692785,0.159071635
~,0,<built-in method now>,18230,18230,0.057807260000000006,0.028091903482632977,0.057807260000000006
~,0,<method 'rstrip' of 'str' objects>,31413,31413,0.057800210000000005,0.02808847747836375,0.057800210000000005
/opt/hostedtoolcache/Python/3.11.16/x64/lib/python3.11/site-packages/httpx/_models.py,383,__init__,3000,3000,0.057634392000000007,0.028007896886035322,2.344526296
/home/runner/work/_temp/scanner-verification-il7_c53e/first_hybrid/hybrid_backend.py,295,fetch_page,11069,11069,0.057573523,0.027978317105345415,3.42561067
/home/runner/work/_temp/scanner-verification-il7_c53e/first_hybrid/vendor/tiktok_sign.py,414,<genexpr>,30914,30914,0.057484471,0.027935041568865473,0.081949724
/home/runner/work/_temp/scanner-verification-il7_c53e/first_hybrid/tiktok_worker_scanner.py,3217,write,5199,5199,0.057238291000000004,0.027815408415532233,0.29493907
/opt/hostedtoolcache/Python/3.11.16/x64/lib/python3.11/site-packages/httpx/_client.py,340,build_request,3000,3000,0.057165242000000005,0.02777990966576442,3.630015455
~,0,<method 'split' of 'str' objects>,41749,41749,0.05708756000000001,0.027742159472339968,0.05708756000000001
/opt/hostedtoolcache/Python/3.11.16/x64/lib/python3.11/pathlib.py,383,_iterate_directories,2008,8016,0.05700043900000001,0.027699822320859158,0.105565053
/home/runner/work/_temp/scanner-verification-il7_c53e/first_hybrid/tiktok_worker_scanner.py,3552,phase_summary,1420,1420,0.056308601,0.02736361807382136,0.12985834100000002
/opt/hostedtoolcache/Python/3.11.16/x64/lib/python3.11/email/message.py,427,__setitem__,12000,12000,0.056302960000000006,0.027360876784447926,0.088978791
/opt/hostedtoolcache/Python/3.11.16/x64/lib/python3.11/urllib/parse.py,703,parse_qs,6454,6454,0.055915389,0.027172533536131582,3.053087365
/opt/hostedtoolcache/Python/3.11.16/x64/lib/python3.11/_weakrefset.py,85,add,18204,18204,0.055575612,0.02700741616697036,0.076654629
/opt/hostedtoolcache/Python/3.11.16/x64/lib/python3.11/pathlib.py,777,parent,8185,8185,0.05538347300000001,0.026914044672745423,0.102765954
/home/runner/work/_temp/scanner-verification-il7_c53e/first_hybrid/direct_protocol.py,82,<listcomp>,1189,1189,0.054533266999999996,0.026500880220869383,0.6558627650000001
/home/runner/work/_temp/scanner-verification-il7_c53e/first_hybrid/vendor/tiktok_sign.py,646,<genexpr>,30914,30914,0.053974692000000005,0.02622943620176501,0.078817858
/opt/hostedtoolcache/Python/3.11.16/x64/lib/python3.11/site-packages/httpx/_client.py,1594,send,6000,6000,0.053961639000000006,0.02622309299130738,7.470478723
/home/runner/work/_temp/scanner-verification-il7_c53e/first_hybrid/tiktok_worker_scanner.py,1966,worker_verified,17000,17000,0.05366005900000001,0.026076537761872666,0.082460811
~,0,<built-in method _contextvars.copy_context>,44575,44575,0.053343823000000005,0.02592286033122236,0.053343823000000005
~,0,<built-in method builtins.min>,40631,40631,0.053167716,0.025837279716493067,0.05375227
/opt/hostedtoolcache/Python/3.11.16/x64/lib/python3.11/asyncio/events.py,107,__init__,12906,12906,0.053147428000000004,0.02582742059952652,0.145812741
/home/runner/work/_temp/scanner-verification-il7_c53e/first_hybrid/tiktok_worker_scanner.py,2246,commit_page,2000,2000,0.053040406000000005,0.025775412396845433,6.794339508
/opt/hostedtoolcache/Python/3.11.16/x64/lib/python3.11/site-packages/httpx/_client.py,1645,_send_handling_auth,6000,6000,0.052794996000000004,0.025656153431212518,7.311359565
/opt/hostedtoolcache/Python/3.11.16/x64/lib/python3.11/site-packages/httpx/_models.py,346,__contains__,9010,9010,0.052764497,0.025641332196573184,0.09286978300000001
/home/runner/work/_temp/scanner-verification-il7_c53e/first_hybrid/hybrid_backend.py,69,check,21000,21000,0.052293789,0.025412587853656687,0.12346253800000001
/home/runner/work/_temp/scanner-verification-il7_c53e/first_hybrid/report_generator.py,146,_build_data,1,1,0.052242081,0.025387459934684574,2.1195073620000002
/opt/hostedtoolcache/Python/3.11.16/x64/lib/python3.11/urllib/request.py,401,add_header,25274,25274,0.052183483,0.025358983764731606,0.078144343
/opt/hostedtoolcache/Python/3.11.16/x64/lib/python3.11/site-packages/httpx/_models.py,441,_prepare,3000,3000,0.052057593000000006,0.02529780650551834,0.528310864
/opt/hostedtoolcache/Python/3.11.16/x64/lib/python3.11/asyncio/base_events.py,430,create_task,5196,5196,0.051776994,0.02516144716198046,0.15018825400000002
/opt/hostedtoolcache/Python/3.11.16/x64/lib/python3.11/contextlib.py,214,__aexit__,5006,11006,0.051694098,0.02512116318327093,0.45506422900000004
/opt/hostedtoolcache/Python/3.11.16/x64/lib/python3.11/asyncio/queues.py,99,full,21326,21326,0.051389093000000004,0.024972943547506836,0.113537013
/home/runner/work/_temp/scanner-verification-il7_c53e/first_hybrid/tiktok_worker_scanner.py,3510,claim,2000,2000,0.051339911,0.024949043158575015,0.46554425600000005
/opt/hostedtoolcache/Python/3.11.16/x64/lib/python3.11/site-packages/httpx/_models.py,1270,info,6000,6000,0.051331202000000006,0.0249448109498969,0.27453924700000004
~,0,<method 'acquire' of '_thread.lock' objects>,34542,34542,0.051246251,0.024903528327389738,0.051246251
/home/runner/work/_temp/scanner-verification-il7_c53e/first_hybrid/tiktok_worker_scanner.py,976,check_worker_error,9000,9000,0.051153992,0.024858694323435838,0.083010516
/home/runner/work/_temp/scanner-verification-il7_c53e/first_hybrid/report_generator.py,217,make_row,1000,1000,0.050834672000000004,0.024703518198152016,0.190555898
/opt/hostedtoolcache/Python/3.11.16/x64/lib/python3.11/_weakrefset.py,39,_remove,18199,18199,0.050633501000000004,0.02460575753079804,0.071066158
/opt/hostedtoolcache/Python/3.11.16/x64/lib/python3.11/threading.py,90,RLock,30481,30481,0.050482412000000004,0.024532334614623022,0.050482412000000004
/opt/hostedtoolcache/Python/3.11.16/x64/lib/python3.11/asyncio/locks.py,178,is_set,48755,48755,0.049821042,0.024210936537524937,0.049821042
~,0,<method 'load_verify_locations' of '_ssl._SSLContext' objects>,2,2,0.049807871000000004,0.02420453598401713,0.049807871000000004
/opt/hostedtoolcache/Python/3.11.16/x64/lib/python3.11/asyncio/queues.py,175,get_nowait,10289,10289,0.049461733,0.024036327435684762,0.115043767
/opt/hostedtoolcache/Python/3.11.16/x64/lib/python3.11/selectors.py,275,_key_from_fd,28106,28106,0.049151384000000006,0.02388551084008879,0.049151384000000006
/opt/hostedtoolcache/Python/3.11.16/x64/lib/python3.11/asyncio/queues.py,58,_wakeup_next,20578,20578,0.048289835,0.023466834166024683,0.183781203
/opt/hostedtoolcache/Python/3.11.16/x64/lib/python3.11/asyncio/unix_events.py,81,_process_self_data,28179,28179,0.046651746,0.022670791625970667,0.046651746
/home/runner/work/_temp/scanner-verification-il7_c53e/first_hybrid/scan_runtime.py,84,<lambda>,37990,37990,0.046343536000000005,0.022521014494648717,0.046343536000000005
/opt/hostedtoolcache/Python/3.11.16/x64/lib/python3.11/site-packages/httpx/_client.py,1679,_send_handling_redirects,6000,6000,0.046123416,0.022414045408160315,7.188308792000001
/opt/hostedtoolcache/Python/3.11.16/x64/lib/python3.11/contextlib.py,205,__aenter__,5003,11003,0.045692259000000006,0.022204521192173234,0.7188498470000001
/opt/hostedtoolcache/Python/3.11.16/x64/lib/python3.11/site-packages/httpx/_urlparse.py,348,encode_host,6002,6002,0.045600891000000005,0.022160120176843996,0.227201869
/opt/hostedtoolcache/Python/3.11.16/x64/lib/python3.11/site-packages/httpx/_models.py,67,_normalize_header_key,25292,25292,0.045499289000000005,0.02211074586680677,0.065622978
/opt/hostedtoolcache/Python/3.11.16/x64/lib/python3.11/asyncio/queues.py,110,put,11037,11037,0.045126623000000005,0.02192964582326105,0.437042547
/home/runner/work/_temp/scanner-verification-il7_c53e/first_hybrid/direct_protocol.py,57,signed_url,1189,1189,0.044263726,0.021510314077742346,6.912368099
/opt/hostedtoolcache/Python/3.11.16/x64/lib/python3.11/site-packages/httpx/_models.py,74,_normalize_header_value,25292,25292,0.044099385000000005,0.02143045124545728,0.063908228
/opt/hostedtoolcache/Python/3.11.16/x64/lib/python3.11/pathlib.py,583,__hash__,18040,18040,0.044023997,0.021393815839804962,0.09132951900000001
~,0,<built-in method time.process_time>,19003,19003,0.043986104000000005,0.021375401431326387,0.043986104000000005
/opt/hostedtoolcache/Python/3.11.16/x64/lib/python3.11/pathlib.py,402,_select_from,9022,9022,0.043404511,0.021092771629772477,0.46344336700000005
/home/runner/work/_temp/scanner-verification-il7_c53e/first_hybrid/vendor/tiktok_sign.py,410,seal,2378,2378,0.04294600800000001,0.020869958404885196,3.270771658
/opt/hostedtoolcache/Python/3.11.16/x64/lib/python3.11/site-packages/httpx/_urls.py,450,<dictcomp>,1811,1811,0.042446494,0.02062721555431203,0.045346702
~,0,<method 'rstrip' of 'bytes' objects>,42183,42183,0.041863322,0.02034381842499343,0.041863322
/opt/hostedtoolcache/Python/3.11.16/x64/lib/python3.11/concurrent/futures/thread.py,47,__init__,30477,30477,0.041564941,0.02019881777536825,0.041564941
/home/runner/work/_temp/scanner-verification-il7_c53e/first_hybrid/vendor/tiktok_sign.py,538,gnarly_fields,1189,1189,0.041559958,0.02019639624639328,0.210450777
/opt/hostedtoolcache/Python/3.11.16/x64/lib/python3.11/asyncio/events.py,68,cancel,13907,13907,0.041085645000000004,0.01996590002469797,0.054054784
~,0,<method 'get' of '_contextvars.ContextVar' objects>,32290,32290,0.040336744,0.019601965553317606,0.040336744
~,0,<method 'search' of 're.Pattern' objects>,6388,6388,0.040216263,0.01954341684120963,0.040216263
/opt/hostedtoolcache/Python/3.11.16/x64/lib/python3.11/site-packages/httpx/_urlparse.py,482,percent_encoded,16189,16189,0.040134185,0.01950353037618694,0.084086351
~,0,<built-in method time.perf_counter>,39638,39638,0.039531443,0.01921062304778339,0.039531443
~,0,<built-in method _asyncio._get_running_loop>,27174,27174,0.039251423,0.01907454507395784,0.039251423
/opt/hostedtoolcache/Python/3.11.16/x64/lib/python3.11/urllib/parse.py,374,urlparse,3000,3000,0.039043007000000005,0.018973263640514423,0.276023883
/home/runner/work/_temp/scanner-verification-il7_c53e/first_hybrid/tiktok_worker_scanner.py,2926,dispatch_profiles,1406,1406,0.038633909,0.01877445917320464,14.848871809
/home/runner/work/_temp/scanner-verification-il7_c53e/first_hybrid/tiktok_worker_scanner.py,340,fsync_directory,4090,4090,0.038396189000000004,0.018658937224994475,0.28466025100000003
/opt/hostedtoolcache/Python/3.11.16/x64/lib/python3.11/asyncio/base_events.py,687,is_closed,30480,30480,0.038147465000000005,0.018538067794375994,0.038147465000000005
/home/runner/work/_temp/scanner-verification-il7_c53e/first_hybrid/scan_statistics.py,93,snapshot,184,184,0.038141808,0.018535318729673716,0.8756672350000001
/opt/hostedtoolcache/Python/3.11.16/x64/lib/python3.11/asyncio/locks.py,89,locked,37990,37990,0.037711972,0.01832643646427382,0.037711972
/opt/hostedtoolcache/Python/3.11.16/x64/lib/python3.11/pathlib.py,765,__truediv__,15120,15120,0.037416383,0.018182792609530866,0.5465962240000001
/home/runner/work/_temp/scanner-verification-il7_c53e/first_hybrid/tiktok_worker_scanner.py,2073,finish_list_result,4000,4000,0.03738799,0.018168994802549833,0.14344319700000002
/opt/hostedtoolcache/Python/3.11.16/x64/lib/python3.11/concurrent/futures/_base.py,398,__get_result,30477,30477,0.036982079,0.017971739083552964,0.036982079
/home/runner/work/_temp/scanner-verification-il7_c53e/final/tests/benchmark_hybrid.py,64,__exit__,12656,12656,0.036866404000000005,0.01791552588584469,0.05135462500000001
/opt/hostedtoolcache/Python/3.11.16/x64/lib/python3.11/json/encoder.py,278,_iterencode_list,17029,17029,0.03681022600000001,0.01788822573437847,0.053337218
~,0,<built-in method math.ceil>,26534,26534,0.036447317,0.017711867183549748,0.036447317
/opt/hostedtoolcache/Python/3.11.16/x64/lib/python3.11/urllib/parse.py,643,unquote_to_bytes,3367,3367,0.036324793,0.01765232565914077,0.061275057
/opt/hostedtoolcache/Python/3.11.16/x64/lib/python3.11/site-packages/httpx/_models.py,516,__init__,3000,3000,0.036220301,0.01760154693033219,1.09547412
/home/runner/work/_temp/scanner-verification-il7_c53e/first_hybrid/direct_protocol.py,111,normalize_profile,1000,1000,0.035906354,0.01744898185766377,0.07420038500000001
/opt/hostedtoolcache/Python/3.11.16/x64/lib/python3.11/random.py,480,choices,2851,2851,0.035783531,0.017389295031797133,0.06430495500000001
/home/runner/work/_temp/scanner-verification-il7_c53e/first_hybrid/vendor/tiktok_sign.py,649,sign,1189,1189,0.035757376,0.01737658479893731,6.166975257000001
/home/runner/work/_temp/scanner-verification-il7_c53e/first_hybrid/vendor/tiktok_sign.py,380,<listcomp>,9512,9512,0.035592711,0.01729656451624327,0.035592711
~,0,<built-in method builtins.anext>,20002,20002,0.035514988000000004,0.017258794398538668,0.10257240200000001
~,0,<method 'finditer' of 're.Pattern' objects>,21004,21004,0.035337007000000004,0.017172303098419228,0.035337007000000004
/opt/hostedtoolcache/Python/3.11.16/x64/lib/python3.11/json/encoder.py,260,_make_iterencode,6086,6086,0.035027998000000005,0.01702213768661343,0.040457385
/home/runner/work/_temp/scanner-verification-il7_c53e/first_hybrid/vendor/tiktok_sign.py,313,_be,17835,17835,0.035005947,0.017011421825600545,0.051729837
/opt/hostedtoolcache/Python/3.11.16/x64/lib/python3.11/pathlib.py,1111,mkdir,5091,5093,0.034825511,0.01692373749846253,0.44619074400000003
/home/runner/work/_temp/scanner-verification-il7_c53e/first_hybrid/vendor/tiktok_sign.py,645,_random_key,2378,2378,0.034648233,0.016837587826853906,0.113466091
~,0,<built-in method posix.close>,5097,5097,0.03394699,0.016496813144333548,0.03394699
~,0,<method 'endswith' of 'str' objects>,35974,35974,0.033913758,0.01648066378633708,0.033913758
/opt/hostedtoolcache/Python/3.11.16/x64/lib/python3.11/asyncio/base_events.py,531,_asyncgen_firstiter_hook,13001,13001,0.033820161,0.0164351795705091,0.08951149700000001
/opt/hostedtoolcache/Python/3.11.16/x64/lib/python3.11/pathlib.py,504,_from_parts,8030,8030,0.033727216000000004,0.016390012199331273,0.5973980040000001
/home/runner/work/_temp/scanner-verification-il7_c53e/first_hybrid/tiktok_worker_scanner.py,1550,borrow_client,3073,3073,0.03369995,0.01637676206707526,0.10521130100000001
/opt/hostedtoolcache/Python/3.11.16/x64/lib/python3.11/asyncio/queues.py,186,task_done,10289,10289,0.033159480000000005,0.016114116318509106,0.046462174
/home/runner/work/_temp/scanner-verification-il7_c53e/first_hybrid/tiktok_worker_scanner.py,680,found_lists_for,3000,3000,0.033089381,0.01608005114499579,0.08744969200000001
/opt/hostedtoolcache/Python/3.11.16/x64/lib/python3.11/site-packages/httpx/_models.py,195,raw,12004,12004,0.032936959,0.01600598044673696,0.060730379
~,0,<method 'lower' of 'bytes' objects>,37306,37306,0.032895206,0.01598569024017622,0.032895206
<frozen _collections_abc>,959,setdefault,6000,6000,0.032873888000000004,0.015975330586415728,0.26393250700000004
/opt/hostedtoolcache/Python/3.11.16/x64/lib/python3.11/pathlib.py,622,name,11195,11195,0.032665679,0.01587414974628915,0.043786299
/opt/hostedtoolcache/Python/3.11.16/x64/lib/python3.11/urllib/parse.py,959,urlencode,1811,1811,0.032379525,0.01573509090577034,0.180158393
~,0,<built-in method posix.rmdir>,1003,1003,0.032341684,0.015716701767110486,0.032345621000000005
/home/runner/work/_temp/scanner-verification-il7_c53e/first_hybrid/report_generator.py,34,saved_profile,2000,2000,0.032291635,0.015692380052547257,0.9851557020000001
/opt/hostedtoolcache/Python/3.11.16/x64/lib/python3.11/site-packages/httpx/_transports/mock.py,29,handle_async_request,6000,6000,0.031886148,0.015495330379764593,5.057336322
/opt/hostedtoolcache/Python/3.11.16/x64/lib/python3.11/pathlib.py,667,with_name,3087,3087,0.031818599,0.015462504399284833,0.110692777
/opt/hostedtoolcache/Python/3.11.16/x64/lib/python3.11/pathlib.py,1261,is_file,9025,9025,0.031771866,0.015439794121623275,0.19873091000000004
/opt/hostedtoolcache/Python/3.11.16/x64/lib/python3.11/http/cookiejar.py,1680,extract_cookies,3000,3000,0.031762664,0.015435322335625338,0.391817326
/opt/hostedtoolcache/Python/3.11.16/x64/lib/python3.11/asyncio/queues.py,95,empty,27552,27552,0.031567249,0.01534035884282082,0.031567249
/home/runner/work/_temp/scanner-verification-il7_c53e/final/tests/benchmark_hybrid.py,168,<genexpr>,7018,7018,0.031213942,0.015168666461210992,0.604273256
/home/runner/work/_temp/scanner-verification-il7_c53e/first_hybrid/hybrid_backend.py,419,fetch_chain_page,11069,11069,0.03076289,0.014949474109771942,3.4563735600000003
/opt/hostedtoolcache/Python/3.11.16/x64/lib/python3.11/asyncio/futures.py,311,_set_result_unless_cancelled,8318,8318,0.030565432000000003,0.014853517804666429,0.20412482
/opt/hostedtoolcache/Python/3.11.16/x64/lib/python3.11/functools.py,35,update_wrapper,2035,2035,0.030259816000000002,0.01470500124853233,0.058788112000000003
/opt/hostedtoolcache/Python/3.11.16/x64/lib/python3.11/_weakrefset.py,27,__exit__,5319,5319,0.030100717000000003,0.014627685808357802,0.073077125
/opt/hostedtoolcache/Python/3.11.16/x64/lib/python3.11/contextlib.py,332,helper,10001,10001,0.029989643000000003,0.014573708503648499,0.075048551
/opt/hostedtoolcache/Python/3.11.16/x64/lib/python3.11/site-packages/httpx/_client.py,1485,request,6000,6000,0.029834628000000002,0.014498377716159862,11.130328806000001
/opt/hostedtoolcache/Python/3.11.16/x64/lib/python3.11/asyncio/tasks.py,399,wait,2812,2812,0.029785131000000003,0.014474324250441544,14.765889041000001
/opt/hostedtoolcache/Python/3.11.16/x64/lib/python3.11/pathlib.py,569,_cparts,9022,9022,0.029736693,0.01445078541430069,0.03823751
~,0,<built-in method posix.scandir>,5017,5017,0.029668302,0.01441755025714083,0.053375740000000005
~,0,<method 'strip' of 'str' objects>,31070,31070,0.029661342,0.014414167989096314,0.029661342
~,0,<method '_is_owned' of '_thread.RLock' objects>,30477,30477,0.029164532,0.014172739169096768,0.029164532
/opt/hostedtoolcache/Python/3.11.16/x64/lib/python3.11/site-packages/httpx/_models.py,1101,extract_cookies,3000,3000,0.028981081000000002,0.014083589678430848,1.775677356
~,0,<method 'values' of 'dict' objects>,28847,28847,0.028831815,0.014011052663785304,0.028831815
/home/runner/work/_temp/scanner-verification-il7_c53e/first_hybrid/vendor/tiktok_sign.py,390,<genexpr>,30914,30914,0.028769618000000004,0.01398082753080185,0.028769618000000004
/opt/hostedtoolcache/Python/3.11.16/x64/lib/python3.11/re/__init__.py,173,search,6388,6388,0.028629648,0.013912807982211164,0.13886932100000002
/opt/hostedtoolcache/Python/3.11.16/x64/lib/python3.11/_weakrefset.py,53,_commit_removals,5319,5319,0.028507777,0.013853583788410388,0.036236419
/opt/hostedtoolcache/Python/3.11.16/x64/lib/python3.11/site-packages/httpx/_decoders.py,260,flush,6000,6000,0.028479205,0.013839698994937978,0.045267717000000006
/opt/hostedtoolcache/Python/3.11.16/x64/lib/python3.11/site-packages/httpx/_urlparse.py,186,copy_with,5378,5378,0.028308813000000002,0.013756895630478001,9.586854433000001
/opt/hostedtoolcache/Python/3.11.16/x64/lib/python3.11/http/cookiejar.py,1599,make_cookies,3000,3000,0.028269786,0.013737930145568032,0.19684804
/opt/hostedtoolcache/Python/3.11.16/x64/lib/python3.11/site-packages/httpx/_content.py,176,encode_json,3000,3000,0.028139299000000003,0.013674518937188004,0.17306580200000002
~,0,<function Random.seed at 0x7f0a9e79fc40>,1191,1191,0.028105457,0.013658073144779589,0.028105457
/opt/hostedtoolcache/Python/3.11.16/x64/lib/python3.11/site-packages/httpx/_models.py,200,<listcomp>,12004,12004,0.027793420000000003,0.013506436251991204,0.027793420000000003
/home/runner/work/_temp/scanner-verification-il7_c53e/first_hybrid/vendor/tiktok_sign.py,412,<genexpr>,30914,30914,0.027772078,0.013496064935237452,0.027772078
/opt/hostedtoolcache/Python/3.11.16/x64/lib/python3.11/dataclasses.py,1321,<genexpr>,22000,22000,0.027757589,0.013489023889016618,0.10949365
/opt/hostedtoolcache/Python/3.11.16/x64/lib/python3.11/asyncio/tasks.py,376,create_task,5010,5010,0.027754947000000002,0.01348773998784225,0.195449181
/home/runner/work/_temp/scanner-verification-il7_c53e/first_hybrid/backend_metrics.py,44,end,3000,3000,0.027695435,0.013458819652229413,0.276862324
~,0,<method 'result' of '_asyncio.Future' objects>,29288,29288,0.027055151000000003,0.013147668486623673,0.027055151000000003
/home/runner/work/_temp/scanner-verification-il7_c53e/first_hybrid/scan_statistics.py,53,request_finished,3000,3000,0.026998288000000002,0.013120035453891572,0.167027542
~,0,<method 'discard' of 'set' objects>,24199,24199,0.026870052000000002,0.013057718137087438,0.026870052000000002
/home/runner/work/_temp/scanner-verification-il7_c53e/first_hybrid/tiktok_worker_scanner.py,1903,lookup_profile,4998,4998,0.026819426,0.013033116024727991,1.5791151730000001
/home/runner/work/_temp/scanner-verification-il7_c53e/first_hybrid/hybrid_backend.py,406,prepare_chain,4000,4000,0.026751863,0.013000283240835499,2.2183499490000003
/opt/hostedtoolcache/Python/3.11.16/x64/lib/python3.11/pathlib.py,1245,is_dir,4094,4094,0.026637239000000004,0.012944580785040271,0.132522589
/opt/hostedtoolcache/Python/3.11.16/x64/lib/python3.11/email/message.py,531,get_all,6000,6000,0.026388436,0.012823672963735652,0.042110787000000004
/opt/hostedtoolcache/Python/3.11.16/x64/lib/python3.11/urllib/parse.py,413,_splitnetloc,3011,3011,0.026199884,0.012732044601044575,0.046102349
~,0,<method 'exception' of '_asyncio.Future' objects>,29288,29288,0.026151255,0.012708412946915717,0.026151255
/opt/hostedtoolcache/Python/3.11.16/x64/lib/python3.11/site-packages/httpx/_models.py,571,_prepare,3000,3000,0.026083896000000002,0.012675679298465909,0.29854899900000004
/opt/hostedtoolcache/Python/3.11.16/x64/lib/python3.11/site-packages/httpx/_models.py,202,keys,6002,6002,0.025983942000000003,0.012627105847298996,0.263466065
~,0,<method 'capitalize' of 'str' objects>,25274,25274,0.025960860000000002,0.012615888963534116,0.025960860000000002
/opt/hostedtoolcache/Python/3.11.16/x64/lib/python3.11/pathlib.py,877,_make_child_relpath,11024,11024,0.025230678000000003,0.012261051140936126,0.057619737000000004
/home/runner/work/_temp/scanner-verification-il7_c53e/first_hybrid/direct_protocol.py,96,guard,3000,3000,0.025102212000000002,0.012198622053779947,0.041395952
/opt/hostedtoolcache/Python/3.11.16/x64/lib/python3.11/pathlib.py,981,resolve,3015,3015,0.024867873000000002,0.012084743129744856,1.0775795740000003
~,0,<method 'getrandbits' of '_random.Random' objects>,28536,28536,0.024843166000000003,0.012072736564144872,0.024843166000000003
~,0,<method 'lstrip' of 'str' objects>,23574,23574,0.024790299000000002,0.012047045419790054,0.024790299000000002
/opt/hostedtoolcache/Python/3.11.16/x64/lib/python3.11/site-packages/httpx/_models.py,961,close,3000,3000,0.024726452000000003,0.01201601845602018,0.079526055
/home/runner/work/_temp/scanner-verification-il7_c53e/final/tests/benchmark_hybrid.py,73,user,8500,8500,0.024480888000000003,0.011896684652847201,0.024480888000000003
/home/runner/work/_temp/scanner-verification-il7_c53e/first_hybrid/backend_metrics.py,89,snapshot,184,184,0.024447823,0.011880616449845479,0.383643846
<frozen posixpath>,60,isabs,6031,6031,0.024414751000000002,0.011864544845137394,0.052090455
/opt/hostedtoolcache/Python/3.11.16/x64/lib/python3.11/json/__init__.py,244,detect_encoding,3000,3000,0.024401544,0.011858126797139698,0.038492297
/opt/hostedtoolcache/Python/3.11.16/x64/lib/python3.11/site-packages/httpx/_models.py,242,get,6000,6000,0.024387624,0.011851362261050663,0.20588239500000002
~,0,<built-in method builtins.all>,7910,7910,0.024214785000000003,0.011767369757236527,0.038932103
/opt/hostedtoolcache/Python/3.11.16/x64/lib/python3.11/site-packages/httpx/_models.py,699,_get_content_decoder,3000,3000,0.023907698,0.01161813835680739,0.07654305800000001
/opt/hostedtoolcache/Python/3.11.16/x64/lib/python3.11/site-packages/httpx/_client.py,424,_merge_headers,3000,3000,0.023654709000000003,0.011495196315095539,0.12752623600000002
~,0,<method 'reverse' of 'list' objects>,26249,26249,0.02362012,0.011478387512021999,0.02362012
/home/runner/work/_temp/scanner-verification-il7_c53e/first_hybrid/tiktok_worker_scanner.py,3351,register_profile,1000,1000,0.023395141,0.011369057155357123,0.23991967600000003
~,0,<built-in method builtins.compile>,39,39,0.023362438,0.01135316486917036,0.023362438
/opt/hostedtoolcache/Python/3.11.16/x64/lib/python3.11/urllib/request.py,301,request_host,3000,3000,0.023240888,0.011294096667904395,0.31151532400000004
/opt/hostedtoolcache/Python/3.11.16/x64/lib/python3.11/asyncio/timeouts.py,85,__aenter__,3000,3000,0.023012229000000002,0.011182977985606786,0.145624373
~,0,<method 'groupdict' of 're.Match' objects>,12004,12004,0.022889004,0.011123095804603092,0.022889004
/opt/hostedtoolcache/Python/3.11.16/x64/lib/python3.11/site-packages/httpx/_urls.py,274,params,6452,6452,0.022766882000000002,0.011063749635331169,3.1421100120000003
/opt/hostedtoolcache/Python/3.11.16/x64/lib/python3.11/urllib/request.py,374,_parse,3000,3000,0.022760085000000003,0.011060446578449188,0.08864198400000001
~,0,<built-in method _stat.S_ISLNK>,24111,24111,0.022608533,0.010986798663695918,0.022608533
/opt/hostedtoolcache/Python/3.11.16/x64/lib/python3.11/pathlib.py,1036,open,4109,4109,0.022287632,0.0108308542387313,0.568492332
/home/runner/work/_temp/scanner-verification-il7_c53e/first_hybrid/tiktok_worker_scanner.py,1948,parse_count,8000,8000,0.022192216,0.010784486065206053,0.035563509
/opt/hostedtoolcache/Python/3.11.16/x64/lib/python3.11/urllib/request.py,343,full_url,3000,3000,0.022070044,0.010725115598031512,0.136692942
/opt/hostedtoolcache/Python/3.11.16/x64/lib/python3.11/site-packages/httpx/_exceptions.py,366,request_context,24000,24000,0.021822365,0.010604753993577761,0.021822365
/opt/hostedtoolcache/Python/3.11.16/x64/lib/python3.11/asyncio/queues.py,53,_put,10289,10289,0.021677263000000002,0.0105342405082623,0.030874683000000003
/opt/hostedtoolcache/Python/3.11.16/x64/lib/python3.11/site-packages/httpx/_auth.py,87,async_auth_flow,6000,6000,0.021548981000000002,0.010471900837387757,0.040983908
/home/runner/work/_temp/scanner-verification-il7_c53e/first_hybrid/tiktok_worker_scanner.py,229,finish,4000,4000,0.021462972,0.01043010407126119,0.08095992900000001
/home/runner/work/_temp/scanner-verification-il7_c53e/first_hybrid/backend_metrics.py,39,begin,3000,3000,0.021304825000000003,0.01035325126315252,0.20071813500000002
/home/runner/work/_temp/scanner-verification-il7_c53e/first_hybrid/scan_statistics.py,43,prune,7184,7184,0.021302946,0.01035233814797211,0.027361614000000003
/home/runner/work/_temp/scanner-verification-il7_c53e/first_hybrid/hybrid_backend.py,86,pace,3000,3000,0.021200354,0.010302482739463034,0.22552612300000002
~,0,<method 'is_dir' of 'posix.DirEntry' objects>,24057,24057,0.021091230000000002,0.01024945305295586,0.021091230000000002
/opt/hostedtoolcache/Python/3.11.16/x64/lib/python3.11/pathlib.py,868,__new__,5015,5015,0.021025719000000002,0.010217617454986836,0.42240986900000005
/home/runner/work/_temp/scanner-verification-il7_c53e/first_hybrid/hybrid_backend.py,232,<genexpr>,9500,9500,0.020966339,0.010188761265836914,0.45572513000000003
/opt/hostedtoolcache/Python/3.11.16/x64/lib/python3.11/asyncio/queues.py,50,_get,10289,10289,0.020701496,0.010060058677372231,0.0295211
/opt/hostedtoolcache/Python/3.11.16/x64/lib/python3.11/urllib/parse.py,917,quote_plus,6170,6170,0.020330241000000002,0.009879644320638408,0.132489549
/opt/hostedtoolcache/Python/3.11.16/x64/lib/python3.11/_weakrefset.py,72,__len__,5320,5320,0.019999491,0.009718913694815961,0.030229100000000002
/opt/hostedtoolcache/Python/3.11.16/x64/lib/python3.11/site-packages/httpx/_models.py,468,read,3000,3000,0.019999132000000003,0.00971873923587516,0.107462501
/opt/hostedtoolcache/Python/3.11.16/x64/lib/python3.11/site-packages/httpx/_client.py,457,_build_request_auth,3000,3000,0.019826535000000003,0.009634864333909697,0.07240002400000001
/opt/hostedtoolcache/Python/3.11.16/x64/lib/python3.11/asyncio/timeouts.py,129,timeout,3000,3000,0.019803696000000003,0.009623765537951544,0.041761405
~,0,<method 'remove' of 'collections.deque' objects>,19451,19451,0.019767004,0.009605934765093865,0.019767004
/opt/hostedtoolcache/Python/3.11.16/x64/lib/python3.11/site-packages/httpx/_models.py,252,get_list,3000,3000,0.01975326,0.009599255757622048,0.044599678000000004
/home/runner/work/_temp/scanner-verification-il7_c53e/first_hybrid/tiktok_worker_scanner.py,2283,checkpoint,3000,3000,0.019591541,0.0095206671073503,0.181273063
/opt/hostedtoolcache/Python/3.11.16/x64/lib/python3.11/site-packages/httpx/_urlparse.py,167,authority,6000,6000,0.019472815,0.009462971251624238,0.025979501000000002
/opt/hostedtoolcache/Python/3.11.16/x64/lib/python3.11/pathlib.py,94,join_parsed_parts,15121,15121,0.019236794,0.009348274946145055,0.019236794
/home/runner/work/_temp/scanner-verification-il7_c53e/first_hybrid/hybrid_backend.py,360,<listcomp>,2850,2850,0.018860479000000003,0.009165401641666224,0.19344054100000002
/opt/hostedtoolcache/Python/3.11.16/x64/lib/python3.11/site-packages/httpx/_models.py,274,update,3002,3002,0.018717551000000002,0.009095944629156623,0.084413688
/opt/hostedtoolcache/Python/3.11.16/x64/lib/python3.11/asyncio/locks.py,359,locked,6000,6000,0.018543596000000002,0.009011409796156037,0.040697664
/home/runner/work/_temp/scanner-verification-il7_c53e/first_hybrid/tiktok_worker_scanner.py,3383,recover,1,1,0.018314646,0.008900149700065184,0.45418987000000005
/opt/hostedtoolcache/Python/3.11.16/x64/lib/python3.11/asyncio/timeouts.py,50,reschedule,3000,3000,0.018280920000000003,0.008883760278790846,0.102664428
/opt/hostedtoolcache/Python/3.11.16/x64/lib/python3.11/asyncio/locks.py,400,release,6000,6000,0.018006638000000002,0.00875047073226981,0.02476304
/opt/hostedtoolcache/Python/3.11.16/x64/lib/python3.11/urllib/parse.py,119,_coerce_args,6011,6011,0.017990293,0.00874252774790377,0.023107827
/opt/hostedtoolcache/Python/3.11.16/x64/lib/python3.11/site-packages/httpx/_client.py,433,_merge_queryparams,3000,3000,0.017733352,0.008617665199968939,0.161611517
/opt/hostedtoolcache/Python/3.11.16/x64/lib/python3.11/urllib/parse.py,1080,_splittype,3000,3000,0.017637985000000002,0.008571320838388262,0.033085225
/opt/hostedtoolcache/Python/3.11.16/x64/lib/python3.11/collections/__init__.py,601,__missing__,18556,18556,0.017607876,0.008556689127389357,0.017607876
/home/runner/work/_temp/scanner-verification-il7_c53e/first_hybrid/tiktok_worker_scanner.py,3586,summary,210,210,0.017586644,0.008546371266021367,0.077534345
/opt/hostedtoolcache/Python/3.11.16/x64/lib/python3.11/asyncio/timeouts.py,97,__aexit__,3000,3000,0.017265135,0.008390131378560902,0.049337513000000006
<frozen posixpath>,409,realpath,3015,3015,0.017250508,0.00838302327012884,0.786885668
/home/runner/work/_temp/scanner-verification-il7_c53e/first_hybrid/avatar_cache.py,243,ensure,2134,2134,0.017168957000000002,0.00834339290499975,0.18503914700000001
/home/runner/work/_temp/scanner-verification-il7_c53e/first_hybrid/tiktok_worker_scanner.py,2306,count,2000,2000,0.01691903,0.008221938866844266,0.093807843
/opt/hostedtoolcache/Python/3.11.16/x64/lib/python3.11/site-packages/httpx/_urlparse.py,200,__str__,3000,3000,0.016912837,0.008218929328625918,0.033577829000000003
~,0,<method 'end' of 're.Match' objects>,19243,19243,0.016910216000000002,0.008217655632570648,0.016910216000000002
/home/runner/work/_temp/scanner-verification-il7_c53e/first_hybrid/report_generator.py,61,profile_for_report,2000,2000,0.016750037000000002,0.008139815357699556,1.009883123
/opt/hostedtoolcache/Python/3.11.16/x64/lib/python3.11/enum.py,193,__get__,5230,5230,0.016692037,0.008111629790661908,0.023389840000000002
/opt/hostedtoolcache/Python/3.11.16/x64/lib/python3.11/site-packages/httpx/_client.py,391,_merge_url,3000,3000,0.016606381,0.008070004567727825,0.8743804740000001
/home/runner/work/_temp/scanner-verification-il7_c53e/first_hybrid/scan_statistics.py,48,request_started,3000,3000,0.016531186,0.008033462951979622,0.13740143500000002
/opt/hostedtoolcache/Python/3.11.16/x64/lib/python3.11/asyncio/locks.py,364,acquire,6000,6000,0.016219948,0.007882214339675083,0.056917612000000006
/opt/hostedtoolcache/Python/3.11.16/x64/lib/python3.11/site-packages/httpx/_models.py,231,multi_items,6000,6000,0.016137973,0.007842377928331786,0.120000487
/opt/hostedtoolcache/Python/3.11.16/x64/lib/python3.11/typing.py,1602,__subclasscheck__,3000,3000,0.016137407,0.007842102876074142,0.040559385
/opt/hostedtoolcache/Python/3.11.16/x64/lib/python3.11/asyncio/base_events.py,1854,_timer_handle_cancelled,12906,12906,0.016105403,0.00782655027456599,0.016105403
/opt/hostedtoolcache/Python/3.11.16/x64/lib/python3.11/pathlib.py,956,rglob,9022,9022,0.016073351,0.007810974347071323,0.480954651
/opt/hostedtoolcache/Python/3.11.16/x64/lib/python3.11/random.py,520,uniform,6000,6000,0.015970941000000002,0.007761207382927782,0.021774289000000002
~,0,<method 'acquire' of '_thread.RLock' objects>,11684,11684,0.015843965,0.007699502373269639,0.015843965
/opt/hostedtoolcache/Python/3.11.16/x64/lib/python3.11/urllib/parse.py,957,<listcomp>,1189,1189,0.015834929,0.007695111256308394,0.029641308000000005
/opt/hostedtoolcache/Python/3.11.16/x64/lib/python3.11/site-packages/httpx/_client.py,413,_merge_cookies,3000,3000,0.015793211,0.007674838058279487,0.052685214
/opt/hostedtoolcache/Python/3.11.16/x64/lib/python3.11/site-packages/httpx/_models.py,831,json,3000,3000,0.015739544,0.007648758147482773,0.192214887
/opt/hostedtoolcache/Python/3.11.16/x64/lib/python3.11/_weakrefset.py,21,__enter__,5319,5319,0.015629973000000002,0.007595511237726186,0.021798405
/opt/hostedtoolcache/Python/3.11.16/x64/lib/python3.11/pathlib.py,327,_select_from,18040,18040,0.015625393,0.007593285549846316,0.015625393
/opt/hostedtoolcache/Python/3.11.16/x64/lib/python3.11/site-packages/httpx/_models.py,619,reason_phrase,3000,3000,0.015486433,0.007525756818888532,0.046168328
/home/runner/work/_temp/scanner-verification-il7_c53e/first_hybrid/hybrid_backend.py,374,lookup,4998,4998,0.015392351,0.0074800369134051525,1.739831015
/home/runner/work/_temp/scanner-verification-il7_c53e/first_hybrid/report_generator.py,222,<dictcomp>,2000,2000,0.015286794000000001,0.007428740639270792,0.015286794000000001
/opt/hostedtoolcache/Python/3.11.16/x64/lib/python3.11/site-packages/httpx/_models.py,348,<listcomp>,9010,9010,0.015201021,0.007387058559244583,0.015201021
~,0,<method 'update' of 'dict' objects>,9318,9318,0.014989248,0.007284145764619347,0.014989248
/home/runner/work/_temp/scanner-verification-il7_c53e/final/tests/benchmark_hybrid.py,72,total,12000,12000,0.014885367000000002,0.007233663956180764,0.014885367000000002
/opt/hostedtoolcache/Python/3.11.16/x64/lib/python3.11/pathlib.py,745,parts,3000,3000,0.014788927,0.007186798161609889,0.014788927
/opt/hostedtoolcache/Python/3.11.16/x64/lib/python3.11/site-packages/httpx/_urls.py,168,host,6000,6000,0.014585845,0.0070881088284178275,0.021266074000000003
/home/runner/work/_temp/scanner-verification-il7_c53e/first_hybrid/tiktok_worker_scanner.py,3341,_add_job,1000,1000,0.014532516,0.007062193171442816,0.26353888200000003
/opt/hostedtoolcache/Python/3.11.16/x64/lib/python3.11/site-packages/httpx/_models.py,1228,__bool__,3000,3000,0.014532299,0.007062087718545451,0.033295990000000004
/home/runner/work/_temp/scanner-verification-il7_c53e/first_hybrid/tiktok_worker_scanner.py,1324,wake_capacity,6000,6000,0.014492211000000001,0.007042606632141913,0.021348261
/opt/hostedtoolcache/Python/3.11.16/x64/lib/python3.11/site-packages/httpx/_urlparse.py,422,validate_path,6002,6002,0.014362087,0.006979371826534899,0.02155446
/opt/hostedtoolcache/Python/3.11.16/x64/lib/python3.11/http/cookiejar.py,1227,deepvalues,4190,4190,0.014269968000000001,0.00693460585670833,0.018220579
/opt/hostedtoolcache/Python/3.11.16/x64/lib/python3.11/email/message.py,156,__init__,6000,6000,0.014228767000000002,0.0069145838989925,0.014228767000000002
/opt/hostedtoolcache/Python/3.11.16/x64/lib/python3.11/site-packages/httpx/_urls.py,150,username,3000,3000,0.014138496,0.006870715979646716,0.029015302000000003
/home/runner/work/_temp/scanner-verification-il7_c53e/first_hybrid/tiktok_worker_scanner.py,1097,text,6199,6199,0.014086899000000002,0.006845642002018415,0.014086899000000002
~,0,<method 'release' of '_thread.RLock' objects>,11684,11684,0.014065798000000001,0.006835387801155287,0.014065798000000001
/home/runner/work/_temp/scanner-verification-il7_c53e/first_hybrid/hybrid_backend.py,290,lookup_profile,4998,4998,0.013969108000000001,0.00678840051707132,1.593084281
/home/runner/work/_temp/scanner-verification-il7_c53e/first_hybrid/hybrid_backend.py,370,lookup_profile,2000,2000,0.013954338,0.006781222916637766,0.084773821
~,0,<method 'find' of 'str' objects>,12062,12062,0.013915598,0.006762396901688827,0.013915598
~,0,<method '__getitem__' of 'dict' objects>,15457,15457,0.013765322,0.006689369069410388,0.013806379
/home/runner/work/_temp/scanner-verification-il7_c53e/first_hybrid/tiktok_worker_scanner.py,1195,available,3001,3001,0.013731201,0.00667278769470536,0.019618593
/home/runner/work/_temp/scanner-verification-il7_c53e/first_hybrid/tiktok_worker_scanner.py,2094,<lambda>,2000,2000,0.013718981000000002,0.00666684928730536,0.167377154
/home/runner/work/_temp/scanner-verification-il7_c53e/final/tests/benchmark_hybrid.py,100,<listcomp>,2000,2000,0.01366964,0.006642871631043212,0.033519341
~,0,<built-in method _hashlib.openssl_md5>,3568,3568,0.013586618,0.006602526421619082,0.013586618
/opt/hostedtoolcache/Python/3.11.16/x64/lib/python3.11/typing.py,1327,__instancecheck__,3000,3000,0.013442376,0.006532430860228662,0.054001761
/opt/hostedtoolcache/Python/3.11.16/x64/lib/python3.11/site-packages/httpx/_models.py,876,read,3000,3000,0.013409992,0.006516693594660609,0.529255813
/opt/hostedtoolcache/Python/3.11.16/x64/lib/python3.11/site-packages/httpx/_urls.py,244,path,4274,4274,0.013375917000000001,0.00650013457402599,0.030109080000000003
/opt/hostedtoolcache/Python/3.11.16/x64/lib/python3.11/site-packages/httpx/_urls.py,498,multi_items,1811,1811,0.013370738,0.0064976177972727485,0.02196909
/opt/hostedtoolcache/Python/3.11.16/x64/lib/python3.11/re/_parser.py,516,_parse,118,301,0.013355502000000002,0.006490213740386791,0.045836171
/opt/hostedtoolcache/Python/3.11.16/x64/lib/python3.11/asyncio/locks.py,182,set,6983,6983,0.013316628,0.006471322607058834,0.013331406
<frozen posixpath>,394,abspath,3016,3016,0.013276850000000001,0.006451992167651532,0.06266764500000001
/home/runner/work/_temp/scanner-verification-il7_c53e/first_hybrid/tiktok_worker_scanner.py,3166,sanitize_run_name,1000,1000,0.013262492,0.006445014781935557,0.041623554
/home/runner/work/_temp/scanner-verification-il7_c53e/first_hybrid/scan_statistics.py,71,account_finished,1000,1000,0.01319269,0.0064110939379638,0.084104039
/opt/hostedtoolcache/Python/3.11.16/x64/lib/python3.11/site-packages/httpx/_models.py,635,content,6000,6000,0.013030149000000001,0.0063321058301730035,0.018724976
/opt/hostedtoolcache/Python/3.11.16/x64/lib/python3.11/urllib/parse.py,1101,_splithost,3000,3000,0.012777829000000001,0.006209488894398189,0.021868687
/opt/hostedtoolcache/Python/3.11.16/x64/lib/python3.11/site-packages/httpx/_status_codes.py,38,get_reason_phrase,3000,3000,0.012675914,0.00615996247949057,0.030681895
/home/runner/work/_temp/scanner-verification-il7_c53e/first_hybrid/tiktok_worker_scanner.py,2087,replay_committed_list,4000,4000,0.012541313,0.006094552039683082,0.22002744700000001
/opt/hostedtoolcache/Python/3.11.16/x64/lib/python3.11/asyncio/locks.py,194,clear,10289,10289,0.012470865000000001,0.006060317266809493,0.012470865000000001
/home/runner/work/_temp/scanner-verification-il7_c53e/first_hybrid/tiktok_worker_scanner.py,2293,cursor_seen,2000,2000,0.012332094,0.005992880381923606,0.13407306400000002
~,0,<method 'translate' of 'str' objects>,2419,2419,0.012250915,0.00595343079319,0.012250915
/opt/hostedtoolcache/Python/3.11.16/x64/lib/python3.11/site-packages/httpx/_decoders.py,233,__init__,6000,6000,0.012200401000000001,0.005928883108132419,0.012200401000000001
~,0,<method 'extend' of 'list' objects>,13515,13515,0.012148856,0.00590383440032284,0.012231051
/opt/hostedtoolcache/Python/3.11.16/x64/lib/python3.11/pathlib.py,630,suffix,2014,2014,0.012020196000000002,0.0058413110373045024,0.024382699
/home/runner/work/_temp/scanner-verification-il7_c53e/first_hybrid/vendor/tiktok_sign.py,293,pack_payload,2378,2378,0.012003613,0.005833252394921995,0.21756754800000003
/opt/hostedtoolcache/Python/3.11.16/x64/lib/python3.11/site-packages/httpx/_content.py,35,__iter__,12000,12000,0.011872871,0.005769717267238615,0.011872871
/home/runner/work/_temp/scanner-verification-il7_c53e/first_hybrid/tiktok_worker_scanner.py,2794,open_user_store,4000,4000,0.011693885000000001,0.00568273757927654,0.49290279400000003
/opt/hostedtoolcache/Python/3.11.16/x64/lib/python3.11/asyncio/tasks.py,65,_set_task_name,5010,5010,0.011630841000000001,0.005652100839822722,0.016459776000000002
/opt/hostedtoolcache/Python/3.11.16/x64/lib/python3.11/email/_policybase.py,313,header_store_parse,12000,12000,0.011536697,0.005606350804940096,0.011536697
~,0,<method 'startswith' of 'bytes' objects>,9018,9018,0.011473476000000002,0.005575628050911009,0.011473476000000002
/home/runner/work/_temp/scanner-verification-il7_c53e/first_hybrid/tiktok_worker_scanner.py,2001,<dictcomp>,2000,2000,0.011460978,0.005569554547172447,0.018286784
/opt/hostedtoolcache/Python/3.11.16/x64/lib/python3.11/site-packages/httpx/_models.py,771,has_redirect_location,3000,3000,0.011303451,0.005493003033056249,0.011303451
<frozen posixpath>,386,normpath,3016,3016,0.011291195,0.0054870471311663635,0.020803270000000002
/opt/hostedtoolcache/Python/3.11.16/x64/lib/python3.11/pathlib.py,682,with_suffix,1008,1008,0.011282052,0.005482604016693515,0.030315560000000002
/opt/hostedtoolcache/Python/3.11.16/x64/lib/python3.11/urllib/parse.py,1059,unwrap,3000,3000,0.011277901,0.005480586804818113,0.014370033
/opt/hostedtoolcache/Python/3.11.16/x64/lib/python3.11/re/__init__.py,178,sub,3001,3001,0.011277274,0.005480282109119275,0.032048886
~,0,<built-in method _json.encode_basestring_ascii>,11151,11151,0.011232412,0.005458481058973707,0.011232412
/home/runner/work/_temp/scanner-verification-il7_c53e/first_hybrid/tiktok_worker_scanner.py,532,output_file_path,2000,2000,0.011213199,0.005449144346913461,0.8468988500000001
/opt/hostedtoolcache/Python/3.11.16/x64/lib/python3.11/random.py,514,<listcomp>,2850,2850,0.011049525000000001,0.005369605648649324,0.019577512000000002
/home/runner/work/_temp/scanner-verification-il7_c53e/first_hybrid/tiktok_worker_scanner.py,1205,choose,3000,3000,0.01100504,0.005347987804689502,0.030704904
/opt/hostedtoolcache/Python/3.11.16/x64/lib/python3.11/site-packages/httpx/_models.py,260,<listcomp>,3000,3000,0.010981898,0.00533674176344148,0.016281374
/opt/hostedtoolcache/Python/3.11.16/x64/lib/python3.11/_weakrefset.py,17,__init__,5319,5319,0.010962089000000001,0.0053271154203820194,0.010962089000000001
/opt/hostedtoolcache/Python/3.11.16/x64/lib/python3.11/enum.py,688,__call__,3242,3242,0.010958514,0.005325378120344785,0.019077741
/opt/hostedtoolcache/Python/3.11.16/x64/lib/python3.11/email/_policybase.py,209,header_max_count,12000,12000,0.010885266000000001,0.00528978266492455,0.010885266000000001
/opt/hostedtoolcache/Python/3.11.16/x64/lib/python3.11/site-packages/httpx/_urls.py,233,netloc,3000,3000,0.010848692,0.005272009235117051,0.024843888
~,0,<method 'hexdigest' of '_hashlib.HASH' objects>,4568,4568,0.0107054,0.005202375333876386,0.0107054
/home/runner/work/_temp/scanner-verification-il7_c53e/first_hybrid/hybrid_backend.py,350,<listcomp>,3000,3000,0.010681694,0.0051908552122868264,0.010681694
/opt/hostedtoolcache/Python/3.11.16/x64/lib/python3.11/asyncio/tasks.py,35,current_task,3000,3000,0.010574269,0.005138651168510633,0.016925018
/opt/hostedtoolcache/Python/3.11.16/x64/lib/python3.11/asyncio/threads.py,12,to_thread,2378,2378,0.010461812000000001,0.005084001783814896,0.156896601
/opt/hostedtoolcache/Python/3.11.16/x64/lib/python3.11/random.py,128,seed,1191,1191,0.010370105000000001,0.0050394360287059035,0.041063832
/opt/hostedtoolcache/Python/3.11.16/x64/lib/python3.11/site-packages/httpx/_decoders.py,237,decode,9000,9000,0.010345499000000001,0.005027478544869208,0.010345499000000001
/opt/hostedtoolcache/Python/3.11.16/x64/lib/python3.11/functools.py,518,decorating_function,2007,2007,0.010330983,0.005020424377780958,0.068357033
/opt/hostedtoolcache/Python/3.11.16/x64/lib/python3.11/site-packages/httpx/_content.py,186,encode_request,3000,3000,0.010322882,0.005016487631598682,0.026488454
/home/runner/work/_temp/scanner-verification-il7_c53e/first_hybrid/avatar_cache.py,177,io,2125,2125,0.010243963,0.0049781363080634395,0.128570253
/home/runner/work/_temp/scanner-verification-il7_c53e/first_hybrid/tiktok_worker_scanner.py,527,output_file_name,2000,2000,0.009995019,0.004857159966673438,0.034190578
/opt/hostedtoolcache/Python/3.11.16/x64/lib/python3.11/site-packages/httpx/_urls.py,319,is_relative_url,3000,3000,0.009972419000000001,0.004846177314689804,0.015934047
<frozen codecs>,186,__init__,4097,4097,0.009889539000000001,0.00480590111130911,0.009889539000000001
/home/runner/work/_temp/scanner-verification-il7_c53e/first_hybrid/tiktok_worker_scanner.py,613,reconcile_complete_lists,1000,1000,0.009883630000000001,0.004803029585177637,0.028354545000000002
/opt/hostedtoolcache/Python/3.11.16/x64/lib/python3.11/site-packages/httpx/_urls.py,159,password,3000,3000,0.009876281,0.004799458279450745,0.021102504
/home/runner/work/_temp/scanner-verification-il7_c53e/first_hybrid/tiktok_worker_scanner.py,3649,<genexpr>,1005,1005,0.009868930000000001,0.00479588600180775,0.048638278
<string>,2,__init__,3000,3000,0.009722277000000001,0.004724618795553059,0.009722277000000001
~,0,<built-in method marshal.loads>,83,83,0.009693848,0.004710803494082139,0.009693848
~,0,<method 'setdefault' of 'dict' objects>,10373,10373,0.009678037,0.004703120011316067,0.009678037
/opt/hostedtoolcache/Python/3.11.16/x64/lib/python3.11/zipfile.py,2334,FastLookup,1,1,0.009617309000000001,0.004673608750711545,0.009617309000000001
/opt/hostedtoolcache/Python/3.11.16/x64/lib/python3.11/logging/__init__.py,1479,info,3000,3000,0.009528848000000001,0.004630620415440557,0.013509262000000001
~,0,<built-in method builtins.hash>,9141,9324,0.009503508,0.0046183062383934196,0.009915813
/home/runner/work/_temp/scanner-verification-il7_c53e/first_hybrid/tiktok_worker_scanner.py,3652,write_json_array,6,6,0.009405219000000001,0.004570541907383707,1.372505789
/opt/hostedtoolcache/Python/3.11.16/x64/lib/python3.11/asyncio/timeouts.py,33,__init__,3000,3000,0.009375898,0.004556293131330071,0.009375898
/home/runner/work/_temp/scanner-verification-il7_c53e/first_hybrid/tiktok_worker_scanner.py,2581,size_skip_result,1000,1000,0.009317794,0.004528057024654977,0.013585658
/opt/hostedtoolcache/Python/3.11.16/x64/lib/python3.11/site-packages/httpx/_urls.py,374,__str__,3000,3000,0.009277356,0.004508405852933109,0.042855185000000004
/opt/hostedtoolcache/Python/3.11.16/x64/lib/python3.11/site-packages/httpx/_urls.py,623,__str__,1811,1811,0.009237099,0.004488842639618719,0.21136458200000002
/home/runner/work/_temp/scanner-verification-il7_c53e/first_hybrid/tiktok_worker_scanner.py,1957,approximate_count,4000,4000,0.009191568,0.004466716483536114,0.013600306
~,0,<method 'random' of '_random.Random' objects>,8858,8858,0.009173076,0.004457730147231627,0.009173076
/opt/hostedtoolcache/Python/3.11.16/x64/lib/python3.11/site-packages/httpx/_urls.py,458,<dictcomp>,1811,1811,0.009141166000000001,0.004442223225780398,0.022689672
/home/runner/work/_temp/scanner-verification-il7_c53e/first_hybrid/tiktok_worker_scanner.py,2380,iter_members,2000,2000,0.008959471,0.0043539270774544435,0.153658173
/opt/hostedtoolcache/Python/3.11.16/x64/lib/python3.11/site-packages/httpx/_urls.py,459,<listcomp>,3085,3085,0.008957654,0.004353044091673281,0.013548506
/opt/hostedtoolcache/Python/3.11.16/x64/lib/python3.11/site-packages/httpx/_client.py,318,cookies,7189,7189,0.008923805,0.0043365948975585,0.008923805
/opt/hostedtoolcache/Python/3.11.16/x64/lib/python3.11/site-packages/httpx/_models.py,610,http_version,3000,3000,0.008805603,0.00427915368385188,0.008805603
/opt/hostedtoolcache/Python/3.11.16/x64/lib/python3.11/site-packages/httpx/_content.py,107,encode_content,1274,1274,0.008792882,0.004272971811467639,0.013993886
~,0,<built-in method builtins.print>,294,294,0.008776791,0.004265152260446902,0.008776791
/opt/hostedtoolcache/Python/3.11.16/x64/lib/python3.11/site-packages/httpx/_content.py,221,encode_response,3000,3000,0.008678294000000001,0.004217286850162296,0.18174409600000002
/home/runner/work/_temp/scanner-verification-il7_c53e/first_hybrid/direct_protocol.py,92,verified,8500,8500,0.008647036,0.004202096773361213,0.008647036
/home/runner/work/_temp/scanner-verification-il7_c53e/first_hybrid/hybrid_backend.py,99,observe,3000,3000,0.008621851,0.004189857919812193,0.016726732
/opt/hostedtoolcache/Python/3.11.16/x64/lib/python3.11/http/cookiejar.py,1753,__iter__,4190,4190,0.008579821000000001,0.004169433102870947,0.008579821000000001
/opt/hostedtoolcache/Python/3.11.16/x64/lib/python3.11/pathlib.py,257,casefold_parts,9028,9028,0.008506547000000001,0.004133825012541351,0.008506547000000001
/opt/hostedtoolcache/Python/3.11.16/x64/lib/python3.11/functools.py,479,lru_cache,2007,2007,0.008496308000000001,0.004128849288043101,0.010784235000000001
/home/runner/work/_temp/scanner-verification-il7_c53e/first_hybrid/tiktok_worker_scanner.py,2013,parse_has_more,4000,4000,0.008437379,0.004100212265974798,0.011679124
/opt/hostedtoolcache/Python/3.11.16/x64/lib/python3.11/site-packages/httpx/_client.py,1474,_transport_for_url,3000,3000,0.008436556000000001,0.0040998123224976965,0.011170242
/home/runner/work/_temp/scanner-verification-il7_c53e/first_hybrid/report_generator.py,26,open_database,2012,2012,0.008401608000000001,0.004082829060483357,0.5185843330000001
/opt/hostedtoolcache/Python/3.11.16/x64/lib/python3.11/site-packages/httpx/_urlparse.py,177,netloc,3000,3000,0.008258612,0.004013339002826194,0.011290802
/opt/hostedtoolcache/Python/3.11.16/x64/lib/python3.11/site-packages/httpx/_models.py,313,<listcomp>,6000,6000,0.008184046,0.003977103054692931,0.008184046
/opt/hostedtoolcache/Python/3.11.16/x64/lib/python3.11/site-packages/httpx/_models.py,1065,aclose,3000,3000,0.008109258000000001,0.003940759223872043,0.011262177
/opt/hostedtoolcache/Python/3.11.16/x64/lib/python3.11/urllib/parse.py,1211,_splittag,3000,3000,0.008095999000000001,0.003934315906055625,0.011610881
/opt/hostedtoolcache/Python/3.11.16/x64/lib/python3.11/enum.py,1095,__new__,3242,3242,0.007996708000000002,0.0038860646450774353,0.008119227000000001
/home/runner/work/_temp/scanner-verification-il7_c53e/first_hybrid/tiktok_worker_scanner.py,1615,before_send,3000,3000,0.007923288,0.0038503856048721923,0.027277881
<string>,1,<lambda>,3011,3011,0.007923023,0.0038502568259883127,0.012143952000000001
/home/runner/work/_temp/scanner-verification-il7_c53e/first_hybrid/report_generator.py,44,count_value,2000,2000,0.007869901,0.003824441762330142,0.013144144
/opt/hostedtoolcache/Python/3.11.16/x64/lib/python3.11/site-packages/httpx/_urls.py,600,__getitem__,5726,5726,0.007860576000000001,0.0038199102034917626,0.007860576000000001
/opt/hostedtoolcache/Python/3.11.16/x64/lib/python3.11/pathlib.py,934,_scandir,4012,4012,0.007842389,0.0038110720843932498,0.057579559
~,0,<method 'pop' of 'list' objects>,5378,5378,0.007788472,0.0037848706840834427,0.007788472
/home/runner/work/_temp/scanner-verification-il7_c53e/first_hybrid/scan_statistics.py,220,report_loop,573,573,0.007703945,0.0037437941077904905,0.965454193
~,0,<method 'split' of 're.Pattern' objects>,3367,3367,0.007676553000000001,0.003730482744819883,0.007676553000000001
/opt/hostedtoolcache/Python/3.11.16/x64/lib/python3.11/site-packages/httpx/_content.py,32,__init__,6000,6000,0.0076209680000000005,0.003703470766478717,0.0076209680000000005
/opt/hostedtoolcache/Python/3.11.16/x64/lib/python3.11/re/_compiler.py,37,_compile,76,463,0.007591744000000001,0.0036892691283561623,0.021944028
~,0,<built-in method builtins.issubclass>,3149,3149,0.00758435,0.0036856759545169137,0.018993468000000003
/opt/hostedtoolcache/Python/3.11.16/x64/lib/python3.11/site-packages/httpx/_models.py,974,aread,3000,3000,0.007573466,0.0036803867870748835,0.010650041
/opt/hostedtoolcache/Python/3.11.16/x64/lib/python3.11/site-packages/httpx/_urlparse.py,395,normalize_port,6002,6002,0.007525259,0.0036569602072441276,0.007525259
~,0,<built-in method time.time>,6873,6873,0.0074529470000000006,0.0036218196085609144,0.0074529470000000006
/opt/hostedtoolcache/Python/3.11.16/x64/lib/python3.11/base64.py,51,b64encode,2378,2378,0.0073955,0.0035939027763262294,0.013567632000000001
~,0,<method 'fileno' of '_io.TextIOWrapper' objects>,4106,4106,0.007384515,0.0035885645271209092,0.007384515
/home/runner/work/_temp/scanner-verification-il7_c53e/first_hybrid/avatar_cache.py,142,reference,2000,2000,0.007229621,0.00351329254055661,0.009252375
/home/runner/work/_temp/scanner-verification-il7_c53e/first_hybrid/avatar_cache.py,35,account_key,1000,1000,0.007168571,0.0034836248014592243,0.027883868000000003
~,0,<method 'send' of 'generator' objects>,3000,3000,0.007159281000000001,0.0034791102511526773,0.010242829
~,0,<method 'groups' of 're.Match' objects>,6001,6001,0.007083921000000001,0.0034424884523258305,0.007083921000000001
/home/runner/work/_temp/scanner-verification-il7_c53e/first_hybrid/tiktok_worker_scanner.py,3323,current_phase,3254,3254,0.0070282700000000005,0.003415444400753208,0.0070282700000000005
/opt/hostedtoolcache/Python/3.11.16/x64/lib/python3.11/site-packages/httpx/_urlparse.py,447,normalize_path,6000,6000,0.007022068,0.003412430488912389,0.007022068
/home/runner/work/_temp/scanner-verification-il7_c53e/first_hybrid/direct_protocol.py,86,<genexpr>,7134,7134,0.0069770150000000005,0.003390536620778818,0.0069770150000000005
~,0,<built-in method _stat.S_ISDIR>,5095,5095,0.006920293000000001,0.0033629721081321036,0.006920293000000001
/opt/hostedtoolcache/Python/3.11.16/x64/lib/python3.11/site-packages/httpx/_models.py,482,aread,3000,3000,0.0067664710000000005,0.0032882210685999482,0.009549245000000001
~,0,<built-in method _stat.S_ISREG>,8021,8021,0.006758673000000001,0.003284431567707542,0.006758673000000001
/opt/hostedtoolcache/Python/3.11.16/x64/lib/python3.11/asyncio/locks.py,409,_wake_up_next,6000,6000,0.006756402000000001,0.003283327956970602,0.006756402000000001
~,0,<method 'remove' of 'set' objects>,5319,5319,0.006739989,0.003275351927457,0.006739989
~,0,<built-in method _hashlib.openssl_sha256>,1002,1002,0.006713989,0.003262717018095296,0.006713989
/opt/hostedtoolcache/Python/3.11.16/x64/lib/python3.11/enum.py,1257,value,5229,5229,0.0066978030000000004,0.003254851301059583,0.0066978030000000004
/opt/hostedtoolcache/Python/3.11.16/x64/lib/python3.11/urllib/parse.py,421,_checknetloc,3011,3011,0.0066242670000000005,0.003219115889720265,0.00919169
/home/runner/work/_temp/scanner-verification-il7_c53e/first_hybrid/avatar_cache.py,31,digest,1000,1000,0.006582476,0.003198807216753536,0.018398278
/opt/hostedtoolcache/Python/3.11.16/x64/lib/python3.11/asyncio/tasks.py,519,_on_completion,1001,1001,0.006567286,0.0031914255139379863,0.033851854
/home/runner/work/_temp/scanner-verification-il7_c53e/first_hybrid/vendor/tiktok_sign.py,633,_clock_nonce,2378,2378,0.006544132000000001,0.003180173641193337,0.008712363
/opt/hostedtoolcache/Python/3.11.16/x64/lib/python3.11/statistics.py,154,_sum,1,1,0.006539754,0.0031780461168400462,0.017315960000000002
/opt/hostedtoolcache/Python/3.11.16/x64/lib/python3.11/site-packages/httpx/_client.py,168,__init__,3000,3000,0.006443863,0.0031314471132399247,0.006443863
<frozen abc>,121,__subclasscheck__,3022,3071,0.006408923,0.0031144677388900044,0.012001273000000002
/home/runner/work/_temp/scanner-verification-il7_c53e/first_hybrid/vendor/tiktok_sign.py,605,gnarly_payload,1189,1189,0.0062514730000000004,0.0030379536435438392,0.3054815
/opt/hostedtoolcache/Python/3.11.16/x64/lib/python3.11/site-packages/httpx/_urls.py,582,merge,1811,1811,0.006210614000000001,0.0030180978834819217,0.113525024
/home/runner/work/_temp/scanner-verification-il7_c53e/first_hybrid/tiktok_worker_scanner.py,2835,<lambda>,2000,2000,0.006182291,0.0030043340935645545,0.006182291
~,0,<built-in method binascii.b2a_base64>,2378,2378,0.006172132000000001,0.002999397245710495,0.006172132000000001
/home/runner/work/_temp/scanner-verification-il7_c53e/first_hybrid/tiktok_worker_scanner.py,2297,close,1000,1000,0.00616488,0.002995873077914684,0.473206487
/opt/hostedtoolcache/Python/3.11.16/x64/lib/python3.11/re/_parser.py,261,get,3120,3120,0.006098272000000001,0.002963504383962208,0.009647699000000001
/home/runner/work/_temp/scanner-verification-il7_c53e/first_hybrid/tiktok_worker_scanner.py,2756,<dictcomp>,1000,1000,0.006046765,0.0029384741425586194,1.417466724
~,0,<method 'keys' of 'dict' objects>,6032,6032,0.006017799000000001,0.002924397881613577,0.006017799000000001
/opt/hostedtoolcache/Python/3.11.16/x64/lib/python3.11/re/_parser.py,168,__getitem__,3046,3046,0.005967307000000001,0.0028998608876331477,0.008793058
~,0,<method 'getvalue' of '_io.BytesIO' objects>,6000,6000,0.005965585000000001,0.0028990240678669612,0.005965585000000001
/opt/hostedtoolcache/Python/3.11.16/x64/lib/python3.11/site-packages/httpx/_urls.py,307,is_absolute_url,3000,3000,0.005961628,0.00289710113185372,0.005961628
/opt/hostedtoolcache/Python/3.11.16/x64/lib/python3.11/site-packages/httpx/_config.py,132,as_dict,3000,3000,0.005959618000000001,0.00289612435616845,0.005959618000000001
/home/runner/work/_temp/scanner-verification-il7_c53e/first_hybrid/tiktok_worker_scanner.py,1577,release_client,3000,3000,0.005954196,0.002893489491608482,0.005954196
/opt/hostedtoolcache/Python/3.11.16/x64/lib/python3.11/site-packages/httpx/_urls.py,435,<dictcomp>,3622,3622,0.005948893,0.002890912456056747,0.005948893
/opt/hostedtoolcache/Python/3.11.16/x64/lib/python3.11/asyncio/locks.py,362,<genexpr>,6000,6000,0.005898823,0.002866580536374419,0.005898823
~,0,<method 'set' of '_contextvars.ContextVar' objects>,3002,3002,0.005824547,0.002830485516076345,0.005824547
/opt/hostedtoolcache/Python/3.11.16/x64/lib/python3.11/site-packages/httpx/_auth.py,38,auth_flow,6000,6000,0.005807187,0.002822049284287146,0.005807187
/home/runner/work/_temp/scanner-verification-il7_c53e/first_hybrid/report_generator.py,52,certainty,1000,1000,0.005732930000000001,0.002785963497192067,0.015739727000000002
/home/runner/work/_temp/scanner-verification-il7_c53e/first_hybrid/tiktok_worker_scanner.py,2005,<dictcomp>,2000,2000,0.0057130440000000005,0.002776299735362573,0.0057130440000000005
~,0,<built-in method posix.getpid>,3085,3085,0.005710907,0.0027752612430046513,0.005710907
/home/runner/work/_temp/scanner-verification-il7_c53e/first_hybrid/scan_statistics.py,107,<dictcomp>,368,368,0.005649651,0.0027454933965484762,0.008857878000000001
~,0,<built-in method builtins.setattr>,4637,4637,0.005641728,0.0027416431508995236,0.006374979000000001
~,0,<method 'upper' of 'str' objects>,5000,5000,0.005628315,0.0027351249955430415,0.005628315
/opt/hostedtoolcache/Python/3.11.16/x64/lib/python3.11/urllib/parse.py,108,_noop,6011,6011,0.005607319,0.002724921820275413,0.005607319
~,0,<method 'seek' of '_io.BytesIO' objects>,6000,6000,0.005563238000000001,0.0027035003033687487,0.005563238000000001
/home/runner/work/_temp/scanner-verification-il7_c53e/first_hybrid/report_generator.py,53,<listcomp>,1000,1000,0.0055626880000000005,0.0027032330264399433,0.008890042
~,0,<built-in method _abc._abc_subclasscheck>,3022,3071,0.005491906,0.0026688359435768617,0.005681156000000001
/opt/hostedtoolcache/Python/3.11.16/x64/lib/python3.11/asyncio/tasks.py,436,wait_for,548,548,0.00542541,0.002636521676926251,0.032281154
/opt/hostedtoolcache/Python/3.11.16/x64/lib/python3.11/site-packages/httpx/_urls.py,327,copy_with,1189,1189,0.005416761,0.0026323186257312748,8.458656279000001
~,0,<method 'truncate' of '_io.BytesIO' objects>,6000,6000,0.0052596890000000006,0.0025559882225289067,0.0052596890000000006
~,0,<method 'stat' of 'posix.DirEntry' objects>,1002,1002,0.0052552580000000005,0.002553834942398841,0.0052552580000000005
/home/runner/work/_temp/scanner-verification-il7_c53e/first_hybrid/scan_statistics.py,102,metrics,368,368,0.005245387000000001,0.002549038050463865,0.023215169
~,0,<built-in method _bisect.bisect_right>,2850,2850,0.005165543000000001,0.0025102372157301766,0.005165543000000001
/home/runner/work/_temp/scanner-verification-il7_c53e/first_hybrid/tiktok_worker_scanner.py,2430,<dictcomp>,1000,1000,0.0051569400000000005,0.00250605651860561,1.389828537
/home/runner/work/_temp/scanner-verification-il7_c53e/first_hybrid/tiktok_worker_scanner.py,559,explicit_restriction,2000,2000,0.005129745000000001,0.0024928408893713197,0.006864988000000001
~,0,<method '__exit__' of 'posix.ScandirIterator' objects>,5015,5015,0.005073042000000001,0.0024652856099276004,0.005073042000000001
/home/runner/work/_temp/scanner-verification-il7_c53e/first_hybrid/report_generator.py,239,<dictcomp>,1000,1000,0.0050627450000000004,0.0024602816998623134,0.008361521
/opt/hostedtoolcache/Python/3.11.16/x64/lib/python3.11/statistics.py,287,_exact_ratio,3000,3000,0.005046934,0.00245259821709624,0.007762403
/home/runner/work/_temp/scanner-verification-il7_c53e/first_hybrid/avatar_cache.py,81,embedded_avatar,1000,1000,0.004993607000000001,0.002426683532037333,0.009692781000000001
<frozen importlib._bootstrap_external>,1607,find_spec,242,242,0.004963265,0.0024119385928122235,0.021729031
/home/runner/work/_temp/scanner-verification-il7_c53e/first_hybrid/report_generator.py,269,encode,1001,1001,0.004839175,0.0023516360580932297,0.030393372000000002
~,0,<method 'set_name' of '_asyncio.Task' objects>,5008,5008,0.004828935,0.0023466598476369277,0.004828935
/home/runner/work/_temp/scanner-verification-il7_c53e/first_hybrid/report_generator.py,234,<genexpr>,3000,3000,0.004796394000000001,0.0023308462866546507,0.006470395
/home/runner/work/_temp/scanner-verification-il7_c53e/first_hybrid/vendor/tiktok_sign.py,317,mix_state,2378,2378,0.004599387,0.0022351091486307573,0.004599387
/opt/hostedtoolcache/Python/3.11.16/x64/lib/python3.11/site-packages/httpx/_utils.py,15,primitive_value_to_str,3085,3085,0.004590852,0.002230961496653752,0.004590852
/home/runner/work/_temp/scanner-verification-il7_c53e/first_hybrid/hybrid_backend.py,136,get_client,3000,3000,0.004564258,0.002218037928208938,0.006278625
~,0,<built-in method io.text_encoding>,4119,4119,0.004548037000000001,0.0022101552026413925,0.004548037000000001
~,0,<built-in method posix._path_normpath>,3016,3016,0.004469176,0.002171832064673187,0.004469176
/home/runner/work/_temp/scanner-verification-il7_c53e/first_hybrid/scan_statistics.py,192,display,182,182,0.004463575,0.0021691102136218443,0.031606778
~,0,<built-in method builtins.round>,2706,2706,0.0044393,0.002157313581900484,0.0044393
/opt/hostedtoolcache/Python/3.11.16/x64/lib/python3.11/random.py,119,__init__,1192,1192,0.004420127,0.002147996308162332,0.045484931
/home/runner/work/_temp/scanner-verification-il7_c53e/first_hybrid/tiktok_worker_scanner.py,2788,<dictcomp>,1000,1000,0.004416668,0.0021463153792591733,0.004416668
~,0,<built-in method builtins.__build_class__>,313,318,0.004391620000000001,0.0021341431019633286,0.031523572
~,0,<method 'rpartition' of 'str' objects>,3917,3917,0.004389757,0.002133237762111757,0.004389757
/opt/hostedtoolcache/Python/3.11.16/x64/lib/python3.11/site-packages/httpx/_client.py,298,headers,3000,3000,0.004373272,0.0021252267436183843,0.004373272
/opt/hostedtoolcache/Python/3.11.16/x64/lib/python3.11/re/_parser.py,240,__next,3775,3775,0.004368091,0.0021227089949490386,0.004368091
<frozen os>,806,fsencode,1025,1025,0.0043519380000000005,0.002114859314529054,0.011662964000000001
/home/runner/work/_temp/scanner-verification-il7_c53e/first_hybrid/hybrid_backend.py,161,response_headers,3000,3000,0.00434915,0.0021135044634790373,0.00434915
/opt/hostedtoolcache/Python/3.11.16/x64/lib/python3.11/site-packages/httpx/_client.py,584,_set_timeout,3000,3000,0.0043323630000000005,0.002105346685653848,0.0043323630000000005
~,0,<method 'pop' of 'dict' objects>,3957,3957,0.004329226,0.0021038222352435534,0.004329226
/opt/hostedtoolcache/Python/3.11.16/x64/lib/python3.11/site-packages/httpx/_urls.py,612,__bool__,3000,3000,0.0043287460000000005,0.002103588975378414,0.0043287460000000005
~,0,<built-in method builtins.exec>,4,120,0.004267128,0.00207364521210728,152.13363879599999
/home/runner/work/_temp/scanner-verification-il7_c53e/first_hybrid/report_generator.py,86,iter_avatar_profiles,1001,1001,0.004222481,0.0020519486429429724,0.11236644300000001
/home/runner/work/_temp/scanner-verification-il7_c53e/first_hybrid/tiktok_worker_scanner.py,2762,<genexpr>,3000,3000,0.004151515000000001,0.002017462143798254,0.004151515000000001
/home/runner/work/_temp/scanner-verification-il7_c53e/first_hybrid/tiktok_worker_scanner.py,2413,<genexpr>,3000,3000,0.004115753,0.002000083311929282,0.004115753
/opt/hostedtoolcache/Python/3.11.16/x64/lib/python3.11/collections/__init__.py,587,__init__,767,767,0.004102384000000001,0.001993586538727105,0.007499118000000001
/opt/hostedtoolcache/Python/3.11.16/x64/lib/python3.11/urllib/request.py,360,data,3000,3000,0.004100029,0.0019924421075137653,0.004100029
/opt/hostedtoolcache/Python/3.11.16/x64/lib/python3.11/asyncio/locks.py,100,<genexpr>,3974,3974,0.00409214,0.001988608384438593,0.0041485
/home/runner/work/_temp/scanner-verification-il7_c53e/first_hybrid/tiktok_worker_scanner.py,684,<listcomp>,3000,3000,0.004087328,0.0019862699542905734,0.004087328
/home/runner/work/_temp/scanner-verification-il7_c53e/first_hybrid/vendor/tiktok_sign.py,212,encode_query,1189,1189,0.004066582,0.0019761882685360383,1.473312044
/opt/hostedtoolcache/Python/3.11.16/x64/lib/python3.11/pathlib.py,266,make_uri,1006,1006,0.00403733,0.0019619730235880166,0.030338403000000003
~,0,<method 'split' of 'bytes' objects>,3367,3367,0.004028336,0.0019576023168649715,0.004028336
<frozen importlib._bootstrap_external>,126,_path_join,1259,1259,0.004013354,0.0019503216933243158,0.011325678
/opt/hostedtoolcache/Python/3.11.16/x64/lib/python3.11/logging/__init__.py,1734,isEnabledFor,3001,3001,0.003991716,0.0019398065329870639,0.004004209
/home/runner/work/_temp/scanner-verification-il7_c53e/first_hybrid/scan_statistics.py,100,rate,1840,1840,0.003984845,0.0019364675152092072,0.007260669000000001
/opt/hostedtoolcache/Python/3.11.16/x64/lib/python3.11/collections/__init__.py,694,subtract,274,274,0.0039654700000000005,0.0019270520779444762,0.007821243
~,0,<built-in method _thread.get_ident>,3336,3336,0.003933443,0.0019114882994011183,0.003933443
<frozen importlib._bootstrap_external>,128,<listcomp>,1259,1259,0.003918623,0.0019042864010649474,0.0061822150000000005
/home/runner/work/_temp/scanner-verification-il7_c53e/final/tests/benchmark_hybrid.py,52,<genexpr>,1001,1001,0.0038355090000000004,0.0018638964834999986,0.005905896000000001
/opt/hostedtoolcache/Python/3.11.16/x64/lib/python3.11/http/cookiejar.py,44,_debug,3000,3000,0.0037774080000000003,0.0018356618346990615,0.0037774080000000003
~,0,<built-in method math.isfinite>,3032,3032,0.003773708,0.0018338637899052805,0.003773708
/opt/hostedtoolcache/Python/3.11.16/x64/lib/python3.11/site-packages/httpx/_models.py,1267,__init__,3000,3000,0.0037515290000000004,0.001823085726261695,0.0037515290000000004
~,0,<method 'release' of '_thread.lock' objects>,4023,4023,0.0037336670000000004,0.0018144055435302042,0.0037336670000000004
~,0,<method 'asend' of 'async_generator' objects>,3000,3000,0.003555809,0.0017279740162512056,0.003555809
/opt/hostedtoolcache/Python/3.11.16/x64/lib/python3.11/site-packages/httpx/_urls.py,509,<listcomp>,3085,3085,0.00354577,0.001723095483363431,0.00354577
/opt/hostedtoolcache/Python/3.11.16/x64/lib/python3.11/pathlib.py,563,as_uri,1006,1006,0.003505662,0.0017036046777988453,0.035130852
/opt/hostedtoolcache/Python/3.11.16/x64/lib/python3.11/site-packages/httpx/_client.py,329,params,3000,3000,0.003492049,0.0016969893308318885,0.003492049
/home/runner/work/_temp/scanner-verification-il7_c53e/first_hybrid/tiktok_worker_scanner.py,2759,<genexpr>,3000,3000,0.003475815,0.0016891002878096615,0.003475815
/opt/hostedtoolcache/Python/3.11.16/x64/lib/python3.11/site-packages/httpx/_client.py,253,timeout,3000,3000,0.003461093,0.001681946013362623,0.003461093
/opt/hostedtoolcache/Python/3.11.16/x64/lib/python3.11/site-packages/httpx/_models.py,606,request,3000,3000,0.0033420230000000004,0.0016240829880665426,0.0033420230000000004
/home/runner/work/_temp/scanner-verification-il7_c53e/first_hybrid/tiktok_worker_scanner.py,1197,<listcomp>,3001,3001,0.003338446,0.0016223447161132032,0.003338446
/home/runner/work/_temp/scanner-verification-il7_c53e/first_hybrid/tiktok_worker_scanner.py,942,retry_after_seconds,3000,3000,0.00332395,0.0016153002681860008,0.00332395
/opt/hostedtoolcache/Python/3.11.16/x64/lib/python3.11/site-packages/httpx/_multipart.py,56,get_multipart_boundary_from_content_type,3000,3000,0.003302446,0.0016048502262277669,0.003302446
~,0,<method 'aclose' of 'async_generator' objects>,3000,3000,0.003261977,0.0015851839898062747,0.003261977
/opt/hostedtoolcache/Python/3.11.16/x64/lib/python3.11/site-packages/httpx/_models.py,595,request,3000,3000,0.003254353,0.0015814790456149812,0.003254353
~,0,<method 'clear' of 'set' objects>,2,2,0.0032407950000000003,0.0015748904263409049,0.0032407950000000003
/home/runner/work/_temp/scanner-verification-il7_c53e/first_hybrid/report_generator.py,248,<listcomp>,1000,1000,0.003220994,0.0015652679709458625,0.0048928190000000005
/opt/hostedtoolcache/Python/3.11.16/x64/lib/python3.11/pathlib.py,38,_ignore_error,1007,1007,0.003207215,0.0015585719549422118,0.004674032000000001
/home/runner/work/_temp/scanner-verification-il7_c53e/first_hybrid/tiktok_worker_scanner.py,1219,good_response,3000,3000,0.003205738,0.0015578541948988566,0.003205738
/opt/hostedtoolcache/Python/3.11.16/x64/lib/python3.11/urllib/request.py,337,full_url,3000,3000,0.003201207,0.0015556523189635535,0.003201207
/home/runner/work/_temp/scanner-verification-il7_c53e/first_hybrid/hybrid_backend.py,190,<dictcomp>,1189,1189,0.0031730620000000004,0.0015419750295795089,0.008737538000000001
/opt/hostedtoolcache/Python/3.11.16/x64/lib/python3.11/pathlib.py,987,check_eloop,1003,1003,0.003153438,0.0015324385887597366,0.0046627280000000005
/home/runner/work/_temp/scanner-verification-il7_c53e/first_hybrid/tiktok_worker_scanner.py,2468,inspect_reusable_export,1000,1000,0.0030874730000000003,0.0015003823658349365,0.042377634000000004
/home/runner/work/_temp/scanner-verification-il7_c53e/final/tests/benchmark_hybrid.py,167,<genexpr>,1002,1002,0.0030839220000000002,0.0014986567287909591,0.154785697
/opt/hostedtoolcache/Python/3.11.16/x64/lib/python3.11/site-packages/httpx/_decoders.py,52,flush,3000,3000,0.003053491,0.0014838685392991895,0.003053491
/home/runner/work/_temp/scanner-verification-il7_c53e/first_hybrid/report_generator.py,230,<listcomp>,1000,1000,0.003051077,0.0014826954365607604,0.004713238000000001
/home/runner/work/_temp/scanner-verification-il7_c53e/first_hybrid/report_generator.py,227,<genexpr>,3000,3000,0.003038597,0.0014766306800671424,0.003038597
/opt/hostedtoolcache/Python/3.11.16/x64/lib/python3.11/site-packages/httpx/_types.py,99,close,3000,3000,0.003031911,0.001473381564528975,0.003031911
~,0,<method 'cancelling' of '_asyncio.Task' objects>,3000,3000,0.0030226980000000003,0.0014689044329924605,0.0030226980000000003
/home/runner/work/_temp/scanner-verification-il7_c53e/first_hybrid/tiktok_worker_scanner.py,3637,rows,11,11,0.0030196600000000004,0.0014674280924293509,0.0048150400000000005
~,0,<method 'isalpha' of 'str' objects>,3011,3011,0.0029873760000000004,0.0014517394226665334,0.0029873760000000004
~,0,<method 'rfind' of 'str' objects>,2212,2212,0.0029352870000000004,0.001426426353676464,0.0029352870000000004
/opt/hostedtoolcache/Python/3.11.16/x64/lib/python3.11/re/_compiler.py,243,_optimize_charset,217,217,0.002906433,0.0014124045200332865,0.005185393
/home/runner/work/_temp/scanner-verification-il7_c53e/final/tests/benchmark_hybrid.py,31,main,1,1,0.002904199,0.001411318889744285,151.88921047300002
/home/runner/work/_temp/scanner-verification-il7_c53e/first_hybrid/report_generator.py,245,<genexpr>,1000,1000,0.0028713600000000003,0.0013953605132624005,0.00447527
/opt/hostedtoolcache/Python/3.11.16/x64/lib/python3.11/asyncio/tasks.py,431,_release_waiter,771,771,0.00284517,0.0013826332718707454,0.016031795
/opt/hostedtoolcache/Python/3.11.16/x64/lib/python3.11/site-packages/httpx/_decoders.py,49,decode,3000,3000,0.0027564850000000004,0.0013395360819960255,0.0027564850000000004
~,0,<method 'as_integer_ratio' of 'float' objects>,3000,3000,0.0027154690000000003,0.001319604026519885,0.0027154690000000003
/home/runner/work/_temp/scanner-verification-il7_c53e/first_hybrid/tiktok_worker_scanner.py,3336,add_jobs,1,1,0.0027152440000000003,0.0013194946859581011,0.272885147
~,0,<built-in method posix.fstat>,1003,1003,0.002677108,0.0013009621896727956,0.002677108
/opt/hostedtoolcache/Python/3.11.16/x64/lib/python3.11/re/_parser.py,178,getwidth,178,559,0.002624618,0.0012754542515037246,0.003705813
<frozen importlib._bootstrap>,100,acquire,117,117,0.002348661,0.001141350725244965,0.002575219
/home/runner/work/_temp/scanner-verification-il7_c53e/first_hybrid/tiktok_worker_scanner.py,1518,consume,138,138,0.0023325570000000003,0.0011335248567695465,0.014804324
/home/runner/work/_temp/scanner-verification-il7_c53e/first_hybrid/tiktok_worker_scanner.py,2837,<lambda>,1000,1000,0.002310781,0.001122942634221067,0.002310781
/home/runner/work/_temp/scanner-verification-il7_c53e/first_hybrid/tiktok_worker_scanner.py,288,<genexpr>,1248,1248,0.002279971,0.0011079702666274478,0.003250752
/opt/hostedtoolcache/Python/3.11.16/x64/lib/python3.11/re/_parser.py,456,_parse_sub,76,218,0.0022599680000000002,0.001098249647705826,0.04776311500000001
/opt/hostedtoolcache/Python/3.11.16/x64/lib/python3.11/pathlib.py,555,__bytes__,1006,1006,0.002252697,0.0010947162467070202,0.013798503
<frozen importlib._bootstrap>,1054,_find_spec,111,111,0.002204452,0.0010712712004702736,0.031980222
~,0,<method 'executescript' of 'sqlite3.Connection' objects>,2,2,0.002195514,0.0010669277073981618,0.002195514
~,0,<built-in method _imp.create_dynamic>,13,13,0.002136082,0.0010380462484295158,0.002375409
/home/runner/work/_temp/scanner-verification-il7_c53e/first_hybrid/report_generator.py,57,local_avatar,1000,1000,0.002079862,0.0010107256867250929,0.011772643000000001
/opt/hostedtoolcache/Python/3.11.16/x64/lib/python3.11/re/_parser.py,164,__len__,1064,1064,0.0018757810000000002,0.0009115508814387115,0.0027602160000000002
/opt/hostedtoolcache/Python/3.11.16/x64/lib/python3.11/re/_parser.py,256,match,1437,1437,0.0018726990000000002,0.0009100531587212973,0.00238764
/home/runner/work/_temp/scanner-verification-il7_c53e/final/tests/benchmark_hybrid.py,176,<genexpr>,1001,1001,0.001843966,0.000896090126002457,0.002775669
/home/runner/work/_temp/scanner-verification-il7_c53e/first_hybrid/tiktok_worker_scanner.py,3387,<setcomp>,1,1,0.001837943,0.0008931632006530132,0.002764346
/opt/hostedtoolcache/Python/3.11.16/x64/lib/python3.11/asyncio/tasks.py,551,_cancel_and_wait,364,364,0.001830021,0.0008893134409621124,0.005891679
/home/runner/work/_temp/scanner-verification-il7_c53e/final/tests/benchmark_hybrid.py,161,<genexpr>,1001,1001,0.00181688,0.0008829274661958759,0.0027437860000000002
/opt/hostedtoolcache/Python/3.11.16/x64/lib/python3.11/asyncio/locks.py,200,wait,368,368,0.0018130960000000002,0.0008810886009256955,0.003843378
~,0,<method 'cancelled' of '_asyncio.Task' objects>,2016,2016,0.0018103050000000001,0.0008797322920015219,0.0018103050000000001
~,0,<built-in method io.open_code>,104,104,0.001806405,0.0008778370555972662,0.001806405
/home/runner/work/_temp/scanner-verification-il7_c53e/final/tests/benchmark_hybrid.py,179,<genexpr>,1001,1001,0.0018020450000000002,0.0008757182784889189,0.0027405980000000003
/home/runner/work/_temp/scanner-verification-il7_c53e/final/tests/benchmark_hybrid.py,162,<genexpr>,1001,1001,0.0017955010000000001,0.0008725381689941885,0.0027338360000000003
~,0,<method 'group' of 're.Match' objects>,1663,1663,0.001767034,0.0008587044011172798,0.001767034
~,0,<method 'exception' of '_asyncio.Task' objects>,2015,2015,0.0017644680000000002,0.00085745743275489,0.0017644680000000002
/opt/hostedtoolcache/Python/3.11.16/x64/lib/python3.11/site-packages/httpx/_urls.py,512,get,726,726,0.0017616770000000001,0.0008561011238307164,0.0017616770000000001
/home/runner/work/_temp/scanner-verification-il7_c53e/first_hybrid/tiktok_worker_scanner.py,2761,<listcomp>,1000,1000,0.001761411,0.000855971858988785,0.001761411
/opt/hostedtoolcache/Python/3.11.16/x64/lib/python3.11/json/encoder.py,224,floatstr,1063,1063,0.0017531940000000002,0.0008519787416724343,0.0017531940000000002
/opt/hostedtoolcache/Python/3.11.16/x64/lib/python3.11/dataclasses.py,664,_is_type,234,234,0.00163633,0.0007951877398398889,0.0030532040000000003
/home/runner/work/_temp/scanner-verification-il7_c53e/first_hybrid/tiktok_worker_scanner.py,2764,<listcomp>,1000,1000,0.001621873,0.0007881622442767292,0.001621873
/opt/hostedtoolcache/Python/3.11.16/x64/lib/python3.11/re/_parser.py,176,append,867,867,0.001616146,0.0007853791625107876,0.0023264180000000002
/home/runner/work/_temp/scanner-verification-il7_c53e/first_hybrid/tiktok_worker_scanner.py,3083,run_scan,18,18,0.0015945710000000001,0.0007748946175308353,0.020383303000000002
<frozen importlib._bootstrap_external>,437,cache_from_source,184,184,0.001590119,0.0007727311322816696,0.006150011
/opt/hostedtoolcache/Python/3.11.16/x64/lib/python3.11/typing.py,168,_type_check,162,162,0.001583749,0.000769635579488052,0.004898423000000001
<frozen importlib._bootstrap>,244,_verbose_message,1337,1337,0.001566908,0.0007614515599280346,0.001566908
<frozen importlib._bootstrap_external>,1467,_get_spec,111,111,0.001550867,0.0007536563068099155,0.025077414000000003
/home/runner/work/_temp/scanner-verification-il7_c53e/first_hybrid/scan_statistics.py,31,iso,306,306,0.0015061760000000001,0.0007319383554913035,0.004050219
<frozen importlib._bootstrap>,493,_init_module_attrs,105,105,0.0014944150000000002,0.000726223002837342,0.007198399
<frozen importlib._bootstrap_external>,1007,get_code,92,92,0.001481446,0.0007199206128561134,0.042715226
~,0,<method 'read' of '_io.BufferedReader' objects>,99,99,0.001456222,0.0007076628069430511,0.001456222
/opt/hostedtoolcache/Python/3.11.16/x64/lib/python3.11/contextlib.py,763,__init__,1000,1000,0.0014483500000000002,0.000703837345154769,0.0014483500000000002
<frozen importlib._bootstrap>,1165,_find_and_load,13,113,0.0014100980000000003,0.0006852484777353882,0.24762219300000002
/opt/hostedtoolcache/Python/3.11.16/x64/lib/python3.11/enum.py,1668,convert_class,3,3,0.001389388,0.0006751842864707385,0.004177411000000001
/opt/hostedtoolcache/Python/3.11.16/x64/lib/python3.11/enum.py,242,__set_name__,65,65,0.001379732,0.0006704918755170228,0.0029446370000000004
/opt/hostedtoolcache/Python/3.11.16/x64/lib/python3.11/typing.py,1266,_is_dunder,570,570,0.00135908,0.0006604558698194106,0.002184083
~,0,<method 'isdigit' of 'str' objects>,1000,1000,0.0013362620000000002,0.0006493672789803584,0.0013362620000000002
/home/runner/work/_temp/scanner-verification-il7_c53e/first_hybrid/report_generator.py,187,<genexpr>,1001,1001,0.001333234,0.0006478957979977721,0.001333234
/home/runner/work/_temp/scanner-verification-il7_c53e/first_hybrid/tiktok_worker_scanner.py,3704,validate_scan_config,22,22,0.0013177850000000001,0.0006403882320466582,0.011015687
/opt/hostedtoolcache/Python/3.11.16/x64/lib/python3.11/re/_parser.py,293,tell,677,677,0.001303548,0.0006334696472550205,0.0018815250000000002
/opt/hostedtoolcache/Python/3.11.16/x64/lib/python3.11/asyncio/base_events.py,522,_check_default_executor,1189,1189,0.0012953230000000001,0.0006294726422742507,0.0012953230000000001
/opt/hostedtoolcache/Python/3.11.16/x64/lib/python3.11/pathlib.py,792,is_absolute,1006,1006,0.0012867870000000002,0.0006253245043391927,0.0012867870000000002
/opt/hostedtoolcache/Python/3.11.16/x64/lib/python3.11/enum.py,1507,_get_value,471,471,0.0012838940000000003,0.000623918627693677,0.002002512
<frozen genericpath>,87,samestat,1003,1003,0.001277692,0.0006209047158528581,0.001277692
/home/runner/work/_temp/scanner-verification-il7_c53e/first_hybrid/tiktok_worker_scanner.py,1521,<lambda>,67,67,0.001263384,0.0006139516280395019,0.113629827
~,0,<method 'start' of 're.Match' objects>,1189,1189,0.001232514,0.0005989501029627403,0.001232514
/opt/hostedtoolcache/Python/3.11.16/x64/lib/python3.11/dataclasses.py,884,_process_class,7,7,0.001219506,0.0005926287606174693,0.01940689
/opt/hostedtoolcache/Python/3.11.16/x64/lib/python3.11/typing.py,1320,__setattr__,503,503,0.0011998760000000001,0.0005830894040493829,0.0030840710000000003
/home/runner/work/_temp/scanner-verification-il7_c53e/first_hybrid/tiktok_worker_scanner.py,3610,snapshot,22,22,0.0011981270000000002,0.0005822394634157821,0.19687628100000001
~,0,<method 'result' of '_asyncio.Task' objects>,1197,1197,0.0011531220000000001,0.0005603689212687248,0.0011531220000000001
/opt/hostedtoolcache/Python/3.11.16/x64/lib/python3.11/dataclasses.py,723,_get_field,78,78,0.0011251850000000001,0.0005467927111595739,0.004050903000000001
/opt/hostedtoolcache/Python/3.11.16/x64/lib/python3.11/contextlib.py,769,__exit__,1000,1000,0.001123145,0.0005458013567327325,0.001123145
/home/runner/work/_temp/scanner-verification-il7_c53e/first_hybrid/report_generator.py,208,<genexpr>,1001,1001,0.001113314,0.0005410239031198512,0.001113314
~,0,<built-in method fromtimestamp>,306,306,0.001109539,0.0005391894114721423,0.001109539
/opt/hostedtoolcache/Python/3.11.16/x64/lib/python3.11/re/_compiler.py,216,_compile_charset,217,217,0.001094775,0.0005320147267869039,0.0017897490000000002
~,0,<built-in method _imp.exec_dynamic>,13,13,0.00108324,0.0005264092006527787,0.00108324
/home/runner/work/_temp/scanner-verification-il7_c53e/first_hybrid/report_generator.py,202,<genexpr>,1001,1001,0.001055669,0.0005130108511907963,0.001055669
/home/runner/work/_temp/scanner-verification-il7_c53e/first_hybrid/tiktok_worker_scanner.py,3594,<genexpr>,210,210,0.001043707,0.0005071978209683078,0.0015133310000000001
/opt/hostedtoolcache/Python/3.11.16/x64/lib/python3.11/contextlib.py,766,__enter__,1000,1000,0.001029802,0.000500440574250058,0.001029802
<frozen importlib._bootstrap_external>,140,_path_stat,490,490,0.001027509,0.0004993262724359662,0.003834621
<frozen importlib._bootstrap>,666,_load_unlocked,12,105,0.001009966,0.0004908011103231825,0.24257145900000002
/opt/hostedtoolcache/Python/3.11.16/x64/lib/python3.11/re/_compiler.py,511,_compile_info,76,76,0.0010060540000000001,0.0004889000424222985,0.005675889000000001
/opt/hostedtoolcache/Python/3.11.16/x64/lib/python3.11/enum.py,1525,__and__,152,152,0.000999058,0.0004855002798878953,0.003604275
<frozen importlib._bootstrap>,1120,_find_and_load_unlocked,12,112,0.000996579,0.0004842955898760621,0.246865349
~,0,<built-in method _collections._count_elements>,1,1,0.0009910910000000002,0.00048162865208463786,0.0023243250000000003
/home/runner/work/_temp/scanner-verification-il7_c53e/first_hybrid/tiktok_worker_scanner.py,2890,_run_scan,11,11,0.0009871740000000002,0.0004797251543934919,0.007527212
~,0,<method 'isspace' of 'str' objects>,1222,1222,0.0009707810000000001,0.00047175884404093753,0.0009707810000000001
/opt/hostedtoolcache/Python/3.11.16/x64/lib/python3.11/urllib/parse.py,662,<dictcomp>,1,1,0.0009602660000000001,0.00046664899512023297,0.001755243
/opt/hostedtoolcache/Python/3.11.16/x64/lib/python3.11/typing.py,1376,__init__,69,69,0.0009581330000000001,0.0004656124465945209,0.0063189050000000005
/opt/hostedtoolcache/Python/3.11.16/x64/lib/python3.11/re/_compiler.py,740,compile,76,76,0.0009301050000000001,0.000451992014302604,0.07918580500000001
~,0,<method 'popitem' of 'collections.OrderedDict' objects>,488,488,0.000927787,0.0004508655635372028,0.000927787
/home/runner/work/_temp/scanner-verification-il7_c53e/first_hybrid/report_generator.py,197,<genexpr>,1001,1001,0.0009273780000000001,0.00045066680669378215,0.0009273780000000001
/home/runner/work/_temp/scanner-verification-il7_c53e/first_hybrid/report_generator.py,192,<genexpr>,1002,1002,0.000924842,0.00044943441707296364,0.000924842
/home/runner/work/_temp/scanner-verification-il7_c53e/first_hybrid/report_generator.py,191,<genexpr>,1002,1002,0.0009179520000000001,0.00044608616609211207,0.0009179520000000001
/opt/hostedtoolcache/Python/3.11.16/x64/lib/python3.11/enum.py,367,__setitem__,81,81,0.0009129920000000001,0.0004436758141523409,0.0032895240000000003
/home/runner/work/_temp/scanner-verification-il7_c53e/first_hybrid/report_generator.py,194,<genexpr>,1002,1002,0.0009032160000000001,0.0004389250882323401,0.0009032160000000001
/home/runner/work/_temp/scanner-verification-il7_c53e/first_hybrid/report_generator.py,193,<genexpr>,1002,1002,0.00089198,0.0004334648635558745,0.00089198
<frozen importlib._bootstrap>,1030,__exit__,444,444,0.000862132,0.0004189599876086383,0.0012357630000000002
<frozen importlib._bootstrap>,1026,__enter__,444,444,0.0008393140000000001,0.00040787139676958596,0.0012162350000000002
<frozen importlib._bootstrap_external>,84,_unpack_uint32,253,253,0.000832121,0.00040437590049886526,0.0013016050000000002
<frozen importlib._bootstrap>,179,_get_module_lock,117,117,0.000822406,0.00039965481802005934,0.0016657700000000002
<frozen importlib._bootstrap_external>,1127,get_data,101,101,0.000777535,0.0003778493942520201,0.004489865
/home/runner/work/_temp/scanner-verification-il7_c53e/first_hybrid/tiktok_worker_scanner.py,284,validate_worker_origin,26,26,0.000717946,0.00034889163986915163,0.00881612
<frozen importlib._bootstrap_external>,778,spec_from_file_location,105,105,0.000688304,0.0003344868712807043,0.0012966639999999999
~,0,<method 'find' of 'bytearray' objects>,637,637,0.0006816130000000001,0.0003312353259522751,0.0006816130000000001
/opt/hostedtoolcache/Python/3.11.16/x64/lib/python3.11/re/_parser.py,979,parse,76,76,0.000677575,0.00032927302733679195,0.049317472
/home/runner/work/_temp/scanner-verification-il7_c53e/first_hybrid/report_generator.py,157,<setcomp>,1,1,0.000666834,0.00032405335189625105,0.000666834
/opt/hostedtoolcache/Python/3.11.16/x64/lib/python3.11/re/_compiler.py,398,_simple,202,202,0.000666738,0.0003240066999232233,0.002073947
/home/runner/work/_temp/scanner-verification-il7_c53e/first_hybrid/hybrid_backend.py,24,validate,22,22,0.0006447240000000001,0.0003133088193582789,0.001024752
/home/runner/work/_temp/scanner-verification-il7_c53e/first_hybrid/backend_metrics.py,113,<genexpr>,552,552,0.000644042,0.0003129773959665604,0.000644042
/opt/hostedtoolcache/Python/3.11.16/x64/lib/python3.11/re/_parser.py,83,groups,359,359,0.000643951,0.0003129331737837944,0.000931953
<frozen importlib._bootstrap_external>,132,_path_split,184,184,0.000638125,0.000310101982170668,0.002008221
/opt/hostedtoolcache/Python/3.11.16/x64/lib/python3.11/re/_parser.py,376,_escape,180,180,0.0006248110000000001,0.0003036319366613708,0.0009715720000000001
/opt/hostedtoolcache/Python/3.11.16/x64/lib/python3.11/re/_parser.py,113,__init__,530,530,0.000623871,0.00030317513609213993,0.000623871
~,0,<method 'cancel' of '_asyncio.Task' objects>,183,183,0.000609481,0.0002961821997184892,0.002921894
/home/runner/work/_temp/scanner-verification-il7_c53e/first_hybrid/tiktok_worker_scanner.py,1385,set_limit,166,166,0.0006063510000000001,0.000294661151014561,0.0009341940000000001
<frozen importlib._bootstrap>,566,module_from_spec,105,105,0.0006030340000000001,0.00029304922815483897,0.010631445
~,0,<built-in method _imp.acquire_lock>,672,672,0.000591832,0.000287605526052154,0.000591832
/home/runner/work/_temp/scanner-verification-il7_c53e/first_hybrid/backend_metrics.py,114,<genexpr>,552,552,0.0005904300000000001,0.0002869242128627268,0.0005904300000000001
<frozen importlib._bootstrap_external>,727,_compile_bytecode,83,83,0.000584285,0.00028393800063089325,0.010556583000000001
~,0,<built-in method _imp.release_lock>,672,672,0.0005810090000000001,0.00028234600205131853,0.0005810090000000001
<frozen importlib._bootstrap>,233,_call_with_frames_removed,28,245,0.0005776920000000001,0.0002807340791915965,0.236556329
/opt/hostedtoolcache/Python/3.11.16/x64/lib/python3.11/inspect.py,2669,__init__,85,85,0.000574542,0.00027920331132662084,0.001056346
/opt/hostedtoolcache/Python/3.11.16/x64/lib/python3.11/enum.py,828,__setattr__,214,214,0.000573943,0.00027891222245324926,0.0007640170000000001
/home/runner/work/_temp/scanner-verification-il7_c53e/first_hybrid/hybrid_backend.py,359,<lambda>,300,300,0.000573412,0.0002786541787274391,0.000584554
/opt/hostedtoolcache/Python/3.11.16/x64/lib/python3.11/typing.py,251,_collect_parameters,72,72,0.000570369,0.00027717540837406737,0.001644034
/opt/hostedtoolcache/Python/3.11.16/x64/lib/python3.11/typing.py,1388,__eq__,329,329,0.000569236,0.0002766248179007285,0.0008385
<frozen importlib._bootstrap>,125,release,117,117,0.0005621790000000001,0.0002731954119251306,0.000800246
<frozen importlib._bootstrap>,198,cb,111,111,0.0005577280000000001,0.00027103241263401733,0.000860199
/opt/hostedtoolcache/Python/3.11.16/x64/lib/python3.11/site-packages/_distutils_hack/__init__.py,101,find_spec,111,111,0.0005525840000000001,0.00026853264441260947,0.0009312970000000001
<frozen importlib._bootstrap_external>,134,<genexpr>,368,368,0.000545688,0.0002651814776834436,0.000743143
/home/runner/work/_temp/scanner-verification-il7_c53e/first_hybrid/hybrid_backend.py,66,limit,332,332,0.0005384420000000001,0.00026166022563594725,0.0005384420000000001
~,0,<built-in method builtins.chr>,702,702,0.000536035,0.00026049052460388485,0.000536035
/opt/hostedtoolcache/Python/3.11.16/x64/lib/python3.11/enum.py,79,_is_private,155,155,0.0005319750000000001,0.00025851753491124956,0.0008598210000000001
/opt/hostedtoolcache/Python/3.11.16/x64/lib/python3.11/urllib/parse.py,205,_hostinfo,104,104,0.0005217280000000001,0.000253537922748581,0.000806407
~,0,<method 'get' of 'mappingproxy' objects>,555,555,0.000510548,0.00024810491172304826,0.000510548
/opt/hostedtoolcache/Python/3.11.16/x64/lib/python3.11/enum.py,38,_is_descriptor,146,146,0.000502967,0.00024442086372800684,0.0008452510000000001
<frozen importlib._bootstrap_external>,934,exec_module,11,92,0.000495323,0.00024070620037566586,0.24119805800000002
/opt/hostedtoolcache/Python/3.11.16/x64/lib/python3.11/re/_parser.py,86,opengroup,102,102,0.000493259,0.0002397031829555675,0.0011263
/opt/hostedtoolcache/Python/3.11.16/x64/lib/python3.11/urllib/parse.py,164,hostname,78,78,0.00048240200000000005,0.00023442713638095134,0.001311712
/opt/hostedtoolcache/Python/3.11.16/x64/lib/python3.11/hmac.py,1,<module>,1,1,0.000474399,0.00023053801408780836,0.000935244
/opt/hostedtoolcache/Python/3.11.16/x64/lib/python3.11/asyncio/tasks.py,654,ensure_future,186,186,0.00047189400000000005,0.00022932068916661346,0.008907871000000001
/opt/hostedtoolcache/Python/3.11.16/x64/lib/python3.11/inspect.py,2955,__init__,14,14,0.000462779,0.00022489118151923143,0.0009331070000000001
/opt/hostedtoolcache/Python/3.11.16/x64/lib/python3.11/inspect.py,2331,_signature_from_function,7,7,0.00045765300000000003,0.00022240016054276624,0.0022142290000000003
<frozen importlib._bootstrap_external>,1602,_get_spec,105,105,0.000445295,0.00021639469093153786,0.0018740150000000001
<frozen importlib._bootstrap>,169,__enter__,112,112,0.000437308,0.00021251334396723287,0.002875745
/opt/hostedtoolcache/Python/3.11.16/x64/lib/python3.11/inspect.py,2756,__str__,78,78,0.00043371500000000004,0.0002107672966850559,0.001306801
/opt/hostedtoolcache/Python/3.11.16/x64/lib/python3.11/re/_compiler.py,573,_code,76,76,0.00043298400000000003,0.00021041206134877102,0.028117668000000002
~,0,<built-in method _thread.start_new_thread>,7,7,0.00043247800000000003,0.00021016616657427016,0.00043247800000000003
/home/runner/work/_temp/scanner-verification-il7_c53e/first_hybrid/tiktok_worker_scanner.py,3242,__init__,1,1,0.00042246000000000004,0.00020529783880559517,0.004266829000000001
<frozen importlib._bootstrap>,405,parent,200,200,0.00041340900000000005,0.00020089943247356506,0.000575499
<frozen importlib._bootstrap_external>,1424,_path_importer_cache,286,286,0.0004079,0.00019822228956304088,0.001273584
/opt/hostedtoolcache/Python/3.11.16/x64/lib/python3.11/inspect.py,3215,__str__,7,7,0.000407561,0.00019805754978328638,0.0019650450000000003
<frozen importlib._bootstrap_external>,642,_classify_pyc,85,85,0.00040697,0.00019777034857433376,0.000996458
<frozen importlib._bootstrap_external>,567,_get_cached,105,105,0.000403154,0.00019591593264647753,0.0038234970000000004
/opt/hostedtoolcache/Python/3.11.16/x64/lib/python3.11/typing.py,916,__eq__,225,225,0.00040231900000000005,0.00019551015767274593,0.000605883
/opt/hostedtoolcache/Python/3.11.16/x64/lib/python3.11/typing.py,1279,__init__,69,69,0.00040229900000000006,0.00019550043851169845,0.002066276
/opt/hostedtoolcache/Python/3.11.16/x64/lib/python3.11/inspect.py,1437,formatannotation,85,85,0.000389971,0.00018950954764204123,0.000681639
~,0,<built-in method fromhex>,484,484,0.00038680100000000004,0.0001879690606160181,0.00038680100000000004
<frozen importlib._bootstrap>,71,__init__,111,111,0.000378389,0.00018388118147945448,0.000621247
/opt/hostedtoolcache/Python/3.11.16/x64/lib/python3.11/re/_compiler.py,436,_get_literal_prefix,63,80,0.00037743900000000003,0.0001834195213296999,0.000546502
<frozen importlib._bootstrap>,392,cached,197,197,0.000376637,0.00018302978297169654,0.004200134
/opt/hostedtoolcache/Python/3.11.16/x64/lib/python3.11/typing.py,159,_type_convert,170,170,0.000375999,0.00018271974173428244,0.00110402
/home/runner/work/_temp/scanner-verification-il7_c53e/final/tests/benchmark_hybrid.py,1,<module>,1,1,0.00037005100000000004,0.0001798292632387665,152.111616699
/opt/hostedtoolcache/Python/3.11.16/x64/lib/python3.11/typing.py,1687,__eq__,200,200,0.000366217,0.0001779661000659675,0.000543712
<frozen importlib._bootstrap_external>,675,_validate_timestamp_pyc,85,85,0.000364385,0.00017707582491401975,0.001172742
/opt/hostedtoolcache/Python/3.11.16/x64/lib/python3.11/datetime.py,592,__new__,12,12,0.00036377500000000005,0.0001767793905020721,0.0006460540000000001
/opt/hostedtoolcache/Python/3.11.16/x64/lib/python3.11/collections/__init__.py,350,namedtuple,5,5,0.000357034,0.0001735035472710241,0.000897936
<frozen importlib._bootstrap_external>,150,_path_is_mode_type,144,144,0.00035450600000000004,0.0001722750453146246,0.001462418
/opt/hostedtoolcache/Python/3.11.16/x64/lib/python3.11/inspect.py,2435,_signature_from_callable,7,21,0.00034775,0.00016899191271279104,0.004011881
/opt/hostedtoolcache/Python/3.11.16/x64/lib/python3.11/typing.py,1695,__hash__,71,130,0.000343091,0.00016672783414678418,0.0007125450000000001
/home/runner/work/_temp/scanner-verification-il7_c53e/first_hybrid/report_generator.py,138,build_data,1,1,0.00034276900000000004,0.00016657135565392,2.120730322
/opt/hostedtoolcache/Python/3.11.16/x64/lib/python3.11/enum.py,48,_is_dunder,165,165,0.00033711600000000004,0.0001638242347838541,0.000491023
/opt/hostedtoolcache/Python/3.11.16/x64/lib/python3.11/typing.py,373,inner,100,102,0.00033297800000000005,0.0001618133403631337,0.013762656
/opt/hostedtoolcache/Python/3.11.16/x64/lib/python3.11/re/_parser.py,231,__init__,76,76,0.000329479,0.00016011297313787973,0.000515652
<frozen importlib._bootstrap_external>,159,_path_isfile,132,132,0.000326517,0.00015867356538675024,0.001675002
~,0,<built-in method posix.listdir>,11,11,0.000324316,0.00015760397171347675,0.000324316
~,0,<method 'format' of 'str' objects>,232,232,0.00032137,0.0001561723392911852,0.00032137
~,0,<built-in method builtins.eval>,5,5,0.000321059,0.00015602120633689714,0.00032898300000000003
/opt/hostedtoolcache/Python/3.11.16/x64/lib/python3.11/dataclasses.py,413,_create_fn,27,27,0.000320732,0.0001558622980537711,0.004452076
/home/runner/work/_temp/scanner-verification-il7_c53e/first_hybrid/tiktok_worker_scanner.py,3752,save_scan_config,22,22,0.000317526,0.0001543043165378625,0.067991418
/opt/hostedtoolcache/Python/3.11.16/x64/lib/python3.11/re/_parser.py,453,_uniq,115,115,0.00031511600000000005,0.00015313315763164308,0.000479118
/opt/hostedtoolcache/Python/3.11.16/x64/lib/python3.11/typing.py,679,Union,20,20,0.00031395100000000003,0.00015256701650062822,0.005332788000000001
/opt/hostedtoolcache/Python/3.11.16/x64/lib/python3.11/typing.py,1394,__hash__,87,162,0.000313836,0.00015251113132460527,0.0009765260000000001
/opt/hostedtoolcache/Python/3.11.16/x64/lib/python3.11/re/_compiler.py,570,isstring,152,152,0.00031133300000000006,0.00015129477831951513,0.00044154900000000006
~,0,<method 'clear' of 'list' objects>,294,294,0.00031115600000000004,0.00015120876374424505,0.00031115600000000004
/opt/hostedtoolcache/Python/3.11.16/x64/lib/python3.11/enum.py,59,_is_sunder,155,155,0.000295813,0.00014375270934668255,0.000415665
/opt/hostedtoolcache/Python/3.11.16/x64/lib/python3.11/re/_parser.py,172,__setitem__,214,214,0.00029571700000000003,0.00014370605737365475,0.00041443800000000005
<frozen importlib._bootstrap_external>,1499,find_spec,111,111,0.00029140700000000004,0.00014161157816792612,0.025368821
~,0,<built-in method builtins.iter>,274,274,0.000289731,0.00014079711247214855,0.000289731
~,0,<built-in method _thread.allocate_lock>,254,254,0.000279248,0.00013570281420912,0.000279248
/opt/hostedtoolcache/Python/3.11.16/x64/lib/python3.11/re/_parser.py,316,_class_escape,67,67,0.000278601,0.00013538839934923452,0.000488073
<frozen importlib._bootstrap>,920,find_spec,111,111,0.000273273,0.00013279921484618992,0.000653351
<frozen importlib._bootstrap_external>,599,_check_name_wrapper,89,93,0.000270122,0.0001312679610231619,0.014810549000000001
/opt/hostedtoolcache/Python/3.11.16/x64/lib/python3.11/enum.py,444,<genexpr>,186,186,0.000263974,0.00012828029091717125,0.00036411600000000005
<frozen importlib._bootstrap>,173,__exit__,112,112,0.000258738,0.000125735814554945,0.001028678
/opt/hostedtoolcache/Python/3.11.16/x64/lib/python3.11/inspect.py,2734,kind,276,276,0.000256603,0.00012469829411312818,0.000256603
<frozen importlib._bootstrap_external>,1146,path_stats,92,92,0.000250473,0.00012171937125208027,0.00096818
/opt/hostedtoolcache/Python/3.11.16/x64/lib/python3.11/re/_compiler.py,386,_mk_bitmap,41,41,0.000249408,0.00012120182592630277,0.000524758
/opt/hostedtoolcache/Python/3.11.16/x64/lib/python3.11/re/_compiler.py,467,_get_charset_prefix,49,49,0.00024810100000000003,0.00012056667875185097,0.00047825900000000003
/opt/hostedtoolcache/Python/3.11.16/x64/lib/python3.11/dataclasses.py,528,_init_fn,7,7,0.000246495,0.00011978623011973956,0.002769544
~,0,<built-in method fromkeys>,136,136,0.00023765800000000002,0.00011549181881091733,0.000600063
/opt/hostedtoolcache/Python/3.11.16/x64/lib/python3.11/typing.py,1381,<genexpr>,257,257,0.000234939,0.0001141704988665145,0.000234939
/opt/hostedtoolcache/Python/3.11.16/x64/lib/python3.11/typing.py,1586,__getitem__,27,27,0.00023426300000000002,0.0001138419912231102,0.00315848
<frozen importlib._bootstrap_external>,71,_relax_case,242,242,0.00022939,0.00011147391763389545,0.00022939
<frozen importlib._bootstrap>,748,find_spec,111,111,0.00022801500000000003,0.00011080572531188226,0.00037030300000000005
<frozen importlib._bootstrap_external>,180,_path_isabs,116,116,0.00022676800000000002,0.00011019973562057284,0.000354278
/opt/hostedtoolcache/Python/3.11.16/x64/lib/python3.11/re/_parser.py,98,closegroup,102,102,0.000224081,0.00010889396633384595,0.0018934670000000002
/opt/hostedtoolcache/Python/3.11.16/x64/lib/python3.11/site-packages/httpx/_status_codes.py,1,<module>,1,1,0.00022369000000000002,0.00010870395673536803,0.007273687
/opt/hostedtoolcache/Python/3.11.16/x64/lib/python3.11/hmac.py,19,<genexpr>,257,257,0.000222579,0.00010816405733918137,0.000222579
/opt/hostedtoolcache/Python/3.11.16/x64/lib/python3.11/re/__init__.py,225,compile,97,97,0.000217834,0.0001058581863806704,0.07773819700000001
/home/runner/work/_temp/scanner-verification-il7_c53e/first_hybrid/tiktok_worker_scanner.py,1,<module>,1,1,0.000216982,0.00010544415012004839,0.031138753
/opt/hostedtoolcache/Python/3.11.16/x64/lib/python3.11/hmac.py,20,<genexpr>,257,257,0.00021495300000000001,0.00010445814123178311,0.00021495300000000001
/opt/hostedtoolcache/Python/3.11.16/x64/lib/python3.11/unittest/mock.py,2113,_mock_set_magics,2,2,0.000214756,0.00010436240749546558,0.00041180800000000005
/opt/hostedtoolcache/Python/3.11.16/x64/lib/python3.11/inspect.py,2075,_signature_is_functionlike,32,32,0.000213785,0.00010389054222661118,0.00044530100000000005
/opt/hostedtoolcache/Python/3.11.16/x64/lib/python3.11/enum.py,499,__new__,5,5,0.000212262,0.00010315042811284674,0.0036490760000000002
/opt/hostedtoolcache/Python/3.11.16/x64/lib/python3.11/re/_parser.py,274,getuntil,22,22,0.00020426300000000002,9.926324965191327e-05,0.00035733600000000004
/opt/hostedtoolcache/Python/3.11.16/x64/lib/python3.11/dataclasses.py,368,field,78,78,0.000200224,9.73004650783778e-05,0.00031796900000000003
/opt/hostedtoolcache/Python/3.11.16/x64/lib/python3.11/argparse.py,1424,add_argument,11,11,0.000200203,9.729025995927795e-05,0.0015519470000000001
/home/runner/work/_temp/scanner-verification-il7_c53e/first_hybrid/report_generator.py,190,<listcomp>,2,2,0.00019930200000000002,9.685241175408967e-05,0.00019930200000000002
/opt/hostedtoolcache/Python/3.11.16/x64/lib/python3.11/logging/__init__.py,1327,getLogger,28,28,0.00019801,9.622455395042346e-05,0.000507308
/home/runner/work/_temp/scanner-verification-il7_c53e/first_hybrid/backend_metrics.py,118,<dictcomp>,184,184,0.000197454,9.595436127330394e-05,0.000197454
/opt/hostedtoolcache/Python/3.11.16/x64/lib/python3.11/site-packages/httpx/__init__.py,1,<module>,1,1,0.00019107800000000002,9.285589273137222e-05,0.124300248
/opt/hostedtoolcache/Python/3.11.16/x64/lib/python3.11/re/_compiler.py,388,<listcomp>,41,41,0.000189969,9.23169652512903e-05,0.000189969
~,0,<built-in method _heapq.heapify>,29,29,0.000189272,9.197825248878616e-05,0.0005643310000000001
/opt/hostedtoolcache/Python/3.11.16/x64/lib/python3.11/typing.py,334,_remove_dups_flatten,20,20,0.000188561,9.16327363135488e-05,0.0007756560000000001
/opt/hostedtoolcache/Python/3.11.16/x64/lib/python3.11/dataclasses.py,449,_field_init,78,78,0.00018709,9.091789201850778e-05,0.00027347600000000004
/opt/hostedtoolcache/Python/3.11.16/x64/lib/python3.11/typing.py,1310,__getattr__,67,67,0.000183455,8.915143449813108e-05,0.000483343
~,0,<method 'read' of '_io.TextIOWrapper' objects>,12,12,0.00018063900000000002,8.778297662264806e-05,0.000319568
/opt/hostedtoolcache/Python/3.11.16/x64/lib/python3.11/json/__init__.py,120,dump,1,1,0.00018011100000000002,8.7526390770995e-05,0.0007845030000000001
/opt/hostedtoolcache/Python/3.11.16/x64/lib/python3.11/re/_parser.py,963,fix_flags,76,76,0.00017809800000000001,8.654815721156768e-05,0.000242481
/opt/hostedtoolcache/Python/3.11.16/x64/lib/python3.11/inspect.py,3002,<genexpr>,92,92,0.000176966,8.599805269628118e-05,0.00025153100000000004
/home/runner/work/_temp/scanner-verification-il7_c53e/first_hybrid/scan_statistics.py,163,write,14,14,0.000176701,8.586927381240228e-05,0.10754738200000001
~,0,<built-in method _abc._abc_init>,26,26,0.00017651800000000002,8.578034348881798e-05,0.00017651800000000002
/opt/hostedtoolcache/Python/3.11.16/x64/lib/python3.11/dataclasses.py,646,_is_classvar,156,156,0.00017181500000000002,8.349488276850667e-05,0.00017181500000000002
/opt/hostedtoolcache/Python/3.11.16/x64/lib/python3.11/email/quoprimime.py,1,<module>,1,1,0.00016804300000000002,8.166184899495484e-05,0.00035113500000000003
<frozen importlib._bootstrap>,357,__init__,111,111,0.000164871,8.012039005282696e-05,0.000164871
/opt/hostedtoolcache/Python/3.11.16/x64/lib/python3.11/dataclasses.py,654,_is_initvar,156,156,0.000164028,7.971072741467633e-05,0.000164028
/opt/hostedtoolcache/Python/3.11.16/x64/lib/python3.11/types.py,164,__init__,74,74,0.000163382,7.939679851284322e-05,0.000228962
/opt/hostedtoolcache/Python/3.11.16/x64/lib/python3.11/threading.py,295,wait,14,14,0.000161711,7.858476260732755e-05,0.000674326
<frozen os>,674,__getitem__,44,44,0.00016018600000000001,7.784367657745837e-05,0.000406096
~,0,<built-in method builtins.delattr>,78,78,0.00015894700000000002,7.724157455056794e-05,0.000274056
/opt/hostedtoolcache/Python/3.11.16/x64/lib/python3.11/inspect.py,2722,name,178,178,0.00015647300000000002,7.603931432899657e-05,0.00015647300000000002
/opt/hostedtoolcache/Python/3.11.16/x64/lib/python3.11/typing.py,866,__init__,29,29,0.00015524,7.544012805042037e-05,0.00058337
/opt/hostedtoolcache/Python/3.11.16/x64/lib/python3.11/typing.py,715,<genexpr>,81,81,0.000153526,7.460719594865265e-05,0.002049261
/opt/hostedtoolcache/Python/3.11.16/x64/lib/python3.11/http/__init__.py,26,__new__,62,62,0.000150542,7.315709712037093e-05,0.00020811400000000002
/opt/hostedtoolcache/Python/3.11.16/x64/lib/python3.11/site-packages/httpx/_status_codes.py,28,__new__,62,62,0.000149388,7.259630152793221e-05,0.000207915
~,0,<built-in method _sre.compile>,76,76,0.000148831,7.232562289276033e-05,0.000148831
/opt/hostedtoolcache/Python/3.11.16/x64/lib/python3.11/datetime.py,1,<module>,1,1,0.00014848700000000002,7.215845332274395e-05,0.0019951920000000002
<frozen importlib._bootstrap>,48,_new_module,92,92,0.00014779400000000003,7.18216843924493e-05,0.00014779400000000003
/opt/hostedtoolcache/Python/3.11.16/x64/lib/python3.11/dataclasses.py,660,_is_kw_only,156,156,0.00014707200000000002,7.147082267863582e-05,0.00014707200000000002
<frozen importlib._bootstrap_external>,1411,_path_hooks,11,11,0.00014479100000000002,7.036235236117248e-05,0.000865684
~,0,<built-in method _imp.find_frozen>,111,111,0.000143658,6.981176188783361e-05,0.000143658
~,0,<built-in method _imp.is_builtin>,111,111,0.00014228800000000002,6.914599935608229e-05,0.00014228800000000002
/opt/hostedtoolcache/Python/3.11.16/x64/lib/python3.11/re/_compiler.py,31,_combine_flags,131,131,0.000142039,6.902499580104135e-05,0.000142039
/opt/hostedtoolcache/Python/3.11.16/x64/lib/python3.11/dataclasses.py,425,<genexpr>,147,147,0.00014071800000000002,6.838304521385631e-05,0.00014071800000000002
/opt/hostedtoolcache/Python/3.11.16/x64/lib/python3.11/enum.py,70,_is_internal_class,81,81,0.000140352,6.82051845666877e-05,0.00020785100000000003
/home/runner/work/_temp/scanner-verification-il7_c53e/first_hybrid/tiktok_worker_scanner.py,3734,<genexpr>,66,66,0.000139051,6.757295314055012e-05,0.000177615
/opt/hostedtoolcache/Python/3.11.16/x64/lib/python3.11/inspect.py,391,_has_code_flag,26,26,0.00013822900000000002,6.717349562149934e-05,0.000738757
<frozen importlib._bootstrap>,1207,_handle_fromlist,22,27,0.00013794800000000001,6.703694140878246e-05,0.011299831
<frozen os>,756,encode,44,44,0.0001364,6.62846783437087e-05,0.00023107300000000002
/opt/hostedtoolcache/Python/3.11.16/x64/lib/python3.11/asyncio/tasks.py,728,gather,6,6,0.000136276,6.622441954521441e-05,0.000415014
/opt/hostedtoolcache/Python/3.11.16/x64/lib/python3.11/re/_compiler.py,428,_get_iscased,129,129,0.00013441100000000002,6.531810777753835e-05,0.00013441100000000002
~,0,<built-in method builtins.repr>,136,136,0.000134346,6.528652050413408e-05,0.00013650900000000002
/opt/hostedtoolcache/Python/3.11.16/x64/lib/python3.11/argparse.py,164,__init__,11,11,0.000133063,6.466303632293922e-05,0.000648903
/opt/hostedtoolcache/Python/3.11.16/x64/lib/python3.11/typing.py,1595,copy_with,41,41,0.00013016000000000001,6.325230009689975e-05,0.0033709940000000004
<frozen importlib._bootstrap>,165,__init__,112,112,0.000129166,6.276925779284074e-05,0.000129166
/opt/hostedtoolcache/Python/3.11.16/x64/lib/python3.11/asyncio/locks.py,78,__init__,136,136,0.000129077,6.272600752617953e-05,0.000129077
/opt/hostedtoolcache/Python/3.11.16/x64/lib/python3.11/shutil.py,710,rmtree,1,1,0.000127646,6.203060155323344e-05,0.501194351
/opt/hostedtoolcache/Python/3.11.16/x64/lib/python3.11/urllib/parse.py,193,_userinfo,52,52,0.000126088,6.127347890763594e-05,0.00017227600000000002
/opt/hostedtoolcache/Python/3.11.16/x64/lib/python3.11/typing.py,1670,__getitem__,14,14,0.000124857,6.067526454516449e-05,0.0024590790000000003
/opt/hostedtoolcache/Python/3.11.16/x64/lib/python3.11/enum.py,1151,__init__,139,139,0.00012452400000000002,6.0513440513724214e-05,0.00012452400000000002
/home/runner/work/_temp/scanner-verification-il7_c53e/first_hybrid/tiktok_worker_scanner.py,3020,session_runtime,9,9,0.00012244,5.950070393257839e-05,0.008506098
/opt/hostedtoolcache/Python/3.11.16/x64/lib/python3.11/fractions.py,452,_add,12,12,0.00012203600000000001,5.9304376879419606e-05,0.000232104
/opt/hostedtoolcache/Python/3.11.16/x64/lib/python3.11/dataclasses.py,827,_set_new_attribute,32,32,0.000121817,5.919795206594987e-05,0.00030117800000000004
~,0,<method 'isidentifier' of 'str' objects>,134,134,0.00011952800000000001,5.808559408406755e-05,0.00011952800000000001
/opt/hostedtoolcache/Python/3.11.16/x64/lib/python3.11/re/_parser.py,77,__init__,76,76,0.00011864900000000001,5.765843695603148e-05,0.00011864900000000001
/opt/hostedtoolcache/Python/3.11.16/x64/lib/python3.11/dataclasses.py,287,__init__,78,78,0.000117745,5.721913087668607e-05,0.000117745
/opt/hostedtoolcache/Python/3.11.16/x64/lib/python3.11/threading.py,856,__init__,7,7,0.00011744400000000001,5.707285750292173e-05,0.00028922
/opt/hostedtoolcache/Python/3.11.16/x64/lib/python3.11/site-packages/httpx/_types.py,1,<module>,1,1,0.000117015,5.686438149845361e-05,0.009759876
<frozen importlib._bootstrap_external>,1097,__init__,92,92,0.00011511300000000001,5.594008928283973e-05,0.00011511300000000001
/opt/hostedtoolcache/Python/3.11.16/x64/lib/python3.11/enum.py,747,__delattr__,75,75,0.00011510900000000001,5.5938145450630244e-05,0.00011510900000000001
/opt/hostedtoolcache/Python/3.11.16/x64/lib/python3.11/re/__init__.py,253,escape,41,41,0.00011412400000000001,5.545947676904261e-05,0.00019099200000000002
/home/runner/work/_temp/scanner-verification-il7_c53e/first_hybrid/tiktok_worker_scanner.py,1445,__init__,3,3,0.00010936600000000001,5.314728835585078e-05,0.0030492070000000004
<frozen abc>,105,__new__,26,26,0.000108807,5.2875637804574134e-05,0.000984909
/opt/hostedtoolcache/Python/3.11.16/x64/lib/python3.11/shutil.py,1408,get_terminal_size,11,11,0.00010794000000000001,5.245431217316655e-05,0.00031383400000000003
/opt/hostedtoolcache/Python/3.11.16/x64/lib/python3.11/dataclasses.py,392,_fields_in_init_order,7,7,0.000107145,5.206797552152982e-05,0.000200513
/opt/hostedtoolcache/Python/3.11.16/x64/lib/python3.11/typing.py,1591,<genexpr>,64,64,0.000103557,5.0324358029614664e-05,0.000779208
/opt/hostedtoolcache/Python/3.11.16/x64/lib/python3.11/dataclasses.py,509,_init_param,78,78,0.00010012600000000001,4.865703595192213e-05,0.00010012600000000001
<frozen importlib._bootstrap_external>,1562,__init__,11,11,9.9869e-05,4.8532144732462196e-05,0.00034091800000000006
<frozen importlib._bootstrap>,413,has_location,105,105,9.9747e-05,4.847285785007267e-05,9.9747e-05
/opt/hostedtoolcache/Python/3.11.16/x64/lib/python3.11/zipfile.py,1,<module>,1,1,9.9222e-05,4.821772987257672e-05,0.010062619
/opt/hostedtoolcache/Python/3.11.16/x64/lib/python3.11/dataclasses.py,820,_set_qualname,34,34,9.8627e-05,4.7928584831414646e-05,0.000134842
/opt/hostedtoolcache/Python/3.11.16/x64/lib/python3.11/site-packages/httpx/_status_codes.py,8,codes,1,1,9.831500000000001e-05,4.77769659190742e-05,0.0031750130000000004
/opt/hostedtoolcache/Python/3.11.16/x64/lib/python3.11/pathlib.py,1053,read_text,10,10,9.7991e-05,4.761951551010527e-05,0.003132595
~,0,<method '__contains__' of 'frozenset' objects>,112,112,9.6408e-05,4.685024391319844e-05,9.6408e-05
/opt/hostedtoolcache/Python/3.11.16/x64/lib/python3.11/logging/__init__.py,2074,getLogger,28,28,9.636200000000001e-05,4.682788984278928e-05,0.000626275
/opt/hostedtoolcache/Python/3.11.16/x64/lib/python3.11/gettext.py,479,find,3,3,9.578700000000001e-05,4.654846396267467e-05,0.000737584
/opt/hostedtoolcache/Python/3.11.16/x64/lib/python3.11/fractions.py,62,__new__,25,25,9.5189e-05,4.625786104735548e-05,0.000133322
/opt/hostedtoolcache/Python/3.11.16/x64/lib/python3.11/argparse.py,1565,_get_optional_kwargs,11,11,9.482300000000001e-05,4.6080000400186875e-05,0.000167753
/opt/hostedtoolcache/Python/3.11.16/x64/lib/python3.11/site-packages/httpx/_client.py,1,<module>,1,1,9.4345e-05,4.584771245115247e-05,0.119984347
/home/runner/work/_temp/scanner-verification-il7_c53e/final/tests/benchmark_hybrid.py,115,run,19,19,9.3943e-05,4.565235731409844e-05,0.022366701000000003
<frozen zipimport>,64,__init__,12,12,9.393300000000001e-05,4.56474977335747e-05,0.00029582200000000006
/opt/hostedtoolcache/Python/3.11.16/x64/lib/python3.11/inspect.py,3059,_bind,1,1,9.331400000000001e-05,4.5346689699155666e-05,0.00015654200000000002
/opt/hostedtoolcache/Python/3.11.16/x64/lib/python3.11/site-packages/httpx/_client.py,189,__init__,2,2,9.305500000000001e-05,4.522082656359101e-05,0.0013541360000000001
/opt/hostedtoolcache/Python/3.11.16/x64/lib/python3.11/site-packages/httpx/_models.py,1,<module>,1,1,9.278200000000001e-05,4.508816001529311e-05,0.07175949400000001
/opt/hostedtoolcache/Python/3.11.16/x64/lib/python3.11/typing.py,2910,__new__,2,2,9.2744e-05,4.5069693609302926e-05,0.0012530080000000001
/opt/hostedtoolcache/Python/3.11.16/x64/lib/python3.11/dataclasses.py,573,<listcomp>,7,7,9.2532e-05,4.49666705021998e-05,0.000192658
/opt/hostedtoolcache/Python/3.11.16/x64/lib/python3.11/asyncio/tasks.py,764,_done_callback,11,11,9.2267e-05,4.48378916183209e-05,0.000235591
/opt/hostedtoolcache/Python/3.11.16/x64/lib/python3.11/site-packages/httpx/_urlparse.py,77,<listcomp>,1,1,9.2037e-05,4.4726121266275055e-05,0.000149499
/opt/hostedtoolcache/Python/3.11.16/x64/lib/python3.11/email/message.py,979,MIMEPart,1,1,9.138100000000001e-05,4.4407332783918224e-05,9.138100000000001e-05
<frozen importlib._bootstrap_external>,1122,get_filename,92,92,9.1255e-05,4.434610206931919e-05,9.1255e-05
<frozen importlib._bootstrap_external>,1658,_fill_cache,11,11,9.0319e-05,4.389124533229784e-05,0.00043899900000000003
~,0,<built-in method builtins.locals>,54,54,8.856700000000001e-05,4.303984682453994e-05,8.856700000000001e-05
/opt/hostedtoolcache/Python/3.11.16/x64/lib/python3.11/argparse.py,1918,_parse_known_args,1,1,8.797500000000001e-05,4.2752159657534995e-05,0.000625567
~,0,<built-in method _imp._fix_co_filename>,83,83,8.679900000000001e-05,4.218067298794407e-05,8.679900000000001e-05
/opt/hostedtoolcache/Python/3.11.16/x64/lib/python3.11/dataclasses.py,437,_field_assign,78,78,8.638600000000001e-05,4.1979972312313934e-05,8.638600000000001e-05
~,0,<built-in method builtins.callable>,88,88,8.6366e-05,4.197025315126647e-05,8.6366e-05
/opt/hostedtoolcache/Python/3.11.16/x64/lib/python3.11/urllib/request.py,1,<module>,1,1,8.5636e-05,4.1615503773034004e-05,0.033090694000000004
/opt/hostedtoolcache/Python/3.11.16/x64/lib/python3.11/inspect.py,378,isfunction,47,47,8.5507e-05,4.155281518427786e-05,0.000124119
/opt/hostedtoolcache/Python/3.11.16/x64/lib/python3.11/enum.py,229,__set_name__,74,74,8.5197e-05,4.1402168188042155e-05,8.5197e-05
/home/runner/work/_temp/scanner-verification-il7_c53e/first_hybrid/avatar_cache.py,171,<listcomp>,1,1,8.442600000000001e-05,4.10274945296624e-05,0.00014532
/opt/hostedtoolcache/Python/3.11.16/x64/lib/python3.11/typing.py,1679,<genexpr>,49,49,8.405600000000001e-05,4.08476900502843e-05,0.0009371640000000001
/opt/hostedtoolcache/Python/3.11.16/x64/lib/python3.11/site-packages/httpx/_urlparse.py,44,<listcomp>,1,1,8.3942e-05,4.0792290832313756e-05,0.00015281500000000002
/opt/hostedtoolcache/Python/3.11.16/x64/lib/python3.11/inspect.py,1943,_signature_get_user_defined_method,21,21,8.310300000000001e-05,4.038457202637262e-05,0.00043634500000000004
/opt/hostedtoolcache/Python/3.11.16/x64/lib/python3.11/urllib/parse.py,156,username,26,26,8.254e-05,4.011097764288648e-05,0.000176307
<frozen importlib._bootstrap_external>,931,create_module,92,92,8.2406e-05,4.004585926386846e-05,8.2406e-05
<frozen importlib._bootstrap_external>,1568,<genexpr>,88,88,8.219500000000001e-05,3.994332211481772e-05,8.219500000000001e-05
/opt/hostedtoolcache/Python/3.11.16/x64/lib/python3.11/site-packages/httpx/_urlparse.py,50,<listcomp>,1,1,8.152900000000001e-05,3.9619674051937145e-05,0.00015002
/opt/hostedtoolcache/Python/3.11.16/x64/lib/python3.11/functools.py,687,_c3_mro,1,7,8.1394e-05,3.9554069714866754e-05,0.000263943
~,0,<built-in method _posixsubprocess.fork_exec>,1,1,8.08e-05,3.9265410631757056e-05,8.08e-05
/home/runner/work/_temp/scanner-verification-il7_c53e/first_hybrid/avatar_cache.py,172,<listcomp>,1,1,8.0636e-05,3.918571351116785e-05,0.00013886900000000001
/opt/hostedtoolcache/Python/3.11.16/x64/lib/python3.11/site-packages/httpx/_urlparse.py,56,<listcomp>,1,1,8.0561e-05,3.9149266657239855e-05,0.00014571200000000002
/opt/hostedtoolcache/Python/3.11.16/x64/lib/python3.11/dataclasses.py,396,<genexpr>,85,85,8.0544e-05,3.914100537034952e-05,8.0544e-05
/opt/hostedtoolcache/Python/3.11.16/x64/lib/python3.11/inspect.py,2726,default,79,79,8.010700000000001e-05,3.892864170146241e-05,8.010700000000001e-05
/opt/hostedtoolcache/Python/3.11.16/x64/lib/python3.11/site-packages/httpx/_urlparse.py,90,<listcomp>,1,1,7.8867e-05,3.83260537165196e-05,0.000137346
/opt/hostedtoolcache/Python/3.11.16/x64/lib/python3.11/site-packages/httpx/_urlparse.py,67,<listcomp>,1,1,7.8275e-05,3.8038366549514656e-05,0.000135723
~,0,<built-in method builtins.abs>,96,96,7.8235e-05,3.801892822741972e-05,7.8235e-05
/opt/hostedtoolcache/Python/3.11.16/x64/lib/python3.11/asyncio/coroutines.py,21,iscoroutinefunction,26,26,7.697e-05,3.740419129116759e-05,0.0008930090000000001
/opt/hostedtoolcache/Python/3.11.16/x64/lib/python3.11/dataclasses.py,1106,<genexpr>,85,85,7.6965e-05,3.740176150090572e-05,7.6965e-05
/opt/hostedtoolcache/Python/3.11.16/x64/lib/python3.11/gettext.py,224,_expand_lang,6,6,7.694900000000001e-05,3.739398617206775e-05,0.00016935500000000002
/opt/hostedtoolcache/Python/3.11.16/x64/lib/python3.11/typing.py,1040,__init__,9,9,7.6561e-05,3.720543444774693e-05,0.000555906
/opt/hostedtoolcache/Python/3.11.16/x64/lib/python3.11/inspect.py,292,isclass,45,45,7.6304e-05,3.708054322828702e-05,0.00011282700000000001
~,0,<built-in method _sre.unicode_iscased>,84,84,7.5027e-05,3.645997479540639e-05,7.5027e-05
/opt/hostedtoolcache/Python/3.11.16/x64/lib/python3.11/calendar.py,52,_localized_month,1,1,7.398800000000001e-05,3.5955064378990614e-05,8.392600000000001e-05
/opt/hostedtoolcache/Python/3.11.16/x64/lib/python3.11/argparse.py,1395,register,37,37,7.3658e-05,3.5794698221707444e-05,0.000104003
/opt/hostedtoolcache/Python/3.11.16/x64/lib/python3.11/sqlite3/dbapi2.py,1,<module>,1,1,7.2855e-05,3.5404473905651736e-05,0.001466966
/opt/hostedtoolcache/Python/3.11.16/x64/lib/python3.11/functools.py,660,_c3_merge,7,7,7.227500000000001e-05,3.512261823527527e-05,0.00011358900000000001
~,0,<built-in method posix.cpu_count>,3,3,7.1723e-05,3.485436939036524e-05,7.1723e-05
/opt/hostedtoolcache/Python/3.11.16/x64/lib/python3.11/unittest/mock.py,2178,__init__,77,77,7.1407e-05,3.47008066458153e-05,7.1407e-05
/opt/hostedtoolcache/Python/3.11.16/x64/lib/python3.11/concurrent/futures/thread.py,123,__init__,3,3,7.0994e-05,3.450010597018516e-05,0.00014439000000000002
/home/runner/work/_temp/scanner-verification-il7_c53e/first_hybrid/tiktok_worker_scanner.py,3623,finalize,1,1,7.071100000000001e-05,3.436257984136354e-05,1.385103631
/opt/hostedtoolcache/Python/3.11.16/x64/lib/python3.11/urllib/parse.py,175,port,26,26,7.062000000000001e-05,3.4318357658597575e-05,0.000255425
/opt/hostedtoolcache/Python/3.11.16/x64/lib/python3.11/inspect.py,2037,_signature_bound_method,7,7,7.0537e-05,3.427802314025059e-05,0.000656877
/opt/hostedtoolcache/Python/3.11.16/x64/lib/python3.11/datetime.py,1665,datetime,1,1,6.974e-05,3.389071457250913e-05,6.974e-05
/opt/hostedtoolcache/Python/3.11.16/x64/lib/python3.11/enum.py,798,<genexpr>,63,63,6.905500000000001e-05,3.3557833306633465e-05,6.905500000000001e-05
/opt/hostedtoolcache/Python/3.11.16/x64/lib/python3.11/threading.py,945,start,7,7,6.875e-05,3.340961610065962e-05,0.0011020160000000001
/opt/hostedtoolcache/Python/3.11.16/x64/lib/python3.11/inspect.py,735,unwrap,14,14,6.842400000000001e-05,3.3251193775585954e-05,0.00011258700000000001
/opt/hostedtoolcache/Python/3.11.16/x64/lib/python3.11/subprocess.py,1791,_execute_child,1,1,6.816e-05,3.312290084975942e-05,0.000758435
/opt/hostedtoolcache/Python/3.11.16/x64/lib/python3.11/http/client.py,1,<module>,1,1,6.7976e-05,3.303348456812274e-05,0.022613421
<frozen _collections_abc>,771,get,21,21,6.793900000000001e-05,3.301550412018494e-05,0.000302315
<frozen importlib._bootstrap_external>,1231,create_module,13,13,6.7672e-05,3.2885753320201284e-05,0.002503458
/opt/hostedtoolcache/Python/3.11.16/x64/lib/python3.11/argparse.py,1342,__init__,3,3,6.6751e-05,3.2438185953965534e-05,0.00019885900000000001
/opt/hostedtoolcache/Python/3.11.16/x64/lib/python3.11/typing.py,729,Literal,1,1,6.6148e-05,3.214515324838448e-05,0.000541881
/opt/hostedtoolcache/Python/3.11.16/x64/lib/python3.11/inspect.py,1790,_shadowed_dict,14,14,6.5521e-05,3.184045754954646e-05,8.114e-05
/opt/hostedtoolcache/Python/3.11.16/x64/lib/python3.11/dataclasses.py,401,_tuple_str,16,16,6.4542e-05,3.136470461627307e-05,0.000124022
/opt/hostedtoolcache/Python/3.11.16/x64/lib/python3.11/http/cookiejar.py,1,<module>,1,1,6.4341e-05,3.126702704774605e-05,0.024679064
/opt/hostedtoolcache/Python/3.11.16/x64/lib/python3.11/http/__init__.py,1,<module>,1,1,6.424000000000001e-05,3.121794528445636e-05,0.004032812
/opt/hostedtoolcache/Python/3.11.16/x64/lib/python3.11/typing.py,350,_flatten_literal_params,1,1,6.4108e-05,3.115379882154309e-05,0.00010702
<frozen importlib._bootstrap_external>,1699,path_hook_for_FileFinder,12,12,6.4104e-05,3.115185498933359e-05,0.000549063
/opt/hostedtoolcache/Python/3.11.16/x64/lib/python3.11/importlib/resources/_common.py,1,<module>,1,1,6.3991e-05,3.109694172941542e-05,0.002973415
/opt/hostedtoolcache/Python/3.11.16/x64/lib/python3.11/random.py,1,<module>,1,1,6.364600000000001e-05,3.0929286201346654e-05,0.0023848890000000003
/opt/hostedtoolcache/Python/3.11.16/x64/lib/python3.11/site-packages/httpx/_multipart.py,26,<dictcomp>,1,1,6.279300000000001e-05,3.051476398267229e-05,0.00012757800000000002
/home/runner/work/_temp/scanner-verification-il7_c53e/first_hybrid/tiktok_worker_scanner.py,1580,get_client,2,2,6.1462e-05,2.986795381496352e-05,0.001673341
/opt/hostedtoolcache/Python/3.11.16/x64/lib/python3.11/subprocess.py,1880,<genexpr>,19,19,6.0855000000000006e-05,2.957297727717297e-05,0.00036047
/opt/hostedtoolcache/Python/3.11.16/x64/lib/python3.11/inspect.py,1804,getattr_static,14,14,6.0054000000000005e-05,2.918372487722201e-05,0.00027154400000000003
/opt/hostedtoolcache/Python/3.11.16/x64/lib/python3.11/typing.py,500,__getitem__,20,22,5.9860000000000006e-05,2.9089449015061605e-05,0.005510279
/opt/hostedtoolcache/Python/3.11.16/x64/lib/python3.11/logging/__init__.py,228,_acquireLock,29,29,5.9795000000000006e-05,2.9057861741657344e-05,8.8268e-05
/opt/hostedtoolcache/Python/3.11.16/x64/lib/python3.11/inspect.py,1774,_check_class,14,14,5.971200000000001e-05,2.9017527223310365e-05,0.00015708400000000002
/opt/hostedtoolcache/Python/3.11.16/x64/lib/python3.11/threading.py,1051,_stop,7,7,5.9616000000000007e-05,2.8970875250282538e-05,0.00018777
/opt/hostedtoolcache/Python/3.11.16/x64/lib/python3.11/argparse.py,1485,_add_action,11,11,5.9292e-05,2.8813424841313608e-05,0.000101842
/opt/hostedtoolcache/Python/3.11.16/x64/lib/python3.11/enum.py,239,__init__,65,65,5.9025000000000005e-05,2.8683674041329956e-05,5.9025000000000005e-05
/opt/hostedtoolcache/Python/3.11.16/x64/lib/python3.11/unittest/mock.py,505,_mock_add_spec,1,1,5.8746e-05,2.8548091744717826e-05,0.0009608630000000001
<frozen codecs>,319,decode,12,12,5.8721e-05,2.853594279340849e-05,0.000138929
/opt/hostedtoolcache/Python/3.11.16/x64/lib/python3.11/typing.py,1655,__getitem_inner__,7,7,5.8608000000000005e-05,2.848102953349032e-05,0.001033479
/opt/hostedtoolcache/Python/3.11.16/x64/lib/python3.11/re/_compiler.py,407,_generate_overlap_table,14,14,5.8479e-05,2.8418340944734167e-05,8.0981e-05
/home/runner/work/_temp/scanner-verification-il7_c53e/first_hybrid/report_generator.py,22,read_json,6,6,5.8081e-05,2.8224929639889625e-05,0.0031698560000000004
/opt/hostedtoolcache/Python/3.11.16/x64/lib/python3.11/urllib/request.py,2404,ftpwrapper,1,1,5.8048000000000004e-05,2.820889302416131e-05,5.8048000000000004e-05
/opt/hostedtoolcache/Python/3.11.16/x64/lib/python3.11/inspect.py,167,get_annotations,7,7,5.7743000000000006e-05,2.8060675818187473e-05,0.00012047400000000001
/opt/hostedtoolcache/Python/3.11.16/x64/lib/python3.11/urllib/parse.py,160,password,26,26,5.7675000000000006e-05,2.8027630670626096e-05,0.000136184
<frozen abc>,7,abstractmethod,57,57,5.766300000000001e-05,2.8021799173997614e-05,5.766300000000001e-05
/opt/hostedtoolcache/Python/3.11.16/x64/lib/python3.11/typing.py,284,_check_generic,27,27,5.7557000000000005e-05,2.7970287620446054e-05,8.113200000000001e-05
/opt/hostedtoolcache/Python/3.11.16/x64/lib/python3.11/hashlib.py,1,<module>,1,1,5.751e-05,2.7947447591984508e-05,0.0019320740000000002
/opt/hostedtoolcache/Python/3.11.16/x64/lib/python3.11/argparse.py,604,_format_args,11,11,5.7306e-05,2.7848312149300374e-05,0.00011816000000000001
/opt/hostedtoolcache/Python/3.11.16/x64/lib/python3.11/hashlib.py,126,__get_openssl_constructor,14,14,5.7034e-05,2.7716131559054852e-05,0.000692551
<frozen importlib._bootstrap_external>,1239,exec_module,13,13,5.687e-05,2.763643443846564e-05,0.0011903270000000001
/opt/hostedtoolcache/Python/3.11.16/x64/lib/python3.11/dataclasses.py,588,_repr_fn,7,7,5.6623e-05,2.7516402799529454e-05,0.001226927
/opt/hostedtoolcache/Python/3.11.16/x64/lib/python3.11/site-packages/httpx/_urlparse.py,1,<module>,1,1,5.6224e-05,2.7322505536632538e-05,0.010613387
/opt/hostedtoolcache/Python/3.11.16/x64/lib/python3.11/email/_policybase.py,99,_extend_docstrings,1,1,5.6186e-05,2.730403913064235e-05,0.000159969
/opt/hostedtoolcache/Python/3.11.16/x64/lib/python3.11/subprocess.py,807,__init__,1,1,5.6133000000000006e-05,2.7278283353866573e-05,0.000993744
/opt/hostedtoolcache/Python/3.11.16/x64/lib/python3.11/email/quoprimime.py,55,<listcomp>,1,1,5.5624e-05,2.7030930705208598e-05,5.5624e-05
/opt/hostedtoolcache/Python/3.11.16/x64/lib/python3.11/threading.py,971,run,7,7,5.5412000000000004e-05,2.6927907598105474e-05,53.721277496
/opt/hostedtoolcache/Python/3.11.16/x64/lib/python3.11/ssl.py,745,create_default_context,2,2,5.5304000000000004e-05,2.6875424128449164e-05,0.051423485000000005
/opt/hostedtoolcache/Python/3.11.16/x64/lib/python3.11/statistics.py,1,<module>,1,1,5.5245000000000004e-05,2.6846752603359147e-05,0.014310473
/home/runner/work/_temp/scanner-verification-il7_c53e/first_hybrid/tiktok_worker_scanner.py,3648,export_rows,5,5,5.5185e-05,2.681759512021675e-05,1.338150098
/opt/hostedtoolcache/Python/3.11.16/x64/lib/python3.11/logging/__init__.py,237,_releaseLock,29,29,5.5018e-05,2.6736440125470418e-05,7.903000000000001e-05
/opt/hostedtoolcache/Python/3.11.16/x64/lib/python3.11/inspect.py,1762,_static_getmro,42,42,5.4954e-05,2.670533881011853e-05,5.4954e-05
/opt/hostedtoolcache/Python/3.11.16/x64/lib/python3.11/argparse.py,1399,_registry_get,28,28,5.4795000000000006e-05,2.6628071479791192e-05,7.942100000000001e-05
/opt/hostedtoolcache/Python/3.11.16/x64/lib/python3.11/typing.py,1877,__init_subclass__,8,8,5.4603000000000006e-05,2.653476753373553e-05,0.000135734
/opt/hostedtoolcache/Python/3.11.16/x64/lib/python3.11/fnmatch.py,74,translate,2,2,5.4591000000000006e-05,2.652893603710705e-05,0.000121435
/opt/hostedtoolcache/Python/3.11.16/x64/lib/python3.11/uuid.py,139,__init__,5,5,5.4491000000000004e-05,2.6480340231869727e-05,8.1272e-05
/opt/hostedtoolcache/Python/3.11.16/x64/lib/python3.11/inspect.py,409,iscoroutinefunction,26,26,5.4099000000000005e-05,2.628984467533942e-05,0.0007928560000000001
/opt/hostedtoolcache/Python/3.11.16/x64/lib/python3.11/typing.py,2071,__init_subclass__,5,5,5.3769000000000006e-05,2.6129478518056255e-05,0.000119062
/opt/hostedtoolcache/Python/3.11.16/x64/lib/python3.11/functools.py,65,wraps,27,27,5.3499000000000004e-05,2.5998269843915483e-05,5.3499000000000004e-05
/opt/hostedtoolcache/Python/3.11.16/x64/lib/python3.11/site-packages/httpx/_transports/default.py,1,<module>,1,1,5.3238e-05,2.5871434792246067e-05,0.0011224240000000001
/opt/hostedtoolcache/Python/3.11.16/x64/lib/python3.11/importlib/resources/_itertools.py,1,<module>,1,1,5.321900000000001e-05,2.586220158925098e-05,0.0006838360000000001
/opt/hostedtoolcache/Python/3.11.16/x64/lib/python3.11/site-packages/httpx/_transports/__init__.py,1,<module>,1,1,5.2215e-05,2.5374299704668253e-05,0.005596749000000001
/opt/hostedtoolcache/Python/3.11.16/x64/lib/python3.11/encodings/__init__.py,43,normalize_encoding,2,2,5.1886000000000004e-05,2.521441950543746e-05,8.8937e-05
/opt/hostedtoolcache/Python/3.11.16/x64/lib/python3.11/site-packages/idna/core.py,1,<module>,1,1,5.1884e-05,2.5213447589332714e-05,0.003801912
/opt/hostedtoolcache/Python/3.11.16/x64/lib/python3.11/platform.py,1,<module>,1,1,5.1856000000000006e-05,2.5199840763866263e-05,0.015673135
/opt/hostedtoolcache/Python/3.11.16/x64/lib/python3.11/site-packages/httpx/_multipart.py,1,<module>,1,1,5.1799e-05,2.517214115488099e-05,0.015253292000000002
~,0,<built-in method builtins.divmod>,60,60,5.1523e-05,2.5038016732425978e-05,5.1523e-05
/opt/hostedtoolcache/Python/3.11.16/x64/lib/python3.11/uuid.py,1,<module>,1,1,5.0694000000000006e-05,2.4635157507008572e-05,0.0013150330000000002
/opt/hostedtoolcache/Python/3.11.16/x64/lib/python3.11/typing.py,1641,__getitem__,8,8,5.0111e-05,2.4351843962474973e-05,0.0011796600000000001
/opt/hostedtoolcache/Python/3.11.16/x64/lib/python3.11/encodings/__init__.py,71,search_function,2,2,5.0052e-05,2.4323172437384955e-05,0.0021489910000000003
~,0,<method 'translate' of 'bytearray' objects>,41,41,4.9637e-05,2.412149984565006e-05,4.9637e-05
/opt/hostedtoolcache/Python/3.11.16/x64/lib/python3.11/subprocess.py,506,run,1,1,4.9420000000000005e-05,2.401604694828507e-05,0.001169972
/opt/hostedtoolcache/Python/3.11.16/x64/lib/python3.11/re/_parser.py,304,checkgroupname,22,22,4.8815000000000006e-05,2.3722042326599268e-05,7.0593e-05
/opt/hostedtoolcache/Python/3.11.16/x64/lib/python3.11/threading.py,611,wait,7,7,4.8581e-05,2.360832814234393e-05,0.000586011
/opt/hostedtoolcache/Python/3.11.16/x64/lib/python3.11/threading.py,1087,join,7,7,4.831800000000001e-05,2.3480521174569774e-05,0.00042200700000000007
/home/runner/work/_temp/scanner-verification-il7_c53e/first_hybrid/tiktok_worker_scanner.py,1261,__init__,3,3,4.8190000000000004e-05,2.3418318543866e-05,7.407900000000001e-05
/opt/hostedtoolcache/Python/3.11.16/x64/lib/python3.11/pathlib.py,736,is_relative_to,3,3,4.7839e-05,2.3247747267482992e-05,0.000293567
/opt/hostedtoolcache/Python/3.11.16/x64/lib/python3.11/typing.py,306,_deduplicate,21,21,4.7711000000000004e-05,2.318554463677922e-05,0.000483772
/opt/hostedtoolcache/Python/3.11.16/x64/lib/python3.11/site-packages/_distutils_hack/__init__.py,108,<lambda>,53,53,4.7704e-05,2.318214293041261e-05,4.7704e-05
/opt/hostedtoolcache/Python/3.11.16/x64/lib/python3.11/asyncio/base_events.py,618,run_until_complete,3,3,4.7689000000000004e-05,2.317485355962701e-05,147.55725461900002
/opt/hostedtoolcache/Python/3.11.16/x64/lib/python3.11/contextlib.py,272,contextmanager,8,8,4.7641e-05,2.3151527573113094e-05,0.000298859
/opt/hostedtoolcache/Python/3.11.16/x64/lib/python3.11/argparse.py,1965,take_action,6,6,4.7547000000000004e-05,2.3105847516190013e-05,0.000304116
/opt/hostedtoolcache/Python/3.11.16/x64/lib/python3.11/threading.py,1125,_wait_for_tstate_lock,7,7,4.732e-05,2.2995535038301288e-05,0.00033523600000000004
~,0,<built-in method _sre.unicode_tolower>,57,57,4.7261e-05,2.2966863513211266e-05,4.7261e-05
/opt/hostedtoolcache/Python/3.11.16/x64/lib/python3.11/inspect.py,300,ismethod,26,26,4.6567e-05,2.2629608624864248e-05,6.9368e-05
/opt/hostedtoolcache/Python/3.11.16/x64/lib/python3.11/statistics.py,203,<genexpr>,13,13,4.6423000000000006e-05,2.2559630665322498e-05,0.000130963
~,0,<built-in method builtins.__import__>,8,9,4.5445e-05,2.208436369010148e-05,0.022231098000000005
/opt/hostedtoolcache/Python/3.11.16/x64/lib/python3.11/functools.py,421,_unwrap_partial,26,26,4.5369000000000006e-05,2.2047430878121117e-05,6.673200000000001e-05
/opt/hostedtoolcache/Python/3.11.16/x64/lib/python3.11/site-packages/httpx/_content.py,1,<module>,1,1,4.5108e-05,2.19205958264517e-05,0.016556694
/home/runner/work/_temp/scanner-verification-il7_c53e/first_hybrid/tiktok_worker_scanner.py,765,finalize,1,1,4.4803000000000005e-05,2.1772378620477866e-05,0.00253776
/opt/hostedtoolcache/Python/3.11.16/x64/lib/python3.11/site-packages/httpx/_exceptions.py,1,<module>,1,1,4.4233e-05,2.1495382530625123e-05,0.000505253
/opt/hostedtoolcache/Python/3.11.16/x64/lib/python3.11/dataclasses.py,228,_recursive_repr,7,7,4.4184e-05,2.1471570586058834e-05,0.00024092000000000002
<frozen codecs>,309,__init__,12,12,4.4052e-05,2.1407424123145567e-05,6.225600000000001e-05
<frozen _collections_abc>,409,__subclasshook__,45,45,4.3618e-05,2.1196518328415584e-05,4.3618e-05
/opt/hostedtoolcache/Python/3.11.16/x64/lib/python3.11/calendar.py,1,<module>,1,1,4.3564000000000005e-05,2.1170276593587436e-05,0.00031287400000000004
/opt/hostedtoolcache/Python/3.11.16/x64/lib/python3.11/threading.py,1453,current_thread,15,15,4.3521000000000006e-05,2.1149380397335383e-05,5.9251000000000006e-05
/opt/hostedtoolcache/Python/3.11.16/x64/lib/python3.11/argparse.py,1880,parse_known_args,1,1,4.3451e-05,2.1115363333669256e-05,0.000694155
/home/runner/work/_temp/scanner-verification-il7_c53e/first_hybrid/hybrid_backend.py,141,factory,2,2,4.3372000000000004e-05,2.1076972647531774e-05,0.0015503020000000001
/opt/hostedtoolcache/Python/3.11.16/x64/lib/python3.11/site-packages/httpx/_client.py,1353,__init__,2,2,4.3247e-05,2.1016227890985115e-05,0.0014110610000000001
/home/runner/work/_temp/scanner-verification-il7_c53e/first_hybrid/tiktok_worker_scanner.py,3684,default_scan_config,1,1,4.2938e-05,2.086606685280179e-05,0.000965641
/opt/hostedtoolcache/Python/3.11.16/x64/lib/python3.11/concurrent/futures/thread.py,216,shutdown,4,4,4.2890000000000004e-05,2.0842740866287875e-05,0.000453025
/opt/hostedtoolcache/Python/3.11.16/x64/lib/python3.11/site-packages/httpx/_auth.py,1,<module>,1,1,4.2178e-05,2.0496738732998132e-05,0.108323125
/opt/hostedtoolcache/Python/3.11.16/x64/lib/python3.11/site-packages/httpx/_multipart.py,29,<listcomp>,1,1,4.1981000000000003e-05,2.040100499668061e-05,0.000191246
/home/runner/work/_temp/scanner-verification-il7_c53e/first_hybrid/tiktok_worker_scanner.py,1512,cache_saved_avatars,4,4,4.1689e-05,2.025910524538762e-05,0.0005995390000000001
/opt/hostedtoolcache/Python/3.11.16/x64/lib/python3.11/functools.py,725,<listcomp>,1,7,4.1379000000000005e-05,2.0108458249151927e-05,0.00021110400000000002
/opt/hostedtoolcache/Python/3.11.16/x64/lib/python3.11/fractions.py,357,forward,12,12,4.0345e-05,1.9605977622998e-05,0.000276676
/opt/hostedtoolcache/Python/3.11.16/x64/lib/python3.11/threading.py,839,<listcomp>,7,7,3.978900000000001e-05,1.9335784945878485e-05,6.3688e-05
/opt/hostedtoolcache/Python/3.11.16/x64/lib/python3.11/site-packages/httpx/_decoders.py,1,<module>,1,1,3.9584e-05,1.923616354514197e-05,0.002021811
/home/runner/work/_temp/scanner-verification-il7_c53e/first_hybrid/tiktok_worker_scanner.py,702,_build_document_locked,2,2,3.9583000000000004e-05,1.92356775870896e-05,0.00012103700000000001
/opt/hostedtoolcache/Python/3.11.16/x64/lib/python3.11/asyncio/runners.py,86,run,1,1,3.9203000000000004e-05,1.9051013527187773e-05,147.556662855
/opt/hostedtoolcache/Python/3.11.16/x64/lib/python3.11/site-packages/httpx/_api.py,1,<module>,1,1,3.9002000000000004e-05,1.8953335958660752e-05,0.12155183100000001
/opt/hostedtoolcache/Python/3.11.16/x64/lib/python3.11/re/_parser.py,265,getwhile,9,9,3.8974e-05,1.8939729133194305e-05,6.41e-05
~,0,<built-in method _codecs.utf_8_decode>,12,12,3.8872e-05,1.8890161411852234e-05,3.8872e-05
/opt/hostedtoolcache/Python/3.11.16/x64/lib/python3.11/argparse.py,1674,_add_action,11,11,3.8869000000000003e-05,1.8888703537695115e-05,0.000149788
/opt/hostedtoolcache/Python/3.11.16/x64/lib/python3.11/dataclasses.py,410,<listcomp>,16,16,3.8391000000000006e-05,1.865641558866071e-05,3.8391000000000006e-05
/opt/hostedtoolcache/Python/3.11.16/x64/lib/python3.11/argparse.py,1986,consume_optional,6,6,3.8202000000000005e-05,1.856456951676217e-05,0.00047077800000000004
/opt/hostedtoolcache/Python/3.11.16/x64/lib/python3.11/enum.py,1377,_missing_,2,2,3.7371000000000005e-05,1.8160738375240015e-05,0.000120816
/opt/hostedtoolcache/Python/3.11.16/x64/lib/python3.11/site-packages/httpx/_config.py,86,__init__,5,5,3.7141e-05,1.804896802319417e-05,6.2124e-05
~,0,<built-in method math.gcd>,37,37,3.6938000000000004e-05,1.7950318538562405e-05,3.6938000000000004e-05
/opt/hostedtoolcache/Python/3.11.16/x64/lib/python3.11/dataclasses.py,1221,wrap,7,7,3.6729e-05,1.7848753305616398e-05,0.019443619000000002
/home/runner/work/_temp/scanner-verification-il7_c53e/final/tests/benchmark_hybrid.py,109,transport,2,2,3.6708e-05,1.783854818651656e-05,0.001461526
/opt/hostedtoolcache/Python/3.11.16/x64/lib/python3.11/argparse.py,1742,__init__,1,1,3.6679e-05,1.7824455402997736e-05,0.001281019
/opt/hostedtoolcache/Python/3.11.16/x64/lib/python3.11/locale.py,396,normalize,6,6,3.6507e-05,1.7740870617989542e-05,5.7077e-05
/opt/hostedtoolcache/Python/3.11.16/x64/lib/python3.11/site-packages/httpx/_transports/asgi.py,1,<module>,1,1,3.625e-05,1.761597939852962e-05,0.001706604
/opt/hostedtoolcache/Python/3.11.16/x64/lib/python3.11/importlib/resources/_legacy.py,1,<module>,1,1,3.6179e-05,1.758147637681112e-05,0.002163757
/opt/hostedtoolcache/Python/3.11.16/x64/lib/python3.11/inspect.py,2063,_signature_is_builtin,7,7,3.6102e-05,1.7544057606778384e-05,9.413600000000001e-05
/opt/hostedtoolcache/Python/3.11.16/x64/lib/python3.11/pathlib.py,703,relative_to,3,3,3.5939e-05,1.7464846444241545e-05,0.000245728
/opt/hostedtoolcache/Python/3.11.16/x64/lib/python3.11/unittest/mock.py,420,__new__,1,1,3.5896e-05,1.74439502479895e-05,0.000208499
/opt/hostedtoolcache/Python/3.11.16/x64/lib/python3.11/tempfile.py,1,<module>,1,1,3.5625000000000005e-05,1.7312255615796355e-05,0.000224639
/opt/hostedtoolcache/Python/3.11.16/x64/lib/python3.11/selectors.py,483,close,1,1,3.5526000000000005e-05,1.7264145768611404e-05,4.5505000000000006e-05
/opt/hostedtoolcache/Python/3.11.16/x64/lib/python3.11/argparse.py,1599,_pop_action_class,11,11,3.5497e-05,1.725005298509258e-05,7.632400000000001e-05
/opt/hostedtoolcache/Python/3.11.16/x64/lib/python3.11/encodings/utf_8_sig.py,54,_buffer_decode,5,5,3.5305e-05,1.7156749039036918e-05,5.2177e-05
/opt/hostedtoolcache/Python/3.11.16/x64/lib/python3.11/argparse.py,2205,_match_argument,6,6,3.5032e-05,1.7024082490739024e-05,0.000123249
/opt/hostedtoolcache/Python/3.11.16/x64/lib/python3.11/email/header.py,1,<module>,1,1,3.4905000000000005e-05,1.696236581808763e-05,0.006683866
/opt/hostedtoolcache/Python/3.11.16/x64/lib/python3.11/enum.py,484,__prepare__,2,2,3.4805e-05,1.69137700128503e-05,0.00019455200000000002
/opt/hostedtoolcache/Python/3.11.16/x64/lib/python3.11/email/errors.py,1,<module>,1,1,3.4747000000000005e-05,1.6885584445812657e-05,0.00038884600000000004
/opt/hostedtoolcache/Python/3.11.16/x64/lib/python3.11/enum.py,1514,__or__,5,5,3.4602000000000005e-05,1.6815120528218537e-05,0.00023863400000000002
/opt/hostedtoolcache/Python/3.11.16/x64/lib/python3.11/enum.py,933,_check_for_existing_members_,6,6,3.4581e-05,1.68049154091187e-05,5.2698e-05
/opt/hostedtoolcache/Python/3.11.16/x64/lib/python3.11/tempfile.py,361,mkdtemp,1,1,3.4491e-05,1.6761179184405107e-05,0.000316951
/opt/hostedtoolcache/Python/3.11.16/x64/lib/python3.11/site-packages/httpx/_config.py,1,<module>,1,1,3.4282e-05,1.6659613951459104e-05,0.00011796
/opt/hostedtoolcache/Python/3.11.16/x64/lib/python3.11/importlib/resources/_legacy.py,15,deprecated,7,7,3.4274000000000004e-05,1.6655726287040118e-05,0.000240919
/home/runner/work/_temp/scanner-verification-il7_c53e/first_hybrid/hybrid_backend.py,1,<module>,1,1,3.3854000000000005e-05,1.6451623905043364e-05,0.011499730000000001
/opt/hostedtoolcache/Python/3.11.16/x64/lib/python3.11/typing.py,1981,_caller,9,9,3.3732e-05,1.6392337022653825e-05,5.074400000000001e-05
/opt/hostedtoolcache/Python/3.11.16/x64/lib/python3.11/argparse.py,2597,_get_formatter,11,11,3.3679e-05,1.6366581245878043e-05,0.000682582
/opt/hostedtoolcache/Python/3.11.16/x64/lib/python3.11/argparse.py,2475,_get_values,6,6,3.3658e-05,1.635637612677821e-05,0.000222546
/opt/hostedtoolcache/Python/3.11.16/x64/lib/python3.11/email/parser.py,1,<module>,1,1,3.3632e-05,1.63437412174165e-05,0.016696224000000003
/home/runner/work/_temp/scanner-verification-il7_c53e/final/tests/benchmark_hybrid.py,135,<dictcomp>,2,2,3.3391e-05,1.6226625326794554e-05,7.7104e-05
/opt/hostedtoolcache/Python/3.11.16/x64/lib/python3.11/unittest/mock.py,1425,__enter__,1,1,3.3372000000000005e-05,1.6217392123799466e-05,0.0017905000000000002
/opt/hostedtoolcache/Python/3.11.16/x64/lib/python3.11/threading.py,283,_acquire_restore,14,14,3.3037e-05,1.605459617625443e-05,4.978e-05
/opt/hostedtoolcache/Python/3.11.16/x64/lib/python3.11/threading.py,829,_maintain_shutdown_locks,7,7,3.2943e-05,1.6008916119331346e-05,0.00010727100000000001
/opt/hostedtoolcache/Python/3.11.16/x64/lib/python3.11/site-packages/httpx/_urls.py,1,<module>,1,1,3.2594e-05,1.5839316759053088e-05,0.017388345
<frozen importlib._bootstrap_external>,999,source_to_code,9,9,3.2541e-05,1.5813560982277307e-05,0.019691682000000002
/opt/hostedtoolcache/Python/3.11.16/x64/lib/python3.11/datetime.py,515,_check_date_fields,5,5,3.2299000000000004e-05,1.5695959133602986e-05,5.2499e-05
/opt/hostedtoolcache/Python/3.11.16/x64/lib/python3.11/logging/__init__.py,1378,_fixupParents,7,7,3.1919000000000004e-05,1.551129507370116e-05,4.9032e-05
/opt/hostedtoolcache/Python/3.11.16/x64/lib/python3.11/logging/__init__.py,1447,__init__,7,7,3.1859e-05,1.5482137590558764e-05,5.8991000000000005e-05
/opt/hostedtoolcache/Python/3.11.16/x64/lib/python3.11/inspect.py,3007,from_callable,7,7,3.1676e-05,1.539320726697446e-05,0.004043557000000001
/opt/hostedtoolcache/Python/3.11.16/x64/lib/python3.11/threading.py,562,__init__,7,7,3.1636e-05,1.537376894487953e-05,8.139100000000001e-05
<frozen zipimport>,401,_read_directory,1,1,3.1499000000000005e-05,1.5307192691704404e-05,7.542100000000001e-05
/home/runner/work/_temp/scanner-verification-il7_c53e/first_hybrid/report_generator.py,1,<module>,1,1,3.1308e-05,1.5214374703701114e-05,0.004599720000000001
/opt/hostedtoolcache/Python/3.11.16/x64/lib/python3.11/inspect.py,1783,_is_type,14,14,3.1303e-05,1.5211944913439249e-05,5.4406e-05
/opt/hostedtoolcache/Python/3.11.16/x64/lib/python3.11/enum.py,979,_find_data_type_,4,4,3.1219e-05,1.5171124437039895e-05,4.7239000000000006e-05
/opt/hostedtoolcache/Python/3.11.16/x64/lib/python3.11/concurrent/futures/thread.py,1,<module>,1,1,3.1118e-05,1.51220426737502e-05,0.0017856100000000002
/home/runner/work/_temp/scanner-verification-il7_c53e/first_hybrid/tiktok_worker_scanner.py,1484,__aexit__,5,5,3.1068e-05,1.509774477113154e-05,0.000203971
/home/runner/work/_temp/scanner-verification-il7_c53e/first_hybrid/tiktok_worker_scanner.py,1560,trust_store,2,2,3.1028e-05,1.507830644903661e-05,0.075655252
/home/runner/work/_temp/scanner-verification-il7_c53e/first_hybrid/scan_runtime.py,51,__init__,1,1,3.0967000000000004e-05,1.5048663007841844e-05,0.000170278
/opt/hostedtoolcache/Python/3.11.16/x64/lib/python3.11/threading.py,280,_release_save,14,14,3.0930000000000004e-05,1.5030682559904034e-05,5.9593000000000004e-05
/opt/hostedtoolcache/Python/3.11.16/x64/lib/python3.11/email/parser.py,70,HeaderParser,1,1,3.0928e-05,1.5029710643799284e-05,3.0928e-05
/home/runner/work/_temp/scanner-verification-il7_c53e/final/tests/benchmark_hybrid.py,156,<lambda>,3,3,3.0544000000000004e-05,1.4843102751687967e-05,0.0011235050000000001
/home/runner/work/_temp/scanner-verification-il7_c53e/first_hybrid/tiktok_worker_scanner.py,3277,<setcomp>,2,2,3.0467e-05,1.4805683981655227e-05,3.0467e-05
<frozen runpy>,91,_run_module_code,1,1,3.0296000000000003e-05,1.4722585154699405e-05,152.111688714
/opt/hostedtoolcache/Python/3.11.16/x64/lib/python3.11/asyncio/selector_events.py,86,close,1,1,3.0186000000000002e-05,1.4669129768938348e-05,0.000206025
<frozen importlib._bootstrap_external>,164,_path_isdir,12,12,3.0108000000000004e-05,1.4631225040853239e-05,0.000144041
<frozen genericpath>,16,exists,12,12,3.0084000000000002e-05,1.4619562047596278e-05,7.669e-05
~,0,<method 'locked' of '_thread.lock' objects>,35,35,3.0082e-05,1.4618590131491532e-05,3.0082e-05
/home/runner/work/_temp/scanner-verification-il7_c53e/first_hybrid/hybrid_backend.py,50,__init__,2,2,3.0035000000000003e-05,1.4595750103029991e-05,8.2693e-05
/home/runner/work/_temp/scanner-verification-il7_c53e/final/tests/benchmark_hybrid.py,135,<genexpr>,16,16,2.9849000000000002e-05,1.4505361905288568e-05,4.3713e-05
/opt/hostedtoolcache/Python/3.11.16/x64/lib/python3.11/site-packages/httpx/_models.py,328,__delitem__,4,4,2.9777000000000003e-05,1.4470372925517698e-05,7.453e-05
/opt/hostedtoolcache/Python/3.11.16/x64/lib/python3.11/unittest/mock.py,1130,_increment_mock_call,1,1,2.9715000000000003e-05,1.4440243526270558e-05,7.6252e-05
~,0,<built-in method _operator.index>,35,35,2.9506000000000002e-05,1.4338678293324552e-05,2.9506000000000002e-05
<frozen os>,619,get_exec_path,1,1,2.9274e-05,1.4225936025173962e-05,9.676e-05
/opt/hostedtoolcache/Python/3.11.16/x64/lib/python3.11/pathlib.py,1230,exists,7,7,2.9124e-05,1.4153042317317976e-05,0.000310038
/opt/hostedtoolcache/Python/3.11.16/x64/lib/python3.11/importlib/resources/_adapters.py,1,<module>,1,1,2.9075000000000002e-05,1.412923037275169e-05,0.00035867900000000004
/opt/hostedtoolcache/Python/3.11.16/x64/lib/python3.11/email/utils.py,1,<module>,1,1,2.8955000000000003e-05,1.4070915406466904e-05,0.003713908
/opt/hostedtoolcache/Python/3.11.16/x64/lib/python3.11/importlib/resources/abc.py,1,<module>,1,1,2.8865000000000002e-05,1.402717918175331e-05,0.0007913460000000001
~,0,<built-in method posix.get_terminal_size>,11,11,2.8743000000000002e-05,1.3967892299363777e-05,2.8743000000000002e-05
/opt/hostedtoolcache/Python/3.11.16/x64/lib/python3.11/asyncio/selector_events.py,49,__init__,1,1,2.8692000000000002e-05,1.3943108438692742e-05,0.00030887600000000003
/home/runner/work/_temp/scanner-verification-il7_c53e/first_hybrid/vendor/tiktok_sign.py,1,<module>,1,1,2.8583e-05,1.389013901098406e-05,3.7079e-05
/opt/hostedtoolcache/Python/3.11.16/x64/lib/python3.11/email/feedparser.py,1,<module>,1,1,2.8259e-05,1.3732688602015132e-05,0.016058925
/opt/hostedtoolcache/Python/3.11.16/x64/lib/python3.11/site-packages/idna/__init__.py,1,<module>,1,1,2.8233000000000002e-05,1.372005369265343e-05,0.0051169250000000005
/home/runner/work/_temp/scanner-verification-il7_c53e/first_hybrid/avatar_cache.py,124,__init__,2,2,2.8208e-05,1.3707904741344097e-05,0.0017085370000000002
/opt/hostedtoolcache/Python/3.11.16/x64/lib/python3.11/datetime.py,1673,__new__,3,3,2.8054000000000003e-05,1.3633067201278621e-05,9.6601e-05
/opt/hostedtoolcache/Python/3.11.16/x64/lib/python3.11/urllib/parse.py,857,__missing__,13,13,2.8033e-05,1.3622862082178781e-05,4.1057000000000003e-05
/home/runner/work/_temp/scanner-verification-il7_c53e/final/tests/benchmark_hybrid.py,133,process_io,2,2,2.7904000000000003e-05,1.3560173493422635e-05,0.000442025
/opt/hostedtoolcache/Python/3.11.16/x64/lib/python3.11/asyncio/tasks.py,707,__init__,5,5,2.7611e-05,1.3417787784077278e-05,3.3112000000000004e-05
/home/runner/work/_temp/scanner-verification-il7_c53e/first_hybrid/tiktok_worker_scanner.py,3320,_set_control,3,3,2.7572000000000003e-05,1.3398835420034725e-05,0.000168795
/opt/hostedtoolcache/Python/3.11.16/x64/lib/python3.11/pathlib.py,281,_make_selector,2,4,2.7521000000000003e-05,1.337405155936369e-05,0.00132387
/opt/hostedtoolcache/Python/3.11.16/x64/lib/python3.11/platform.py,1187,platform,1,1,2.7471000000000002e-05,1.3349753656745027e-05,0.001353375
/opt/hostedtoolcache/Python/3.11.16/x64/lib/python3.11/argparse.py,2531,_get_value,6,6,2.744e-05,1.3334688957121457e-05,0.00017766800000000002
/opt/hostedtoolcache/Python/3.11.16/x64/lib/python3.11/dataclasses.py,548,<dictcomp>,7,7,2.7341e-05,1.3286579109936506e-05,2.7341e-05
/opt/hostedtoolcache/Python/3.11.16/x64/lib/python3.11/site-packages/httpx/_models.py,1084,__init__,3,3,2.7189e-05,1.3212713485975774e-05,7.874700000000001e-05
/home/runner/work/_temp/scanner-verification-il7_c53e/first_hybrid/tiktok_worker_scanner.py,1506,fill,4,4,2.7173000000000002e-05,1.3204938157137804e-05,0.000641168
/opt/hostedtoolcache/Python/3.11.16/x64/lib/python3.11/site-packages/httpx/_client.py,188,BaseClient,1,1,2.7171e-05,1.3203966241033057e-05,3.739e-05
~,0,<method 'rsplit' of 'str' objects>,6,6,2.7019e-05,1.3130100617072326e-05,2.7019e-05
/opt/hostedtoolcache/Python/3.11.16/x64/lib/python3.11/collections/__init__.py,424,<genexpr>,27,27,2.6886000000000003e-05,1.3065468196106687e-05,2.6886000000000003e-05
/opt/hostedtoolcache/Python/3.11.16/x64/lib/python3.11/typing.py,1721,<genexpr>,28,28,2.6721e-05,1.2985285117465104e-05,2.6721e-05
/home/runner/work/_temp/scanner-verification-il7_c53e/first_hybrid/direct_protocol.py,1,<module>,1,1,2.669e-05,1.2970220417841532e-05,0.00725849
/opt/hostedtoolcache/Python/3.11.16/x64/lib/python3.11/site-packages/httpx/_models.py,515,Response,1,1,2.657e-05,1.2911905451556745e-05,3.0136e-05
~,0,<method 'close' of '_io.TextIOWrapper' objects>,4,4,2.6508e-05,1.2881776052309606e-05,2.6508e-05
/opt/hostedtoolcache/Python/3.11.16/x64/lib/python3.11/pathlib.py,260,compile_pattern,2,2,2.6421e-05,1.2839497701753134e-05,0.001258898
<frozen runpy>,250,_get_code_from_file,1,1,2.6419000000000002e-05,1.2838525785648389e-05,0.0034631700000000002
/opt/hostedtoolcache/Python/3.11.16/x64/lib/python3.11/typing.py,757,<genexpr>,28,28,2.6413000000000003e-05,1.2835610037334148e-05,2.6413000000000003e-05
/opt/hostedtoolcache/Python/3.11.16/x64/lib/python3.11/email/message.py,1,<module>,1,1,2.6401e-05,1.2829778540705669e-05,0.002334044
/opt/hostedtoolcache/Python/3.11.16/x64/lib/python3.11/functools.py,668,<listcomp>,24,24,2.6378e-05,1.2818601505501085e-05,2.6378e-05
/opt/hostedtoolcache/Python/3.11.16/x64/lib/python3.11/mimetypes.py,1,<module>,1,1,2.6339000000000003e-05,1.279964914145853e-05,0.0013082
/opt/hostedtoolcache/Python/3.11.16/x64/lib/python3.11/inspect.py,2426,_descriptor_get,7,7,2.5969e-05,1.2619844662080435e-05,5.1494000000000005e-05
/opt/hostedtoolcache/Python/3.11.16/x64/lib/python3.11/asyncio/base_events.py,390,__init__,1,1,2.5889000000000002e-05,1.2580968017890577e-05,6.5713e-05
/opt/hostedtoolcache/Python/3.11.16/x64/lib/python3.11/fractions.py,38,Fraction,1,1,2.5807000000000002e-05,1.254111945759597e-05,4.4223e-05
/opt/hostedtoolcache/Python/3.11.16/x64/lib/python3.11/argparse.py,1853,_add_action,11,11,2.5548e-05,1.2415256322031302e-05,0.000175336
/opt/hostedtoolcache/Python/3.11.16/x64/lib/python3.11/platform.py,1119,python_version,1,1,2.5428e-05,1.2356941355746515e-05,5.5955e-05
/opt/hostedtoolcache/Python/3.11.16/x64/lib/python3.11/typing.py,966,__init__,9,9,2.5421e-05,1.2353539649379902e-05,0.000419415
<frozen importlib._bootstrap>,216,_lock_unlock_module,5,5,2.5397e-05,1.2341876656122946e-05,0.001858255
/opt/hostedtoolcache/Python/3.11.16/x64/lib/python3.11/asyncio/runners.py,160,run,1,1,2.5336000000000003e-05,1.231223321492818e-05,147.558213488
/opt/hostedtoolcache/Python/3.11.16/x64/lib/python3.11/importlib/resources/readers.py,1,<module>,1,1,2.5328000000000002e-05,1.2308345550509195e-05,0.01303863
/opt/hostedtoolcache/Python/3.11.16/x64/lib/python3.11/datetime.py,528,_check_time_fields,5,5,2.5287e-05,1.228842127036189e-05,4.1547e-05
/opt/hostedtoolcache/Python/3.11.16/x64/lib/python3.11/enum.py,943,_get_mixins_,4,4,2.5257000000000002e-05,1.2273842528790693e-05,0.00010827100000000001
/opt/hostedtoolcache/Python/3.11.16/x64/lib/python3.11/inspect.py,3261,signature,7,7,2.5214000000000003e-05,1.2252946332538647e-05,0.0040687710000000005
/home/runner/work/_temp/scanner-verification-il7_c53e/first_hybrid/hybrid_backend.py,117,__init__,2,2,2.5208e-05,1.2250030584224406e-05,0.0011866230000000001
/home/runner/work/_temp/scanner-verification-il7_c53e/first_hybrid/avatar_cache.py,165,__init__,1,1,2.5036000000000002e-05,1.216644579921621e-05,0.001513473
/opt/hostedtoolcache/Python/3.11.16/x64/lib/python3.11/typing.py,1636,copy_with,7,7,2.4968000000000002e-05,1.2133400651654832e-05,0.0006621460000000001
/opt/hostedtoolcache/Python/3.11.16/x64/lib/python3.11/contextlib.py,305,asynccontextmanager,5,5,2.4916e-05,1.2108130832931421e-05,0.000160731
/opt/hostedtoolcache/Python/3.11.16/x64/lib/python3.11/email/_policybase.py,94,_append_doc,6,6,2.4878e-05,1.2089664426941238e-05,5.7947000000000006e-05
/opt/hostedtoolcache/Python/3.11.16/x64/lib/python3.11/sqlite3/__init__.py,1,<module>,1,1,2.4827e-05,1.2064880566270203e-05,0.0021388500000000003
/opt/hostedtoolcache/Python/3.11.16/x64/lib/python3.11/email/_policybase.py,1,<module>,1,1,2.4714e-05,1.2009967306352029e-05,0.011819157
/home/runner/work/_temp/scanner-verification-il7_c53e/first_hybrid/tiktok_worker_scanner.py,3013,statistics_summary,3,3,2.4687000000000003e-05,1.1996846438937953e-05,0.0008047210000000001
<frozen _collections_abc>,78,_check_methods,9,9,2.4664000000000003e-05,1.1985669403733368e-05,2.4664000000000003e-05
~,0,<method 'insert' of 'list' objects>,23,23,2.4617e-05,1.1962829375271826e-05,2.4617e-05
/opt/hostedtoolcache/Python/3.11.16/x64/lib/python3.11/asyncio/runners.py,65,close,1,1,2.4575e-05,1.194241913707215e-05,0.001111494
/opt/hostedtoolcache/Python/3.11.16/x64/lib/python3.11/asyncio/locks.py,167,__init__,14,14,2.4368e-05,1.1841825820230893e-05,2.4368e-05
/opt/hostedtoolcache/Python/3.11.16/x64/lib/python3.11/site-packages/httpx/_transports/wsgi.py,1,<module>,1,1,2.4146000000000002e-05,1.1733943132604035e-05,7.8446e-05
/opt/hostedtoolcache/Python/3.11.16/x64/lib/python3.11/queue.py,1,<module>,1,1,2.4134000000000003e-05,1.1728111635975556e-05,0.000851177
/home/runner/work/_temp/scanner-verification-il7_c53e/first_hybrid/scan_statistics.py,14,__init__,1,1,2.3987000000000003e-05,1.165667580227669e-05,8.558e-05
/opt/hostedtoolcache/Python/3.11.16/x64/lib/python3.11/typing.py,1664,<genexpr>,15,15,2.3964000000000003e-05,1.1645498767072107e-05,6.162500000000001e-05
/opt/hostedtoolcache/Python/3.11.16/x64/lib/python3.11/http/cookiejar.py,1261,__init__,3,3,2.3864e-05,1.1596902961834781e-05,4.0796e-05
/opt/hostedtoolcache/Python/3.11.16/x64/lib/python3.11/fractions.py,257,numerator,25,25,2.3765e-05,1.1548793114649832e-05,2.3765e-05
/home/runner/work/_temp/scanner-verification-il7_c53e/first_hybrid/tiktok_worker_scanner.py,3316,_control,3,3,2.3732000000000002e-05,1.1532756498921517e-05,7.7765e-05
/opt/hostedtoolcache/Python/3.11.16/x64/lib/python3.11/typing.py,925,__hash__,12,12,2.3534000000000002e-05,1.1436536804551617e-05,3.4255e-05
/home/runner/work/_temp/scanner-verification-il7_c53e/first_hybrid/hybrid_backend.py,342,__aexit__,3,3,2.3433e-05,1.138745504126192e-05,0.00024333400000000003
/opt/hostedtoolcache/Python/3.11.16/x64/lib/python3.11/argparse.py,929,__init__,8,8,2.3362e-05,1.135295201954342e-05,3.5806e-05
/opt/hostedtoolcache/Python/3.11.16/x64/lib/python3.11/typing.py,2893,<dictcomp>,2,2,2.3263e-05,1.130484217235847e-05,0.0007342200000000001
/opt/hostedtoolcache/Python/3.11.16/x64/lib/python3.11/inspect.py,3023,replace,7,7,2.3249e-05,1.1298038759625246e-05,0.0005571980000000001
/opt/hostedtoolcache/Python/3.11.16/x64/lib/python3.11/fractions.py,261,denominator,25,25,2.3105e-05,1.12280608000835e-05,2.3105e-05
/home/runner/work/_temp/scanner-verification-il7_c53e/first_hybrid/avatar_cache.py,1,<module>,1,1,2.2932e-05,1.1143990057022932e-05,0.001622116
/opt/hostedtoolcache/Python/3.11.16/x64/lib/python3.11/argparse.py,597,format,11,11,2.2923e-05,1.1139616434551573e-05,3.2521e-05
/opt/hostedtoolcache/Python/3.11.16/x64/lib/python3.11/dataclasses.py,624,_cmp_fn,7,7,2.29e-05,1.1128439399346988e-05,0.0009517340000000001
/opt/hostedtoolcache/Python/3.11.16/x64/lib/python3.11/platform.py,825,uname,2,2,2.2835e-05,1.1096852125942728e-05,4.1238e-05
/opt/hostedtoolcache/Python/3.11.16/x64/lib/python3.11/asyncio/base_events.py,181,_run_until_complete_cb,3,3,2.2715000000000002e-05,1.103853715965794e-05,4.3882000000000004e-05
/opt/hostedtoolcache/Python/3.11.16/x64/lib/python3.11/http/__init__.py,163,__new__,9,9,2.2553000000000002e-05,1.0959811955173479e-05,3.1539000000000004e-05
/opt/hostedtoolcache/Python/3.11.16/x64/lib/python3.11/numbers.py,32,Complex,1,1,2.2492e-05,1.0930168513978711e-05,3.774e-05
/home/runner/work/_temp/scanner-verification-il7_c53e/first_hybrid/tiktok_worker_scanner.py,3041,reporter_done,1,1,2.2482000000000003e-05,1.0925308933454977e-05,2.4155e-05
/home/runner/work/_temp/scanner-verification-il7_c53e/first_hybrid/tiktok_worker_scanner.py,3227,__exit__,1,1,2.2464e-05,1.0916561688512259e-05,0.000150633
~,0,<method 'setter' of 'property' objects>,16,16,2.2292000000000003e-05,1.0832976903504063e-05,2.2292000000000003e-05
/home/runner/work/_temp/scanner-verification-il7_c53e/first_hybrid/hybrid_backend.py,312,__init__,1,1,2.2242e-05,1.0808679000885401e-05,0.003254981
/opt/hostedtoolcache/Python/3.11.16/x64/lib/python3.11/subprocess.py,417,check_output,1,1,2.2060000000000002e-05,1.0720234635353473e-05,0.001196
<frozen runpy>,262,run_path,1,1,2.2009000000000002e-05,1.0695450774682442e-05,152.11532369300002
/opt/hostedtoolcache/Python/3.11.16/x64/lib/python3.11/site-packages/httpx/_models.py,334,<listcomp>,4,4,2.2001e-05,1.0691563110263452e-05,3.3954e-05
~,0,<built-in method posix.pipe>,2,2,2.197e-05,1.0676498410639884e-05,2.197e-05
/opt/hostedtoolcache/Python/3.11.16/x64/lib/python3.11/email/charset.py,206,__init__,2,2,2.1909e-05,1.0646854969445116e-05,3.6566e-05
/opt/hostedtoolcache/Python/3.11.16/x64/lib/python3.11/importlib/resources/__init__.py,1,<module>,1,1,2.1739e-05,1.0564242100541667e-05,0.006656878000000001
/opt/hostedtoolcache/Python/3.11.16/x64/lib/python3.11/contextlib.py,558,__exit__,2,2,2.1731000000000003e-05,1.0560354436122683e-05,3.4914000000000005e-05
<frozen _collections_abc>,907,pop,4,4,2.167e-05,1.0530710994927915e-05,0.000161471
/opt/hostedtoolcache/Python/3.11.16/x64/lib/python3.11/typing.py,1298,__mro_entries__,3,3,2.1563e-05,1.0478713483323978e-05,3.7801e-05
/opt/hostedtoolcache/Python/3.11.16/x64/lib/python3.11/gettext.py,519,translation,3,3,2.1462000000000002e-05,1.0429631720034281e-05,0.0007590460000000001
/opt/hostedtoolcache/Python/3.11.16/x64/lib/python3.11/urllib/parse.py,833,__getattr__,7,7,2.141e-05,1.0404361901310874e-05,2.141e-05
/opt/hostedtoolcache/Python/3.11.16/x64/lib/python3.11/__future__.py,81,_Feature,1,1,2.139e-05,1.0394642740263408e-05,2.139e-05
/opt/hostedtoolcache/Python/3.11.16/x64/lib/python3.11/site-packages/httpx/_transports/base.py,1,<module>,1,1,2.1278000000000002e-05,1.0340215438397607e-05,0.000221914
/opt/hostedtoolcache/Python/3.11.16/x64/lib/python3.11/argparse.py,844,__init__,11,11,2.1251e-05,1.0327094570983529e-05,2.1251e-05
/opt/hostedtoolcache/Python/3.11.16/x64/lib/python3.11/site-packages/certifi/core.py,1,<module>,1,1,2.1199e-05,1.0301824752260122e-05,0.007495683
/opt/hostedtoolcache/Python/3.11.16/x64/lib/python3.11/threading.py,1206,daemon,14,14,2.1162e-05,1.0283844304322314e-05,2.1162e-05
~,0,<method 'endswith' of 'bytes' objects>,20,20,2.0790000000000003e-05,1.010306790883947e-05,2.0790000000000003e-05
/opt/hostedtoolcache/Python/3.11.16/x64/lib/python3.11/email/charset.py,1,<module>,1,1,2.0771e-05,1.0093834705844379e-05,0.0013171880000000002
/opt/hostedtoolcache/Python/3.11.16/x64/lib/python3.11/encodings/utf_8_sig.py,50,__init__,5,5,2.0768000000000002e-05,1.0092376831687261e-05,4.2689e-05
/opt/hostedtoolcache/Python/3.11.16/x64/lib/python3.11/dataclasses.py,603,<genexpr>,12,12,2.0692e-05,1.0055444019706895e-05,2.9744000000000002e-05
/home/runner/work/_temp/scanner-verification-il7_c53e/first_hybrid/report_generator.py,205,<dictcomp>,1,1,2.0648000000000003e-05,1.0034061865402474e-05,3.7199e-05
/home/runner/work/_temp/scanner-verification-il7_c53e/first_hybrid/hybrid_backend.py,125,__aenter__,3,3,2.0549000000000003e-05,9.985952018217523e-06,0.00014288700000000002
/opt/hostedtoolcache/Python/3.11.16/x64/lib/python3.11/dataclasses.py,592,<listcomp>,7,7,2.0439000000000002e-05,9.932496632456468e-06,2.0439000000000002e-05
/opt/hostedtoolcache/Python/3.11.16/x64/lib/python3.11/__future__.py,1,<module>,1,1,2.0067000000000003e-05,9.751720236973625e-06,6.835700000000001e-05
/home/runner/work/_temp/scanner-verification-il7_c53e/first_hybrid/tiktok_worker_scanner.py,751,_persist_locked,2,2,1.9955e-05,9.697292935107824e-06,0.002410825
/opt/hostedtoolcache/Python/3.11.16/x64/lib/python3.11/mimetypes.py,405,_default_mime_types,1,1,1.9807000000000002e-05,9.625371143356586e-06,1.9807000000000002e-05
/opt/hostedtoolcache/Python/3.11.16/x64/lib/python3.11/email/_policybase.py,104,<genexpr>,10,10,1.9797e-05,9.620511562832852e-06,2.4916e-05
/opt/hostedtoolcache/Python/3.11.16/x64/lib/python3.11/unittest/mock.py,762,__setattr__,4,5,1.9677e-05,9.562196596548065e-06,4.9293000000000004e-05
/opt/hostedtoolcache/Python/3.11.16/x64/lib/python3.11/random.py,493,<listcomp>,1,1,1.9654000000000002e-05,9.551019561343482e-06,3.4083e-05
/opt/hostedtoolcache/Python/3.11.16/x64/lib/python3.11/dataclasses.py,599,_frozen_get_del_attr,2,2,1.9626e-05,9.53741273587703e-06,0.000573259
/opt/hostedtoolcache/Python/3.11.16/x64/lib/python3.11/argparse.py,588,_metavar_formatter,11,11,1.9447000000000002e-05,9.450426244502223e-06,2.2482000000000003e-05
/opt/hostedtoolcache/Python/3.11.16/x64/lib/python3.11/dataclasses.py,1017,<listcomp>,7,7,1.9366e-05,9.41106364225999e-06,1.9366e-05
/home/runner/work/_temp/scanner-verification-il7_c53e/first_hybrid/tiktok_worker_scanner.py,1938,__init__,6,6,1.9299000000000003e-05,9.378504452750985e-06,3.7532e-05
/opt/hostedtoolcache/Python/3.11.16/x64/lib/python3.11/argparse.py,2342,_get_nargs_pattern,6,6,1.9239e-05,9.34934696960859e-06,3.0267000000000003e-05
/opt/hostedtoolcache/Python/3.11.16/x64/lib/python3.11/subprocess.py,1282,_close_pipe_fds,1,1,1.9227e-05,9.34351547298011e-06,7.0672e-05
~,0,<built-in method _sre.ascii_iscased>,22,22,1.9214000000000003e-05,9.33719801829926e-06,1.9214000000000003e-05
/home/runner/work/_temp/scanner-verification-il7_c53e/first_hybrid/tiktok_worker_scanner.py,3200,__enter__,1,1,1.9147e-05,9.304638828790253e-06,0.0017193570000000001
/opt/hostedtoolcache/Python/3.11.16/x64/lib/python3.11/email/_encoded_words.py,1,<module>,1,1,1.9107000000000002e-05,9.285200506695325e-06,0.0006046480000000001
/opt/hostedtoolcache/Python/3.11.16/x64/lib/python3.11/enum.py,1357,_iter_member_by_value_,6,6,1.9076e-05,9.270135807071754e-06,3.4073000000000004e-05
/home/runner/work/_temp/scanner-verification-il7_c53e/first_hybrid/scan_runtime.py,29,runtime_ceiling,1,1,1.9074e-05,9.269163890967006e-06,0.0008404980000000001
/opt/hostedtoolcache/Python/3.11.16/x64/lib/python3.11/importlib/resources/abc.py,56,Traversable,1,1,1.9065e-05,9.264790268495649e-06,0.000206004
/opt/hostedtoolcache/Python/3.11.16/x64/lib/python3.11/asyncio/base_events.py,587,_check_running,6,6,1.8996000000000002e-05,9.231259162881895e-06,3.0307000000000003e-05
/opt/hostedtoolcache/Python/3.11.16/x64/lib/python3.11/re/__init__.py,163,match,6,6,1.8966e-05,9.216680421310698e-06,4.6938000000000004e-05
/opt/hostedtoolcache/Python/3.11.16/x64/lib/python3.11/asyncio/selector_events.py,265,_add_reader,1,1,1.8886000000000002e-05,9.17780377712084e-06,8.8164e-05
/opt/hostedtoolcache/Python/3.11.16/x64/lib/python3.11/threading.py,1324,_make_invoke_excepthook,7,7,1.8883000000000002e-05,9.17634590296372e-06,1.8883000000000002e-05
/opt/hostedtoolcache/Python/3.11.16/x64/lib/python3.11/pkgutil.py,407,get_importer,1,1,1.8815000000000002e-05,9.14330075540234e-06,0.000147806
/home/runner/work/_temp/scanner-verification-il7_c53e/first_hybrid/backend_metrics.py,10,__init__,1,1,1.8573e-05,9.025698906728018e-06,6.2717e-05
/opt/hostedtoolcache/Python/3.11.16/x64/lib/python3.11/weakref.py,427,__setitem__,7,7,1.8534999999999998e-05,9.007232500737833e-06,1.8534999999999998e-05
/opt/hostedtoolcache/Python/3.11.16/x64/lib/python3.11/typing.py,2891,_make_nmtuple,2,2,1.8464e-05,8.972729479019336e-06,0.001140106
/opt/hostedtoolcache/Python/3.11.16/x64/lib/python3.11/re/_compiler.py,391,_bytes_to_codes,2,2,1.8462e-05,8.97175756291459e-06,3.0246e-05
/opt/hostedtoolcache/Python/3.11.16/x64/lib/python3.11/fractions.py,277,_operator_fallbacks,7,7,1.8416e-05,8.949403492505421e-06,1.8416e-05
/home/runner/work/_temp/scanner-verification-il7_c53e/first_hybrid/scan_runtime.py,1,<module>,1,1,1.8373000000000002e-05,8.928507296253373e-06,0.002381091
/opt/hostedtoolcache/Python/3.11.16/x64/lib/python3.11/site-packages/httpx/_utils.py,1,<module>,1,1,1.8285000000000002e-05,8.885742987644528e-06,3.9885e-05
<frozen codecs>,260,__init__,12,12,1.8204e-05,8.846380385402296e-06,1.8204e-05
/opt/hostedtoolcache/Python/3.11.16/x64/lib/python3.11/subprocess.py,1688,_get_handles,1,1,1.8176e-05,8.832773559935845e-06,7.946900000000001e-05
/opt/hostedtoolcache/Python/3.11.16/x64/lib/python3.11/dataclasses.py,1204,dataclass,7,7,1.8043e-05,8.768141138970206e-06,0.015474224000000002
/opt/hostedtoolcache/Python/3.11.16/x64/lib/python3.11/site-packages/httpx/_transports/mock.py,1,<module>,1,1,1.7934e-05,8.715171711261524e-06,0.000429131
/opt/hostedtoolcache/Python/3.11.16/x64/lib/python3.11/numbers.py,1,<module>,1,1,1.7841e-05,8.669977612390813e-06,0.00033099800000000005
/opt/hostedtoolcache/Python/3.11.16/x64/lib/python3.11/site-packages/httpx/_client.py,305,headers,2,2,1.7742e-05,8.621867765205862e-06,0.000623002
/opt/hostedtoolcache/Python/3.11.16/x64/lib/python3.11/argparse.py,1652,__init__,2,2,1.7714e-05,8.608260939739412e-06,0.000146914
~,0,<method 'values' of 'mappingproxy' objects>,16,16,1.7622000000000002e-05,8.563552798921077e-06,1.7622000000000002e-05
/opt/hostedtoolcache/Python/3.11.16/x64/lib/python3.11/platform.py,1002,_sys_version,1,1,1.7583e-05,8.54460043487852e-06,3.0527e-05
/opt/hostedtoolcache/Python/3.11.16/x64/lib/python3.11/asyncio/queues.py,33,__init__,2,2,1.7514000000000002e-05,8.511069329264767e-06,2.684e-05
/opt/hostedtoolcache/Python/3.11.16/x64/lib/python3.11/site-packages/httpx/_client.py,594,Client,1,1,1.7513e-05,8.510583371212392e-06,5.2398e-05
/opt/hostedtoolcache/Python/3.11.16/x64/lib/python3.11/urllib/request.py,317,Request,1,1,1.7493e-05,8.500864210164929e-06,2.2512e-05
/opt/hostedtoolcache/Python/3.11.16/x64/lib/python3.11/asyncio/selector_events.py,105,_make_self_pipe,1,1,1.7444e-05,8.47705226559864e-06,0.000151563
/opt/hostedtoolcache/Python/3.11.16/x64/lib/python3.11/site-packages/httpx/_client.py,1307,AsyncClient,1,1,1.7372000000000002e-05,8.442063285827769e-06,5.0945e-05
/opt/hostedtoolcache/Python/3.11.16/x64/lib/python3.11/unittest/mock.py,1102,__init__,1,1,1.7171000000000002e-05,8.344385717300749e-06,0.001023539
/opt/hostedtoolcache/Python/3.11.16/x64/lib/python3.11/secrets.py,1,<module>,1,1,1.7153e-05,8.335638472358029e-06,0.001709259
~,0,<built-in method _sre.ascii_tolower>,21,21,1.7041e-05,8.281211170492228e-06,1.7041e-05
/opt/hostedtoolcache/Python/3.11.16/x64/lib/python3.11/decimal.py,1,<module>,1,1,1.6982e-05,8.252539645402208e-06,0.001151478
/opt/hostedtoolcache/Python/3.11.16/x64/lib/python3.11/email/message.py,141,Message,1,1,1.6981000000000002e-05,8.252053687349835e-06,0.000492358
/opt/hostedtoolcache/Python/3.11.16/x64/lib/python3.11/dataclasses.py,1043,<listcomp>,7,7,1.6970000000000002e-05,8.24670814877373e-06,1.6970000000000002e-05
<frozen importlib._bootstrap_external>,1220,__init__,13,13,1.6943e-05,8.23358728135965e-06,1.6943e-05
/opt/hostedtoolcache/Python/3.11.16/x64/lib/python3.11/fractions.py,1,<module>,1,1,1.6941000000000003e-05,8.232615365254906e-06,0.00887797
/opt/hostedtoolcache/Python/3.11.16/x64/lib/python3.11/http/cookiejar.py,1246,CookieJar,1,1,1.6881e-05,8.203457882112511e-06,0.002040155
/home/runner/work/_temp/scanner-verification-il7_c53e/first_hybrid/tiktok_worker_scanner.py,576,__init__,1,1,1.6821e-05,8.174300398970117e-06,0.0012222390000000002
/opt/hostedtoolcache/Python/3.11.16/x64/lib/python3.11/numbers.py,294,Integral,1,1,1.6809e-05,8.16846890234164e-06,3.1218000000000005e-05
/opt/hostedtoolcache/Python/3.11.16/x64/lib/python3.11/gettext.py,578,dgettext,3,3,1.6740000000000002e-05,8.134937796727886e-06,0.000778521
/opt/hostedtoolcache/Python/3.11.16/x64/lib/python3.11/zipfile.py,2358,Path,1,1,1.6621000000000002e-05,8.077108788495472e-06,1.6621000000000002e-05
~,0,<built-in method _socket.socketpair>,1,1,1.6531e-05,8.03337256378188e-06,1.6531e-05
/opt/hostedtoolcache/Python/3.11.16/x64/lib/python3.11/site-packages/httpx/_transports/default.py,279,AsyncHTTPTransport,1,1,1.6511e-05,8.023653402734416e-06,1.6511e-05
/opt/hostedtoolcache/Python/3.11.16/x64/lib/python3.11/threading.py,575,is_set,14,14,1.6453e-05,7.995467835696768e-06,1.6453e-05
/opt/hostedtoolcache/Python/3.11.16/x64/lib/python3.11/datetime.py,1336,__new__,2,2,1.6402e-05,7.970683975025734e-06,3.8612e-05
/opt/hostedtoolcache/Python/3.11.16/x64/lib/python3.11/threading.py,429,__init__,3,3,1.6309000000000003e-05,7.925489876155025e-06,4.3902e-05
/home/runner/work/_temp/scanner-verification-il7_c53e/first_hybrid/tiktok_worker_scanner.py,1082,__init__,4,4,1.6238e-05,7.890986854436523e-06,2.6729e-05
/opt/hostedtoolcache/Python/3.11.16/x64/lib/python3.11/argparse.py,1612,_check_conflict,11,11,1.6181e-05,7.863287245451248e-06,1.6181e-05
/opt/hostedtoolcache/Python/3.11.16/x64/lib/python3.11/site-packages/certifi/core.py,21,where,2,2,1.5861e-05,7.707780668691815e-06,0.014966634000000001
/opt/hostedtoolcache/Python/3.11.16/x64/lib/python3.11/numbers.py,147,Real,1,1,1.5738e-05,7.648007828249908e-06,2.5858000000000002e-05
/home/runner/work/_temp/scanner-verification-il7_c53e/first_hybrid/tiktok_worker_scanner.py,3636,export_discoveries,1,1,1.5699e-05,7.629055464207352e-06,0.038173915
/opt/hostedtoolcache/Python/3.11.16/x64/lib/python3.11/subprocess.py,2021,_wait,2,2,1.5570000000000002e-05,7.566366875451206e-06,4.4474e-05
/opt/hostedtoolcache/Python/3.11.16/x64/lib/python3.11/subprocess.py,1259,wait,2,2,1.5368000000000003e-05,7.4682033488718135e-06,5.9842e-05
/opt/hostedtoolcache/Python/3.11.16/x64/lib/python3.11/socket.py,651,socketpair,1,1,1.5358e-05,7.463343768348081e-06,4.1798e-05
/opt/hostedtoolcache/Python/3.11.16/x64/lib/python3.11/asyncio/events.py,754,_init_event_loop_policy,1,1,1.5319e-05,7.444391404305525e-06,3.6909e-05
/home/runner/work/_temp/scanner-verification-il7_c53e/first_hybrid/scan_statistics.py,1,<module>,1,1,1.5278000000000002e-05,7.424467124158223e-06,5.2478e-05
/opt/hostedtoolcache/Python/3.11.16/x64/lib/python3.11/functools.py,800,singledispatch,1,1,1.5138000000000001e-05,7.35643299682597e-06,4.9843000000000004e-05
~,0,<built-in method posix.waitpid>,1,1,1.5128000000000002e-05,7.351573416302238e-06,1.5128000000000002e-05
/opt/hostedtoolcache/Python/3.11.16/x64/lib/python3.11/typing.py,1552,__mro_entries__,3,3,1.5118000000000002e-05,7.346713835778506e-06,5.6496e-05
/opt/hostedtoolcache/Python/3.11.16/x64/lib/python3.11/platform.py,796,__iter__,1,1,1.5019000000000001e-05,7.298603988593556e-06,0.0012638880000000001
<frozen abc>,146,update_abstractmethods,7,7,1.4987e-05,7.2830533309176125e-06,2.3082e-05
/opt/hostedtoolcache/Python/3.11.16/x64/lib/python3.11/statistics.py,414,mean,1,1,1.4958000000000001e-05,7.268960547398789e-06,0.0173698
/opt/hostedtoolcache/Python/3.11.16/x64/lib/python3.11/unittest/mock.py,2107,__init__,1,1,1.4919e-05,7.250008183356232e-06,0.0014502660000000002
/opt/hostedtoolcache/Python/3.11.16/x64/lib/python3.11/functools.py,732,_compose_mro,1,1,1.4908e-05,7.2446626447801265e-06,0.00028674500000000003
~,0,<built-in method _abc._abc_register>,5,5,1.4898e-05,7.239803064256394e-06,0.000131676
<frozen io>,61,__getattr__,5,5,1.4777000000000001e-05,7.181002139919234e-06,1.4777000000000001e-05
/opt/hostedtoolcache/Python/3.11.16/x64/lib/python3.11/functools.py,981,__get__,1,1,1.4768000000000002e-05,7.176628517447875e-06,0.001248869
/opt/hostedtoolcache/Python/3.11.16/x64/lib/python3.11/platform.py,543,_platform,1,1,1.4746e-05,7.165937440295663e-06,4.7408000000000004e-05
~,0,<built-in method _struct.calcsize>,5,5,1.4689000000000001e-05,7.1382378313103895e-06,1.4689000000000001e-05
/opt/hostedtoolcache/Python/3.11.16/x64/lib/python3.11/inspect.py,3015,parameters,15,15,1.4565e-05,7.077979032816109e-06,1.4565e-05
/opt/hostedtoolcache/Python/3.11.16/x64/lib/python3.11/argparse.py,2243,_parse_optional,12,12,1.4548e-05,7.0697177459257635e-06,1.4548e-05
/opt/hostedtoolcache/Python/3.11.16/x64/lib/python3.11/site-packages/httpx/_client.py,234,_enforce_trailing_slash,2,2,1.4547000000000001e-05,7.069231787873391e-06,2.6439000000000002e-05
/opt/hostedtoolcache/Python/3.11.16/x64/lib/python3.11/tempfile.py,682,SpooledTemporaryFile,1,1,1.4527000000000002e-05,7.059512626825926e-06,1.4527000000000002e-05
~,0,<function socket.close at 0x7f0a9f067ba0>,2,2,1.4438000000000001e-05,7.016262360164708e-06,1.4438000000000001e-05
/opt/hostedtoolcache/Python/3.11.16/x64/lib/python3.11/typing.py,723,Optional,2,2,1.4417000000000001e-05,7.006057241064871e-06,0.00047359400000000003
/opt/hostedtoolcache/Python/3.11.16/x64/lib/python3.11/functools.py,852,register,2,2,1.4386e-05,6.9909925414413e-06,5.7056000000000004e-05
/opt/hostedtoolcache/Python/3.11.16/x64/lib/python3.11/signal.py,56,signal,2,2,1.4376000000000001e-05,6.986132960917568e-06,3.7330000000000003e-05
/opt/hostedtoolcache/Python/3.11.16/x64/lib/python3.11/subprocess.py,1165,communicate,1,1,1.4367000000000002e-05,6.98175933844621e-06,0.00010688
/opt/hostedtoolcache/Python/3.11.16/x64/lib/python3.11/enum.py,1008,_find_new_,2,2,1.4188e-05,6.8947728470714005e-06,2.9815e-05
/opt/hostedtoolcache/Python/3.11.16/x64/lib/python3.11/inspect.py,310,ismethoddescriptor,7,7,1.4166000000000001e-05,6.884081769919189e-06,3.1377e-05
/opt/hostedtoolcache/Python/3.11.16/x64/lib/python3.11/logging/__init__.py,202,_checkLevel,7,7,1.3938000000000001e-05,6.773283333978093e-06,1.9558e-05
/home/runner/work/_temp/scanner-verification-il7_c53e/first_hybrid/scan_runtime.py,127,__aexit__,2,2,1.3897000000000001e-05,6.75335905383079e-06,0.00035644500000000005
/opt/hostedtoolcache/Python/3.11.16/x64/lib/python3.11/unittest/mock.py,1119,__call__,1,1,1.3826000000000001e-05,6.718856032112291e-06,0.003400183
/opt/hostedtoolcache/Python/3.11.16/x64/lib/python3.11/logging/__init__.py,801,addFilter,6,6,1.3813000000000001e-05,6.71253857743144e-06,1.9054e-05
/opt/hostedtoolcache/Python/3.11.16/x64/lib/python3.11/dataclasses.py,1052,<listcomp>,7,7,1.3805e-05,6.708650913012453e-06,1.3805e-05
/opt/hostedtoolcache/Python/3.11.16/x64/lib/python3.11/pathlib.py,304,__init__,2,4,1.3687000000000001e-05,6.6513078628324116e-06,0.0013012780000000001
/opt/hostedtoolcache/Python/3.11.16/x64/lib/python3.11/site-packages/httpx/_client.py,1978,aclose,2,2,1.3655e-05,6.635757205156468e-06,1.7353e-05
/opt/hostedtoolcache/Python/3.11.16/x64/lib/python3.11/platform.py,753,from_subprocess,1,1,1.3636000000000001e-05,6.626524002161377e-06,0.001210968
/opt/hostedtoolcache/Python/3.11.16/x64/lib/python3.11/selectors.py,180,get_key,2,2,1.3575000000000001e-05,6.59688056096661e-06,4.4442000000000006e-05
/opt/hostedtoolcache/Python/3.11.16/x64/lib/python3.11/inspect.py,505,isbuiltin,7,7,1.3565000000000001e-05,6.592020980442877e-06,1.9446e-05
/home/runner/work/_temp/scanner-verification-il7_c53e/first_hybrid/tiktok_worker_scanner.py,686,_profiles_locked,2,2,1.3496000000000001e-05,6.5584898748291244e-06,1.8685e-05
/opt/hostedtoolcache/Python/3.11.16/x64/lib/python3.11/inspect.py,3019,return_annotation,14,14,1.3426000000000002e-05,6.524472811162999e-06,1.3426000000000002e-05
/opt/hostedtoolcache/Python/3.11.16/x64/lib/python3.11/argparse.py,206,__init__,11,11,1.3386e-05,6.50503448906807e-06,1.3386e-05
/opt/hostedtoolcache/Python/3.11.16/x64/lib/python3.11/datetime.py,893,date,1,1,1.3385000000000001e-05,6.504548531015696e-06,1.3385000000000001e-05
/opt/hostedtoolcache/Python/3.11.16/x64/lib/python3.11/http/cookiejar.py,92,<listcomp>,1,1,1.3336e-05,6.480736586449408e-06,2.3174000000000002e-05
~,0,<built-in method sys.getrecursionlimit>,14,14,1.3332e-05,6.478792754239915e-06,1.3332e-05
/opt/hostedtoolcache/Python/3.11.16/x64/lib/python3.11/contextlib.py,521,callback,2,2,1.3296000000000001e-05,6.461298264354478e-06,2.3314e-05
<frozen os>,773,getenv,5,5,1.3255000000000001e-05,6.441373984207176e-06,7.637400000000001e-05
/opt/hostedtoolcache/Python/3.11.16/x64/lib/python3.11/asyncio/selector_events.py,97,_close_self_pipe,1,1,1.3234e-05,6.431168865107337e-06,9.6149e-05
/opt/hostedtoolcache/Python/3.11.16/x64/lib/python3.11/weakref.py,367,__init__,2,2,1.3186e-05,6.4078428785934234e-06,1.3186e-05
/home/runner/work/_temp/scanner-verification-il7_c53e/first_hybrid/tiktok_worker_scanner.py,3240,DurableScanState,1,1,1.3125e-05,6.378199437398656e-06,1.3125e-05
~,0,<built-in method builtins.globals>,15,15,1.3074e-05,6.3534155767276206e-06,1.3074e-05
/opt/hostedtoolcache/Python/3.11.16/x64/lib/python3.11/enum.py,772,__getattr__,3,3,1.3044e-05,6.338836835156424e-06,2.2842000000000003e-05
/home/runner/work/_temp/scanner-verification-il7_c53e/first_hybrid/backend_metrics.py,1,<module>,1,1,1.2995e-05,6.315024890590136e-06,7.874700000000001e-05
/opt/hostedtoolcache/Python/3.11.16/x64/lib/python3.11/pathlib.py,1141,unlink,2,2,1.2964000000000002e-05,6.299960190966566e-06,6.5292e-05
/opt/hostedtoolcache/Python/3.11.16/x64/lib/python3.11/logging/__init__.py,764,__init__,6,6,1.2904e-05,6.270802707824172e-06,1.8233e-05
/opt/hostedtoolcache/Python/3.11.16/x64/lib/python3.11/zipfile.py,1246,ZipFile,1,1,1.2893e-05,6.265457169248066e-06,1.4326000000000001e-05
/opt/hostedtoolcache/Python/3.11.16/x64/lib/python3.11/dataclasses.py,397,<genexpr>,7,7,1.2824000000000001e-05,6.231926063634314e-06,1.2824000000000001e-05
/opt/hostedtoolcache/Python/3.11.16/x64/lib/python3.11/tempfile.py,154,__next__,1,1,1.2795e-05,6.21783328011549e-06,9.830400000000001e-05
/opt/hostedtoolcache/Python/3.11.16/x64/lib/python3.11/dataclasses.py,1046,<listcomp>,7,7,1.2625e-05,6.13522041121204e-06,1.2625e-05
/opt/hostedtoolcache/Python/3.11.16/x64/lib/python3.11/argparse.py,1475,add_argument_group,2,2,1.2624000000000001e-05,6.134734453159668e-06,0.00016133100000000002
/home/runner/work/_temp/scanner-verification-il7_c53e/first_hybrid/scan_runtime.py,140,__init__,3,3,1.2573000000000001e-05,6.109950592488632e-06,1.8605000000000002e-05
/opt/hostedtoolcache/Python/3.11.16/x64/lib/python3.11/uuid.py,85,UUID,1,1,1.2554e-05,6.100717389493541e-06,1.4257000000000001e-05
/opt/hostedtoolcache/Python/3.11.16/x64/lib/python3.11/asyncio/base_events.py,565,shutdown_default_executor,2,2,1.2553000000000002e-05,6.1002314314411685e-06,0.00022498100000000002
/opt/hostedtoolcache/Python/3.11.16/x64/lib/python3.11/site-packages/httpx/_urls.py,15,URL,1,1,1.2524e-05,6.0861386479223445e-06,1.2524e-05
/home/runner/work/_temp/scanner-verification-il7_c53e/first_hybrid/tiktok_worker_scanner.py,199,ListExportResult,1,1,1.2455e-05,6.052607542308591e-06,1.7354e-05
/opt/hostedtoolcache/Python/3.11.16/x64/lib/python3.11/enum.py,1367,_iter_member_by_def_,6,6,1.2412e-05,6.0317113460565425e-06,6.658300000000001e-05
/opt/hostedtoolcache/Python/3.11.16/x64/lib/python3.11/signal.py,36,_enum_to_int,4,4,1.2395e-05,6.023450059166197e-06,1.2395e-05
~,0,<method 'isalnum' of 'str' objects>,13,13,1.2357e-05,6.004983653176014e-06,1.2357e-05
/opt/hostedtoolcache/Python/3.11.16/x64/lib/python3.11/unittest/mock.py,1571,__exit__,1,1,1.2343e-05,5.998180240442789e-06,2.4936000000000003e-05
/home/runner/work/_temp/scanner-verification-il7_c53e/first_hybrid/tiktok_worker_scanner.py,1242,summary,1,1,1.2292e-05,5.973396379771754e-06,2.9655000000000003e-05
/opt/hostedtoolcache/Python/3.11.16/x64/lib/python3.11/encodings/utf_8_sig.py,1,<module>,1,1,1.2224e-05,5.940351232210374e-06,8.4498e-05
<frozen abc>,110,register,5,5,1.2194e-05,5.925772490639178e-06,0.00014387000000000002
/opt/hostedtoolcache/Python/3.11.16/x64/lib/python3.11/unittest/mock.py,436,__init__,1,1,1.2192000000000001e-05,5.924800574534432e-06,0.000974047
/opt/hostedtoolcache/Python/3.11.16/x64/lib/python3.11/functools.py,723,<listcomp>,7,7,1.2142e-05,5.900502671915769e-06,1.2142e-05
/opt/hostedtoolcache/Python/3.11.16/x64/lib/python3.11/dataclasses.py,327,__set_name__,5,5,1.2114000000000001e-05,5.8868958464493195e-06,2.0309e-05
/opt/hostedtoolcache/Python/3.11.16/x64/lib/python3.11/unittest/mock.py,1176,_execute_mock_call,1,1,1.2102e-05,5.881064349820841e-06,0.0033032110000000003
~,0,<built-in method sys._getframe>,12,12,1.2073000000000001e-05,5.8669715663020175e-06,1.2073000000000001e-05
/opt/hostedtoolcache/Python/3.11.16/x64/lib/python3.11/inspect.py,3197,bind_partial,1,1,1.2033000000000002e-05,5.847533244207089e-06,0.00016857500000000002
/opt/hostedtoolcache/Python/3.11.16/x64/lib/python3.11/http/cookiejar.py,884,__init__,3,3,1.1983e-05,5.823235341588426e-06,1.1983e-05
~,0,<method 'items' of 'mappingproxy' objects>,11,11,1.1964000000000001e-05,5.814002138593334e-06,1.1964000000000001e-05
/opt/hostedtoolcache/Python/3.11.16/x64/lib/python3.11/http/client.py,840,HTTPConnection,1,1,1.1912e-05,5.788732319869927e-06,1.1912e-05
/opt/hostedtoolcache/Python/3.11.16/x64/lib/python3.11/argparse.py,958,__call__,6,6,1.182e-05,5.7440241790515895e-06,1.8083e-05
/opt/hostedtoolcache/Python/3.11.16/x64/lib/python3.11/asyncio/runners.py,131,_lazy_init,2,2,1.1802000000000002e-05,5.735276934108872e-06,0.000391881
/opt/hostedtoolcache/Python/3.11.16/x64/lib/python3.11/functools.py,818,dispatch,1,1,1.1762e-05,5.7158386120139424e-06,0.00031605900000000004
~,0,<built-in method builtins.dir>,1,1,1.1712e-05,5.6915407093952804e-06,1.1712e-05
<frozen posixpath>,150,dirname,2,2,1.1621000000000001e-05,5.647318526629317e-06,2.4335e-05
/opt/hostedtoolcache/Python/3.11.16/x64/lib/python3.11/functools.py,774,_find_impl,1,1,1.1611000000000001e-05,5.642458946105585e-06,0.00030025
/opt/hostedtoolcache/Python/3.11.16/x64/lib/python3.11/queue.py,28,Queue,1,1,1.1592e-05,5.6332257431104925e-06,1.1592e-05
/opt/hostedtoolcache/Python/3.11.16/x64/lib/python3.11/importlib/readers.py,1,<module>,1,1,1.1571000000000002e-05,5.623020624010655e-06,0.013770534000000001
/opt/hostedtoolcache/Python/3.11.16/x64/lib/python3.11/dataclasses.py,845,_hash_add,2,2,1.1560000000000001e-05,5.61767508543455e-06,0.00020846700000000002
/opt/hostedtoolcache/Python/3.11.16/x64/lib/python3.11/sqlite3/dbapi2.py,54,register_adapters_and_converters,1,1,1.1439e-05,5.5588741610973885e-06,1.7743000000000003e-05
/opt/hostedtoolcache/Python/3.11.16/x64/lib/python3.11/signal.py,62,getsignal,2,2,1.1422e-05,5.5506128742070426e-06,2.1530000000000002e-05
/home/runner/work/_temp/scanner-verification-il7_c53e/first_hybrid/hybrid_backend.py,334,__aenter__,2,2,1.1401000000000001e-05,5.540407755107207e-06,0.00015545
/opt/hostedtoolcache/Python/3.11.16/x64/lib/python3.11/site-packages/httpx/_models.py,139,Headers,1,1,1.1391e-05,5.535548174583474e-06,1.2834000000000001e-05
/opt/hostedtoolcache/Python/3.11.16/x64/lib/python3.11/pathlib.py,349,__init__,2,2,1.132e-05,5.501045152864974e-06,0.001275038
/opt/hostedtoolcache/Python/3.11.16/x64/lib/python3.11/selectors.py,215,_fileobj_lookup,4,4,1.1312000000000001e-05,5.497157488445989e-06,2.3674e-05
/opt/hostedtoolcache/Python/3.11.16/x64/lib/python3.11/dataclasses.py,346,__init__,7,7,1.1299000000000001e-05,5.490840033765137e-06,1.1299000000000001e-05
/opt/hostedtoolcache/Python/3.11.16/x64/lib/python3.11/statistics.py,1170,NormalDist,1,1,1.1252e-05,5.468000005303594e-06,1.1252e-05
/home/runner/work/_temp/scanner-verification-il7_c53e/first_hybrid/scan_statistics.py,13,ScanStatistics,1,1,1.1230000000000001e-05,5.457308928151384e-06,1.1230000000000001e-05
/opt/hostedtoolcache/Python/3.11.16/x64/lib/python3.11/functools.py,841,_is_union_type,1,1,1.1161e-05,5.42377782253763e-06,2.2642e-05
/opt/hostedtoolcache/Python/3.11.16/x64/lib/python3.11/importlib/resources/abc.py,14,ResourceReader,1,1,1.1149000000000001e-05,5.4179463259091514e-06,0.000121967
/opt/hostedtoolcache/Python/3.11.16/x64/lib/python3.11/site-packages/httpx/_models.py,1079,Cookies,1,1,1.1052e-05,5.370808394828948e-06,4.3261000000000005e-05
~,0,<built-in method sys.set_asyncgen_hooks>,6,6,1.1039e-05,5.364490940148097e-06,1.1039e-05
/home/runner/work/_temp/scanner-verification-il7_c53e/first_hybrid/hybrid_backend.py,317,<dictcomp>,1,1,1.1021e-05,5.3557436952053776e-06,0.001197644
/opt/hostedtoolcache/Python/3.11.16/x64/lib/python3.11/platform.py,549,<genexpr>,6,6,1.1019e-05,5.354771779100632e-06,1.5157e-05
/home/runner/work/_temp/scanner-verification-il7_c53e/first_hybrid/direct_protocol.py,51,__init__,1,1,1.1010000000000001e-05,5.350398156629274e-06,3.9894e-05
/opt/hostedtoolcache/Python/3.11.16/x64/lib/python3.11/__future__.py,83,__init__,10,10,1.097e-05,5.330959834534343e-06,1.097e-05
/opt/hostedtoolcache/Python/3.11.16/x64/lib/python3.11/typing.py,2076,<genexpr>,10,10,1.0969000000000001e-05,5.33047387648197e-06,1.0969000000000001e-05
/opt/hostedtoolcache/Python/3.11.16/x64/lib/python3.11/selectors.py,69,__getitem__,2,2,1.0919e-05,5.306175973863309e-06,2.729e-05
/opt/hostedtoolcache/Python/3.11.16/x64/lib/python3.11/importlib/resources/_adapters.py,146,_reader,1,1,1.0819000000000001e-05,5.257580168625985e-06,0.014482872
/opt/hostedtoolcache/Python/3.11.16/x64/lib/python3.11/pathlib.py,313,select_from,2,2,1.0711000000000001e-05,5.205096698969677e-06,7.435900000000001e-05
<frozen _collections_abc>,156,__subclasshook__,4,4,1.0692e-05,5.195863495974585e-06,2.0920000000000003e-05
/home/runner/work/_temp/scanner-verification-il7_c53e/first_hybrid/tiktok_worker_scanner.py,2207,UserStore,1,1,1.0679e-05,5.189546041293734e-06,1.0679e-05
~,0,<method 'difference_update' of 'set' objects>,7,7,1.064e-05,5.170593677251177e-06,1.064e-05
/opt/hostedtoolcache/Python/3.11.16/x64/lib/python3.11/datetime.py,923,__new__,2,2,1.0609000000000001e-05,5.155528977627607e-06,3.3543e-05
/opt/hostedtoolcache/Python/3.11.16/x64/lib/python3.11/asyncio/selector_events.py,281,_remove_reader,1,1,1.0559e-05,5.131231075008945e-06,5.4071000000000005e-05
/home/runner/work/_temp/scanner-verification-il7_c53e/final/tests/benchmark_hybrid.py,183,<dictcomp>,1,1,1.0407e-05,5.057365451048214e-06,1.6881e-05
/home/runner/work/_temp/scanner-verification-il7_c53e/first_hybrid/hybrid_backend.py,436,create_client,1,1,1.0320000000000001e-05,5.015087100491744e-06,0.0032670940000000003
/opt/hostedtoolcache/Python/3.11.16/x64/lib/python3.11/site-packages/httpx/_main.py,1,<module>,1,1,1.0319e-05,5.01460114243937e-06,0.000662405
/opt/hostedtoolcache/Python/3.11.16/x64/lib/python3.11/datetime.py,2293,timezone,1,1,1.0299e-05,5.004881981391905e-06,0.00011811
~,0,<built-in method posix.urandom>,2,2,1.0199e-05,4.956286176154582e-06,1.0199e-05
/opt/hostedtoolcache/Python/3.11.16/x64/lib/python3.11/ssl.py,740,verify_mode,2,2,1.0159e-05,4.936847854059653e-06,1.0159e-05
<frozen os>,760,decode,4,4,1.0129e-05,4.922269112488457e-06,1.4837e-05
/opt/hostedtoolcache/Python/3.11.16/x64/lib/python3.11/statistics.py,333,_convert,1,1,1.0108e-05,4.912063993388618e-06,1.7392000000000002e-05
/opt/hostedtoolcache/Python/3.11.16/x64/lib/python3.11/importlib/resources/readers.py,53,MultiplexedPath,1,1,1.0069000000000001e-05,4.893111629346063e-06,1.0069000000000001e-05
/opt/hostedtoolcache/Python/3.11.16/x64/lib/python3.11/selectors.py,347,__init__,1,1,1.0059000000000001e-05,4.88825204882233e-06,1.6020000000000002e-05
/opt/hostedtoolcache/Python/3.11.16/x64/lib/python3.11/pathlib.py,1070,write_text,1,1,1.0047e-05,4.882420552193851e-06,0.000136154
/opt/hostedtoolcache/Python/3.11.16/x64/lib/python3.11/asyncio/events.py,803,set_event_loop,2,2,1.001e-05,4.864440104256042e-06,2.9085e-05
/opt/hostedtoolcache/Python/3.11.16/x64/lib/python3.11/urllib/error.py,1,<module>,1,1,9.828000000000001e-06,4.775995738724114e-06,0.000646566
~,0,<built-in method _asyncio._set_running_loop>,6,6,9.786e-06,4.755585500524438e-06,9.786e-06
<frozen codecs>,94,__new__,2,2,9.748e-06,4.737119094534255e-06,1.2854000000000001e-05
/opt/hostedtoolcache/Python/3.11.16/x64/lib/python3.11/datetime.py,1311,time,1,1,9.738e-06,4.7322595140105226e-06,9.738e-06
/opt/hostedtoolcache/Python/3.11.16/x64/lib/python3.11/bisect.py,1,<module>,1,1,9.738e-06,4.7322595140105226e-06,0.000590922
/opt/hostedtoolcache/Python/3.11.16/x64/lib/python3.11/pathlib.py,380,__init__,2,2,9.648e-06,4.688523289296932e-06,0.001310926
/opt/hostedtoolcache/Python/3.11.16/x64/lib/python3.11/pathlib.py,1046,read_bytes,1,1,9.628e-06,4.678804128249467e-06,8.839400000000001e-05
/opt/hostedtoolcache/Python/3.11.16/x64/lib/python3.11/http/cookiejar.py,874,DefaultCookiePolicy,1,1,9.618e-06,4.673944547725735e-06,9.618e-06
/opt/hostedtoolcache/Python/3.11.16/x64/lib/python3.11/email/_parseaddr.py,1,<module>,1,1,9.528000000000001e-06,4.630208323012145e-06,0.001255772
/opt/hostedtoolcache/Python/3.11.16/x64/lib/python3.11/asyncio/unix_events.py,67,close,1,1,9.496e-06,4.614657665336201e-06,0.00021785600000000002
/home/runner/work/_temp/scanner-verification-il7_c53e/first_hybrid/tiktok_worker_scanner.py,1438,WorkerApiClient,1,1,9.438e-06,4.586472098298554e-06,9.438e-06
/opt/hostedtoolcache/Python/3.11.16/x64/lib/python3.11/http/client.py,258,HTTPResponse,1,1,9.438e-06,4.586472098298554e-06,9.438e-06
/opt/hostedtoolcache/Python/3.11.16/x64/lib/python3.11/hashlib.py,82,__get_builtin_constructor,2,2,9.418e-06,4.576752937251088e-06,0.0005736910000000001
/opt/hostedtoolcache/Python/3.11.16/x64/lib/python3.11/gettext.py,616,gettext,3,3,9.358000000000001e-06,4.547595454108696e-06,0.000787879
/opt/hostedtoolcache/Python/3.11.16/x64/lib/python3.11/random.py,103,Random,1,1,9.328000000000001e-06,4.533016712537498e-06,9.328000000000001e-06
<frozen os>,1081,__subclasshook__,3,3,9.297000000000001e-06,4.517952012913928e-06,1.8063e-05
/opt/hostedtoolcache/Python/3.11.16/x64/lib/python3.11/enum.py,117,_iter_bits_lsb,6,6,9.276e-06,4.507746893814091e-06,1.1380000000000001e-05
/opt/hostedtoolcache/Python/3.11.16/x64/lib/python3.11/re/_parser.py,903,_parse_flags,2,2,9.237e-06,4.488794529771534e-06,1.5910000000000002e-05
/opt/hostedtoolcache/Python/3.11.16/x64/lib/python3.11/argparse.py,2105,<listcomp>,6,6,9.197e-06,4.469356207676605e-06,9.197e-06
/opt/hostedtoolcache/Python/3.11.16/x64/lib/python3.11/typing.py,1049,<genexpr>,9,9,9.186e-06,4.464010669100499e-06,9.186e-06
/opt/hostedtoolcache/Python/3.11.16/x64/lib/python3.11/asyncio/base_events.py,697,is_running,9,9,9.177e-06,4.45963704662914e-06,9.177e-06
~,0,<method 'disable' of '_lsprof.Profiler' objects>,8,8,9.156e-06,4.449431927529302e-06,9.156e-06
/opt/hostedtoolcache/Python/3.11.16/x64/lib/python3.11/platform.py,914,system,1,1,9.107000000000001e-06,4.425619982963014e-06,4.8711e-05
/opt/hostedtoolcache/Python/3.11.16/x64/lib/python3.11/unittest/mock.py,150,_callable,2,2,9.095e-06,4.419788486334535e-06,1.5288e-05
/home/runner/work/_temp/scanner-verification-il7_c53e/first_hybrid/tiktok_worker_scanner.py,1540,<genexpr>,5,5,9.087000000000001e-06,4.41590082191555e-06,1.2934e-05
/opt/hostedtoolcache/Python/3.11.16/x64/lib/python3.11/weakref.py,104,__init__,1,1,8.997e-06,4.3721645972019585e-06,1.7573000000000003e-05
/opt/hostedtoolcache/Python/3.11.16/x64/lib/python3.11/selectors.py,21,_fileobj_to_fd,4,4,8.985000000000001e-06,4.3663331005734805e-06,1.2362000000000001e-05
/opt/hostedtoolcache/Python/3.11.16/x64/lib/python3.11/email/_policybase.py,112,Policy,1,1,8.966e-06,4.357099897578388e-06,1.3966000000000001e-05
/opt/hostedtoolcache/Python/3.11.16/x64/lib/python3.11/email/encoders.py,1,<module>,1,1,8.857e-06,4.304130469869706e-06,0.000772882
/opt/hostedtoolcache/Python/3.11.16/x64/lib/python3.11/importlib/resources/_adapters.py,42,CompatibilityFiles,1,1,8.838e-06,4.294897266874615e-06,0.00021688500000000002
/opt/hostedtoolcache/Python/3.11.16/x64/lib/python3.11/calendar.py,54,<listcomp>,1,1,8.826e-06,4.289065770246136e-06,8.826e-06
/opt/hostedtoolcache/Python/3.11.16/x64/lib/python3.11/unittest/mock.py,1280,__init__,1,1,8.796e-06,4.274487028674939e-06,1.6881e-05
/opt/hostedtoolcache/Python/3.11.16/x64/lib/python3.11/asyncio/base_events.py,1939,_set_coroutine_origin_tracking,6,6,8.786e-06,4.269627448151207e-06,8.786e-06
/opt/hostedtoolcache/Python/3.11.16/x64/lib/python3.11/tempfile.py,86,_infer_return_type,1,1,8.645000000000001e-06,4.2011073627665815e-06,6.370900000000001e-05
/home/runner/work/_temp/scanner-verification-il7_c53e/first_hybrid/tiktok_worker_scanner.py,1079,CredentialRedactor,1,1,8.645000000000001e-06,4.2011073627665815e-06,0.001225566
~,0,<built-in method posix.uname>,1,1,8.625000000000001e-06,4.191388201719117e-06,8.625000000000001e-06
/opt/hostedtoolcache/Python/3.11.16/x64/lib/python3.11/signal.py,24,_int_to_enum,4,4,8.595e-06,4.1768094601479195e-06,1.3424e-05
/opt/hostedtoolcache/Python/3.11.16/x64/lib/python3.11/unittest/mock.py,2486,__new__,2,2,8.577000000000001e-06,4.168062215205202e-06,1.3555000000000002e-05
/opt/hostedtoolcache/Python/3.11.16/x64/lib/python3.11/pathlib.py,578,__eq__,1,1,8.565e-06,4.162230718576723e-06,2.2812e-05
/opt/hostedtoolcache/Python/3.11.16/x64/lib/python3.11/site-packages/httpx/_client.py,125,ClientState,1,1,8.506000000000001e-06,4.133559193486703e-06,0.000149779
/opt/hostedtoolcache/Python/3.11.16/x64/lib/python3.11/calendar.py,150,Calendar,1,1,8.506000000000001e-06,4.133559193486703e-06,8.506000000000001e-06
/opt/hostedtoolcache/Python/3.11.16/x64/lib/python3.11/concurrent/futures/__init__.py,40,__getattr__,1,1,8.497e-06,4.129185571015343e-06,0.002313255
~,0,<built-in method maketrans>,2,2,8.496000000000001e-06,4.12869961296297e-06,8.496000000000001e-06
/home/runner/work/_temp/scanner-verification-il7_c53e/final/tests/benchmark_hybrid.py,108,factory,1,1,8.487e-06,4.12432599049161e-06,0.003277433
/home/runner/work/_temp/scanner-verification-il7_c53e/final/tests/benchmark_hybrid.py,147,<genexpr>,3,3,8.445000000000001e-06,4.103915752291935e-06,1.2313e-05
/opt/hostedtoolcache/Python/3.11.16/x64/lib/python3.11/asyncio/base_events.py,664,close,1,1,8.425e-06,4.09419659124447e-06,1.7673000000000002e-05
/opt/hostedtoolcache/Python/3.11.16/x64/lib/python3.11/platform.py,736,get,1,1,8.415e-06,4.089337010720738e-06,0.001221908
/opt/hostedtoolcache/Python/3.11.16/x64/lib/python3.11/selectors.py,351,register,1,1,8.356000000000001e-06,4.0606654856307185e-06,2.9014e-05
/opt/hostedtoolcache/Python/3.11.16/x64/lib/python3.11/http/client.py,108,<dictcomp>,1,1,8.336000000000001e-06,4.050946324583254e-06,8.336000000000001e-06
<frozen importlib._bootstrap>,1192,_gcd_import,1,1,8.264e-06,4.015957344812381e-06,1.8905000000000003e-05
/opt/hostedtoolcache/Python/3.11.16/x64/lib/python3.11/asyncio/unix_events.py,1440,set_event_loop,2,2,8.175e-06,3.972707078151163e-06,1.6641000000000002e-05
/opt/hostedtoolcache/Python/3.11.16/x64/lib/python3.11/dataclasses.py,638,_hash_fn,2,2,8.166000000000001e-06,3.968333455679804e-06,0.00018560600000000003
/home/runner/work/_temp/scanner-verification-il7_c53e/first_hybrid/scan_runtime.py,186,close,3,3,8.137e-06,3.95424067216098e-06,1.2293e-05
/opt/hostedtoolcache/Python/3.11.16/x64/lib/python3.11/urllib/error.py,35,HTTPError,1,1,8.135000000000001e-06,3.953268756056234e-06,9.658000000000001e-06
/opt/hostedtoolcache/Python/3.11.16/x64/lib/python3.11/platform.py,792,processor,1,1,8.126e-06,3.948895133584874e-06,0.001231246
/opt/hostedtoolcache/Python/3.11.16/x64/lib/python3.11/unittest/mock.py,1620,_patch_object,1,1,8.126e-06,3.948895133584874e-06,2.5007000000000003e-05
/opt/hostedtoolcache/Python/3.11.16/x64/lib/python3.11/unittest/mock.py,53,_is_async_obj,1,1,8.105000000000001e-06,3.938690014485037e-06,8.6431e-05
/opt/hostedtoolcache/Python/3.11.16/x64/lib/python3.11/unittest/mock.py,68,_is_instance_mock,4,4,8.092e-06,3.932372559804184e-06,1.1720000000000001e-05
/opt/hostedtoolcache/Python/3.11.16/x64/lib/python3.11/ssl.py,492,__new__,2,2,8.064000000000001e-06,3.918765734337734e-06,0.001498364
/opt/hostedtoolcache/Python/3.11.16/x64/lib/python3.11/importlib/resources/_common.py,59,from_package,1,1,8.054000000000001e-06,3.913906153814003e-06,0.01451378
/opt/hostedtoolcache/Python/3.11.16/x64/lib/python3.11/urllib/response.py,1,<module>,1,1,8.046e-06,3.910018489395016e-06,7.1634e-05
<frozen importlib._bootstrap_external>,1136,get_resource_reader,1,1,8.045e-06,3.9095325313426426e-06,0.014465080000000002
/opt/hostedtoolcache/Python/3.11.16/x64/lib/python3.11/uuid.py,721,uuid4,1,1,7.924e-06,3.850731607005482e-06,3.1328e-05
~,0,<method 'seek' of '_io.BufferedReader' objects>,4,4,7.916e-06,3.846843942586496e-06,7.916e-06
/opt/hostedtoolcache/Python/3.11.16/x64/lib/python3.11/fractions.py,500,_div,1,1,7.915000000000001e-06,3.846357984534123e-06,1.5379e-05
/opt/hostedtoolcache/Python/3.11.16/x64/lib/python3.11/socket.py,220,__init__,2,2,7.875e-06,3.8269196624391935e-06,7.875e-06
/opt/hostedtoolcache/Python/3.11.16/x64/lib/python3.11/site-packages/certifi/__init__.py,1,<module>,1,1,7.765000000000001e-06,3.7734642766781384e-06,0.008143230000000001
/opt/hostedtoolcache/Python/3.11.16/x64/lib/python3.11/argparse.py,1603,_get_handler,3,3,7.757e-06,3.7695766122591524e-06,1.2074e-05
/opt/hostedtoolcache/Python/3.11.16/x64/lib/python3.11/fractions.py,369,reverse,1,1,7.755000000000001e-06,3.7686046961544064e-06,6.2086e-05
/opt/hostedtoolcache/Python/3.11.16/x64/lib/python3.11/tempfile.py,230,_get_candidate_names,1,1,7.746e-06,3.7642310736830464e-06,1.037e-05
/opt/hostedtoolcache/Python/3.11.16/x64/lib/python3.11/random.py,235,_randbelow_with_getrandbits,1,1,7.665e-06,3.724868471440815e-06,2.0719000000000003e-05
/opt/hostedtoolcache/Python/3.11.16/x64/lib/python3.11/selectors.py,365,unregister,1,1,7.665e-06,3.724868471440815e-06,2.1651e-05
/opt/hostedtoolcache/Python/3.11.16/x64/lib/python3.11/encodings/utf_8.py,33,getregentry,1,1,7.665e-06,3.724868471440815e-06,1.4197000000000001e-05
<frozen runpy>,65,_run_code,1,1,7.645e-06,3.715149310393351e-06,152.11163536400002
/opt/hostedtoolcache/Python/3.11.16/x64/lib/python3.11/zipfile.py,363,ZipInfo,1,1,7.634e-06,3.7098037718172448e-06,7.634e-06
~,0,<method '__init_subclass__' of 'object' objects>,8,8,7.6230000000000005e-06,3.7044582332411395e-06,7.6230000000000005e-06
/opt/hostedtoolcache/Python/3.11.16/x64/lib/python3.11/importlib/resources/_common.py,47,get_package,1,1,7.615000000000001e-06,3.7005705688221536e-06,5.0134000000000005e-05
/opt/hostedtoolcache/Python/3.11.16/x64/lib/python3.11/warnings.py,182,_add_filter,1,1,7.6060000000000005e-06,3.6961969463507945e-06,1.1462000000000001e-05
/opt/hostedtoolcache/Python/3.11.16/x64/lib/python3.11/logging/__init__.py,795,__init__,7,7,7.574000000000001e-06,3.6806462886748512e-06,7.574000000000001e-06
/home/runner/work/_temp/scanner-verification-il7_c53e/first_hybrid/tiktok_worker_scanner.py,1253,AsyncRequestGate,1,1,7.564000000000001e-06,3.675786708151119e-06,4.0696000000000005e-05
/opt/hostedtoolcache/Python/3.11.16/x64/lib/python3.11/email/base64mime.py,1,<module>,1,1,7.554000000000001e-06,3.6709271276273864e-06,7.554000000000001e-06
/opt/hostedtoolcache/Python/3.11.16/x64/lib/python3.11/datetime.py,573,timedelta,1,1,7.494000000000001e-06,3.641769644484993e-06,7.494000000000001e-06
/opt/hostedtoolcache/Python/3.11.16/x64/lib/python3.11/asyncio/events.py,686,set_event_loop,2,2,7.485e-06,3.6373960220136333e-06,8.466e-06
/opt/hostedtoolcache/Python/3.11.16/x64/lib/python3.11/platform.py,778,uname_result,1,1,7.464000000000001e-06,3.6271909029137957e-06,1.0099000000000001e-05
/opt/hostedtoolcache/Python/3.11.16/x64/lib/python3.11/warnings.py,467,__enter__,1,1,7.454e-06,3.6223313223900633e-06,8.667e-06
/opt/hostedtoolcache/Python/3.11.16/x64/lib/python3.11/quopri.py,1,<module>,1,1,7.454e-06,3.6223313223900633e-06,7.454e-06
/home/runner/work/_temp/scanner-verification-il7_c53e/first_hybrid/report_generator.py,206,<dictcomp>,1,1,7.384000000000001e-06,3.5883142587239373e-06,7.384000000000001e-06
/home/runner/work/_temp/scanner-verification-il7_c53e/first_hybrid/tiktok_worker_scanner.py,1536,<listcomp>,1,1,7.384000000000001e-06,3.5883142587239373e-06,0.000143127
/opt/hostedtoolcache/Python/3.11.16/x64/lib/python3.11/tempfile.py,143,rng,1,1,7.374e-06,3.583454678200205e-06,4.2149000000000006e-05
~,0,<method 'rfind' of 'bytes' objects>,2,2,7.243000000000001e-06,3.5197941733393118e-06,7.243000000000001e-06
/opt/hostedtoolcache/Python/3.11.16/x64/lib/python3.11/statistics.py,549,median,1,1,7.214000000000001e-06,3.5057013898204882e-06,0.000372886
/opt/hostedtoolcache/Python/3.11.16/x64/lib/python3.11/typing.py,2443,get_origin,1,1,7.193e-06,3.49549627072065e-06,1.1481e-05
~,0,<built-in method _functools.reduce>,1,1,7.1540000000000005e-06,3.4765439066780942e-06,9.127000000000001e-06
~,0,<built-in method math.floor>,8,8,7.145e-06,3.472170284206735e-06,7.145e-06
~,0,<built-in method _hashlib.openssl_sha3_224>,1,1,7.133e-06,3.466338787578256e-06,7.133e-06
/opt/hostedtoolcache/Python/3.11.16/x64/lib/python3.11/selectors.py,234,register,1,1,7.122000000000001e-06,3.460993249002151e-06,1.5669000000000002e-05
/opt/hostedtoolcache/Python/3.11.16/x64/lib/python3.11/warnings.py,166,simplefilter,1,1,7.053e-06,3.4274621433883974e-06,1.9436e-05
~,0,<built-in method time.get_clock_info>,1,1,7.053e-06,3.4274621433883974e-06,7.053e-06
/opt/hostedtoolcache/Python/3.11.16/x64/lib/python3.11/pathlib.py,440,__getitem__,1,1,7.043e-06,3.4226025628646655e-06,2.3333000000000002e-05
/opt/hostedtoolcache/Python/3.11.16/x64/lib/python3.11/concurrent/futures/thread.py,118,ThreadPoolExecutor,1,1,7.043e-06,3.4226025628646655e-06,7.043e-06
/opt/hostedtoolcache/Python/3.11.16/x64/lib/python3.11/enum.py,360,__init__,2,2,7.043e-06,3.4226025628646655e-06,7.043e-06
/opt/hostedtoolcache/Python/3.11.16/x64/lib/python3.11/socket.py,495,_real_close,2,2,7.0420000000000005e-06,3.4221166048122926e-06,2.148e-05
/opt/hostedtoolcache/Python/3.11.16/x64/lib/python3.11/argparse.py,2076,consume_positionals,1,1,7.012000000000001e-06,3.407537863241096e-06,1.1711e-05
/opt/hostedtoolcache/Python/3.11.16/x64/lib/python3.11/site-packages/httpx/_config.py,173,__init__,5,5,7.0030000000000005e-06,3.4031642407697363e-06,7.0030000000000005e-06
/opt/hostedtoolcache/Python/3.11.16/x64/lib/python3.11/encodings/utf_8_sig.py,121,getregentry,1,1,6.983000000000001e-06,3.393445079722272e-06,1.3305e-05
/opt/hostedtoolcache/Python/3.11.16/x64/lib/python3.11/site-packages/httpx/_urls.py,420,QueryParams,1,1,6.973000000000001e-06,3.3885854991985395e-06,6.973000000000001e-06
/opt/hostedtoolcache/Python/3.11.16/x64/lib/python3.11/datetime.py,51,_days_in_month,5,5,6.954000000000001e-06,3.3793522962034484e-06,6.954000000000001e-06
/home/runner/work/_temp/scanner-verification-il7_c53e/final/tests/benchmark_hybrid.py,110,<dictcomp>,2,2,6.9520000000000005e-06,3.378380380098702e-06,6.9520000000000005e-06
/opt/hostedtoolcache/Python/3.11.16/x64/lib/python3.11/site-packages/httpx/_auth.py,175,DigestAuth,1,1,6.9130000000000006e-06,3.3594280160561455e-06,6.9130000000000006e-06
/opt/hostedtoolcache/Python/3.11.16/x64/lib/python3.11/asyncio/base_events.py,578,_do_shutdown,1,1,6.893000000000001e-06,3.349708855008681e-06,0.00021441
/home/runner/work/_temp/scanner-verification-il7_c53e/first_hybrid/tiktok_worker_scanner.py,1000,ProxyConfig,1,1,6.892e-06,3.3492228969563075e-06,1.5368000000000003e-05
/opt/hostedtoolcache/Python/3.11.16/x64/lib/python3.11/platform.py,161,libc_ver,1,1,6.832000000000001e-06,3.3200654138139144e-06,1.2052e-05
/opt/hostedtoolcache/Python/3.11.16/x64/lib/python3.11/urllib/request.py,1699,URLopener,1,1,6.822e-06,3.315205833290181e-06,6.822e-06
/opt/hostedtoolcache/Python/3.11.16/x64/lib/python3.11/importlib/resources/abc.py,131,TraversableResources,1,1,6.813000000000001e-06,3.3108322108188224e-06,0.000115686
/opt/hostedtoolcache/Python/3.11.16/x64/lib/python3.11/importlib/resources/readers.py,16,__init__,1,1,6.783e-06,3.2962534692476256e-06,9.7873e-05
/opt/hostedtoolcache/Python/3.11.16/x64/lib/python3.11/email/iterators.py,1,<module>,1,1,6.774000000000001e-06,3.2918798467762665e-06,9.238e-06
/opt/hostedtoolcache/Python/3.11.16/x64/lib/python3.11/argparse.py,1873,parse_args,1,1,6.7430000000000005e-06,3.2768151471526964e-06,0.000700898
~,0,<method 'count' of 'list' objects>,6,6,6.673e-06,3.24279808348657e-06,6.673e-06
/opt/hostedtoolcache/Python/3.11.16/x64/lib/python3.11/functools.py,724,<listcomp>,7,7,6.663e-06,3.237938502962838e-06,6.663e-06
/opt/hostedtoolcache/Python/3.11.16/x64/lib/python3.11/tempfile.py,857,TemporaryDirectory,1,1,6.662000000000001e-06,3.2374525449104644e-06,6.662000000000001e-06
/home/runner/work/_temp/scanner-verification-il7_c53e/first_hybrid/tiktok_worker_scanner.py,3560,advance_phase,1,1,6.642e-06,3.2277333838629996e-06,2.0679e-05
/opt/hostedtoolcache/Python/3.11.16/x64/lib/python3.11/functools.py,904,wrapper,1,1,6.632e-06,3.2228738033392676e-06,0.000329925
/opt/hostedtoolcache/Python/3.11.16/x64/lib/python3.11/email/_policybase.py,279,Compat32,1,1,6.592000000000001e-06,3.2034354812443385e-06,6.592000000000001e-06
/opt/hostedtoolcache/Python/3.11.16/x64/lib/python3.11/datetime.py,2313,_create,3,3,6.5630000000000005e-06,3.189342697725515e-06,9.288e-06
/opt/hostedtoolcache/Python/3.11.16/x64/lib/python3.11/site-packages/httpx/_exceptions.py,340,ResponseNotRead,1,1,6.552e-06,3.183997159149409e-06,6.552e-06
/opt/hostedtoolcache/Python/3.11.16/x64/lib/python3.11/argparse.py,987,__init__,2,2,6.542e-06,3.179137578625677e-06,1.7212e-05
/home/runner/work/_temp/scanner-verification-il7_c53e/first_hybrid/tiktok_worker_scanner.py,3329,close,1,1,6.522e-06,3.169418417578212e-06,0.0027591530000000003
/opt/hostedtoolcache/Python/3.11.16/x64/lib/python3.11/email/header.py,175,Header,1,1,6.492000000000001e-06,3.1548396760070153e-06,6.492000000000001e-06
~,0,<built-in method _hashlib.openssl_sha1>,1,1,6.442e-06,3.1305417733883538e-06,6.442e-06
/opt/hostedtoolcache/Python/3.11.16/x64/lib/python3.11/socket.py,499,close,2,2,6.3320000000000005e-06,3.0770863876272986e-06,2.7812e-05
<frozen os>,818,fsdecode,2,2,6.3100000000000006e-06,3.0663953104750873e-06,9.968e-06
/opt/hostedtoolcache/Python/3.11.16/x64/lib/python3.11/argparse.py,2557,_check_value,6,6,6.292e-06,3.057648065532369e-06,6.292e-06
/opt/hostedtoolcache/Python/3.11.16/x64/lib/python3.11/unittest/mock.py,332,_get,3,3,6.282e-06,3.0527884850086366e-06,1.0840000000000001e-05
/opt/hostedtoolcache/Python/3.11.16/x64/lib/python3.11/asyncio/locks.py,229,__init__,1,1,6.272e-06,3.0479289044849047e-06,7.985e-06
/opt/hostedtoolcache/Python/3.11.16/x64/lib/python3.11/contextlib.py,403,__exit__,1,1,6.262e-06,3.0430693239611723e-06,9.408e-06
<frozen _collections_abc>,315,__subclasshook__,6,6,6.212e-06,3.0187714213425107e-06,6.212e-06
/opt/hostedtoolcache/Python/3.11.16/x64/lib/python3.11/enum.py,965,_find_data_repr_,2,2,6.211e-06,3.0182854632901374e-06,7.945000000000001e-06
/opt/hostedtoolcache/Python/3.11.16/x64/lib/python3.11/asyncio/runners.py,62,__exit__,1,1,6.172e-06,2.9993330992475815e-06,0.001117666
/opt/hostedtoolcache/Python/3.11.16/x64/lib/python3.11/asyncio/events.py,762,get_event_loop_policy,3,3,6.171000000000001e-06,2.9988471411952083e-06,4.308e-05
/opt/hostedtoolcache/Python/3.11.16/x64/lib/python3.11/subprocess.py,1135,_get_devnull,1,1,6.171000000000001e-06,2.9988471411952083e-06,1.6040000000000002e-05
/opt/hostedtoolcache/Python/3.11.16/x64/lib/python3.11/typing.py,506,__getitem__,1,1,6.142000000000001e-06,2.9847543576763847e-06,0.0005552160000000001
<frozen posixpath>,140,basename,1,1,6.121e-06,2.9745492385765467e-06,1.1382e-05
/opt/hostedtoolcache/Python/3.11.16/x64/lib/python3.11/unittest/mock.py,585,__set_side_effect,1,1,6.1010000000000005e-06,2.964830077529082e-06,2.6810000000000003e-05
/opt/hostedtoolcache/Python/3.11.16/x64/lib/python3.11/unittest/mock.py,1085,_try_iter,1,1,6.083e-06,2.9560828325863636e-06,1.8625000000000002e-05
/opt/hostedtoolcache/Python/3.11.16/x64/lib/python3.11/json/__init__.py,274,load,1,1,6.0720000000000005e-06,2.950737294010258e-06,5.6706e-05
/opt/hostedtoolcache/Python/3.11.16/x64/lib/python3.11/site-packages/httpx/_urls.py,282,raw_path,2,2,6.01e-06,2.9206078947631175e-06,8.425e-06
/opt/hostedtoolcache/Python/3.11.16/x64/lib/python3.11/unittest/mock.py,74,_is_exception,2,2,6.01e-06,2.9206078947631175e-06,9.567e-06
/opt/hostedtoolcache/Python/3.11.16/x64/lib/python3.11/platform.py,772,_unknown_as_blank,6,6,6.001000000000001e-06,2.916234272291759e-06,6.001000000000001e-06
/opt/hostedtoolcache/Python/3.11.16/x64/lib/python3.11/site-packages/httpx/_transports/default.py,135,HTTPTransport,1,1,5.981e-06,2.906515111244294e-06,5.981e-06
/opt/hostedtoolcache/Python/3.11.16/x64/lib/python3.11/datetime.py,545,_check_tzinfo_arg,5,5,5.981e-06,2.906515111244294e-06,6.8330000000000005e-06
/opt/hostedtoolcache/Python/3.11.16/x64/lib/python3.11/importlib/resources/_adapters.py,165,wrap_spec,2,2,5.972000000000001e-06,2.9021414887729356e-06,1.4117e-05
/opt/hostedtoolcache/Python/3.11.16/x64/lib/python3.11/importlib/resources/_adapters.py,12,__init__,2,2,5.971e-06,2.901655530720562e-06,8.145e-06
/home/runner/work/_temp/scanner-verification-il7_c53e/first_hybrid/tiktok_worker_scanner.py,3606,all_complete,1,1,5.92e-06,2.8768716700495267e-06,0.000217445
/opt/hostedtoolcache/Python/3.11.16/x64/lib/python3.11/contextlib.py,398,__enter__,1,1,5.891e-06,2.862778886530703e-06,9.367e-06
/opt/hostedtoolcache/Python/3.11.16/x64/lib/python3.11/unittest/mock.py,1127,_mock_call,1,1,5.881e-06,2.8579193060069712e-06,0.003309092
/opt/hostedtoolcache/Python/3.11.16/x64/lib/python3.11/site-packages/idna/intranges.py,1,<module>,1,1,5.871e-06,2.853059725483239e-06,5.871e-06
/opt/hostedtoolcache/Python/3.11.16/x64/lib/python3.11/asyncio/runners.py,58,__enter__,1,1,5.850000000000001e-06,2.842854606383401e-06,0.000396168
/home/runner/work/_temp/scanner-verification-il7_c53e/first_hybrid/tiktok_worker_scanner.py,573,SuccessRecorder,1,1,5.8410000000000005e-06,2.838480983912042e-06,5.8410000000000005e-06
/opt/hostedtoolcache/Python/3.11.16/x64/lib/python3.11/asyncio/locks.py,346,__init__,4,4,5.7800000000000006e-06,2.808837542717275e-06,5.7800000000000006e-06
/home/runner/work/_temp/scanner-verification-il7_c53e/first_hybrid/hybrid_backend.py,48,BackendGate,1,1,5.771e-06,2.8044639202459157e-06,3.9454000000000005e-05
~,0,<built-in method sys.audit>,5,5,5.771e-06,2.8044639202459157e-06,5.771e-06
/opt/hostedtoolcache/Python/3.11.16/x64/lib/python3.11/asyncio/coroutines.py,11,_is_debug_mode,1,1,5.761e-06,2.7996043397221837e-06,2.4035000000000003e-05
<frozen runpy>,60,__exit__,1,1,5.761e-06,2.7996043397221837e-06,5.761e-06
/opt/hostedtoolcache/Python/3.11.16/x64/lib/python3.11/inspect.py,449,isawaitable,1,1,5.7510000000000005e-06,2.7947447591984513e-06,4.3601000000000005e-05
/opt/hostedtoolcache/Python/3.11.16/x64/lib/python3.11/site-packages/httpx/_client.py,162,BoundAsyncStream,1,1,5.72e-06,2.779680059574881e-06,5.72e-06
/home/runner/work/_temp/scanner-verification-il7_c53e/first_hybrid/scan_statistics.py,85,stop,1,1,5.682e-06,2.761213653584698e-06,2.1952000000000003e-05
/home/runner/work/_temp/scanner-verification-il7_c53e/first_hybrid/avatar_cache.py,189,close,1,1,5.680000000000001e-06,2.7602417374799517e-06,7.5940000000000005e-06
/opt/hostedtoolcache/Python/3.11.16/x64/lib/python3.11/subprocess.py,1961,_handle_exitstatus,1,1,5.670000000000001e-06,2.7553821569562197e-06,7.734e-06
/opt/hostedtoolcache/Python/3.11.16/x64/lib/python3.11/datetime.py,765,__neg__,2,2,5.66e-06,2.750522576432487e-06,0.00010911300000000001
/opt/hostedtoolcache/Python/3.11.16/x64/lib/python3.11/weakref.py,289,update,1,1,5.64e-06,2.7408034153850225e-06,8.576e-06
<frozen _collections_abc>,933,clear,1,1,5.561000000000001e-06,2.702412729247537e-06,1.1552e-05
/opt/hostedtoolcache/Python/3.11.16/x64/lib/python3.11/tempfile.py,115,_sanitize_params,1,1,5.551000000000001e-06,2.6975531487238054e-06,6.926e-05
/home/runner/work/_temp/scanner-verification-il7_c53e/first_hybrid/tiktok_worker_scanner.py,1173,ProxyState,1,1,5.5200000000000005e-06,2.682488449100235e-06,1.039e-05
/opt/hostedtoolcache/Python/3.11.16/x64/lib/python3.11/logging/__init__.py,1467,debug,1,1,5.5200000000000005e-06,2.682488449100235e-06,2.9315000000000003e-05
/opt/hostedtoolcache/Python/3.11.16/x64/lib/python3.11/argparse.py,964,__init__,2,2,5.510000000000001e-06,2.6776288685765026e-06,1.0670000000000001e-05
/home/runner/work/_temp/scanner-verification-il7_c53e/first_hybrid/hybrid_backend.py,311,HybridClient,1,1,5.48e-06,2.6630501270053054e-06,5.48e-06
/home/runner/work/_temp/scanner-verification-il7_c53e/first_hybrid/backend_metrics.py,12,<dictcomp>,1,1,5.47e-06,2.658190546481573e-06,1.4968000000000001e-05
~,0,<method 'tolist' of 'memoryview' objects>,2,2,5.451e-06,2.6489573434864814e-06,5.451e-06
/opt/hostedtoolcache/Python/3.11.16/x64/lib/python3.11/weakref.py,369,remove,3,3,5.441e-06,2.6440977629627495e-06,5.441e-06
/opt/hostedtoolcache/Python/3.11.16/x64/lib/python3.11/importlib/resources/_common.py,42,resolve,1,1,5.411e-06,2.6295190213915527e-06,3.1529e-05
/opt/hostedtoolcache/Python/3.11.16/x64/lib/python3.11/mimetypes.py,64,MimeTypes,1,1,5.3790000000000005e-06,2.613968363715609e-06,5.3790000000000005e-06
/home/runner/work/_temp/scanner-verification-il7_c53e/first_hybrid/backend_metrics.py,9,BackendMetrics,1,1,5.3400000000000005e-06,2.5950159996730535e-06,3.8702e-05
/home/runner/work/_temp/scanner-verification-il7_c53e/first_hybrid/tiktok_worker_scanner.py,1190,__init__,1,1,5.2990000000000004e-06,2.5750917195257507e-06,6.532e-06
~,0,<method 'union' of 'set' objects>,3,3,5.259e-06,2.5556533974308215e-06,5.259e-06
/opt/hostedtoolcache/Python/3.11.16/x64/lib/python3.11/importlib/resources/_adapters.py,28,get_resource_reader,1,1,5.2500000000000006e-06,2.5512797749594627e-06,0.014495786
/opt/hostedtoolcache/Python/3.11.16/x64/lib/python3.11/importlib/resources/_adapters.py,151,_native,1,1,5.22e-06,2.5367010333882655e-06,0.014489234
/opt/hostedtoolcache/Python/3.11.16/x64/lib/python3.11/datetime.py,1280,IsoCalendarDate,1,1,5.189000000000001e-06,2.5216363337646955e-06,5.189000000000001e-06
/opt/hostedtoolcache/Python/3.11.16/x64/lib/python3.11/subprocess.py,1233,poll,1,1,5.181e-06,2.517748669345709e-06,6.312000000000001e-06
/opt/hostedtoolcache/Python/3.11.16/x64/lib/python3.11/site-packages/httpx/_models.py,382,Request,1,1,5.18e-06,2.5172627112933364e-06,5.18e-06
/home/runner/work/_temp/scanner-verification-il7_c53e/first_hybrid/tiktok_worker_scanner.py,1499,start_avatar_backfill,1,1,5.169e-06,2.5119171727172307e-06,4.2539e-05
/opt/hostedtoolcache/Python/3.11.16/x64/lib/python3.11/asyncio/events.py,693,new_event_loop,1,1,5.151e-06,2.5031699277745124e-06,0.00031900600000000004
/opt/hostedtoolcache/Python/3.11.16/x64/lib/python3.11/importlib/__init__.py,108,import_module,1,1,5.139e-06,2.497338431146034e-06,2.5036000000000002e-05
/opt/hostedtoolcache/Python/3.11.16/x64/lib/python3.11/threading.py,1516,_register_atexit,1,1,5.13e-06,2.4929648086746744e-06,6.142000000000001e-06
~,0,<method 'mro' of 'type' objects>,5,5,5.1190000000000005e-06,2.487619270098569e-06,5.1190000000000005e-06
/opt/hostedtoolcache/Python/3.11.16/x64/lib/python3.11/secrets.py,26,randbelow,1,1,5.11e-06,2.4832456476272104e-06,2.5829000000000003e-05
/home/runner/work/_temp/scanner-verification-il7_c53e/first_hybrid/tiktok_worker_scanner.py,1187,ProxyPool,1,1,5.09e-06,2.473526486579745e-06,5.09e-06
~,0,<method 'union' of 'frozenset' objects>,1,1,5.079e-06,2.46818094800364e-06,5.079e-06
/opt/hostedtoolcache/Python/3.11.16/x64/lib/python3.11/asyncio/events.py,808,new_event_loop,1,1,5.038000000000001e-06,2.448256667856338e-06,0.00036469000000000003
/opt/hostedtoolcache/Python/3.11.16/x64/lib/python3.11/importlib/resources/_common.py,17,files,1,1,5.0290000000000005e-06,2.4438830453849784e-06,0.014568943
/opt/hostedtoolcache/Python/3.11.16/x64/lib/python3.11/zipfile.py,2274,CompleteDirs,1,1,5.0290000000000005e-06,2.4438830453849784e-06,5.0290000000000005e-06
/opt/hostedtoolcache/Python/3.11.16/x64/lib/python3.11/subprocess.py,2008,_try_wait,1,1,5.01e-06,2.434649842389887e-06,2.0138000000000003e-05
/opt/hostedtoolcache/Python/3.11.16/x64/lib/python3.11/random.py,800,getrandbits,1,1,4.989e-06,2.4244447232900492e-06,1.2002000000000001e-05
~,0,<method 'register' of 'select.epoll' objects>,1,1,4.989e-06,2.4244447232900492e-06,4.989e-06
/opt/hostedtoolcache/Python/3.11.16/x64/lib/python3.11/asyncio/unix_events.py,63,__init__,1,1,4.979e-06,2.419585142766317e-06,0.00031385500000000004
/home/runner/work/_temp/scanner-verification-il7_c53e/first_hybrid/tiktok_worker_scanner.py,1129,configured_proxy_path,1,1,4.949e-06,2.40500640119512e-06,1.8715e-05
/opt/hostedtoolcache/Python/3.11.16/x64/lib/python3.11/selectors.py,268,close,1,1,4.93e-06,2.3957731982000285e-06,6.192e-06
/home/runner/work/_temp/scanner-verification-il7_c53e/first_hybrid/tiktok_worker_scanner.py,268,ProfileProcessResult,1,1,4.911e-06,2.386539995204937e-06,9.468e-06
/opt/hostedtoolcache/Python/3.11.16/x64/lib/python3.11/asyncio/runners.py,49,__init__,1,1,4.9100000000000004e-06,2.3860540371525637e-06,4.9100000000000004e-06
~,0,<built-in method _signal.signal>,2,2,4.899e-06,2.3807084985764585e-06,4.899e-06
/opt/hostedtoolcache/Python/3.11.16/x64/lib/python3.11/unittest/mock.py,337,_set,3,3,4.890000000000001e-06,2.3763348761050993e-06,4.890000000000001e-06
/opt/hostedtoolcache/Python/3.11.16/x64/lib/python3.11/asyncio/events.py,667,__init__,1,1,4.889e-06,2.375848918052726e-06,4.889e-06
/opt/hostedtoolcache/Python/3.11.16/x64/lib/python3.11/dataclasses.py,842,_hash_set_none,5,5,4.886e-06,2.3743910438956064e-06,4.886e-06
/opt/hostedtoolcache/Python/3.11.16/x64/lib/python3.11/site-packages/httpx/_transports/base.py,14,BaseTransport,1,1,4.879e-06,2.3709893375289937e-06,4.879e-06
/opt/hostedtoolcache/Python/3.11.16/x64/lib/python3.11/site-packages/httpx/_config.py,72,Timeout,1,1,4.86e-06,2.361756134533902e-06,4.86e-06
/opt/hostedtoolcache/Python/3.11.16/x64/lib/python3.11/email/_parseaddr.py,211,AddrlistClass,1,1,4.809e-06,2.3369722738628673e-06,4.809e-06
/opt/hostedtoolcache/Python/3.11.16/x64/lib/python3.11/numbers.py,267,Rational,1,1,4.748e-06,2.3073288326681005e-06,6.752000000000001e-06
~,0,<built-in method resource.getrusage>,1,1,4.739000000000001e-06,2.3029552101967418e-06,4.739000000000001e-06
/opt/hostedtoolcache/Python/3.11.16/x64/lib/python3.11/asyncio/unix_events.py,1431,__init__,1,1,4.729e-06,2.298095629673009e-06,9.618e-06
/home/runner/work/_temp/scanner-verification-il7_c53e/first_hybrid/hybrid_backend.py,332,start_avatar_backfill,1,1,4.699e-06,2.283516888101812e-06,4.7238000000000004e-05
/opt/hostedtoolcache/Python/3.11.16/x64/lib/python3.11/contextlib.py,539,_push_exit_callback,2,2,4.699e-06,2.283516888101812e-06,6.6020000000000005e-06
/opt/hostedtoolcache/Python/3.11.16/x64/lib/python3.11/functools.py,745,<listcomp>,1,1,4.698000000000001e-06,2.283030930049439e-06,6.882e-06
/opt/hostedtoolcache/Python/3.11.16/x64/lib/python3.11/enum.py,1652,_simple_enum,3,3,4.689e-06,2.2786573075780798e-06,4.689e-06
/opt/hostedtoolcache/Python/3.11.16/x64/lib/python3.11/urllib/request.py,939,AbstractBasicAuthHandler,1,1,4.68e-06,2.2742836851067206e-06,0.0018680550000000002
/opt/hostedtoolcache/Python/3.11.16/x64/lib/python3.11/argparse.py,1109,__init__,1,1,4.6790000000000004e-06,2.273797727054348e-06,8.326000000000001e-06
/opt/hostedtoolcache/Python/3.11.16/x64/lib/python3.11/http/__init__.py,6,HTTPStatus,1,1,4.638e-06,2.2538734469070454e-06,4.638e-06
~,0,<method 'unregister' of 'select.epoll' objects>,1,1,4.628e-06,2.2490138663833126e-06,4.628e-06
/opt/hostedtoolcache/Python/3.11.16/x64/lib/python3.11/urllib/parse.py,935,_byte_quoter_factory,1,1,4.619e-06,2.2446402439119534e-06,1.3766000000000002e-05
/opt/hostedtoolcache/Python/3.11.16/x64/lib/python3.11/typing.py,2916,<genexpr>,4,4,4.599e-06,2.234921082864489e-06,4.599e-06
/opt/hostedtoolcache/Python/3.11.16/x64/lib/python3.11/re/_parser.py,100,checkgroup,2,2,4.598000000000001e-06,2.2344351248121162e-06,9.648e-06
/opt/hostedtoolcache/Python/3.11.16/x64/lib/python3.11/functools.py,845,_is_valid_dispatch_type,2,2,4.5890000000000004e-06,2.2300615023407566e-06,6.603e-06
/opt/hostedtoolcache/Python/3.11.16/x64/lib/python3.11/selectors.py,209,__init__,1,1,4.549e-06,2.2106231802458275e-06,5.961e-06
/opt/hostedtoolcache/Python/3.11.16/x64/lib/python3.11/queue.py,258,_PySimpleQueue,1,1,4.539e-06,2.205763599722095e-06,4.539e-06
/opt/hostedtoolcache/Python/3.11.16/x64/lib/python3.11/pathlib.py,787,parents,1,1,4.5280000000000005e-06,2.20041806114599e-06,6.712e-06
~,0,<built-in method sys.exc_info>,2,2,4.5280000000000005e-06,2.20041806114599e-06,4.5280000000000005e-06
/opt/hostedtoolcache/Python/3.11.16/x64/lib/python3.11/weakref.py,495,popitem,1,1,4.488e-06,2.1809797390510602e-06,5.991000000000001e-06
~,0,<method 'tell' of '_io.BufferedReader' objects>,3,3,4.4480000000000004e-06,2.161541416956131e-06,4.4480000000000004e-06
/opt/hostedtoolcache/Python/3.11.16/x64/lib/python3.11/zipfile.py,833,ZipExtFile,1,1,4.429e-06,2.15230821396104e-06,4.429e-06
~,0,<method 'sort' of 'list' objects>,3,3,4.418000000000001e-06,2.1469626753849343e-06,4.418000000000001e-06
/opt/hostedtoolcache/Python/3.11.16/x64/lib/python3.11/calendar.py,71,_localized_day,1,1,4.418e-06,2.1469626753849343e-06,8.426e-06
/opt/hostedtoolcache/Python/3.11.16/x64/lib/python3.11/importlib/resources/_adapters.py,48,SpecPath,1,1,4.408e-06,2.142103094861202e-06,4.408e-06
/opt/hostedtoolcache/Python/3.11.16/x64/lib/python3.11/calendar.py,548,different_locale,1,1,4.369e-06,2.123150730818646e-06,4.369e-06
~,0,<built-in method sys.get_asyncgen_hooks>,3,3,4.359e-06,2.1182911502949136e-06,4.359e-06
/opt/hostedtoolcache/Python/3.11.16/x64/lib/python3.11/subprocess.py,1092,__exit__,1,1,4.339e-06,2.108571989247449e-06,9.257000000000001e-06
/opt/hostedtoolcache/Python/3.11.16/x64/lib/python3.11/site-packages/httpx/__version__.py,1,<module>,1,1,4.328e-06,2.1032264506713436e-06,4.328e-06
/opt/hostedtoolcache/Python/3.11.16/x64/lib/python3.11/pathlib.py,434,__len__,2,2,4.327e-06,2.1027404926189703e-06,6.151e-06
/opt/hostedtoolcache/Python/3.11.16/x64/lib/python3.11/numbers.py,283,__float__,1,1,4.3190000000000005e-06,2.0988528281999844e-06,6.202e-06
/opt/hostedtoolcache/Python/3.11.16/x64/lib/python3.11/enum.py,1374,<lambda>,4,4,4.238e-06,2.0594902259577524e-06,4.238e-06
/opt/hostedtoolcache/Python/3.11.16/x64/lib/python3.11/email/_encoded_words.py,73,_QByteMap,1,1,4.2170000000000005e-06,2.049285106857915e-06,6.321e-06
/opt/hostedtoolcache/Python/3.11.16/x64/lib/python3.11/contextlib.py,468,_exit_wrapper,2,2,4.187e-06,2.0347063652867176e-06,6.822e-06
/home/runner/work/_temp/scanner-verification-il7_c53e/first_hybrid/avatar_cache.py,137,close,2,2,4.1780000000000005e-06,2.0303327428153593e-06,4.1780000000000005e-06
/opt/hostedtoolcache/Python/3.11.16/x64/lib/python3.11/dataclasses.py,846,<listcomp>,2,2,4.1490000000000004e-06,2.0162399592965353e-06,4.1490000000000004e-06
~,0,<built-in method fromisoformat>,2,2,4.148e-06,2.0157540012441616e-06,4.148e-06
/opt/hostedtoolcache/Python/3.11.16/x64/lib/python3.11/site-packages/httpx/_exceptions.py,74,HTTPError,1,1,4.128e-06,2.0060348401966973e-06,5.631e-06
/home/runner/work/_temp/scanner-verification-il7_c53e/first_hybrid/tiktok_worker_scanner.py,408,configured_input_path,1,1,4.107000000000001e-06,1.9958297210968596e-06,1.9226000000000002e-05
/opt/hostedtoolcache/Python/3.11.16/x64/lib/python3.11/zipfile.py,813,_Tellable,1,1,4.098e-06,1.9914560986255005e-06,4.098e-06
/opt/hostedtoolcache/Python/3.11.16/x64/lib/python3.11/urllib/parse.py,850,__init__,1,1,4.068e-06,1.9768773570543033e-06,9.147e-06
/opt/hostedtoolcache/Python/3.11.16/x64/lib/python3.11/importlib/resources/_adapters.py,16,__getattr__,2,2,4.058e-06,1.972017776530571e-06,5.781e-06
/opt/hostedtoolcache/Python/3.11.16/x64/lib/python3.11/_weakrefset.py,37,__init__,1,1,4.0370000000000005e-06,1.9618126574307333e-06,4.0370000000000005e-06
/opt/hostedtoolcache/Python/3.11.16/x64/lib/python3.11/calendar.py,74,<listcomp>,1,1,4.008e-06,1.9477198739119097e-06,4.008e-06
/opt/hostedtoolcache/Python/3.11.16/x64/lib/python3.11/site-packages/httpx/_multipart.py,224,MultipartStream,1,1,3.9980000000000005e-06,1.9428602933881773e-06,3.9980000000000005e-06
/opt/hostedtoolcache/Python/3.11.16/x64/lib/python3.11/datetime.py,46,_days_before_year,3,3,3.967e-06,1.9277955937646073e-06,3.967e-06
~,0,<method 'splitlines' of 'str' objects>,2,2,3.956e-06,1.9224500551885013e-06,3.956e-06
/opt/hostedtoolcache/Python/3.11.16/x64/lib/python3.11/zipfile.py,2042,PyZipFile,1,1,3.937000000000001e-06,1.9132168521934105e-06,3.937000000000001e-06
/opt/hostedtoolcache/Python/3.11.16/x64/lib/python3.11/site-packages/httpx/_multipart.py,70,DataField,1,1,3.937000000000001e-06,1.9132168521934105e-06,3.937000000000001e-06
/opt/hostedtoolcache/Python/3.11.16/x64/lib/python3.11/urllib/request.py,1588,CacheFTPHandler,1,1,3.937000000000001e-06,1.9132168521934105e-06,3.937000000000001e-06
/opt/hostedtoolcache/Python/3.11.16/x64/lib/python3.11/typing.py,2892,<listcomp>,2,2,3.937000000000001e-06,1.9132168521934105e-06,3.937000000000001e-06
/home/runner/work/_temp/scanner-verification-il7_c53e/first_hybrid/backend_metrics.py,15,<dictcomp>,1,1,3.907e-06,1.8986381106222131e-06,1.1141e-05
/opt/hostedtoolcache/Python/3.11.16/x64/lib/python3.11/site-packages/httpx/_client.py,223,is_closed,2,2,3.868e-06,1.8796857465796572e-06,3.868e-06
/opt/hostedtoolcache/Python/3.11.16/x64/lib/python3.11/hmac.py,27,HMAC,1,1,3.8570000000000005e-06,1.8743402080035518e-06,3.8570000000000005e-06
/opt/hostedtoolcache/Python/3.11.16/x64/lib/python3.11/site-packages/httpx/_urlparse.py,158,ParseResult,1,1,3.848e-06,1.8699665855321926e-06,3.848e-06
<frozen runpy>,33,__enter__,1,1,3.827e-06,1.8597614664323546e-06,4.859e-06
<frozen runpy>,42,__exit__,1,1,3.807e-06,1.8500423053848902e-06,3.807e-06
/opt/hostedtoolcache/Python/3.11.16/x64/lib/python3.11/contextlib.py,472,__init__,2,2,3.806e-06,1.8495563473325167e-06,3.806e-06
~,0,<method 'close' of 'select.epoll' objects>,1,1,3.7870000000000003e-06,1.8403231443374256e-06,3.7870000000000003e-06
/opt/hostedtoolcache/Python/3.11.16/x64/lib/python3.11/site-packages/httpx/_models.py,1261,_CookieCompatResponse,1,1,3.7770000000000004e-06,1.8354635638136932e-06,3.7770000000000004e-06
/opt/hostedtoolcache/Python/3.11.16/x64/lib/python3.11/asyncio/base_events.py,656,stop,3,3,3.7470000000000003e-06,1.8208848222424964e-06,3.7470000000000003e-06
/opt/hostedtoolcache/Python/3.11.16/x64/lib/python3.11/unittest/mock.py,1401,get_original,1,1,3.738e-06,1.816511199771137e-06,4.619e-06
/opt/hostedtoolcache/Python/3.11.16/x64/lib/python3.11/selectors.py,247,unregister,1,1,3.678e-06,1.7873537166287433e-06,9.358000000000001e-06
/home/runner/work/_temp/scanner-verification-il7_c53e/first_hybrid/tiktok_worker_scanner.py,179,ProfileSnapshot,1,1,3.677e-06,1.78686775857637e-06,3.677e-06
/opt/hostedtoolcache/Python/3.11.16/x64/lib/python3.11/platform.py,735,_Processor,1,1,3.6580000000000004e-06,1.777634555581279e-06,3.6580000000000004e-06
/home/runner/work/_temp/scanner-verification-il7_c53e/first_hybrid/backend_metrics.py,14,<dictcomp>,1,1,3.5770000000000002e-06,1.7382719533390471e-06,3.5770000000000002e-06
/opt/hostedtoolcache/Python/3.11.16/x64/lib/python3.11/urllib/request.py,834,HTTPPasswordMgr,1,1,3.5770000000000002e-06,1.7382719533390471e-06,3.5770000000000002e-06
/opt/hostedtoolcache/Python/3.11.16/x64/lib/python3.11/site-packages/httpx/_utils.py,120,URLPattern,1,1,3.5560000000000003e-06,1.7280668342392093e-06,3.5560000000000003e-06
/opt/hostedtoolcache/Python/3.11.16/x64/lib/python3.11/concurrent/futures/thread.py,46,_WorkItem,1,1,3.537e-06,1.718833631244118e-06,3.537e-06
/home/runner/work/_temp/scanner-verification-il7_c53e/first_hybrid/tiktok_worker_scanner.py,2804,__init__,1,1,3.526e-06,1.713488092668012e-06,4.739000000000001e-06
/opt/hostedtoolcache/Python/3.11.16/x64/lib/python3.11/random.py,215,__init_subclass__,1,1,3.5060000000000004e-06,1.703768931620548e-06,3.5060000000000004e-06
/opt/hostedtoolcache/Python/3.11.16/x64/lib/python3.11/pkgutil.py,40,read_code,1,1,3.497e-06,1.6993953091491884e-06,7.1030000000000004e-06
/home/runner/work/_temp/scanner-verification-il7_c53e/first_hybrid/hybrid_backend.py,330,avatar_backfill_task,2,2,3.496e-06,1.6989093510968151e-06,3.496e-06
/opt/hostedtoolcache/Python/3.11.16/x64/lib/python3.11/asyncio/base_events.py,1957,set_debug,1,1,3.467e-06,1.6848165675779916e-06,4.699e-06
/opt/hostedtoolcache/Python/3.11.16/x64/lib/python3.11/unittest/mock.py,2518,__init__,2,2,3.4660000000000004e-06,1.6843306095256183e-06,3.4660000000000004e-06
~,0,<built-in method posix.register_at_fork>,2,2,3.457e-06,1.6799569870542592e-06,3.457e-06
/opt/hostedtoolcache/Python/3.11.16/x64/lib/python3.11/site-packages/httpx/_auth.py,22,Auth,1,1,3.456e-06,1.679471029001886e-06,3.456e-06
/opt/hostedtoolcache/Python/3.11.16/x64/lib/python3.11/typing.py,2261,runtime_checkable,1,1,3.4160000000000004e-06,1.6600327069069572e-06,4.378e-06
/opt/hostedtoolcache/Python/3.11.16/x64/lib/python3.11/contextlib.py,466,_create_cb_wrapper,2,2,3.4160000000000004e-06,1.6600327069069572e-06,3.4160000000000004e-06
/opt/hostedtoolcache/Python/3.11.16/x64/lib/python3.11/subprocess.py,481,__init__,1,1,3.407e-06,1.6556590844355978e-06,3.407e-06
~,0,<built-in method _hashlib.openssl_sha224>,1,1,3.406e-06,1.6551731263832244e-06,3.406e-06
/opt/hostedtoolcache/Python/3.11.16/x64/lib/python3.11/importlib/resources/_adapters.py,83,ChildPath,1,1,3.3760000000000004e-06,1.6405943848120276e-06,3.3760000000000004e-06
/home/runner/work/_temp/scanner-verification-il7_c53e/first_hybrid/scan_runtime.py,65,__aenter__,1,1,3.366e-06,1.6357348042882952e-06,4.4303000000000006e-05
/opt/hostedtoolcache/Python/3.11.16/x64/lib/python3.11/urllib/request.py,2144,FancyURLopener,1,1,3.3460000000000002e-06,1.6260156432408306e-06,3.3460000000000002e-06
/opt/hostedtoolcache/Python/3.11.16/x64/lib/python3.11/uuid.py,334,hex,1,1,3.306e-06,1.6065773211459014e-06,3.306e-06
/opt/hostedtoolcache/Python/3.11.16/x64/lib/python3.11/site-packages/httpx/_types.py,106,AsyncByteStream,1,1,3.306e-06,1.6065773211459014e-06,9.389500000000001e-05
/opt/hostedtoolcache/Python/3.11.16/x64/lib/python3.11/threading.py,811,_newname,1,1,3.2960000000000003e-06,1.6017177406221692e-06,3.2960000000000003e-06
/opt/hostedtoolcache/Python/3.11.16/x64/lib/python3.11/typing.py,479,__repr__,2,2,3.266e-06,1.5871389990509723e-06,3.266e-06
/opt/hostedtoolcache/Python/3.11.16/x64/lib/python3.11/site-packages/httpx/_types.py,92,SyncByteStream,1,1,3.266e-06,1.5871389990509723e-06,9.3134e-05
~,0,<method 'setblocking' of '_socket.socket' objects>,2,2,3.226e-06,1.567700676956043e-06,3.226e-06
/home/runner/work/_temp/scanner-verification-il7_c53e/first_hybrid/tiktok_worker_scanner.py,1463,<genexpr>,3,3,3.216e-06,1.5628410964323107e-06,3.216e-06
/opt/hostedtoolcache/Python/3.11.16/x64/lib/python3.11/typing.py,1676,<genexpr>,2,2,3.2060000000000003e-06,1.5579815159085785e-06,4.0996000000000005e-05
~,0,<method 'reset' of '_contextvars.ContextVar' objects>,2,2,3.2060000000000003e-06,1.5579815159085785e-06,3.2060000000000003e-06
/opt/hostedtoolcache/Python/3.11.16/x64/lib/python3.11/site-packages/httpx/_decoders.py,306,TextDecoder,1,1,3.1960000000000004e-06,1.553121935384846e-06,3.1960000000000004e-06
/opt/hostedtoolcache/Python/3.11.16/x64/lib/python3.11/argparse.py,1865,_get_positional_actions,1,1,3.1960000000000004e-06,1.553121935384846e-06,5.13e-06
~,0,<built-in method _sqlite3.register_adapter>,2,2,3.157e-06,1.53416957134229e-06,3.157e-06
~,0,<built-in method _sqlite3.register_converter>,2,2,3.147e-06,1.5293099908185578e-06,3.147e-06
/home/runner/work/_temp/scanner-verification-il7_c53e/final/tests/benchmark_hybrid.py,58,__init__,2,2,3.137e-06,1.5244504102948256e-06,3.137e-06
/opt/hostedtoolcache/Python/3.11.16/x64/lib/python3.11/enum.py,806,__members__,2,2,3.1260000000000002e-06,1.51910487171872e-06,3.1260000000000002e-06
/opt/hostedtoolcache/Python/3.11.16/x64/lib/python3.11/functools.py,861,<lambda>,1,1,3.1160000000000003e-06,1.5142452911949877e-06,5.3109e-05
/home/runner/work/_temp/scanner-verification-il7_c53e/first_hybrid/hybrid_backend.py,115,ApiBackend,1,1,3.1160000000000003e-06,1.5142452911949877e-06,3.1160000000000003e-06
~,0,<built-in method _hashlib.openssl_sha3_256>,1,1,3.1160000000000003e-06,1.5142452911949877e-06,3.1160000000000003e-06
~,0,<built-in method posix.read>,1,1,3.096e-06,1.5045261301475227e-06,3.096e-06
/opt/hostedtoolcache/Python/3.11.16/x64/lib/python3.11/argparse.py,626,<listcomp>,3,3,3.086e-06,1.4996665496237908e-06,3.086e-06
/home/runner/work/_temp/scanner-verification-il7_c53e/first_hybrid/scan_runtime.py,45,DiskLane,1,1,3.085e-06,1.4991805915714175e-06,3.085e-06
/opt/hostedtoolcache/Python/3.11.16/x64/lib/python3.11/asyncio/runners.py,193,_cancel_all_tasks,1,1,3.056e-06,1.4850878080525936e-06,5.9792000000000006e-05
~,0,<built-in method _hashlib.openssl_sha384>,1,1,3.056e-06,1.4850878080525936e-06,3.056e-06
~,0,<built-in method math.exp>,1,1,3.056e-06,1.4850878080525936e-06,3.056e-06
/opt/hostedtoolcache/Python/3.11.16/x64/lib/python3.11/warnings.py,488,__exit__,1,1,3.0550000000000004e-06,1.4846018500002207e-06,3.937000000000001e-06
/opt/hostedtoolcache/Python/3.11.16/x64/lib/python3.11/logging/__init__.py,1720,getEffectiveLevel,1,1,3.035e-06,1.4748826889527557e-06,3.035e-06
/opt/hostedtoolcache/Python/3.11.16/x64/lib/python3.11/site-packages/httpx/_transports/mock.py,16,__init__,2,2,3.0260000000000003e-06,1.470509066481397e-06,3.0260000000000003e-06
/home/runner/work/_temp/scanner-verification-il7_c53e/first_hybrid/tiktok_worker_scanner.py,820,ScanStateRecorder,1,1,3.0250000000000003e-06,1.4700231084290238e-06,3.0250000000000003e-06
/opt/hostedtoolcache/Python/3.11.16/x64/lib/python3.11/site-packages/httpx/_multipart.py,115,FileField,1,1,3.0150000000000004e-06,1.4651635279052911e-06,3.0150000000000004e-06
/opt/hostedtoolcache/Python/3.11.16/x64/lib/python3.11/enum.py,1453,<listcomp>,2,2,2.996e-06,1.4559303249101998e-06,2.996e-06
<frozen _collections_abc>,262,__subclasshook__,1,1,2.996e-06,1.4559303249101998e-06,5.420000000000001e-06
/opt/hostedtoolcache/Python/3.11.16/x64/lib/python3.11/sqlite3/dbapi2.py,48,<listcomp>,1,1,2.995e-06,1.4554443668578266e-06,2.995e-06
/home/runner/work/_temp/scanner-verification-il7_c53e/final/tests/benchmark_hybrid.py,57,MeasuredLock,1,1,2.995e-06,1.4554443668578266e-06,2.995e-06
/opt/hostedtoolcache/Python/3.11.16/x64/lib/python3.11/argparse.py,2227,_match_arguments_partial,1,1,2.966e-06,1.4413515833390028e-06,3.817e-06
<frozen _collections_abc>,113,__subclasshook__,1,1,2.965e-06,1.4408656252866296e-06,6.211e-06
/opt/hostedtoolcache/Python/3.11.16/x64/lib/python3.11/warnings.py,441,__init__,1,1,2.956e-06,1.4364920028152706e-06,2.956e-06
/opt/hostedtoolcache/Python/3.11.16/x64/lib/python3.11/subprocess.py,1120,__del__,1,1,2.9460000000000003e-06,1.4316324222915382e-06,3.968e-06
~,0,<built-in method _warnings._filters_mutated>,3,3,2.9360000000000003e-06,1.426772841767806e-06,2.9360000000000003e-06
/opt/hostedtoolcache/Python/3.11.16/x64/lib/python3.11/asyncio/queues.py,47,_init,2,2,2.9350000000000003e-06,1.4262868837154328e-06,2.9350000000000003e-06
~,0,<method 'cast' of 'memoryview' objects>,2,2,2.916e-06,1.4170536807203412e-06,2.916e-06
~,0,<built-in method _hashlib.openssl_shake_128>,1,1,2.915e-06,1.416567722667968e-06,2.915e-06
/opt/hostedtoolcache/Python/3.11.16/x64/lib/python3.11/email/feedparser.py,134,FeedParser,1,1,2.8560000000000003e-06,1.3878961975779475e-06,2.8560000000000003e-06
~,0,<built-in method _hashlib.openssl_sha3_384>,1,1,2.855e-06,1.3874102395255742e-06,2.855e-06
/opt/hostedtoolcache/Python/3.11.16/x64/lib/python3.11/site-packages/idna/core.py,70,IDNAError,1,1,2.8460000000000004e-06,1.3830366170542153e-06,2.8460000000000004e-06
/opt/hostedtoolcache/Python/3.11.16/x64/lib/python3.11/calendar.py,156,__init__,1,1,2.8350000000000004e-06,1.3776910784781099e-06,3.977e-06
/opt/hostedtoolcache/Python/3.11.16/x64/lib/python3.11/email/feedparser.py,44,BufferedSubFile,1,1,2.8350000000000004e-06,1.3776910784781099e-06,2.8350000000000004e-06
/opt/hostedtoolcache/Python/3.11.16/x64/lib/python3.11/pathlib.py,43,_is_wildcard_pattern,2,2,2.796e-06,1.3587387144355537e-06,2.796e-06
/home/runner/work/_temp/scanner-verification-il7_c53e/first_hybrid/tiktok_worker_scanner.py,3193,RunLog,1,1,2.7950000000000003e-06,1.3582527563831805e-06,2.7950000000000003e-06
~,0,<built-in method _hashlib.openssl_sha3_512>,1,1,2.786e-06,1.3538791339118213e-06,2.786e-06
/opt/hostedtoolcache/Python/3.11.16/x64/lib/python3.11/calendar.py,76,__init__,2,2,2.785e-06,1.353393175859448e-06,2.785e-06
/opt/hostedtoolcache/Python/3.11.16/x64/lib/python3.11/email/charset.py,162,Charset,1,1,2.7660000000000003e-06,1.3441599728643567e-06,2.7660000000000003e-06
/opt/hostedtoolcache/Python/3.11.16/x64/lib/python3.11/zipfile.py,1162,_ZipWriteFile,1,1,2.765e-06,1.3436740148119835e-06,2.765e-06
/home/runner/work/_temp/scanner-verification-il7_c53e/first_hybrid/avatar_cache.py,164,AvatarCache,1,1,2.765e-06,1.3436740148119835e-06,2.765e-06
/opt/hostedtoolcache/Python/3.11.16/x64/lib/python3.11/http/cookiejar.py,743,Cookie,1,1,2.765e-06,1.3436740148119835e-06,2.765e-06
/opt/hostedtoolcache/Python/3.11.16/x64/lib/python3.11/importlib/resources/_adapters.py,20,TraversableResourcesLoader,1,1,2.745e-06,1.3339548537645189e-06,2.745e-06
~,0,<built-in method _hashlib.openssl_sha512>,1,1,2.745e-06,1.3339548537645189e-06,2.745e-06
~,0,<built-in method math.log>,2,2,2.7160000000000003e-06,1.3198620702456954e-06,2.7160000000000003e-06
/opt/hostedtoolcache/Python/3.11.16/x64/lib/python3.11/email/header.py,536,_Accumulator,1,1,2.7040000000000003e-06,1.3140305736172165e-06,2.7040000000000003e-06
~,0,<built-in method _hashlib.openssl_shake_256>,1,1,2.695e-06,1.3096569511458573e-06,2.695e-06
/opt/hostedtoolcache/Python/3.11.16/x64/lib/python3.11/importlib/resources/_adapters.py,7,SpecLoaderAdapter,1,1,2.6650000000000003e-06,1.2950782095746605e-06,2.6650000000000003e-06
/opt/hostedtoolcache/Python/3.11.16/x64/lib/python3.11/urllib/request.py,426,OpenerDirector,1,1,2.655e-06,1.2902186290509281e-06,2.655e-06
~,0,<method 'index' of 'tuple' objects>,3,3,2.6540000000000003e-06,1.2897326709985551e-06,2.6540000000000003e-06
/opt/hostedtoolcache/Python/3.11.16/x64/lib/python3.11/tempfile.py,433,_TemporaryFileCloser,1,1,2.635e-06,1.2804994680034636e-06,2.635e-06
/opt/hostedtoolcache/Python/3.11.16/x64/lib/python3.11/functools.py,966,__init__,1,1,2.635e-06,1.2804994680034636e-06,2.635e-06
<frozen runpy>,28,__init__,1,1,2.595e-06,1.2610611459085344e-06,2.595e-06
/opt/hostedtoolcache/Python/3.11.16/x64/lib/python3.11/email/header.py,408,_ValueFormatter,1,1,2.5850000000000002e-06,1.2562015653848022e-06,2.5850000000000002e-06
/opt/hostedtoolcache/Python/3.11.16/x64/lib/python3.11/typing.py,2974,_namedtuple_mro_entries,2,2,2.5740000000000003e-06,1.2508560268086966e-06,2.5740000000000003e-06
/opt/hostedtoolcache/Python/3.11.16/x64/lib/python3.11/importlib/resources/_adapters.py,114,OrphanPath,1,1,2.545e-06,1.2367632432898726e-06,2.545e-06
~,0,<built-in method math.sqrt>,2,2,2.5350000000000003e-06,1.2319036627661406e-06,2.5350000000000003e-06
/opt/hostedtoolcache/Python/3.11.16/x64/lib/python3.11/http/client.py,1467,HTTPSConnection,1,1,2.5340000000000002e-06,1.2314177047137674e-06,2.5340000000000002e-06
/opt/hostedtoolcache/Python/3.11.16/x64/lib/python3.11/asyncio/base_events.py,540,shutdown_asyncgens,1,1,2.525e-06,1.227044082242408e-06,9.578e-06
/opt/hostedtoolcache/Python/3.11.16/x64/lib/python3.11/site-packages/httpx/_auth.py,126,BasicAuth,1,1,2.525e-06,1.227044082242408e-06,2.525e-06
/opt/hostedtoolcache/Python/3.11.16/x64/lib/python3.11/calendar.py,412,HTMLCalendar,1,1,2.5240000000000003e-06,1.2265581241900348e-06,2.5240000000000003e-06
/opt/hostedtoolcache/Python/3.11.16/x64/lib/python3.11/pathlib.py,757,joinpath,1,1,2.504e-06,1.2168389631425702e-06,3.3973e-05
/opt/hostedtoolcache/Python/3.11.16/x64/lib/python3.11/tempfile.py,133,_RandomNameSequence,1,1,2.4340000000000003e-06,1.1828218994764442e-06,2.4340000000000003e-06
/home/runner/work/_temp/scanner-verification-il7_c53e/first_hybrid/tiktok_worker_scanner.py,3132,ScanLock,1,1,2.424e-06,1.1779623189527118e-06,2.424e-06
~,0,<method 'total_seconds' of 'datetime.timedelta' objects>,1,1,2.415e-06,1.1735886964813527e-06,2.415e-06
/opt/hostedtoolcache/Python/3.11.16/x64/lib/python3.11/site-packages/httpx/_client.py,139,BoundSyncStream,1,1,2.415e-06,1.1735886964813527e-06,2.415e-06
/opt/hostedtoolcache/Python/3.11.16/x64/lib/python3.11/site-packages/httpx/_content.py,31,ByteStream,1,1,2.414e-06,1.1731027384289794e-06,2.414e-06
~,0,<method 'deleter' of 'property' objects>,2,2,2.414e-06,1.1731027384289794e-06,2.414e-06
/opt/hostedtoolcache/Python/3.11.16/x64/lib/python3.11/calendar.py,295,TextCalendar,1,1,2.3940000000000003e-06,1.1633835773815148e-06,2.3940000000000003e-06
/opt/hostedtoolcache/Python/3.11.16/x64/lib/python3.11/http/cookiejar.py,1776,FileCookieJar,1,1,2.385e-06,1.1590099549101557e-06,2.385e-06
/opt/hostedtoolcache/Python/3.11.16/x64/lib/python3.11/email/_policybase.py,18,_PolicyBase,1,1,2.384e-06,1.1585239968577824e-06,2.384e-06
/opt/hostedtoolcache/Python/3.11.16/x64/lib/python3.11/site-packages/idna/idnadata.py,1,<module>,1,1,2.375e-06,1.1541503743864235e-06,2.375e-06
/opt/hostedtoolcache/Python/3.11.16/x64/lib/python3.11/site-packages/httpx/_models.py,1243,_CookieCompatRequest,1,1,2.374e-06,1.1536644163340503e-06,2.374e-06
/home/runner/work/_temp/scanner-verification-il7_c53e/first_hybrid/tiktok_worker_scanner.py,709,<listcomp>,2,2,2.354e-06,1.1439452552865855e-06,2.354e-06
~,0,<built-in method posix.confstr>,1,1,2.3440000000000003e-06,1.1390856747628535e-06,2.3440000000000003e-06
~,0,<built-in method _signal.getsignal>,2,2,2.3440000000000003e-06,1.1390856747628535e-06,2.3440000000000003e-06
/opt/hostedtoolcache/Python/3.11.16/x64/lib/python3.11/urllib/response.py,68,addinfourl,1,1,2.335e-06,1.1347120522914941e-06,2.335e-06
~,0,<built-in method sys.is_finalizing>,1,1,2.335e-06,1.1347120522914941e-06,2.335e-06
/home/runner/work/_temp/scanner-verification-il7_c53e/first_hybrid/tiktok_worker_scanner.py,259,ProfileJob,1,1,2.294e-06,1.1147877721441917e-06,2.294e-06
/opt/hostedtoolcache/Python/3.11.16/x64/lib/python3.11/encodings/utf_8_sig.py,26,IncrementalEncoder,1,1,2.284e-06,1.1099281916204593e-06,2.284e-06
~,0,<built-in method resource.getrlimit>,1,1,2.2750000000000002e-06,1.1055545691491004e-06,2.2750000000000002e-06
/opt/hostedtoolcache/Python/3.11.16/x64/lib/python3.11/site-packages/httpx/_client.py,239,_get_proxy_map,2,2,2.2650000000000003e-06,1.1006949886253682e-06,2.2650000000000003e-06
/opt/hostedtoolcache/Python/3.11.16/x64/lib/python3.11/urllib/response.py,14,addbase,1,1,2.254e-06,1.0953494500492625e-06,2.254e-06
/opt/hostedtoolcache/Python/3.11.16/x64/lib/python3.11/contextlib.py,393,__init__,1,1,2.254e-06,1.0953494500492625e-06,2.254e-06
/opt/hostedtoolcache/Python/3.11.16/x64/lib/python3.11/re/_parser.py,103,checklookbehindgroup,2,2,2.245e-06,1.0909758275779034e-06,2.245e-06
/opt/hostedtoolcache/Python/3.11.16/x64/lib/python3.11/subprocess.py,268,_cleanup,1,1,2.2140000000000003e-06,1.0759111279543333e-06,2.2140000000000003e-06
/opt/hostedtoolcache/Python/3.11.16/x64/lib/python3.11/selectors.py,272,get_map,2,2,2.2140000000000003e-06,1.0759111279543333e-06,2.2140000000000003e-06
/opt/hostedtoolcache/Python/3.11.16/x64/lib/python3.11/site-packages/httpx/_auth.py,145,NetRCAuth,1,1,2.1850000000000003e-06,1.0618183444355096e-06,2.1850000000000003e-06
/opt/hostedtoolcache/Python/3.11.16/x64/lib/python3.11/functools.py,741,is_related,2,2,2.184e-06,1.0613323863831364e-06,2.184e-06
<frozen importlib._bootstrap>,1101,_sanity_check,1,1,2.184e-06,1.0613323863831364e-06,2.996e-06
/opt/hostedtoolcache/Python/3.11.16/x64/lib/python3.11/pathlib.py,427,__init__,1,1,2.184e-06,1.0613323863831364e-06,2.184e-06
/opt/hostedtoolcache/Python/3.11.16/x64/lib/python3.11/importlib/resources/_adapters.py,25,__init__,2,2,2.1740000000000003e-06,1.0564728058594042e-06,2.1740000000000003e-06
/opt/hostedtoolcache/Python/3.11.16/x64/lib/python3.11/site-packages/httpx/_config.py,201,Proxy,1,1,2.1740000000000003e-06,1.0564728058594042e-06,2.1740000000000003e-06
/opt/hostedtoolcache/Python/3.11.16/x64/lib/python3.11/http/__init__.py,154,HTTPMethod,1,1,2.1740000000000003e-06,1.0564728058594042e-06,2.1740000000000003e-06
/opt/hostedtoolcache/Python/3.11.16/x64/lib/python3.11/email/_policybase.py,41,__init__,1,1,2.1740000000000003e-06,1.0564728058594042e-06,3.046e-06
/opt/hostedtoolcache/Python/3.11.16/x64/lib/python3.11/enum.py,794,__iter__,1,1,2.164e-06,1.0516132253356718e-06,2.164e-06
/opt/hostedtoolcache/Python/3.11.16/x64/lib/python3.11/dataclasses.py,179,__repr__,2,2,2.1630000000000003e-06,1.0511272672832985e-06,2.1630000000000003e-06
/opt/hostedtoolcache/Python/3.11.16/x64/lib/python3.11/site-packages/httpx/_client.py,445,_build_auth,2,2,2.154e-06,1.0467536448119394e-06,2.154e-06
/opt/hostedtoolcache/Python/3.11.16/x64/lib/python3.11/subprocess.py,1973,_internal_poll,2,2,2.153e-06,1.0462676867595661e-06,2.153e-06
/opt/hostedtoolcache/Python/3.11.16/x64/lib/python3.11/importlib/resources/readers.py,31,ZipReader,1,1,2.144e-06,1.0418940642882072e-06,2.144e-06
/opt/hostedtoolcache/Python/3.11.16/x64/lib/python3.11/tempfile.py,476,_TemporaryFileWrapper,1,1,2.1350000000000003e-06,1.0375204418168482e-06,2.1350000000000003e-06
/opt/hostedtoolcache/Python/3.11.16/x64/lib/python3.11/site-packages/httpx/_client.py,1412,<dictcomp>,2,2,2.1350000000000003e-06,1.0375204418168482e-06,2.1350000000000003e-06
/opt/hostedtoolcache/Python/3.11.16/x64/lib/python3.11/unittest/mock.py,1266,_check_spec_arg_typos,1,1,2.1350000000000003e-06,1.0375204418168482e-06,2.1350000000000003e-06
/opt/hostedtoolcache/Python/3.11.16/x64/lib/python3.11/site-packages/httpx/_content.py,92,UnattachedStream,1,1,2.1240000000000003e-06,1.0321749032407426e-06,2.1240000000000003e-06
/opt/hostedtoolcache/Python/3.11.16/x64/lib/python3.11/email/__init__.py,1,<module>,1,1,2.1240000000000003e-06,1.0321749032407426e-06,2.1240000000000003e-06
/opt/hostedtoolcache/Python/3.11.16/x64/lib/python3.11/urllib/request.py,1080,AbstractDigestAuthHandler,1,1,2.114e-06,1.02731532271701e-06,2.114e-06
/opt/hostedtoolcache/Python/3.11.16/x64/lib/python3.11/site-packages/httpx/_client.py,1432,_init_transport,2,2,2.1060000000000002e-06,1.0234276582980245e-06,2.1060000000000002e-06
<frozen runpy>,50,__init__,1,1,2.104e-06,1.022455742193278e-06,2.104e-06
/opt/hostedtoolcache/Python/3.11.16/x64/lib/python3.11/typing.py,2928,<listcomp>,2,2,2.0840000000000003e-06,1.0127365811458134e-06,2.0840000000000003e-06
/opt/hostedtoolcache/Python/3.11.16/x64/lib/python3.11/site-packages/httpx/_transports/base.py,85,aclose,2,2,2.074e-06,1.0078770006220808e-06,2.074e-06
/home/runner/work/_temp/scanner-verification-il7_c53e/first_hybrid/tiktok_worker_scanner.py,1937,SecretLogFilter,1,1,2.074e-06,1.0078770006220808e-06,2.074e-06
/opt/hostedtoolcache/Python/3.11.16/x64/lib/python3.11/random.py,787,SystemRandom,1,1,2.074e-06,1.0078770006220808e-06,2.074e-06
/opt/hostedtoolcache/Python/3.11.16/x64/lib/python3.11/encodings/utf_8_sig.py,49,IncrementalDecoder,1,1,2.064e-06,1.0030174200983486e-06,2.064e-06
/opt/hostedtoolcache/Python/3.11.16/x64/lib/python3.11/http/cookiejar.py,841,CookiePolicy,1,1,2.064e-06,1.0030174200983486e-06,2.064e-06
/opt/hostedtoolcache/Python/3.11.16/x64/lib/python3.11/unittest/mock.py,648,__getattr__,1,1,2.054e-06,9.981578395746162e-07,2.054e-06
/opt/hostedtoolcache/Python/3.11.16/x64/lib/python3.11/calendar.py,57,__init__,2,2,2.054e-06,9.981578395746162e-07,2.054e-06
/opt/hostedtoolcache/Python/3.11.16/x64/lib/python3.11/site-packages/httpx/_content.py,67,AsyncIteratorByteStream,1,1,2.0440000000000003e-06,9.93298259050884e-07,2.0440000000000003e-06
/opt/hostedtoolcache/Python/3.11.16/x64/lib/python3.11/datetime.py,1219,tzinfo,1,1,2.0440000000000003e-06,9.93298259050884e-07,2.0440000000000003e-06
/opt/hostedtoolcache/Python/3.11.16/x64/lib/python3.11/subprocess.py,1311,_on_error_fd_closer,2,2,2.0440000000000003e-06,9.93298259050884e-07,2.0440000000000003e-06
~,0,<method 'detach' of '_socket.socket' objects>,2,2,2.034e-06,9.884386785271516e-07,2.034e-06
/opt/hostedtoolcache/Python/3.11.16/x64/lib/python3.11/queue.py,223,PriorityQueue,1,1,2.0330000000000003e-06,9.879527204747786e-07,2.0330000000000003e-06
/opt/hostedtoolcache/Python/3.11.16/x64/lib/python3.11/email/_parseaddr.py,512,AddressList,1,1,2.024e-06,9.835790980034195e-07,2.024e-06
/home/runner/work/_temp/scanner-verification-il7_c53e/first_hybrid/backend_metrics.py,13,<dictcomp>,1,1,2.014e-06,9.78719517479687e-07,2.014e-06
~,0,<method 'copy' of 'dict' objects>,1,1,1.9940000000000003e-06,9.690003564322225e-07,1.9940000000000003e-06
/opt/hostedtoolcache/Python/3.11.16/x64/lib/python3.11/urllib/request.py,908,HTTPPasswordMgrWithPriorAuth,1,1,1.9930000000000002e-06,9.685143983798492e-07,1.9930000000000002e-06
/home/runner/work/_temp/scanner-verification-il7_c53e/first_hybrid/tiktok_worker_scanner.py,739,<genexpr>,2,2,1.984e-06,9.6414077590849e-07,1.984e-06
/opt/hostedtoolcache/Python/3.11.16/x64/lib/python3.11/http/cookiejar.py,1859,LWPCookieJar,1,1,1.984e-06,9.6414077590849e-07,1.984e-06
/opt/hostedtoolcache/Python/3.11.16/x64/lib/python3.11/statistics.py,256,_coerce,1,1,1.973e-06,9.587952373323846e-07,1.973e-06
/home/runner/work/_temp/scanner-verification-il7_c53e/first_hybrid/tiktok_worker_scanner.py,2803,SharedScanControl,1,1,1.963e-06,9.539356568086522e-07,1.963e-06
~,0,<method 'fileno' of '_socket.socket' objects>,2,2,1.963e-06,9.539356568086522e-07,1.963e-06
/opt/hostedtoolcache/Python/3.11.16/x64/lib/python3.11/argparse.py,592,<listcomp>,1,1,1.963e-06,9.539356568086522e-07,1.963e-06
/opt/hostedtoolcache/Python/3.11.16/x64/lib/python3.11/urllib/request.py,1256,AbstractHTTPHandler,1,1,1.9540000000000003e-06,9.495620343372934e-07,1.9540000000000003e-06
/home/runner/work/_temp/scanner-verification-il7_c53e/first_hybrid/tiktok_worker_scanner.py,251,BatchResponse,1,1,1.9540000000000003e-06,9.495620343372934e-07,1.9540000000000003e-06
/opt/hostedtoolcache/Python/3.11.16/x64/lib/python3.11/site-packages/httpx/_auth.py,343,_DigestAuthChallenge,1,1,1.944e-06,9.447024538135608e-07,1.944e-06
/opt/hostedtoolcache/Python/3.11.16/x64/lib/python3.11/argparse.py,1866,<listcomp>,1,1,1.934e-06,9.398428732898286e-07,1.934e-06
~,0,<method 'pop' of 'set' objects>,2,2,1.934e-06,9.398428732898286e-07,1.934e-06
<frozen runpy>,54,__enter__,1,1,1.934e-06,9.398428732898286e-07,1.934e-06
/home/runner/work/_temp/scanner-verification-il7_c53e/first_hybrid/tiktok_worker_scanner.py,921,WorkerApiError,1,1,1.933e-06,9.393569152374553e-07,1.933e-06
/opt/hostedtoolcache/Python/3.11.16/x64/lib/python3.11/urllib/request.py,645,HTTPRedirectHandler,1,1,1.933e-06,9.393569152374553e-07,1.933e-06
/opt/hostedtoolcache/Python/3.11.16/x64/lib/python3.11/email/parser.py,16,Parser,1,1,1.933e-06,9.393569152374553e-07,1.933e-06
/opt/hostedtoolcache/Python/3.11.16/x64/lib/python3.11/urllib/request.py,1374,HTTPHandler,1,1,1.924e-06,9.349832927660963e-07,1.924e-06
/opt/hostedtoolcache/Python/3.11.16/x64/lib/python3.11/site-packages/httpx/_config.py,159,Limits,1,1,1.923e-06,9.344973347137231e-07,1.923e-06
/opt/hostedtoolcache/Python/3.11.16/x64/lib/python3.11/zipfile.py,773,_SharedFile,1,1,1.9140000000000002e-06,9.30123712242364e-07,1.9140000000000002e-06
/home/runner/work/_temp/scanner-verification-il7_c53e/first_hybrid/avatar_cache.py,122,AvatarReader,1,1,1.9140000000000002e-06,9.30123712242364e-07,1.9140000000000002e-06
/opt/hostedtoolcache/Python/3.11.16/x64/lib/python3.11/calendar.py,573,LocaleTextCalendar,1,1,1.8940000000000002e-06,9.204045511948994e-07,1.8940000000000002e-06
/home/runner/work/_temp/scanner-verification-il7_c53e/first_hybrid/tiktok_worker_scanner.py,742,<genexpr>,2,2,1.8920000000000003e-06,9.194326350901529e-07,1.8920000000000003e-06
/opt/hostedtoolcache/Python/3.11.16/x64/lib/python3.11/weakref.py,414,__getitem__,1,1,1.883e-06,9.150590126187938e-07,1.883e-06
/opt/hostedtoolcache/Python/3.11.16/x64/lib/python3.11/inspect.py,2814,__init__,1,1,1.883e-06,9.150590126187938e-07,1.883e-06
/opt/hostedtoolcache/Python/3.11.16/x64/lib/python3.11/site-packages/httpx/_decoders.py,228,ByteChunker,1,1,1.8740000000000002e-06,9.106853901474348e-07,1.8740000000000002e-06
/opt/hostedtoolcache/Python/3.11.16/x64/lib/python3.11/sqlite3/dbapi2.py,49,<listcomp>,1,1,1.8540000000000002e-06,9.009662290999701e-07,1.8540000000000002e-06
~,0,<method 'remove' of 'list' objects>,1,1,1.8430000000000002e-06,8.956206905238646e-07,1.8430000000000002e-06
/opt/hostedtoolcache/Python/3.11.16/x64/lib/python3.11/email/message.py,1202,EmailMessage,1,1,1.833e-06,8.907611100001323e-07,1.833e-06
~,0,<method 'pop' of 'collections.deque' objects>,2,2,1.833e-06,8.907611100001323e-07,1.833e-06
/opt/hostedtoolcache/Python/3.11.16/x64/lib/python3.11/unittest/mock.py,1642,<lambda>,2,2,1.813e-06,8.810419489526677e-07,1.813e-06
/home/runner/work/_temp/scanner-verification-il7_c53e/first_hybrid/direct_protocol.py,21,ProtocolError,1,1,1.7840000000000002e-06,8.669491654338441e-07,1.7840000000000002e-06
/home/runner/work/_temp/scanner-verification-il7_c53e/first_hybrid/scan_runtime.py,193,ShutdownGuard,1,1,1.7840000000000002e-06,8.669491654338441e-07,1.7840000000000002e-06
/opt/hostedtoolcache/Python/3.11.16/x64/lib/python3.11/zipfile.py,649,LZMACompressor,1,1,1.774e-06,8.620895849101117e-07,1.774e-06
/opt/hostedtoolcache/Python/3.11.16/x64/lib/python3.11/urllib/response.py,37,addclosehook,1,1,1.773e-06,8.616036268577383e-07,1.773e-06
/opt/hostedtoolcache/Python/3.11.16/x64/lib/python3.11/urllib/request.py,1474,FileHandler,1,1,1.7640000000000002e-06,8.572300043863794e-07,1.7640000000000002e-06
/home/runner/work/_temp/scanner-verification-il7_c53e/first_hybrid/scan_runtime.py,134,RetryQueue,1,1,1.763e-06,8.56744046334006e-07,1.763e-06
/opt/hostedtoolcache/Python/3.11.16/x64/lib/python3.11/site-packages/httpx/_client.py,121,<listcomp>,1,1,1.754e-06,8.52370423862647e-07,1.754e-06
/opt/hostedtoolcache/Python/3.11.16/x64/lib/python3.11/importlib/resources/readers.py,15,FileReader,1,1,1.7440000000000002e-06,8.475108433389147e-07,1.7440000000000002e-06
/opt/hostedtoolcache/Python/3.11.16/x64/lib/python3.11/http/cookiejar.py,1982,MozillaCookieJar,1,1,1.7330000000000002e-06,8.421653047628092e-07,1.7330000000000002e-06
/opt/hostedtoolcache/Python/3.11.16/x64/lib/python3.11/site-packages/httpx/_decoders.py,108,BrotliDecoder,1,1,1.7330000000000002e-06,8.421653047628092e-07,1.7330000000000002e-06
/opt/hostedtoolcache/Python/3.11.16/x64/lib/python3.11/site-packages/httpx/_decoders.py,56,DeflateDecoder,1,1,1.723e-06,8.373057242390769e-07,1.723e-06
/opt/hostedtoolcache/Python/3.11.16/x64/lib/python3.11/site-packages/httpx/_transports/base.py,65,AsyncBaseTransport,1,1,1.703e-06,8.275865631916122e-07,1.703e-06
/opt/hostedtoolcache/Python/3.11.16/x64/lib/python3.11/site-packages/httpx/_transports/wsgi.py,30,WSGIByteStream,1,1,1.6930000000000001e-06,8.2272698266788e-07,1.6930000000000001e-06
/opt/hostedtoolcache/Python/3.11.16/x64/lib/python3.11/site-packages/httpx/_exceptions.py,107,RequestError,1,1,1.6930000000000001e-06,8.2272698266788e-07,1.6930000000000001e-06
/opt/hostedtoolcache/Python/3.11.16/x64/lib/python3.11/importlib/resources/readers.py,107,NamespaceReader,1,1,1.683e-06,8.178674021441476e-07,1.683e-06
/opt/hostedtoolcache/Python/3.11.16/x64/lib/python3.11/site-packages/httpx/_auth.py,113,FunctionAuth,1,1,1.6730000000000001e-06,8.130078216204153e-07,1.6730000000000001e-06
/opt/hostedtoolcache/Python/3.11.16/x64/lib/python3.11/site-packages/httpx/_transports/default.py,121,ResponseStream,1,1,1.664e-06,8.086341991490562e-07,1.664e-06
/opt/hostedtoolcache/Python/3.11.16/x64/lib/python3.11/calendar.py,594,LocaleHTMLCalendar,1,1,1.633e-06,7.935694995254861e-07,1.633e-06
/home/runner/work/_temp/scanner-verification-il7_c53e/first_hybrid/tiktok_worker_scanner.py,3195,__init__,1,1,1.6230000000000002e-06,7.887099190017538e-07,1.6230000000000002e-06
/opt/hostedtoolcache/Python/3.11.16/x64/lib/python3.11/site-packages/httpx/_content.py,42,IteratorByteStream,1,1,1.6230000000000002e-06,7.887099190017538e-07,1.6230000000000002e-06
/opt/hostedtoolcache/Python/3.11.16/x64/lib/python3.11/http/client.py,1550,IncompleteRead,1,1,1.6230000000000002e-06,7.887099190017538e-07,1.6230000000000002e-06
/opt/hostedtoolcache/Python/3.11.16/x64/lib/python3.11/site-packages/httpx/_decoders.py,85,GZipDecoder,1,1,1.6120000000000002e-06,7.833643804256483e-07,1.6120000000000002e-06
/opt/hostedtoolcache/Python/3.11.16/x64/lib/python3.11/calendar.py,33,IllegalWeekdayError,1,1,1.593e-06,7.741311774305568e-07,1.593e-06
/home/runner/work/_temp/scanner-verification-il7_c53e/first_hybrid/tiktok_worker_scanner.py,932,InvalidWorkerResponse,1,1,1.5920000000000002e-06,7.736452193781837e-07,1.5920000000000002e-06
/opt/hostedtoolcache/Python/3.11.16/x64/lib/python3.11/urllib/request.py,1398,HTTPCookieProcessor,1,1,1.5920000000000002e-06,7.736452193781837e-07,1.5920000000000002e-06
/opt/hostedtoolcache/Python/3.11.16/x64/lib/python3.11/calendar.py,26,IllegalMonthError,1,1,1.5830000000000001e-06,7.692715969068247e-07,1.5830000000000001e-06
/opt/hostedtoolcache/Python/3.11.16/x64/lib/python3.11/email/errors.py,97,NonPrintableDefect,1,1,1.574e-06,7.648979744354655e-07,1.574e-06
/opt/hostedtoolcache/Python/3.11.16/x64/lib/python3.11/queue.py,242,LifoQueue,1,1,1.573e-06,7.644120163830923e-07,1.573e-06
/opt/hostedtoolcache/Python/3.11.16/x64/lib/python3.11/site-packages/httpx/_decoders.py,203,MultiDecoder,1,1,1.573e-06,7.644120163830923e-07,1.573e-06
/opt/hostedtoolcache/Python/3.11.16/x64/lib/python3.11/site-packages/httpx/_transports/wsgi.py,44,WSGITransport,1,1,1.573e-06,7.644120163830923e-07,1.573e-06
/opt/hostedtoolcache/Python/3.11.16/x64/lib/python3.11/urllib/request.py,605,BaseHandler,1,1,1.573e-06,7.644120163830923e-07,1.573e-06
/opt/hostedtoolcache/Python/3.11.16/x64/lib/python3.11/threading.py,1597,main_thread,1,1,1.573e-06,7.644120163830923e-07,1.573e-06
/opt/hostedtoolcache/Python/3.11.16/x64/lib/python3.11/site-packages/httpx/_transports/mock.py,15,MockTransport,1,1,1.5630000000000001e-06,7.5955243585936e-07,1.5630000000000001e-06
/opt/hostedtoolcache/Python/3.11.16/x64/lib/python3.11/site-packages/httpx/_decoders.py,36,ContentDecoder,1,1,1.5630000000000001e-06,7.5955243585936e-07,1.5630000000000001e-06
/opt/hostedtoolcache/Python/3.11.16/x64/lib/python3.11/site-packages/httpx/_transports/asgi.py,63,ASGITransport,1,1,1.5630000000000001e-06,7.5955243585936e-07,1.5630000000000001e-06
/opt/hostedtoolcache/Python/3.11.16/x64/lib/python3.11/urllib/response.py,57,addinfo,1,1,1.553e-06,7.546928553356277e-07,1.553e-06
/opt/hostedtoolcache/Python/3.11.16/x64/lib/python3.11/urllib/error.py,19,URLError,1,1,1.543e-06,7.498332748118954e-07,1.543e-06
/opt/hostedtoolcache/Python/3.11.16/x64/lib/python3.11/site-packages/httpx/_decoders.py,44,IdentityDecoder,1,1,1.5330000000000002e-06,7.449736942881631e-07,1.5330000000000002e-06
/opt/hostedtoolcache/Python/3.11.16/x64/lib/python3.11/urllib/request.py,1383,HTTPSHandler,1,1,1.5330000000000002e-06,7.449736942881631e-07,1.5330000000000002e-06
/opt/hostedtoolcache/Python/3.11.16/x64/lib/python3.11/email/feedparser.py,530,BytesFeedParser,1,1,1.5330000000000002e-06,7.449736942881631e-07,1.5330000000000002e-06
/opt/hostedtoolcache/Python/3.11.16/x64/lib/python3.11/email/parser.py,78,BytesParser,1,1,1.5320000000000001e-06,7.444877362357898e-07,1.5320000000000001e-06
/opt/hostedtoolcache/Python/3.11.16/x64/lib/python3.11/zipfile.py,44,BadZipFile,1,1,1.523e-06,7.401141137644308e-07,1.523e-06
/home/runner/work/_temp/scanner-verification-il7_c53e/first_hybrid/direct_protocol.py,49,Session,1,1,1.523e-06,7.401141137644308e-07,1.523e-06
/opt/hostedtoolcache/Python/3.11.16/x64/lib/python3.11/urllib/request.py,1226,HTTPDigestAuthHandler,1,1,1.523e-06,7.401141137644308e-07,1.523e-06
/opt/hostedtoolcache/Python/3.11.16/x64/lib/python3.11/logging/__init__.py,1319,disable,1,1,1.523e-06,7.401141137644308e-07,1.523e-06
/opt/hostedtoolcache/Python/3.11.16/x64/lib/python3.11/site-packages/httpx/_transports/asgi.py,55,ASGIResponseStream,1,1,1.522e-06,7.396281557120575e-07,1.522e-06
/opt/hostedtoolcache/Python/3.11.16/x64/lib/python3.11/http/client.py,195,HTTPMessage,1,1,1.5130000000000002e-06,7.352545332406985e-07,1.5130000000000002e-06
/opt/hostedtoolcache/Python/3.11.16/x64/lib/python3.11/zipfile.py,48,LargeZipFile,1,1,1.503e-06,7.30394952716966e-07,1.503e-06
~,0,<method 'popitem' of 'dict' objects>,1,1,1.503e-06,7.30394952716966e-07,1.503e-06
/opt/hostedtoolcache/Python/3.11.16/x64/lib/python3.11/urllib/request.py,1531,FTPHandler,1,1,1.503e-06,7.30394952716966e-07,1.503e-06
/opt/hostedtoolcache/Python/3.11.16/x64/lib/python3.11/typing.py,1720,_value_and_type_iter,1,1,1.5020000000000002e-06,7.29908994664593e-07,1.5020000000000002e-06
~,0,<built-in method _asyncio._get_event_loop>,1,1,1.492e-06,7.250494141408605e-07,1.492e-06
/opt/hostedtoolcache/Python/3.11.16/x64/lib/python3.11/email/parser.py,125,BytesHeaderParser,1,1,1.472e-06,7.153302530933959e-07,1.472e-06
/opt/hostedtoolcache/Python/3.11.16/x64/lib/python3.11/email/errors.py,37,MessageDefect,1,1,1.472e-06,7.153302530933959e-07,1.472e-06
/opt/hostedtoolcache/Python/3.11.16/x64/lib/python3.11/site-packages/httpx/_decoders.py,161,ZStandardDecoder,1,1,1.463e-06,7.109566306220368e-07,1.463e-06
/opt/hostedtoolcache/Python/3.11.16/x64/lib/python3.11/numbers.py,12,Number,1,1,1.463e-06,7.109566306220368e-07,1.463e-06
/opt/hostedtoolcache/Python/3.11.16/x64/lib/python3.11/urllib/request.py,624,HTTPErrorProcessor,1,1,1.4530000000000001e-06,7.060970500983045e-07,1.4530000000000001e-06
/home/runner/work/_temp/scanner-verification-il7_c53e/first_hybrid/tiktok_worker_scanner.py,937,ScanCancelled,1,1,1.444e-06,7.017234276269455e-07,1.444e-06
/opt/hostedtoolcache/Python/3.11.16/x64/lib/python3.11/urllib/request.py,791,ProxyHandler,1,1,1.443e-06,7.012374695745722e-07,1.443e-06
/opt/hostedtoolcache/Python/3.11.16/x64/lib/python3.11/urllib/request.py,1050,HTTPBasicAuthHandler,1,1,1.433e-06,6.963778890508399e-07,1.433e-06
/opt/hostedtoolcache/Python/3.11.16/x64/lib/python3.11/site-packages/httpx/_decoders.py,321,LineDecoder,1,1,1.432e-06,6.958919309984667e-07,1.432e-06
/opt/hostedtoolcache/Python/3.11.16/x64/lib/python3.11/site-packages/httpx/_decoders.py,267,TextChunker,1,1,1.4220000000000001e-06,6.910323504747344e-07,1.4220000000000001e-06
/opt/hostedtoolcache/Python/3.11.16/x64/lib/python3.11/site-packages/httpx/_exceptions.py,258,HTTPStatusError,1,1,1.413e-06,6.866587280033753e-07,1.413e-06
<string>,1,<module>,1,1,1.412e-06,6.86172769951002e-07,1.412e-06
/opt/hostedtoolcache/Python/3.11.16/x64/lib/python3.11/selectors.py,63,__init__,1,1,1.412e-06,6.86172769951002e-07,1.412e-06
/opt/hostedtoolcache/Python/3.11.16/x64/lib/python3.11/email/errors.py,8,MessageError,1,1,1.393e-06,6.769395669559107e-07,1.393e-06
/opt/hostedtoolcache/Python/3.11.16/x64/lib/python3.11/email/errors.py,85,HeaderDefect,1,1,1.3920000000000002e-06,6.764536089035375e-07,1.3920000000000002e-06
/opt/hostedtoolcache/Python/3.11.16/x64/lib/python3.11/functools.py,972,__set_name__,1,1,1.3920000000000002e-06,6.764536089035375e-07,1.3920000000000002e-06
/opt/hostedtoolcache/Python/3.11.16/x64/lib/python3.11/site-packages/httpx/_transports/default.py,265,AsyncResponseStream,1,1,1.3830000000000001e-06,6.720799864321784e-07,1.3830000000000001e-06
/opt/hostedtoolcache/Python/3.11.16/x64/lib/python3.11/unittest/mock.py,574,__get_side_effect,1,1,1.3630000000000001e-06,6.623608253847138e-07,1.3630000000000001e-06
/opt/hostedtoolcache/Python/3.11.16/x64/lib/python3.11/urllib/request.py,1641,DataHandler,1,1,1.353e-06,6.575012448609815e-07,1.353e-06
/home/runner/work/_temp/scanner-verification-il7_c53e/first_hybrid/tiktok_worker_scanner.py,167,ExporterError,1,1,1.3520000000000001e-06,6.570152868086082e-07,1.3520000000000001e-06
/opt/hostedtoolcache/Python/3.11.16/x64/lib/python3.11/site-packages/httpx/_exceptions.py,280,CookieConflict,1,1,1.342e-06,6.521557062848759e-07,1.342e-06
/opt/hostedtoolcache/Python/3.11.16/x64/lib/python3.11/uuid.py,78,SafeUUID,1,1,1.333e-06,6.477820838135168e-07,1.333e-06
/opt/hostedtoolcache/Python/3.11.16/x64/lib/python3.11/urllib/request.py,1061,ProxyBasicAuthHandler,1,1,1.333e-06,6.477820838135168e-07,1.333e-06
~,0,<built-in method atexit.register>,1,1,1.322e-06,6.424365452374111e-07,1.322e-06
/opt/hostedtoolcache/Python/3.11.16/x64/lib/python3.11/urllib/request.py,641,HTTPDefaultErrorHandler,1,1,1.322e-06,6.424365452374111e-07,1.322e-06
/opt/hostedtoolcache/Python/3.11.16/x64/lib/python3.11/site-packages/httpx/_exceptions.py,271,InvalidURL,1,1,1.322e-06,6.424365452374111e-07,1.322e-06
/opt/hostedtoolcache/Python/3.11.16/x64/lib/python3.11/encodings/utf_8_sig.py,85,StreamWriter,1,1,1.312e-06,6.375769647136791e-07,1.312e-06
/opt/hostedtoolcache/Python/3.11.16/x64/lib/python3.11/queue.py,23,Full,1,1,1.312e-06,6.375769647136791e-07,1.312e-06
/opt/hostedtoolcache/Python/3.11.16/x64/lib/python3.11/contextlib.py,440,__init__,1,1,1.303e-06,6.332033422423198e-07,1.303e-06
/opt/hostedtoolcache/Python/3.11.16/x64/lib/python3.11/site-packages/httpx/_exceptions.py,327,StreamClosed,1,1,1.303e-06,6.332033422423198e-07,1.303e-06
/opt/hostedtoolcache/Python/3.11.16/x64/lib/python3.11/importlib/resources/_adapters.py,143,__init__,1,1,1.302e-06,6.327173841899466e-07,1.302e-06
/opt/hostedtoolcache/Python/3.11.16/x64/lib/python3.11/site-packages/httpx/_client.py,94,UseClientDefault,1,1,1.302e-06,6.327173841899466e-07,1.302e-06
/opt/hostedtoolcache/Python/3.11.16/x64/lib/python3.11/site-packages/httpx/_exceptions.py,175,ReadError,1,1,1.292e-06,6.278578036662143e-07,1.292e-06
/opt/hostedtoolcache/Python/3.11.16/x64/lib/python3.11/encodings/utf_8_sig.py,97,StreamReader,1,1,1.283e-06,6.234841811948552e-07,1.283e-06
/opt/hostedtoolcache/Python/3.11.16/x64/lib/python3.11/statistics.py,148,StatisticsError,1,1,1.283e-06,6.234841811948552e-07,1.283e-06
/opt/hostedtoolcache/Python/3.11.16/x64/lib/python3.11/zipfile.py,672,LZMADecompressor,1,1,1.2820000000000002e-06,6.229982231424822e-07,1.2820000000000002e-06
/opt/hostedtoolcache/Python/3.11.16/x64/lib/python3.11/http/cookiejar.py,1774,LoadError,1,1,1.272e-06,6.181386426187497e-07,1.272e-06
/opt/hostedtoolcache/Python/3.11.16/x64/lib/python3.11/site-packages/httpx/_exceptions.py,309,StreamConsumed,1,1,1.272e-06,6.181386426187497e-07,1.272e-06
~,0,<method 'clear' of 'dict' objects>,1,1,1.2620000000000002e-06,6.132790620950174e-07,1.2620000000000002e-06
/opt/hostedtoolcache/Python/3.11.16/x64/lib/python3.11/urllib/error.py,70,ContentTooShortError,1,1,1.2530000000000001e-06,6.089054396236583e-07,1.2530000000000001e-06
/opt/hostedtoolcache/Python/3.11.16/x64/lib/python3.11/urllib/request.py,1416,UnknownHandler,1,1,1.2530000000000001e-06,6.089054396236583e-07,1.2530000000000001e-06
/opt/hostedtoolcache/Python/3.11.16/x64/lib/python3.11/site-packages/httpx/_exceptions.py,187,ConnectError,1,1,1.2420000000000001e-06,6.035599010475528e-07,1.2420000000000001e-06
~,0,<method 'toordinal' of 'datetime.date' objects>,1,1,1.2420000000000001e-06,6.035599010475528e-07,1.2420000000000001e-06
/opt/hostedtoolcache/Python/3.11.16/x64/lib/python3.11/urllib/request.py,1244,ProxyDigestAuthHandler,1,1,1.2420000000000001e-06,6.035599010475528e-07,1.2420000000000001e-06
/home/runner/work/_temp/scanner-verification-il7_c53e/first_hybrid/tiktok_worker_scanner.py,171,MissingDependency,1,1,1.2420000000000001e-06,6.035599010475528e-07,1.2420000000000001e-06
/home/runner/work/_temp/scanner-verification-il7_c53e/first_hybrid/tiktok_worker_scanner.py,1191,<listcomp>,1,1,1.233e-06,5.991862785761937e-07,1.233e-06
/home/runner/work/_temp/scanner-verification-il7_c53e/first_hybrid/tiktok_worker_scanner.py,175,PublicProfileRequired,1,1,1.233e-06,5.991862785761937e-07,1.233e-06
/opt/hostedtoolcache/Python/3.11.16/x64/lib/python3.11/argparse.py,1327,__init__,1,1,1.232e-06,5.987003205238205e-07,1.232e-06
/opt/hostedtoolcache/Python/3.11.16/x64/lib/python3.11/concurrent/futures/thread.py,112,BrokenThreadPool,1,1,1.223e-06,5.943266980524613e-07,1.223e-06
/opt/hostedtoolcache/Python/3.11.16/x64/lib/python3.11/site-packages/httpx/_exceptions.py,353,RequestNotRead,1,1,1.2220000000000001e-06,5.938407400000882e-07,1.2220000000000001e-06
/opt/hostedtoolcache/Python/3.11.16/x64/lib/python3.11/urllib/request.py,898,HTTPPasswordMgrWithDefaultRealm,1,1,1.213e-06,5.894671175287292e-07,1.213e-06
/opt/hostedtoolcache/Python/3.11.16/x64/lib/python3.11/site-packages/httpx/_exceptions.py,297,StreamError,1,1,1.213e-06,5.894671175287292e-07,1.213e-06
/opt/hostedtoolcache/Python/3.11.16/x64/lib/python3.11/http/client.py,1539,UnknownProtocol,1,1,1.2030000000000002e-06,5.846075370049969e-07,1.2030000000000002e-06
/opt/hostedtoolcache/Python/3.11.16/x64/lib/python3.11/site-packages/httpx/_exceptions.py,222,LocalProtocolError,1,1,1.202e-06,5.841215789526236e-07,1.202e-06
/home/runner/work/_temp/scanner-verification-il7_c53e/first_hybrid/direct_protocol.py,27,load_session,1,1,1.192e-06,5.792619984288912e-07,1.192e-06
/opt/hostedtoolcache/Python/3.11.16/x64/lib/python3.11/site-packages/httpx/_config.py,16,UnsetType,1,1,1.192e-06,5.792619984288912e-07,1.192e-06
/opt/hostedtoolcache/Python/3.11.16/x64/lib/python3.11/email/errors.py,12,MessageParseError,1,1,1.162e-06,5.646832568576943e-07,1.162e-06
~,0,<method 'clear' of 'collections.deque' objects>,1,1,1.162e-06,5.646832568576943e-07,1.162e-06
/opt/hostedtoolcache/Python/3.11.16/x64/lib/python3.11/http/cookiejar.py,1244,Absent,1,1,1.1520000000000002e-06,5.59823676333962e-07,1.1520000000000002e-06
/opt/hostedtoolcache/Python/3.11.16/x64/lib/python3.11/http/client.py,1588,RemoteDisconnected,1,1,1.1430000000000001e-06,5.55450053862603e-07,1.1430000000000001e-06
/opt/hostedtoolcache/Python/3.11.16/x64/lib/python3.11/calendar.py,162,setfirstweekday,1,1,1.142e-06,5.549640958102296e-07,1.142e-06
/opt/hostedtoolcache/Python/3.11.16/x64/lib/python3.11/http/client.py,1533,NotConnected,1,1,1.142e-06,5.549640958102296e-07,1.142e-06
/home/runner/work/_temp/scanner-verification-il7_c53e/first_hybrid/tiktok_worker_scanner.py,808,<genexpr>,1,1,1.1320000000000001e-06,5.501045152864975e-07,1.1320000000000001e-06
/opt/hostedtoolcache/Python/3.11.16/x64/lib/python3.11/site-packages/httpx/_exceptions.py,193,CloseError,1,1,1.1320000000000001e-06,5.501045152864975e-07,1.1320000000000001e-06
/opt/hostedtoolcache/Python/3.11.16/x64/lib/python3.11/site-packages/idna/core.py,110,IDNABidiError,1,1,1.1320000000000001e-06,5.501045152864975e-07,1.1320000000000001e-06
/opt/hostedtoolcache/Python/3.11.16/x64/lib/python3.11/http/client.py,1583,LineTooLong,1,1,1.1320000000000001e-06,5.501045152864975e-07,1.1320000000000001e-06
/opt/hostedtoolcache/Python/3.11.16/x64/lib/python3.11/email/errors.py,24,MultipartConversionError,1,1,1.1320000000000001e-06,5.501045152864975e-07,1.1320000000000001e-06
/opt/hostedtoolcache/Python/3.11.16/x64/lib/python3.11/site-packages/httpx/_exceptions.py,123,TransportError,1,1,1.131e-06,5.496185572341242e-07,1.131e-06
/opt/hostedtoolcache/Python/3.11.16/x64/lib/python3.11/site-packages/idna/package_data.py,1,<module>,1,1,1.122e-06,5.452449347627651e-07,1.122e-06
/opt/hostedtoolcache/Python/3.11.16/x64/lib/python3.11/http/client.py,1528,HTTPException,1,1,1.122e-06,5.452449347627651e-07,1.122e-06
/opt/hostedtoolcache/Python/3.11.16/x64/lib/python3.11/http/client.py,1564,ImproperConnectionState,1,1,1.122e-06,5.452449347627651e-07,1.122e-06
~,0,<built-in method posix.WIFSTOPPED>,1,1,1.122e-06,5.452449347627651e-07,1.122e-06
<string>,1,__create_fn__,1,1,1.1210000000000002e-06,5.447589767103919e-07,1.1210000000000002e-06
/opt/hostedtoolcache/Python/3.11.16/x64/lib/python3.11/http/client.py,1576,BadStatusLine,1,1,1.111e-06,5.398993961866595e-07,1.111e-06
/opt/hostedtoolcache/Python/3.11.16/x64/lib/python3.11/contextlib.py,446,__exit__,1,1,1.102e-06,5.355257737153005e-07,1.102e-06
/opt/hostedtoolcache/Python/3.11.16/x64/lib/python3.11/site-packages/httpx/_exceptions.py,232,RemoteProtocolError,1,1,1.102e-06,5.355257737153005e-07,1.102e-06
/opt/hostedtoolcache/Python/3.11.16/x64/lib/python3.11/contextlib.py,555,__enter__,1,1,1.092e-06,5.306661931915682e-07,1.092e-06
/opt/hostedtoolcache/Python/3.11.16/x64/lib/python3.11/email/errors.py,16,HeaderParseError,1,1,1.091e-06,5.301802351391949e-07,1.091e-06
/home/runner/work/_temp/scanner-verification-il7_c53e/first_hybrid/tiktok_worker_scanner.py,1244,<genexpr>,1,1,1.082e-06,5.258066126678359e-07,1.082e-06
/opt/hostedtoolcache/Python/3.11.16/x64/lib/python3.11/site-packages/httpx/_exceptions.py,167,NetworkError,1,1,1.082e-06,5.258066126678359e-07,1.082e-06
/opt/hostedtoolcache/Python/3.11.16/x64/lib/python3.11/site-packages/idna/core.py,114,InvalidCodepoint,1,1,1.082e-06,5.258066126678359e-07,1.082e-06
/opt/hostedtoolcache/Python/3.11.16/x64/lib/python3.11/site-packages/httpx/_exceptions.py,158,PoolTimeout,1,1,1.072e-06,5.209470321441036e-07,1.072e-06
/opt/hostedtoolcache/Python/3.11.16/x64/lib/python3.11/email/errors.py,108,ObsoleteHeaderDefect,1,1,1.072e-06,5.209470321441036e-07,1.072e-06
/home/runner/work/_temp/scanner-verification-il7_c53e/first_hybrid/report_generator.py,150,<dictcomp>,1,1,1.0620000000000002e-06,5.160874516203713e-07,1.0620000000000002e-06
/opt/hostedtoolcache/Python/3.11.16/x64/lib/python3.11/site-packages/httpx/_exceptions.py,216,ProtocolError,1,1,1.052e-06,5.11227871096639e-07,1.052e-06
/opt/hostedtoolcache/Python/3.11.16/x64/lib/python3.11/email/errors.py,94,HeaderMissingRequiredValue,1,1,1.052e-06,5.11227871096639e-07,1.052e-06
~,0,<method 'bit_length' of 'int' objects>,1,1,1.052e-06,5.11227871096639e-07,1.052e-06
/opt/hostedtoolcache/Python/3.11.16/x64/lib/python3.11/email/errors.py,51,CloseBoundaryNotFoundDefect,1,1,1.051e-06,5.107419130442657e-07,1.051e-06
/opt/hostedtoolcache/Python/3.11.16/x64/lib/python3.11/email/errors.py,68,InvalidMultipartContentTransferEncodingDefect,1,1,1.043e-06,5.068542486252798e-07,1.043e-06
/opt/hostedtoolcache/Python/3.11.16/x64/lib/python3.11/site-packages/httpx/_exceptions.py,132,TimeoutException,1,1,1.0420000000000001e-06,5.063682905729067e-07,1.0420000000000001e-06
/opt/hostedtoolcache/Python/3.11.16/x64/lib/python3.11/site-packages/httpx/_exceptions.py,181,WriteError,1,1,1.0420000000000001e-06,5.063682905729067e-07,1.0420000000000001e-06
/opt/hostedtoolcache/Python/3.11.16/x64/lib/python3.11/site-packages/httpx/_exceptions.py,208,UnsupportedProtocol,1,1,1.0420000000000001e-06,5.063682905729067e-07,1.0420000000000001e-06
/opt/hostedtoolcache/Python/3.11.16/x64/lib/python3.11/http/client.py,1536,InvalidURL,1,1,1.0420000000000001e-06,5.063682905729067e-07,1.0420000000000001e-06
/opt/hostedtoolcache/Python/3.11.16/x64/lib/python3.11/http/client.py,1544,UnknownTransferEncoding,1,1,1.0420000000000001e-06,5.063682905729067e-07,1.0420000000000001e-06
/opt/hostedtoolcache/Python/3.11.16/x64/lib/python3.11/email/errors.py,45,NoBoundaryInMultipartDefect,1,1,1.0420000000000001e-06,5.063682905729067e-07,1.0420000000000001e-06
/opt/hostedtoolcache/Python/3.11.16/x64/lib/python3.11/email/errors.py,20,BoundaryError,1,1,1.041e-06,5.058823325205334e-07,1.041e-06
/opt/hostedtoolcache/Python/3.11.16/x64/lib/python3.11/email/errors.py,74,InvalidBase64PaddingDefect,1,1,1.041e-06,5.058823325205334e-07,1.041e-06
/opt/hostedtoolcache/Python/3.11.16/x64/lib/python3.11/importlib/resources/readers.py,27,files,1,1,1.032e-06,5.015087100491743e-07,1.032e-06
/home/runner/work/_temp/scanner-verification-il7_c53e/first_hybrid/tiktok_worker_scanner.py,792,<listcomp>,1,1,1.032e-06,5.015087100491743e-07,1.032e-06
/opt/hostedtoolcache/Python/3.11.16/x64/lib/python3.11/email/errors.py,28,CharsetError,1,1,1.032e-06,5.015087100491743e-07,1.032e-06
/opt/hostedtoolcache/Python/3.11.16/x64/lib/python3.11/email/errors.py,77,InvalidBase64CharactersDefect,1,1,1.032e-06,5.015087100491743e-07,1.032e-06
/opt/hostedtoolcache/Python/3.11.16/x64/lib/python3.11/email/errors.py,91,InvalidHeaderDefect,1,1,1.023e-06,4.971350875778152e-07,1.023e-06
/opt/hostedtoolcache/Python/3.11.16/x64/lib/python3.11/email/errors.py,116,InvalidDateDefect,1,1,1.023e-06,4.971350875778152e-07,1.023e-06
/opt/hostedtoolcache/Python/3.11.16/x64/lib/python3.11/site-packages/httpx/_exceptions.py,140,ConnectTimeout,1,1,1.0220000000000001e-06,4.96649129525442e-07,1.0220000000000001e-06
/opt/hostedtoolcache/Python/3.11.16/x64/lib/python3.11/site-packages/httpx/_exceptions.py,243,DecodingError,1,1,1.0220000000000001e-06,4.96649129525442e-07,1.0220000000000001e-06
/opt/hostedtoolcache/Python/3.11.16/x64/lib/python3.11/site-packages/idna/core.py,118,InvalidCodepointContext,1,1,1.0220000000000001e-06,4.96649129525442e-07,1.0220000000000001e-06
/home/runner/work/_temp/scanner-verification-il7_c53e/first_hybrid/tiktok_worker_scanner.py,1247,<listcomp>,1,1,1.0220000000000001e-06,4.96649129525442e-07,1.0220000000000001e-06
/opt/hostedtoolcache/Python/3.11.16/x64/lib/python3.11/email/errors.py,65,MultipartInvariantViolationDefect,1,1,1.0220000000000001e-06,4.96649129525442e-07,1.0220000000000001e-06
~,0,<method 'index' of 'list' objects>,1,1,1.0220000000000001e-06,4.96649129525442e-07,1.0220000000000001e-06
/opt/hostedtoolcache/Python/3.11.16/x64/lib/python3.11/email/errors.py,57,MisplacedEnvelopeHeaderDefect,1,1,1.021e-06,4.961631714730688e-07,1.021e-06
/opt/hostedtoolcache/Python/3.11.16/x64/lib/python3.11/email/errors.py,71,UndecodableBytesDefect,1,1,1.013e-06,4.92275507054083e-07,1.013e-06
/opt/hostedtoolcache/Python/3.11.16/x64/lib/python3.11/unittest/mock.py,1114,_mock_check_sig,1,1,1.013e-06,4.92275507054083e-07,1.013e-06
/opt/hostedtoolcache/Python/3.11.16/x64/lib/python3.11/functools.py,753,<listcomp>,1,1,1.012e-06,4.917895490017097e-07,1.012e-06
/opt/hostedtoolcache/Python/3.11.16/x64/lib/python3.11/site-packages/httpx/_exceptions.py,146,ReadTimeout,1,1,1.012e-06,4.917895490017097e-07,1.012e-06
/opt/hostedtoolcache/Python/3.11.16/x64/lib/python3.11/site-packages/httpx/_exceptions.py,152,WriteTimeout,1,1,1.012e-06,4.917895490017097e-07,1.012e-06
/opt/hostedtoolcache/Python/3.11.16/x64/lib/python3.11/site-packages/httpx/_exceptions.py,202,ProxyError,1,1,1.012e-06,4.917895490017097e-07,1.012e-06
/opt/hostedtoolcache/Python/3.11.16/x64/lib/python3.11/http/client.py,1547,UnimplementedFileMode,1,1,1.012e-06,4.917895490017097e-07,1.012e-06
/opt/hostedtoolcache/Python/3.11.16/x64/lib/python3.11/email/errors.py,60,MissingHeaderBodySeparatorDefect,1,1,1.012e-06,4.917895490017097e-07,1.012e-06
/opt/hostedtoolcache/Python/3.11.16/x64/lib/python3.11/email/errors.py,80,InvalidBase64LengthDefect,1,1,1.012e-06,4.917895490017097e-07,1.012e-06
/opt/hostedtoolcache/Python/3.11.16/x64/lib/python3.11/email/errors.py,32,HeaderWriteError,1,1,1.0110000000000001e-06,4.913035909493365e-07,1.0110000000000001e-06
/opt/hostedtoolcache/Python/3.11.16/x64/lib/python3.11/site-packages/httpx/_exceptions.py,249,TooManyRedirects,1,1,1.002e-06,4.869299684779774e-07,1.002e-06
/opt/hostedtoolcache/Python/3.11.16/x64/lib/python3.11/email/errors.py,48,StartBoundaryNotFoundDefect,1,1,1.002e-06,4.869299684779774e-07,1.002e-06
/opt/hostedtoolcache/Python/3.11.16/x64/lib/python3.11/email/errors.py,111,NonASCIILocalPartDefect,1,1,1.002e-06,4.869299684779774e-07,1.002e-06
/opt/hostedtoolcache/Python/3.11.16/x64/lib/python3.11/http/client.py,1567,CannotSendRequest,1,1,9.92e-07,4.82070387954245e-07,9.92e-07
/opt/hostedtoolcache/Python/3.11.16/x64/lib/python3.11/http/client.py,1570,CannotSendHeader,1,1,9.92e-07,4.82070387954245e-07,9.92e-07
/opt/hostedtoolcache/Python/3.11.16/x64/lib/python3.11/unittest/mock.py,404,__init__,1,1,9.92e-07,4.82070387954245e-07,9.92e-07
/opt/hostedtoolcache/Python/3.11.16/x64/lib/python3.11/http/client.py,1573,ResponseNotReady,1,1,9.81e-07,4.767248493781395e-07,9.81e-07
/opt/hostedtoolcache/Python/3.11.16/x64/lib/python3.11/email/errors.py,54,FirstHeaderLineIsContinuationDefect,1,1,9.800000000000001e-07,4.762388913257663e-07,9.800000000000001e-07
/home/runner/work/_temp/scanner-verification-il7_c53e/first_hybrid/tiktok_worker_scanner.py,805,<genexpr>,1,1,9.72e-07,4.723512269067804e-07,9.72e-07
/opt/hostedtoolcache/Python/3.11.16/x64/lib/python3.11/random.py,814,seed,1,1,9.72e-07,4.723512269067804e-07,9.72e-07
/opt/hostedtoolcache/Python/3.11.16/x64/lib/python3.11/importlib/resources/_common.py,101,_,1,1,9.62e-07,4.6749164638304815e-07,9.62e-07
/home/runner/work/_temp/scanner-verification-il7_c53e/first_hybrid/vendor/__init__.py,1,<module>,1,1,9.520000000000001e-07,4.6263206585931586e-07,9.520000000000001e-07
/opt/hostedtoolcache/Python/3.11.16/x64/lib/python3.11/subprocess.py,1089,__enter__,1,1,9.520000000000001e-07,4.6263206585931586e-07,9.520000000000001e-07
/opt/hostedtoolcache/Python/3.11.16/x64/lib/python3.11/contextlib.py,443,__enter__,1,1,9.42e-07,4.577724853355835e-07,9.42e-07
~,0,<built-in method posix.waitstatus_to_exitcode>,1,1,9.42e-07,4.577724853355835e-07,9.42e-07
/opt/hostedtoolcache/Python/3.11.16/x64/lib/python3.11/argparse.py,1782,identity,1,1,8.920000000000001e-07,4.3347458271692204e-07,8.920000000000001e-07
/home/runner/work/_temp/scanner-verification-il7_c53e/first_hybrid/tiktok_worker_scanner.py,1245,<genexpr>,1,1,8.91e-07,4.329886246645487e-07,8.91e-07
