file,line,function,primitive_calls,calls,exclusive_cpu_seconds,percent_of_profiled_cpu,cumulative_cpu_seconds
/home/runner/work/_temp/scanner-verification-il7_c53e/final/tests/benchmark_hybrid.py,123,<genexpr>,3062736,3062736,10.629169611,7.008096402912768,18.08975869
/opt/hostedtoolcache/Python/3.11.16/x64/lib/python3.11/asyncio/tasks.py,61,<setcomp>,4180,4180,8.293606504000001,5.4681970497211925,21.82675366
/home/runner/work/_temp/scanner-verification-il7_c53e/original/tiktok_worker_scanner.py,1102,clean,35080,1013883,7.508383573000001,4.950478526109449,12.063043230000002
/opt/hostedtoolcache/Python/3.11.16/x64/lib/python3.11/asyncio/futures.py,299,_get_loop,4180534,4180534,7.171601874,4.728429325682145,10.421963247
~,0,<built-in method builtins.isinstance>,7011929,7017929,6.9280312330000005,4.567836673996472,8.98535346
~,0,<method 'done' of '_asyncio.Task' objects>,7868925,7868925,6.221949304000001,4.102297934106041,6.221949304000001
/opt/hostedtoolcache/Python/3.11.16/x64/lib/python3.11/dataclasses.py,1289,_asdict_inner,15000,666000,5.099434088000001,3.3621935670326897,15.725661807000002
~,0,<method 'execute' of 'sqlite3.Connection' objects>,69845,69845,4.084638880000001,2.693111888298538,4.084638880000001
/opt/hostedtoolcache/Python/3.11.16/x64/lib/python3.11/_weakrefset.py,63,__iter__,4130226,4130226,3.8371301900000003,2.5299227753612885,3.916675557
/opt/hostedtoolcache/Python/3.11.16/x64/lib/python3.11/asyncio/tasks.py,42,all_tasks,4180,4180,3.622381981,2.3883335255795015,29.396173287000003
~,0,<method 'get_loop' of '_asyncio.Future' objects>,4180534,4180534,3.250361373,2.143050367990586,3.250361373
/opt/hostedtoolcache/Python/3.11.16/x64/lib/python3.11/copy.py,128,deepcopy,619000,619000,2.997532722,1.9763536621827567,5.097777598
~,0,<built-in method builtins.sum>,6861,6861,2.7168490390000004,1.7912913872188765,21.596149289000003
~,0,<method 'startswith' of 'str' objects>,3125100,3125100,2.696314185,1.7777522076104513,2.696314185
/opt/hostedtoolcache/Python/3.11.16/x64/lib/python3.11/asyncio/tasks.py,507,_wait,2452,2452,2.557338751,1.6861219792151205,5.253394796
~,0,<method 'get_name' of '_asyncio.Task' objects>,3058557,3058557,2.442101213,1.6101427818653526,2.442101213
/opt/hostedtoolcache/Python/3.11.16/x64/lib/python3.11/asyncio/base_events.py,1859,_run_once,116220,116220,2.095506744,1.3816237591794553,106.012137736
~,0,<method 'get' of '_queue.SimpleQueue' objects>,27239,27239,1.751258344,1.1546515626635785,1.751258344
~,0,<method 'get' of 'dict' objects>,1934942,1934942,1.659623398,1.094234186805815,1.659623398
~,0,<method 'poll' of 'select.epoll' objects>,116220,116220,1.386243538,0.9139875180997212,1.386243538
/opt/hostedtoolcache/Python/3.11.16/x64/lib/python3.11/json/encoder.py,334,_iterencode_dict,417123,761341,1.3696487440000003,0.9030461256490709,1.7222333760000001
/opt/hostedtoolcache/Python/3.11.16/x64/lib/python3.11/asyncio/tasks.py,424,<genexpr>,715155,715155,1.3352038460000002,0.8803356812204975,5.902437015
<frozen abc>,117,__instancecheck__,760528,760528,1.294762102,0.8536713554992659,2.006082079
/opt/hostedtoolcache/Python/3.11.16/x64/lib/python3.11/asyncio/coroutines.py,34,iscoroutine,715297,715297,1.285657834,0.847668667598235,4.58211346
/opt/hostedtoolcache/Python/3.11.16/x64/lib/python3.11/dataclasses.py,1253,_is_dataclass_instance,681000,681000,1.2519644150000002,0.825453693415175,2.0229128750000003
~,0,<built-in method builtins.any>,28492,28492,1.12431256,0.7412894041441828,8.883187294
~,0,<built-in method builtins.hasattr>,902197,902216,1.0370571320000002,0.6837595618817559,1.039783955
~,0,<method 'casefold' of 'str' objects>,1003862,1003862,0.9292604630000001,0.6126863288906224,0.9292604630000001
~,0,<method 'replace' of 'str' objects>,1008111,1008111,0.885564348,0.5838763091468548,0.885564348
~,0,<method 'add_done_callback' of '_asyncio.Task' objects>,714222,714222,0.8422836640000001,0.5553401941955884,0.842393779
/opt/hostedtoolcache/Python/3.11.16/x64/lib/python3.11/selectors.py,451,select,116220,116220,0.8347763020000001,0.5503903892199377,2.5831660370000002
~,0,<method 'commit' of 'sqlite3.Connection' objects>,6002,6002,0.826233911,0.5447581618841897,0.826233911
/opt/hostedtoolcache/Python/3.11.16/x64/lib/python3.11/asyncio/base_events.py,781,_call_soon,189369,189369,0.769253671,0.5071895624925824,1.758128606
/opt/hostedtoolcache/Python/3.11.16/x64/lib/python3.11/json/encoder.py,414,_iterencode,434123,434123,0.7597766270000001,0.5009410933837715,2.5520965920000003
~,0,<built-in method _abc._abc_instancecheck>,760528,760528,0.710816699,0.46866050065067755,0.711319977
/opt/hostedtoolcache/Python/3.11.16/x64/lib/python3.11/json/encoder.py,205,iterencode,36087,36087,0.70679671,0.46601001416098103,0.7802142360000001
/opt/hostedtoolcache/Python/3.11.16/x64/lib/python3.11/json/encoder.py,183,encode,50086,50086,0.675290153,0.44523689670584493,4.143124682000001
/opt/hostedtoolcache/Python/3.11.16/x64/lib/python3.11/site-packages/httpx/_urlparse.py,273,<genexpr>,259890,259890,0.6554413920000001,0.4321500766006864,1.048187798
~,0,<method 'run' of '_contextvars.Context' objects>,222426,222426,0.6545976990000001,0.43159380719349366,99.193147048
/opt/hostedtoolcache/Python/3.11.16/x64/lib/python3.11/asyncio/events.py,35,__init__,200913,200913,0.645145273,0.42536156939188347,0.8941115670000002
~,0,<method 'remove_done_callback' of '_asyncio.Task' objects>,714208,714208,0.636439908,0.4196218889299774,0.636439908
~,0,<method 'add' of 'set' objects>,745335,745335,0.6316159790000001,0.41644134325143073,0.639908032
/opt/hostedtoolcache/Python/3.11.16/x64/lib/python3.11/asyncio/events.py,82,_run,222426,222426,0.629912013,0.4153178727986751,99.82305906100001
~,0,<method '__exit__' of 'sqlite3.Connection' objects>,6003,6003,0.596892387,0.3935471483992219,0.596892387
/opt/hostedtoolcache/Python/3.11.16/x64/lib/python3.11/dataclasses.py,1323,<genexpr>,113000,192000,0.5805491180000001,0.3827715931223351,7.446492578000001
/opt/hostedtoolcache/Python/3.11.16/x64/lib/python3.11/asyncio/base_events.py,752,call_soon,162133,162133,0.5727041190000001,0.3775991750233843,2.144535356
/opt/hostedtoolcache/Python/3.11.16/x64/lib/python3.11/threading.py,271,__enter__,245127,245127,0.571435923,0.3767630194109467,0.8957025090000001
~,0,<built-in method builtins.len>,566482,567046,0.553657049,0.36504093128109916,0.5546890710000001
/opt/hostedtoolcache/Python/3.11.16/x64/lib/python3.11/threading.py,274,__exit__,245127,245127,0.548223637,0.3614585371255541,0.789727313
~,0,<built-in method builtins.id>,628374,628374,0.5348309680000001,0.35262839150936515,0.5348309680000001
/opt/hostedtoolcache/Python/3.11.16/x64/lib/python3.11/copy.py,182,_deepcopy_atomic,619000,619000,0.532430508,0.35104570389528034,0.532430508
~,0,<method 'append' of 'list' objects>,592849,592849,0.5298498970000001,0.34934423789856683,0.5298498970000001
/home/runner/work/_temp/scanner-verification-il7_c53e/original/scan_runtime.py,75,independent,50994,50994,0.5131405640000001,0.33832732681539196,4.464473411
~,0,<method 'close' of 'sqlite3.Connection' objects>,2007,2007,0.49565185400000006,0.32679655158759374,0.49565185400000006
~,0,<method 'recv' of '_socket.socket' objects>,51089,51089,0.47674985000000003,0.3143339537471045,0.47674985000000003
~,0,<built-in method io.open>,4095,4095,0.4679615000000001,0.3085395590505705,0.5321045459999999
/opt/hostedtoolcache/Python/3.11.16/x64/lib/python3.11/site-packages/httpx/_urlparse.py,223,<genexpr>,176001,176001,0.455917212,0.3005984371664025,0.7286043130000001
~,0,<built-in method posix.fsync>,8155,8155,0.45547871600000006,0.3003093250012235,0.45547871600000006
~,0,<method 'send' of '_socket.socket' objects>,27236,27236,0.44767599300000005,0.29516478060213563,0.44767599300000005
/opt/hostedtoolcache/Python/3.11.16/x64/lib/python3.11/asyncio/base_futures.py,14,isfuture,192036,192036,0.422191203,0.2783619755228793,0.6584186750000001
/opt/hostedtoolcache/Python/3.11.16/x64/lib/python3.11/pathlib.py,56,parse_parts,26213,26213,0.385842748,0.2543964649458991,0.716696498
~,0,<built-in method builtins.getattr>,376095,376095,0.38502715600000004,0.2538587232811571,0.385070216
~,0,<method 'set_result' of '_asyncio.Future' objects>,99212,99212,0.37604913300000004,0.24793927209218994,2.405604014
/opt/hostedtoolcache/Python/3.11.16/x64/lib/python3.11/dataclasses.py,1235,fields,15000,15000,0.37064845900000004,0.24437846297747454,0.7096926650000001
/opt/hostedtoolcache/Python/3.11.16/x64/lib/python3.11/concurrent/futures/thread.py,161,submit,27236,27236,0.35606308200000003,0.23476193301044448,1.3287250640000001
/home/runner/work/_temp/scanner-verification-il7_c53e/original/tiktok_worker_scanner.py,1417,disk_call,71777,71777,0.355945818,0.23468461771238575,6.1855698530000005
/opt/hostedtoolcache/Python/3.11.16/x64/lib/python3.11/asyncio/base_events.py,701,time,156952,156952,0.342968055,0.22612803074212684,0.497657964
~,0,<method 'isascii' of 'str' objects>,430919,430919,0.339176359,0.22362806394593995,0.339176359
~,0,<method 'isprintable' of 'str' objects>,417890,417890,0.33761212900000004,0.22259672518312792,0.33761212900000004
/opt/hostedtoolcache/Python/3.11.16/x64/lib/python3.11/asyncio/base_events.py,1954,get_debug,315960,315960,0.319328178,0.21054162625032632,0.319328178
/opt/hostedtoolcache/Python/3.11.16/x64/lib/python3.11/asyncio/futures.py,365,_chain_future,27236,27236,0.31069373100000003,0.20484870392653362,1.1374476850000002
/opt/hostedtoolcache/Python/3.11.16/x64/lib/python3.11/dataclasses.py,1250,<genexpr>,310000,310000,0.309143478,0.203826580574427,0.309143478
/opt/hostedtoolcache/Python/3.11.16/x64/lib/python3.11/asyncio/base_events.py,426,create_future,99346,99346,0.306121125,0.20183386223773656,0.40774635800000003
~,0,<built-in method _sqlite3.connect>,2007,2007,0.300554254,0.1981634749865815,0.394101873
/opt/hostedtoolcache/Python/3.11.16/x64/lib/python3.11/site-packages/httpx/_models.py,166,encoding,140016,140016,0.29817818300000004,0.1965968676938601,0.489587044
/opt/hostedtoolcache/Python/3.11.16/x64/lib/python3.11/asyncio/futures.py,345,_copy_future_state,27236,27236,0.28512628500000003,0.1879914015311672,2.4365228240000003
/opt/hostedtoolcache/Python/3.11.16/x64/lib/python3.11/concurrent/futures/thread.py,53,run,27236,27236,0.28498209700000005,0.18789633451830312,38.303475853
~,0,<built-in method builtins.max>,218415,218415,0.28178069800000005,0.18578556635509968,0.28255920500000004
/opt/hostedtoolcache/Python/3.11.16/x64/lib/python3.11/concurrent/futures/_base.py,537,set_result,27236,27236,0.276044775,0.18200371858948639,2.107570139
/opt/hostedtoolcache/Python/3.11.16/x64/lib/python3.11/site-packages/httpx/_models.py,284,__getitem__,40002,40002,0.267748847,0.17653399091523267,0.73226248
/opt/hostedtoolcache/Python/3.11.16/x64/lib/python3.11/site-packages/httpx/_urlparse.py,213,urlparse,6001,6001,0.26293852,0.1733624133998408,3.236057499
/home/runner/work/_temp/scanner-verification-il7_c53e/original/tiktok_worker_scanner.py,3328,discover,2000,2000,0.26124425500000004,0.17224533907638725,4.109541963
/opt/hostedtoolcache/Python/3.11.16/x64/lib/python3.11/json/__init__.py,183,dumps,50086,50086,0.258389936,0.17036341005947095,4.465394745
/home/runner/work/_temp/scanner-verification-il7_c53e/original/tiktok_worker_scanner.py,2577,process_profile,45134,45134,0.258059529,0.17014556386894628,17.217629842
/opt/hostedtoolcache/Python/3.11.16/x64/lib/python3.11/asyncio/base_events.py,518,_check_closed,232307,232307,0.250579983,0.1652140987276078,0.250579983
~,0,<built-in method posix.unlink>,7019,7019,0.25050077000000004,0.16516187147367548,0.250510357
~,0,<method '__enter__' of '_thread.RLock' objects>,190652,190652,0.24882532300000001,0.16405720436197374,0.24882532300000001
/opt/hostedtoolcache/Python/3.11.16/x64/lib/python3.11/collections/__init__.py,660,update,24651,24651,0.24557619100000003,0.16191496455255117,0.505045301
/opt/hostedtoolcache/Python/3.11.16/x64/lib/python3.11/concurrent/futures/thread.py,69,_worker,3,3,0.24486255899999998,0.16144444784849668,40.933535114
~,0,<method 'append' of 'collections.deque' objects>,258786,258786,0.240999024,0.1588971156742122,0.240999024
/opt/hostedtoolcache/Python/3.11.16/x64/lib/python3.11/asyncio/tasks.py,851,shield,27238,27238,0.239575326,0.15795843342547766,0.6424949830000001
/opt/hostedtoolcache/Python/3.11.16/x64/lib/python3.11/threading.py,487,release,27236,27236,0.237187176,0.15638386212432018,0.633934811
~,0,<built-in method posix.replace>,4080,4080,0.234988661,0.1549343222611774,0.30933203000000004
~,0,<method 'popleft' of 'collections.deque' objects>,241333,241333,0.22536465500000002,0.14858895716695486,0.22536465500000002
/opt/hostedtoolcache/Python/3.11.16/x64/lib/python3.11/asyncio/selector_events.py,737,_process_events,116220,116220,0.225096027,0.14841184352690404,0.312425371
~,0,<built-in method posix.stat>,26666,26666,0.22476041100000002,0.14819056290307,0.396949553
/home/runner/work/_temp/scanner-verification-il7_c53e/original/tiktok_worker_scanner.py,2038,normalize_member,7500,7500,0.224652907,0.14811968263459455,0.492177227
/opt/hostedtoolcache/Python/3.11.16/x64/lib/python3.11/asyncio/locks.py,248,wait,33988,33988,0.216951145,0.14304170452871953,0.48467080700000004
~,0,<method 'decode' of 'bytes' objects>,232035,232035,0.215741492,0.14224414788522596,0.215741492
~,0,<built-in method time.monotonic>,220859,220859,0.213263073,0.140610059813018,0.213263073
/home/runner/work/_temp/scanner-verification-il7_c53e/original/tiktok_worker_scanner.py,2190,__init__,1000,1000,0.21063072200000002,0.1388744802475915,1.926812157
/opt/hostedtoolcache/Python/3.11.16/x64/lib/python3.11/pathlib.py,536,__str__,59638,59638,0.203801124,0.13437154324227663,0.36103212
~,0,<built-in method posix.mkdir>,5080,5080,0.20196875600000003,0.13316341390954653,0.283131153
/opt/hostedtoolcache/Python/3.11.16/x64/lib/python3.11/asyncio/futures.py,409,wrap_future,27236,27236,0.20103077900000002,0.13254498053419497,1.6040309750000001
/opt/hostedtoolcache/Python/3.11.16/x64/lib/python3.11/asyncio/selector_events.py,116,_read_from_self,25513,25513,0.19905028600000002,0.13123918841898305,0.718213989
<frozen posixpath>,71,join,33166,33166,0.197225973,0.13003636996363957,0.390209716
/home/runner/work/_temp/scanner-verification-il7_c53e/final/direct_protocol.py,137,normalize_page,2000,2000,0.197170114,0.12999954062783095,0.38040907300000004
~,0,<method 'flush' of '_io.TextIOWrapper' objects>,4362,4362,0.19280476700000004,0.1271213503525995,0.19280476700000004
/opt/hostedtoolcache/Python/3.11.16/x64/lib/python3.11/site-packages/httpx/_models.py,144,__init__,15003,15003,0.191577972,0.1263124915290735,0.5217364990000001
/opt/hostedtoolcache/Python/3.11.16/x64/lib/python3.11/re/__init__.py,272,_compile,49285,49285,0.190649645,0.12570042065735706,0.380620953
/opt/hostedtoolcache/Python/3.11.16/x64/lib/python3.11/asyncio/events.py,123,__lt__,89526,89526,0.186929339,0.12324752320153388,0.26264607
~,0,<method '__exit__' of '_thread.RLock' objects>,190657,190657,0.184919744,0.12192254335774283,0.184919744
/opt/hostedtoolcache/Python/3.11.16/x64/lib/python3.11/asyncio/base_events.py,594,run_forever,3,3,0.182481642,0.12031503736419355,106.194677267
/opt/hostedtoolcache/Python/3.11.16/x64/lib/python3.11/concurrent/futures/_base.py,497,set_running_or_notify_cancel,27236,27236,0.178907765,0.11795868447259675,0.407616807
~,0,<method 'put' of '_queue.SimpleQueue' objects>,27241,27241,0.176043851,0.11607042921501946,0.176043851
/opt/hostedtoolcache/Python/3.11.16/x64/lib/python3.11/asyncio/tasks.py,891,_inner_done_callback,27237,27237,0.17568282400000002,0.11583239443783085,1.072787243
/home/runner/work/_temp/scanner-verification-il7_c53e/original/tiktok_worker_scanner.py,1652,request_json,6030,6030,0.168209771,0.11090521030541495,1.256520716
/opt/hostedtoolcache/Python/3.11.16/x64/lib/python3.11/asyncio/base_events.py,816,run_in_executor,27236,27236,0.16530033200000002,0.1089869391951964,3.125344923
~,0,<method 'items' of 'dict' objects>,176583,176583,0.164419848,0.10840641249564723,0.164419848
/home/runner/work/_temp/scanner-verification-il7_c53e/original/tiktok_worker_scanner.py,2783,worker_loop,48404,48404,0.16383382400000002,0.1080200311660869,17.989756630000002
/opt/hostedtoolcache/Python/3.11.16/x64/lib/python3.11/asyncio/futures.py,394,_call_set_state,27236,27236,0.161694727,0.10660966718283954,1.29975378
~,0,<built-in method posix.lstat>,25117,25117,0.159842062,0.10538815549401809,0.159845689
/opt/hostedtoolcache/Python/3.11.16/x64/lib/python3.11/pathlib.py,484,_parse_args,23139,23139,0.159759912,0.10533399179726952,0.9005906010000001
/opt/hostedtoolcache/Python/3.11.16/x64/lib/python3.11/pathlib.py,546,__fspath__,57608,57608,0.15816239000000004,0.10428070272657979,0.516365092
/opt/hostedtoolcache/Python/3.11.16/x64/lib/python3.11/concurrent/futures/_base.py,408,add_done_callback,27236,27236,0.15749479000000002,0.10384053615385497,0.35321204900000003
/opt/hostedtoolcache/Python/3.11.16/x64/lib/python3.11/concurrent/futures/_base.py,428,result,27236,27236,0.153835521,0.10142788202801892,0.348008097
~,0,<method 'join' of 'str' objects>,142464,142464,0.153648994,0.10130489977770339,0.15385684700000002
/home/runner/work/_temp/scanner-verification-il7_c53e/original/tiktok_worker_scanner.py,347,atomic_write_json,3069,3069,0.152995065,0.10087374686168278,3.7672643420000003
/opt/hostedtoolcache/Python/3.11.16/x64/lib/python3.11/site-packages/httpx/_urlparse.py,497,quote,21002,21002,0.150637872,0.09931958634032131,0.5030198140000001
/opt/hostedtoolcache/Python/3.11.16/x64/lib/python3.11/asyncio/base_events.py,805,call_soon_threadsafe,27236,27236,0.15035900200000002,0.09913571987516889,1.080277668
/opt/hostedtoolcache/Python/3.11.16/x64/lib/python3.11/threading.py,440,acquire,27236,27236,0.149753936,0.09873678364465313,0.351632954
/opt/hostedtoolcache/Python/3.11.16/x64/lib/python3.11/asyncio/locks.py,125,release,62061,62061,0.146029464,0.09628113943337466,0.215353217
/opt/hostedtoolcache/Python/3.11.16/x64/lib/python3.11/threading.py,366,notify,54472,54472,0.14521952200000002,0.09574712296506148,0.283298823
<frozen posixpath>,418,_joinrealpath,3015,3015,0.14458260300000003,0.0953271851979355,0.6653487450000001
/home/runner/work/_temp/scanner-verification-il7_c53e/original/tiktok_worker_scanner.py,2101,export_one_list,28032,28032,0.142992381,0.09427870921289715,6.242417639
/home/runner/work/_temp/scanner-verification-il7_c53e/final/tests/benchmark_hybrid.py,75,handle,6000,6000,0.14042572,0.09258644082506547,2.4095243990000004
/home/runner/work/_temp/scanner-verification-il7_c53e/original/tiktok_worker_scanner.py,378,parse_username,11518,11518,0.14018575700000002,0.09242822678778154,0.249926443
/opt/hostedtoolcache/Python/3.11.16/x64/lib/python3.11/concurrent/futures/_base.py,393,done,27236,27236,0.139565084,0.09201900044387375,0.33307174700000003
/home/runner/work/_temp/scanner-verification-il7_c53e/original/scan_runtime.py,69,call,20783,20783,0.137175494,0.090443479712122,0.9865005590000001
/opt/hostedtoolcache/Python/3.11.16/x64/lib/python3.11/site-packages/httpx/_models.py,293,<listcomp>,40002,40002,0.1366356,0.09008751312791784,0.192771351
/opt/hostedtoolcache/Python/3.11.16/x64/lib/python3.11/asyncio/locks.py,285,wait_for,33994,33994,0.13553204700000002,0.08935991105807037,0.660845522
~,0,<built-in method _json.encode_basestring>,134884,134884,0.131283953,0.0865590288283028,0.131283953
~,0,<method 'cancelled' of '_asyncio.Future' objects>,143424,143424,0.129678439,0.08550047041781492,0.129678439
/opt/hostedtoolcache/Python/3.11.16/x64/lib/python3.11/asyncio/locks.py,14,__aenter__,48232,48232,0.129159231,0.08515814266782795,0.24919564500000002
/opt/hostedtoolcache/Python/3.11.16/x64/lib/python3.11/threading.py,243,__init__,27241,27241,0.12672771900000002,0.08355498163790098,0.17118828900000002
~,0,<method 'fullmatch' of 're.Pattern' objects>,69076,69076,0.12074946800000001,0.07961336052711808,0.12074946800000001
/opt/hostedtoolcache/Python/3.11.16/x64/lib/python3.11/json/decoder.py,343,raw_decode,9027,9027,0.12053807800000002,0.07947398543453525,0.12053807800000002
~,0,<method 'fetchall' of 'sqlite3.Cursor' objects>,7506,7506,0.119288743,0.07865026538490201,0.119288743
/home/runner/work/_temp/scanner-verification-il7_c53e/original/scan_runtime.py,110,_run,18582,18582,0.11903232700000001,0.07848120344375191,1.8005319240000002
~,0,<method '__exit__' of '_thread.lock' objects>,114369,114369,0.11901243100000002,0.07846808547770799,0.11901243100000002
/home/runner/work/_temp/scanner-verification-il7_c53e/original/tiktok_worker_scanner.py,2371,write_final_json,1000,1000,0.11839326800000001,0.07805985471727057,8.759973981000002
/home/runner/work/_temp/scanner-verification-il7_c53e/original/tiktok_worker_scanner.py,296,utc_iso,18184,18184,0.11645978700000001,0.07678505887365383,0.311416727
/opt/hostedtoolcache/Python/3.11.16/x64/lib/python3.11/site-packages/httpx/_urls.py,425,__init__,14001,14001,0.11604947900000001,0.07651453181235729,0.5402210080000001
/opt/hostedtoolcache/Python/3.11.16/x64/lib/python3.11/concurrent/futures/_base.py,463,exception,27236,27236,0.113760567,0.07500539078433349,0.271894468
/home/runner/work/_temp/scanner-verification-il7_c53e/original/scan_runtime.py,13,await_durable,54472,54472,0.113733624,0.07498762654231893,0.756189493
/home/runner/work/_temp/scanner-verification-il7_c53e/original/tiktok_worker_scanner.py,2284,save_batch,2000,2000,0.113335765,0.07472530744037507,3.001490305
/opt/hostedtoolcache/Python/3.11.16/x64/lib/python3.11/pathlib.py,523,_format_parsed_parts,35386,35386,0.113291521,0.07469613618536662,0.157230996
~,0,<method 'isoformat' of 'datetime.datetime' objects>,18425,18425,0.11128907400000002,0.07337586920955315,0.11128907400000002
/opt/hostedtoolcache/Python/3.11.16/x64/lib/python3.11/site-packages/httpx/_models.py,935,iter_raw,6000,6000,0.110976849,0.07317001089893452,0.292205951
/opt/hostedtoolcache/Python/3.11.16/x64/lib/python3.11/threading.py,396,notify_all,27236,27236,0.10859322400000002,0.07159842305155409,0.23474213000000002
/opt/hostedtoolcache/Python/3.11.16/x64/lib/python3.11/asyncio/locks.py,20,__aexit__,48067,48067,0.108294044,0.07140116565906186,0.27948428000000003
/opt/hostedtoolcache/Python/3.11.16/x64/lib/python3.11/concurrent/futures/_base.py,383,cancelled,27236,27236,0.107427718,0.07082997370836923,0.26697753
/opt/hostedtoolcache/Python/3.11.16/x64/lib/python3.11/asyncio/futures.py,381,_set_state,27236,27236,0.10508484600000001,0.06928525540613299,2.645943469
~,0,<method 'write' of '_io.TextIOWrapper' objects>,65051,65051,0.104193403,0.06869750314416546,0.104193403
/opt/hostedtoolcache/Python/3.11.16/x64/lib/python3.11/site-packages/httpx/_client.py,1717,_send_single_request,6000,6000,0.104123904,0.06865168059078348,4.581033762000001
/opt/hostedtoolcache/Python/3.11.16/x64/lib/python3.11/asyncio/locks.py,298,notify,17000,17000,0.102879416,0.06783115629815743,0.397904258
~,0,<method 'match' of 're.Pattern' objects>,48301,48301,0.102377693,0.06750035687729583,0.102377693
/opt/hostedtoolcache/Python/3.11.16/x64/lib/python3.11/asyncio/queues.py,149,get,18582,18582,0.102281804,0.06743713468962056,0.312269118
~,0,<method 'sub' of 're.Pattern' objects>,27014,27014,0.10195942100000001,0.06722457893735163,0.10195942100000001
~,0,<built-in method sys.intern>,89429,89429,0.101389925,0.06684909496116756,0.101389925
~,0,<method 'encode' of 'str' objects>,101101,101101,0.101365566,0.06683303441960824,0.101365566
/opt/hostedtoolcache/Python/3.11.16/x64/lib/python3.11/concurrent/futures/_base.py,328,__init__,27236,27236,0.09791486,0.064557891469487,0.269070305
/home/runner/work/_temp/scanner-verification-il7_c53e/final/tests/benchmark_hybrid.py,117,ticker,4180,4180,0.097490753,0.06427826635765566,50.638641652000004
~,0,<method 'done' of '_asyncio.Future' objects>,109040,109040,0.09654301000000001,0.06365339399676004,0.09654301000000001
/opt/hostedtoolcache/Python/3.11.16/x64/lib/python3.11/asyncio/locks.py,93,acquire,62226,62226,0.094961155,0.06261043459907038,0.11098912300000001
/opt/hostedtoolcache/Python/3.11.16/x64/lib/python3.11/pathlib.py,515,_from_parsed_parts,38369,38369,0.094853533,0.06253947653003235,0.13835628600000002
/home/runner/work/_temp/scanner-verification-il7_c53e/final/tests/benchmark_hybrid.py,59,__enter__,12508,12508,0.094433494,0.06226253355962978,0.149041574
/opt/hostedtoolcache/Python/3.11.16/x64/lib/python3.11/pathlib.py,239,splitroot,56234,56234,0.092969489,0.06129727582550458,0.115601168
/home/runner/work/_temp/scanner-verification-il7_c53e/original/tiktok_worker_scanner.py,304,console,5157,5157,0.09286163400000001,0.06122616413332179,0.582411421
/opt/hostedtoolcache/Python/3.11.16/x64/lib/python3.11/pathlib.py,530,_make_child,15106,15106,0.089955576,0.05931012220701933,0.5048441370000001
/opt/hostedtoolcache/Python/3.11.16/x64/lib/python3.11/urllib/parse.py,469,urlsplit,3009,3009,0.08960164600000001,0.05907676667214143,0.20865688500000001
~,0,<method 'lower' of 'str' objects>,99161,99161,0.089253199,0.0588470262261165,0.089253199
/opt/hostedtoolcache/Python/3.11.16/x64/lib/python3.11/asyncio/selector_events.py,128,_write_to_self,27236,27236,0.088828801,0.0585672092501859,0.5365047940000001
/opt/hostedtoolcache/Python/3.11.16/x64/lib/python3.11/concurrent/futures/_base.py,337,_invoke_callbacks,27236,27236,0.087853601,0.05792423375329969,1.3875661740000003
~,0,<method 'add_done_callback' of '_asyncio.Future' objects>,81709,81709,0.086228097,0.05685249540004855,0.086228097
/home/runner/work/_temp/scanner-verification-il7_c53e/original/tiktok_worker_scanner.py,2365,write_json_property,9000,9000,0.086174284,0.056817015046875925,4.623837526
/opt/hostedtoolcache/Python/3.11.16/x64/lib/python3.11/pathlib.py,353,_select_from,11026,11026,0.085751169,0.05653804398723174,0.203829164
/opt/hostedtoolcache/Python/3.11.16/x64/lib/python3.11/asyncio/base_events.py,734,call_at,11543,11543,0.08307811600000001,0.05477562850232796,0.41543987200000004
/opt/hostedtoolcache/Python/3.11.16/x64/lib/python3.11/concurrent/futures/thread.py,180,_adjust_thread_count,27236,27236,0.08266337900000001,0.054502181282627286,0.435005827
/opt/hostedtoolcache/Python/3.11.16/x64/lib/python3.11/asyncio/tasks.py,637,sleep,14358,14358,0.080892482,0.05333458142771619,0.566694405
/opt/hostedtoolcache/Python/3.11.16/x64/lib/python3.11/site-packages/httpx/_models.py,203,<dictcomp>,6001,6001,0.07914320000000001,0.052181232921620926,0.28877111
/opt/hostedtoolcache/Python/3.11.16/x64/lib/python3.11/json/decoder.py,332,decode,9027,9027,0.079044398,0.052116090114972695,0.256145803
/opt/hostedtoolcache/Python/3.11.16/x64/lib/python3.11/urllib/parse.py,745,parse_qsl,5001,5001,0.077858273,0.05133404611246638,0.278510939
/opt/hostedtoolcache/Python/3.11.16/x64/lib/python3.11/site-packages/httpx/_urls.py,77,__init__,6001,6001,0.076996828,0.0507660723358922,3.760560202
~,0,<built-in method _asyncio.get_running_loop>,52970,52970,0.07677304600000001,0.05061852686558438,0.07677304600000001
~,0,<method '__enter__' of '_thread.lock' objects>,54475,54475,0.07544126300000001,0.04974044663981571,0.07544126300000001
~,0,<built-in method builtins.compile>,44,44,0.074586492,0.049176873210315164,0.074586492
/opt/hostedtoolcache/Python/3.11.16/x64/lib/python3.11/site-packages/httpx/_models.py,884,iter_bytes,6000,6000,0.074425448,0.04907069258488393,0.545460085
/opt/hostedtoolcache/Python/3.11.16/x64/lib/python3.11/re/__init__.py,168,fullmatch,20020,20020,0.07385799600000001,0.04869655627268226,0.19246814
/opt/hostedtoolcache/Python/3.11.16/x64/lib/python3.11/urllib/parse.py,675,unquote,32000,32000,0.072551709,0.04783528624304629,0.10238176600000001
/opt/hostedtoolcache/Python/3.11.16/x64/lib/python3.11/urllib/parse.py,939,quote_from_bytes,11006,11006,0.07251057300000001,0.04780816417573711,0.123375347
/home/runner/work/_temp/scanner-verification-il7_c53e/original/tiktok_worker_scanner.py,1685,send_request,6000,6000,0.072500753,0.04780168958654574,10.931862761000001
/opt/hostedtoolcache/Python/3.11.16/x64/lib/python3.11/re/__init__.py,218,finditer,21002,21002,0.072494402,0.047797502202028996,0.24325521400000003
~,0,<built-in method _heapq.heappop>,8662,8662,0.072456897,0.0477727741503363,0.21266695300000002
<frozen posixpath>,41,_get_sep,39200,39200,0.07222595600000001,0.04762050855945608,0.109460604
/opt/hostedtoolcache/Python/3.11.16/x64/lib/python3.11/threading.py,286,_is_owned,27243,27243,0.07104147900000002,0.04683955112751875,0.111953654
/opt/hostedtoolcache/Python/3.11.16/x64/lib/python3.11/asyncio/queues.py,137,put_nowait,10237,10237,0.07080831600000001,0.04668582051248544,0.350993954
~,0,<built-in method _heapq.heappush>,11543,11543,0.069913338,0.04609573753027438,0.191966394
~,0,<built-in method __new__ of type object at 0x7ff11fa496e0>,58573,58638,0.069875995,0.04607111628952353,0.073001037
/opt/hostedtoolcache/Python/3.11.16/x64/lib/python3.11/dataclasses.py,1265,asdict,15000,15000,0.06968616500000001,0.045945956282782446,15.849275528000002
/opt/hostedtoolcache/Python/3.11.16/x64/lib/python3.11/site-packages/httpx/_models.py,1249,__init__,3000,3000,0.06965805700000001,0.04592742392504406,1.4277364490000002
/home/runner/work/_temp/scanner-verification-il7_c53e/original/tiktok_worker_scanner.py,309,<genexpr>,70518,70518,0.069493736,0.04581908268568409,0.069493736
/opt/hostedtoolcache/Python/3.11.16/x64/lib/python3.11/asyncio/mixins.py,12,_get_loop,25955,25955,0.068313198,0.04504072234201812,0.106488419
/opt/hostedtoolcache/Python/3.11.16/x64/lib/python3.11/shutil.py,641,_rmtree_safe_fd,1,1003,0.068188789,0.04495869615396221,0.48660459800000005
/opt/hostedtoolcache/Python/3.11.16/x64/lib/python3.11/json/encoder.py,260,_make_iterencode,6071,6071,0.06791118200000001,0.04477566241856016,0.07341752600000001
~,0,<built-in method posix.fspath>,69706,69706,0.067798157,0.044701142006813264,0.109677793
/home/runner/work/_temp/scanner-verification-il7_c53e/original/tiktok_worker_scanner.py,2342,iter_encoded_members,9500,9500,0.06754574,0.04453471671354263,0.257651642
/home/runner/work/_temp/scanner-verification-il7_c53e/original/scan_statistics.py,35,add,7000,7000,0.067025022,0.0441913933800853,0.35994878500000005
/opt/hostedtoolcache/Python/3.11.16/x64/lib/python3.11/asyncio/locks.py,142,_wake_up_first,62061,62061,0.06621645500000001,0.04365828348612427,0.069323753
/opt/hostedtoolcache/Python/3.11.16/x64/lib/python3.11/asyncio/tasks.py,662,_ensure_future,27391,27391,0.066075707,0.043565484557457596,0.154987496
~,0,<method '__exit__' of '_io._IOBase' objects>,4193,4193,0.065163173,0.04296382643391826,0.065163173
/opt/hostedtoolcache/Python/3.11.16/x64/lib/python3.11/site-packages/httpx/_models.py,346,__contains__,11005,11005,0.065045464,0.04288621773543284,0.18051534700000002
/opt/hostedtoolcache/Python/3.11.16/x64/lib/python3.11/site-packages/httpx/_models.py,383,__init__,3000,3000,0.064784303,0.04271402728860932,3.342488593
~,0,<built-in method builtins.next>,30185,30185,0.06459614400000001,0.042589969016953645,0.6153713110000001
~,0,<built-in method posix.open>,5082,5082,0.064534166,0.04254910526044625,0.11997098
/opt/hostedtoolcache/Python/3.11.16/x64/lib/python3.11/contextlib.py,104,__init__,17009,17009,0.064465968,0.04250414049123311,0.083901692
/home/runner/work/_temp/scanner-verification-il7_c53e/original/tiktok_worker_scanner.py,3488,record,1000,1000,0.064390715,0.04245452417143494,5.873254599
/home/runner/work/_temp/scanner-verification-il7_c53e/original/report_generator.py,251,generate_report,1,1,0.064296961,0.042392709646481015,2.2826952840000003
/opt/hostedtoolcache/Python/3.11.16/x64/lib/python3.11/json/encoder.py,105,__init__,37083,37083,0.06388167,0.04211889715973228,0.06388167
/home/runner/work/_temp/scanner-verification-il7_c53e/original/tiktok_worker_scanner.py,1119,<listcomp>,25019,25019,0.06383201000000001,0.04208615499076656,1.2215062920000002
/opt/hostedtoolcache/Python/3.11.16/x64/lib/python3.11/asyncio/events.py,151,cancel,12543,12543,0.063827268,0.04208302846307354,0.126762021
/opt/hostedtoolcache/Python/3.11.16/x64/lib/python3.11/urllib/request.py,319,__init__,3000,3000,0.063274543,0.04171860205667851,0.604584717
/opt/hostedtoolcache/Python/3.11.16/x64/lib/python3.11/asyncio/base_events.py,1844,_add_callback,25513,25513,0.063196556,0.041667183137404855,0.087329344
/home/runner/work/_temp/scanner-verification-il7_c53e/original/tiktok_worker_scanner.py,2256,save_checkpoint,5000,5000,0.06098102300000001,0.0402064228507531,3.0353610800000004
~,0,<method 'fetchone' of 'sqlite3.Cursor' objects>,13328,13328,0.060938035,0.04017807971020742,0.060938035
/opt/hostedtoolcache/Python/3.11.16/x64/lib/python3.11/asyncio/queues.py,86,qsize,31021,31021,0.060803387,0.040089302675030296,0.088054118
/opt/hostedtoolcache/Python/3.11.16/x64/lib/python3.11/pathlib.py,1008,stat,26145,26145,0.06032230200000001,0.039772110440699386,0.454384775
/opt/hostedtoolcache/Python/3.11.16/x64/lib/python3.11/site-packages/httpx/_models.py,237,<listcomp>,6000,6000,0.05953962,0.039256067220996865,0.104292463
/opt/hostedtoolcache/Python/3.11.16/x64/lib/python3.11/site-packages/httpx/_client.py,340,build_request,3000,3000,0.058942719000000005,0.038862514393815904,5.3757447670000005
~,0,<built-in method now>,18185,18185,0.05854074000000001,0.0385974788654496,0.05854074000000001
/home/runner/work/_temp/scanner-verification-il7_c53e/original/tiktok_worker_scanner.py,3520,phase_summary,1324,1324,0.058485425,0.038561008203421024,0.13606837700000002
/opt/hostedtoolcache/Python/3.11.16/x64/lib/python3.11/asyncio/futures.py,387,_call_check_cancel,27236,27236,0.058365118,0.03848168657390515,0.082693996
/home/runner/work/_temp/scanner-verification-il7_c53e/original/tiktok_worker_scanner.py,1894,save_raw,13251,13251,0.058260692,0.03841283571332491,1.6542117760000001
/opt/hostedtoolcache/Python/3.11.16/x64/lib/python3.11/asyncio/tasks.py,908,_outer_done_callback,27237,27237,0.058253095000000005,0.03840782680761343,0.082480017
/opt/hostedtoolcache/Python/3.11.16/x64/lib/python3.11/json/__init__.py,299,loads,9027,9027,0.057639446999999996,0.03800323223448665,0.37811120200000004
/home/runner/work/_temp/scanner-verification-il7_c53e/original/tiktok_worker_scanner.py,1924,fetch_page,10658,10658,0.057485919,0.037902007109295976,2.077851371
/opt/hostedtoolcache/Python/3.11.16/x64/lib/python3.11/urllib/request.py,401,add_header,28000,28000,0.057359504000000006,0.037818658311676134,0.08621653600000001
/opt/hostedtoolcache/Python/3.11.16/x64/lib/python3.11/site-packages/httpx/_models.py,67,_normalize_header_key,30009,30009,0.057180547000000005,0.03770066716524847,0.084043243
/home/runner/work/_temp/scanner-verification-il7_c53e/original/tiktok_worker_scanner.py,2545,numeric_uid,8500,8500,0.057096417000000003,0.0376451980014328,0.15882822000000002
/opt/hostedtoolcache/Python/3.11.16/x64/lib/python3.11/pathlib.py,383,_iterate_directories,2008,8016,0.056725281,0.03740049808960716,0.10536630200000001
/home/runner/work/_temp/scanner-verification-il7_c53e/original/tiktok_worker_scanner.py,3185,write,5158,5158,0.056358603,0.037158737456662906,0.300078147
/opt/hostedtoolcache/Python/3.11.16/x64/lib/python3.11/urllib/parse.py,818,unquote_plus,18000,18000,0.056312096000000006,0.037128074145102524,0.125264019
/opt/hostedtoolcache/Python/3.11.16/x64/lib/python3.11/site-packages/httpx/_models.py,74,_normalize_header_value,30009,30009,0.056226864,0.03707187840315153,0.083506409
/home/runner/work/_temp/scanner-verification-il7_c53e/original/tiktok_worker_scanner.py,1967,parse_profile_response,1000,1000,0.056207589,0.03705916987905136,0.14365608000000002
/opt/hostedtoolcache/Python/3.11.16/x64/lib/python3.11/email/message.py,427,__setitem__,12000,12000,0.055949822,0.036889217187392354,0.088419299
/opt/hostedtoolcache/Python/3.11.16/x64/lib/python3.11/asyncio/base_events.py,710,call_later,8543,8543,0.054717192000000005,0.036076511191979264,0.425318982
/opt/hostedtoolcache/Python/3.11.16/x64/lib/python3.11/pathlib.py,777,parent,8155,8155,0.054485224000000006,0.03592356847247383,0.101250868
/opt/hostedtoolcache/Python/3.11.16/x64/lib/python3.11/site-packages/httpx/_models.py,304,__setitem__,6000,6000,0.054447053,0.03589840130913128,0.087479939
/home/runner/work/_temp/scanner-verification-il7_c53e/original/tiktok_worker_scanner.py,2215,commit_page,2000,2000,0.05422581800000001,0.035752535144187046,5.715117326
/opt/hostedtoolcache/Python/3.11.16/x64/lib/python3.11/site-packages/httpx/_client.py,1645,_send_handling_auth,6000,6000,0.054106042,0.035673563617202794,4.789757207
/opt/hostedtoolcache/Python/3.11.16/x64/lib/python3.11/site-packages/httpx/_models.py,1270,info,6000,6000,0.05334664,0.035172869525440714,0.274060794
/opt/hostedtoolcache/Python/3.11.16/x64/lib/python3.11/urllib/parse.py,959,urlencode,3000,3000,0.053315739,0.03515249566794555,0.293557725
/home/runner/work/_temp/scanner-verification-il7_c53e/original/report_generator.py,146,_build_data,1,1,0.052723639,0.0347621082687389,2.128672825
/opt/hostedtoolcache/Python/3.11.16/x64/lib/python3.11/site-packages/httpx/_client.py,1594,send,6000,6000,0.051961799,0.03425980673823461,4.9462938
/opt/hostedtoolcache/Python/3.11.16/x64/lib/python3.11/asyncio/queues.py,99,full,20785,20785,0.051570010000000006,0.03400148974997625,0.111102949
~,0,<built-in method builtins.min>,39717,39717,0.051419135000000005,0.03390201381879012,0.051419135000000005
/opt/hostedtoolcache/Python/3.11.16/x64/lib/python3.11/site-packages/httpx/_models.py,441,_prepare,3000,3000,0.051367822,0.033868181782621416,0.555304101
/home/runner/work/_temp/scanner-verification-il7_c53e/original/report_generator.py,217,make_row,1000,1000,0.051302945,0.033825406637716285,0.19147665700000002
/opt/hostedtoolcache/Python/3.11.16/x64/lib/python3.11/asyncio/queues.py,58,_wakeup_next,20474,20474,0.050661946000000006,0.03340277881723991,0.203875311
/opt/hostedtoolcache/Python/3.11.16/x64/lib/python3.11/asyncio/queues.py,175,get_nowait,10237,10237,0.049872658,0.032882380084686254,0.10591528200000001
/home/runner/work/_temp/scanner-verification-il7_c53e/original/tiktok_worker_scanner.py,1329,slot,6000,6000,0.0488212,0.032189125644566295,0.16847629900000002
/home/runner/work/_temp/scanner-verification-il7_c53e/original/tiktok_worker_scanner.py,3478,claim,2000,2000,0.048486615000000004,0.03196852478666466,0.424464149
/opt/hostedtoolcache/Python/3.11.16/x64/lib/python3.11/asyncio/base_events.py,430,create_task,4152,4152,0.048046858000000005,0.031678581210388836,0.128208034
~,0,<built-in method _contextvars.copy_context>,38781,38781,0.04732886,0.031205185885518745,0.04732886
/opt/hostedtoolcache/Python/3.11.16/x64/lib/python3.11/site-packages/httpx/_models.py,195,raw,16002,16002,0.047017348,0.030999797674909624,0.083076124
/opt/hostedtoolcache/Python/3.11.16/x64/lib/python3.11/asyncio/events.py,107,__init__,11543,11543,0.046888735,0.03091499967697994,0.12824085200000002
/opt/hostedtoolcache/Python/3.11.16/x64/lib/python3.11/site-packages/httpx/_client.py,1679,_send_handling_redirects,6000,6000,0.046536753,0.03068292851071148,4.666115745
~,0,<method 'split' of 'str' objects>,39100,39100,0.046399078,0.03059215569330602,0.046399078
~,0,<method 'acquire' of '_thread.lock' objects>,31269,31269,0.046393254999999994,0.0305883164333405,0.046393254999999994
/opt/hostedtoolcache/Python/3.11.16/x64/lib/python3.11/site-packages/httpx/_urlparse.py,348,encode_host,6001,6001,0.045712657000000004,0.030139579930848957,0.227743308
/opt/hostedtoolcache/Python/3.11.16/x64/lib/python3.11/asyncio/queues.py,110,put,10548,10548,0.04559138,0.030059618754335552,0.46040943700000003
/opt/hostedtoolcache/Python/3.11.16/x64/lib/python3.11/urllib/parse.py,863,quote,10000,10000,0.044918856,0.029616205656439836,0.174094931
/opt/hostedtoolcache/Python/3.11.16/x64/lib/python3.11/threading.py,90,RLock,27238,27238,0.044464789000000005,0.029316827113633617,0.044464789000000005
/opt/hostedtoolcache/Python/3.11.16/x64/lib/python3.11/pathlib.py,583,__hash__,18040,18040,0.044360017,0.029247748125980043,0.09206565600000001
/opt/hostedtoolcache/Python/3.11.16/x64/lib/python3.11/selectors.py,275,_key_from_fd,25513,25513,0.044196219,0.029139751714537296,0.044196219
/opt/hostedtoolcache/Python/3.11.16/x64/lib/python3.11/pathlib.py,402,_select_from,9022,9022,0.043086981,0.02840840137182291,0.464673938
/opt/hostedtoolcache/Python/3.11.16/x64/lib/python3.11/asyncio/unix_events.py,81,_process_self_data,25576,25576,0.042413853,0.027964590040539052,0.042413853
~,0,<method 'partition' of 'str' objects>,40336,40336,0.041465638000000006,0.027339406477393077,0.041465638000000006
/home/runner/work/_temp/scanner-verification-il7_c53e/original/scan_runtime.py,84,<lambda>,33994,33994,0.040642668,0.026796800299509108,0.040642668
/opt/hostedtoolcache/Python/3.11.16/x64/lib/python3.11/urllib/parse.py,374,urlparse,3000,3000,0.039771965,0.026222722475406034,0.274049354
/home/runner/work/_temp/scanner-verification-il7_c53e/original/tiktok_worker_scanner.py,1361,pace,3000,3000,0.03920218,0.02584704795377631,0.097683341
/opt/hostedtoolcache/Python/3.11.16/x64/lib/python3.11/json/encoder.py,278,_iterencode_list,17029,17029,0.039131116,0.025800193553949892,0.056094401
/home/runner/work/_temp/scanner-verification-il7_c53e/original/tiktok_worker_scanner.py,337,fsync_directory,4075,4075,0.039044865,0.025743325957988106,0.28060152699999996
/opt/hostedtoolcache/Python/3.11.16/x64/lib/python3.11/urllib/parse.py,781,_unquote,18000,18000,0.038857066,0.025619505043981,0.164121085
/home/runner/work/_temp/scanner-verification-il7_c53e/original/tiktok_worker_scanner.py,2067,finish_list_result,4000,4000,0.038439810000000005,0.025344396980067185,0.14544345600000003
~,0,<built-in method time.perf_counter>,38203,38203,0.038315689,0.025262560678130132,0.038315689
~,0,<built-in method _asyncio._get_running_loop>,25963,25963,0.03816829,0.025165376566906247,0.03816829
~,0,<method 'get' of '_contextvars.ContextVar' objects>,30238,30238,0.037922726000000004,0.025003469640206735,0.037922726000000004
/home/runner/work/_temp/scanner-verification-il7_c53e/original/tiktok_worker_scanner.py,1305,check,15000,15000,0.037766814,0.02490067267992113,0.052654211000000006
~,0,<method 'lower' of 'bytes' objects>,42016,42016,0.037598162000000004,0.024789475896183587,0.037598162000000004
/home/runner/work/_temp/scanner-verification-il7_c53e/original/tiktok_worker_scanner.py,973,check_worker_error,6000,6000,0.037508728000000005,0.02473050966301242,0.06022795400000001
/opt/hostedtoolcache/Python/3.11.16/x64/lib/python3.11/contextlib.py,299,helper,13008,13008,0.037225826000000004,0.02454398479219607,0.097760556
/home/runner/work/_temp/scanner-verification-il7_c53e/original/tiktok_worker_scanner.py,1547,borrow_client,3030,3030,0.037121388000000005,0.024475126019694225,0.09926143400000001
/opt/hostedtoolcache/Python/3.11.16/x64/lib/python3.11/site-packages/httpx/_models.py,516,__init__,3000,3000,0.037084101,0.024450541701244267,1.094861518
~,0,<method 'finditer' of 're.Pattern' objects>,21002,21002,0.036821386000000005,0.024277326660571114,0.036821386000000005
~,0,<method 'search' of 're.Pattern' objects>,5158,5158,0.036721792,0.024211661667096047,0.036721792
/home/runner/work/_temp/scanner-verification-il7_c53e/final/tests/benchmark_hybrid.py,64,__exit__,12508,12508,0.036682539,0.024185781112154213,0.051002901
/opt/hostedtoolcache/Python/3.11.16/x64/lib/python3.11/asyncio/events.py,68,cancel,12544,12544,0.036586248,0.024122293875104714,0.048417293
/home/runner/work/_temp/scanner-verification-il7_c53e/final/direct_protocol.py,114,normalize_profile,1000,1000,0.036195995,0.02386498961281356,0.074513154
/opt/hostedtoolcache/Python/3.11.16/x64/lib/python3.11/site-packages/httpx/_urlparse.py,482,percent_encoded,15000,15000,0.036148929,0.023833957737571104,0.057906610000000004
/opt/hostedtoolcache/Python/3.11.16/x64/lib/python3.11/site-packages/httpx/_models.py,200,<listcomp>,16002,16002,0.036058776,0.023774517448429608,0.036058776
/home/runner/work/_temp/scanner-verification-il7_c53e/original/tiktok_worker_scanner.py,2894,dispatch_profiles,1226,1226,0.036026563000000004,0.0237532785541708,11.916438963000001
/opt/hostedtoolcache/Python/3.11.16/x64/lib/python3.11/concurrent/futures/thread.py,47,__init__,27236,27236,0.035986056,0.023726571203419804,0.035986056
~,0,<method 'rstrip' of 'str' objects>,30310,30310,0.035932485,0.02369125040733316,0.035932485
/opt/hostedtoolcache/Python/3.11.16/x64/lib/python3.11/pathlib.py,1111,mkdir,5076,5078,0.035437572,0.02336494100199021,0.44777299400000004
/opt/hostedtoolcache/Python/3.11.16/x64/lib/python3.11/_weakrefset.py,85,add,11156,11156,0.035400466000000005,0.023340476021691342,0.049073948000000006
/opt/hostedtoolcache/Python/3.11.16/x64/lib/python3.11/contextlib.py,141,__exit__,13007,13007,0.035204906,0.02321153807237728,0.118699812
~,0,<method 'endswith' of 'str' objects>,36696,36696,0.03505447800000001,0.023112356860271466,0.03505447800000001
/opt/hostedtoolcache/Python/3.11.16/x64/lib/python3.11/pathlib.py,765,__truediv__,15105,15105,0.034942666000000004,0.023038636211934874,0.539751046
/opt/hostedtoolcache/Python/3.11.16/x64/lib/python3.11/asyncio/queues.py,186,task_done,10237,10237,0.034353701,0.022650315802251127,0.049889423
~,0,<built-in method posix.close>,5082,5082,0.034265948000000004,0.022592457897433395,0.034265948000000004
/opt/hostedtoolcache/Python/3.11.16/x64/lib/python3.11/pathlib.py,504,_from_parts,8030,8030,0.034052256,0.022451565034553363,0.600523614
/opt/hostedtoolcache/Python/3.11.16/x64/lib/python3.11/asyncio/locks.py,89,locked,33994,33994,0.033854425,0.02232112975407295,0.033854425
/home/runner/work/_temp/scanner-verification-il7_c53e/original/tiktok_worker_scanner.py,677,found_lists_for,3000,3000,0.033805547000000005,0.02228890317866606,0.08826863900000001
~,0,<built-in method time.process_time>,17003,17003,0.033650168,0.022186457639565685,0.033650168
/opt/hostedtoolcache/Python/3.11.16/x64/lib/python3.11/concurrent/futures/_base.py,398,__get_result,27236,27236,0.033563821,0.02212952674823095,0.033563821
~,0,<built-in method math.ceil>,24911,24911,0.033363546,0.021997480073047512,0.033363546
/opt/hostedtoolcache/Python/3.11.16/x64/lib/python3.11/_weakrefset.py,39,_remove,11151,11151,0.033316505,0.021966464680975094,0.046642300000000005
/opt/hostedtoolcache/Python/3.11.16/x64/lib/python3.11/urllib/parse.py,917,quote_plus,10000,10000,0.03289611,0.021689286990231163,0.21502368000000002
/opt/hostedtoolcache/Python/3.11.16/x64/lib/python3.11/site-packages/httpx/_models.py,1101,extract_cookies,3000,3000,0.03230758,0.021301253387706102,1.860304372
/home/runner/work/_temp/scanner-verification-il7_c53e/original/report_generator.py,34,saved_profile,2000,2000,0.032284496,0.021286033487818778,0.98948612
/opt/hostedtoolcache/Python/3.11.16/x64/lib/python3.11/pathlib.py,622,name,11165,11165,0.032233818,0.02125262012416906,0.043427043000000005
<frozen _collections_abc>,959,setdefault,6000,6000,0.032155539000000004,0.021201008681469354,0.208683524
/opt/hostedtoolcache/Python/3.11.16/x64/lib/python3.11/asyncio/queues.py,95,empty,28819,28819,0.032064442,0.021140945987827186,0.032064442
/home/runner/work/_temp/scanner-verification-il7_c53e/original/tiktok_worker_scanner.py,2020,parse_list_page,2000,2000,0.031994236,0.02109465729039651,0.07336817500000001
/opt/hostedtoolcache/Python/3.11.16/x64/lib/python3.11/http/cookiejar.py,1680,extract_cookies,3000,3000,0.031797331000000005,0.02096483254653435,0.39264736800000005
/opt/hostedtoolcache/Python/3.11.16/x64/lib/python3.11/pathlib.py,1261,is_file,9025,9025,0.031605203,0.020838157406803264,0.20014884400000002
/opt/hostedtoolcache/Python/3.11.16/x64/lib/python3.11/pathlib.py,667,with_name,3072,3072,0.031529622,0.020788324827814182,0.108932879
/opt/hostedtoolcache/Python/3.11.16/x64/lib/python3.11/asyncio/locks.py,178,is_set,29528,29528,0.031467638,0.020747457115345973,0.031467638
/opt/hostedtoolcache/Python/3.11.16/x64/lib/python3.11/site-packages/httpx/_transports/mock.py,29,handle_async_request,6000,6000,0.031279192000000004,0.020623209616898255,2.453907742
/opt/hostedtoolcache/Python/3.11.16/x64/lib/python3.11/site-packages/httpx/_client.py,1485,request,6000,6000,0.031027697000000003,0.02045739222293866,10.353066264
~,0,<built-in method posix.rmdir>,1003,1003,0.030988177000000002,0.020431335627740806,0.030992114
/home/runner/work/_temp/scanner-verification-il7_c53e/final/tests/benchmark_hybrid.py,168,<genexpr>,7018,7018,0.030974304,0.020422188787022694,0.6054373110000001
/opt/hostedtoolcache/Python/3.11.16/x64/lib/python3.11/asyncio/base_events.py,687,is_closed,27238,27238,0.030746808,0.020272194576973858,0.030746808
/opt/hostedtoolcache/Python/3.11.16/x64/lib/python3.11/contextlib.py,132,__enter__,13008,13008,0.030611388000000003,0.020182908541505923,0.546108226
/opt/hostedtoolcache/Python/3.11.16/x64/lib/python3.11/site-packages/httpx/_decoders.py,260,flush,6000,6000,0.030465416000000002,0.020086665289627874,0.047359338
/opt/hostedtoolcache/Python/3.11.16/x64/lib/python3.11/pathlib.py,569,_cparts,9022,9022,0.030058093000000004,0.019818106318834006,0.038665498000000006
/opt/hostedtoolcache/Python/3.11.16/x64/lib/python3.11/functools.py,35,update_wrapper,2035,2035,0.029812947000000006,0.019656474990737548,0.057823235
~,0,<method 'strip' of 'str' objects>,31060,31060,0.029798647000000004,0.019647046617475166,0.029798647000000004
/home/runner/work/_temp/scanner-verification-il7_c53e/original/tiktok_worker_scanner.py,1900,lookup_profile,5623,5623,0.029692689,0.01957718566823494,1.1472748830000001
~,0,<built-in method posix.scandir>,5017,5017,0.029450099,0.019417239579443277,0.053337374
/home/runner/work/_temp/scanner-verification-il7_c53e/original/scan_statistics.py,53,request_finished,3000,3000,0.029179912000000002,0.01923909804890883,0.188700728
/opt/hostedtoolcache/Python/3.11.16/x64/lib/python3.11/http/cookiejar.py,1599,make_cookies,3000,3000,0.02896984,0.019100591949050463,0.197903335
/home/runner/work/_temp/scanner-verification-il7_c53e/original/tiktok_worker_scanner.py,1963,worker_verified,8500,8500,0.028892649000000003,0.019049697853910856,0.044707003
~,0,<method 'capitalize' of 'str' objects>,28000,28000,0.028857032,0.019026214611219516,0.028857032
/opt/hostedtoolcache/Python/3.11.16/x64/lib/python3.11/site-packages/httpx/_content.py,176,encode_json,3000,3000,0.027867842,0.01837401513237941,0.18008912000000002
/opt/hostedtoolcache/Python/3.11.16/x64/lib/python3.11/contextlib.py,214,__aexit__,5006,5006,0.027322653000000002,0.01801455741276098,0.340689073
~,0,<method 'load_verify_locations' of '_ssl._SSLContext' objects>,1,1,0.02713766,0.017892586569759058,0.02713766
/opt/hostedtoolcache/Python/3.11.16/x64/lib/python3.11/asyncio/tasks.py,399,wait,2452,2452,0.027046996,0.01783280936462197,11.831740172
/opt/hostedtoolcache/Python/3.11.16/x64/lib/python3.11/email/message.py,531,get_all,6000,6000,0.026651877,0.017572296818114397,0.042468914
~,0,<method 'join' of 'bytes' objects>,6000,6000,0.026617345,0.017549528945002755,0.578054778
~,0,<method '_is_owned' of '_thread.RLock' objects>,27236,27236,0.026150614000000003,0.01724180068758151,0.026150614000000003
/opt/hostedtoolcache/Python/3.11.16/x64/lib/python3.11/site-packages/httpx/_models.py,571,_prepare,3000,3000,0.02615017,0.017241507946481615,0.24340946500000002
/opt/hostedtoolcache/Python/3.11.16/x64/lib/python3.11/pathlib.py,1245,is_dir,4079,4079,0.025995226000000003,0.017139349214539926,0.129429798
/home/runner/work/_temp/scanner-verification-il7_c53e/final/tests/benchmark_hybrid.py,73,user,8500,8500,0.025893947,0.01707257325540422,0.025893947
/opt/hostedtoolcache/Python/3.11.16/x64/lib/python3.11/urllib/parse.py,413,_splitnetloc,3009,3009,0.025742704,0.01697285469195512,0.045687928
/opt/hostedtoolcache/Python/3.11.16/x64/lib/python3.11/asyncio/futures.py,311,_set_result_unless_cancelled,7179,7179,0.025631826,0.016899749854851195,0.15820905100000002
/opt/hostedtoolcache/Python/3.11.16/x64/lib/python3.11/dataclasses.py,1321,<genexpr>,20000,20000,0.02552919,0.016832079189245768,0.10792174200000001
~,0,<method 'result' of '_asyncio.Future' objects>,27236,27236,0.025485004000000002,0.016802946175191815,0.025485004000000002
/opt/hostedtoolcache/Python/3.11.16/x64/lib/python3.11/pathlib.py,877,_make_child_relpath,11024,11024,0.025469136,0.01679248397750458,0.057435175000000005
/opt/hostedtoolcache/Python/3.11.16/x64/lib/python3.11/site-packages/httpx/_urlparse.py,186,copy_with,3000,3000,0.025394193000000002,0.016743072049014894,1.915020337
/opt/hostedtoolcache/Python/3.11.16/x64/lib/python3.11/site-packages/httpx/_models.py,961,close,3000,3000,0.025311838000000003,0.016688773190272007,0.08035191900000001
/opt/hostedtoolcache/Python/3.11.16/x64/lib/python3.11/site-packages/httpx/_models.py,202,keys,6001,6001,0.02527377,0.016663673937590027,0.320145975
~,0,<method 'values' of 'dict' objects>,25505,25505,0.025235215,0.016638253592755687,0.025235215
/home/runner/work/_temp/scanner-verification-il7_c53e/final/direct_protocol.py,99,guard,3000,3000,0.025221619,0.01662928938556161,0.041574717000000004
~,0,<method 'lstrip' of 'str' objects>,23568,23568,0.024906715000000003,0.01642166473844158,0.024906715000000003
~,0,<built-in method builtins.all>,8126,8126,0.024784058000000005,0.01634079369094202,0.03942226
/opt/hostedtoolcache/Python/3.11.16/x64/lib/python3.11/site-packages/httpx/_client.py,424,_merge_headers,3000,3000,0.024618147,0.016231404121967562,0.302766146
~,0,<method 'exception' of '_asyncio.Future' objects>,27236,27236,0.02445539,0.016124094069725245,0.02445539
<frozen posixpath>,60,isabs,6031,6031,0.024431286,0.016108201656500322,0.052228698000000004
/opt/hostedtoolcache/Python/3.11.16/x64/lib/python3.11/pathlib.py,981,resolve,3015,3015,0.024363665,0.016063617318851694,1.076098339
/opt/hostedtoolcache/Python/3.11.16/x64/lib/python3.11/re/__init__.py,173,search,5158,5158,0.024214115,0.015965014995677644,0.123822712
/opt/hostedtoolcache/Python/3.11.16/x64/lib/python3.11/site-packages/httpx/_urls.py,498,multi_items,3000,3000,0.024072654000000002,0.015871745967001458,0.036921494
/opt/hostedtoolcache/Python/3.11.16/x64/lib/python3.11/contextlib.py,205,__aenter__,5003,5003,0.023975226000000002,0.01580750907537858,0.431601353
/opt/hostedtoolcache/Python/3.11.16/x64/lib/python3.11/urllib/request.py,374,_parse,3000,3000,0.023916319000000002,0.015768670111478787,0.09048199800000001
~,0,<method 'reverse' of 'list' objects>,26219,26219,0.023859475,0.015731191338770625,0.023859475
/opt/hostedtoolcache/Python/3.11.16/x64/lib/python3.11/site-packages/httpx/_models.py,274,update,3001,3001,0.023798178000000003,0.015690776583815097,0.259530137
/opt/hostedtoolcache/Python/3.11.16/x64/lib/python3.11/site-packages/httpx/_models.py,699,_get_content_decoder,3000,3000,0.023170257000000003,0.015276771439249584,0.076039199
/opt/hostedtoolcache/Python/3.11.16/x64/lib/python3.11/json/__init__.py,244,detect_encoding,3000,3000,0.023155327,0.015266927690102216,0.037247402
/home/runner/work/_temp/scanner-verification-il7_c53e/original/scan_statistics.py,43,prune,7140,7140,0.023118434,0.015242603146412077,0.029259384000000003
/home/runner/work/_temp/scanner-verification-il7_c53e/original/tiktok_worker_scanner.py,3319,register_profile,1000,1000,0.023096987000000003,0.015228462564498915,0.215977096
/opt/hostedtoolcache/Python/3.11.16/x64/lib/python3.11/urllib/request.py,301,request_host,3000,3000,0.023017243,0.015175885208034912,0.309383263
/home/runner/work/_temp/scanner-verification-il7_c53e/original/scan_statistics.py,93,snapshot,140,140,0.022694479,0.014963078252254578,0.29259745800000003
/opt/hostedtoolcache/Python/3.11.16/x64/lib/python3.11/asyncio/tasks.py,376,create_task,4010,4010,0.022628866,0.014919817842823495,0.16508534400000002
~,0,<method 'groupdict' of 're.Match' objects>,12002,12002,0.022597496,0.014899134761058398,0.022597496
~,0,<built-in method _stat.S_ISLNK>,24111,24111,0.022474541,0.01481806723417197,0.022474541
/opt/hostedtoolcache/Python/3.11.16/x64/lib/python3.11/_weakrefset.py,27,__exit__,4180,4180,0.022432611,0.014790421661382351,0.054641139000000005
/opt/hostedtoolcache/Python/3.11.16/x64/lib/python3.11/urllib/parse.py,703,parse_qs,5001,5001,0.022214666,0.014646724681615262,0.300725605
/opt/hostedtoolcache/Python/3.11.16/x64/lib/python3.11/site-packages/httpx/_exceptions.py,366,request_context,24000,24000,0.021963198,0.014480925089479306,0.021963198
/opt/hostedtoolcache/Python/3.11.16/x64/lib/python3.11/urllib/request.py,343,full_url,3000,3000,0.02196044,0.014479106666160592,0.138629013
/opt/hostedtoolcache/Python/3.11.16/x64/lib/python3.11/pathlib.py,868,__new__,5015,5015,0.021928431,0.014458002274569297,0.426959591
/opt/hostedtoolcache/Python/3.11.16/x64/lib/python3.11/asyncio/queues.py,53,_put,10237,10237,0.021924569,0.014455455954461653,0.031044751000000002
/opt/hostedtoolcache/Python/3.11.16/x64/lib/python3.11/site-packages/httpx/_auth.py,87,async_auth_flow,6000,6000,0.021385717000000002,0.01410017638878474,0.040771236
/opt/hostedtoolcache/Python/3.11.16/x64/lib/python3.11/site-packages/httpx/_models.py,242,get,6000,6000,0.021195761,0.013974933306866652,0.218776287
~,0,<method 'is_dir' of 'posix.DirEntry' objects>,24057,24057,0.02114684,0.013942678380407289,0.02114684
/opt/hostedtoolcache/Python/3.11.16/x64/lib/python3.11/asyncio/timeouts.py,85,__aenter__,3000,3000,0.021025207,0.013862482483552529,0.14380577900000002
/opt/hostedtoolcache/Python/3.11.16/x64/lib/python3.11/pathlib.py,1036,open,4094,4094,0.020852365,0.013748523120516429,0.557378637
/opt/hostedtoolcache/Python/3.11.16/x64/lib/python3.11/_weakrefset.py,53,_commit_removals,4180,4180,0.020807171000000003,0.0137187255050465,0.026981947000000003
/home/runner/work/_temp/scanner-verification-il7_c53e/original/tiktok_worker_scanner.py,226,finish,4000,4000,0.020780199,0.013700942142554687,0.081579302
/opt/hostedtoolcache/Python/3.11.16/x64/lib/python3.11/site-packages/httpx/_models.py,468,read,3000,3000,0.020715277,0.013658137327943482,0.111324447
/opt/hostedtoolcache/Python/3.11.16/x64/lib/python3.11/site-packages/httpx/_client.py,457,_build_request_auth,3000,3000,0.020670257,0.013628454435337027,0.072832545
/opt/hostedtoolcache/Python/3.11.16/x64/lib/python3.11/asyncio/queues.py,50,_get,10237,10237,0.020669871000000003,0.013628199935191624,0.029519581000000003
/opt/hostedtoolcache/Python/3.11.16/x64/lib/python3.11/asyncio/base_events.py,531,_asyncgen_firstiter_hook,7001,7001,0.02053788,0.01354117473132625,0.05338355400000001
/home/runner/work/_temp/scanner-verification-il7_c53e/original/tiktok_worker_scanner.py,1390,observe,3000,3000,0.020189969000000002,0.013311787684466966,0.028480877
/opt/hostedtoolcache/Python/3.11.16/x64/lib/python3.11/site-packages/httpx/_models.py,252,get_list,3000,3000,0.019816094000000003,0.013065281876531842,0.044624961000000005
/opt/hostedtoolcache/Python/3.11.16/x64/lib/python3.11/site-packages/httpx/_client.py,433,_merge_queryparams,3000,3000,0.019815189,0.013064685185776423,0.186691606
/home/runner/work/_temp/scanner-verification-il7_c53e/original/tiktok_worker_scanner.py,2252,checkpoint,3000,3000,0.019740731,0.013015593030785496,0.170422924
/opt/hostedtoolcache/Python/3.11.16/x64/lib/python3.11/asyncio/timeouts.py,50,reschedule,3000,3000,0.019609467000000002,0.012929047157504866,0.10313164400000001
/opt/hostedtoolcache/Python/3.11.16/x64/lib/python3.11/asyncio/timeouts.py,129,timeout,3000,3000,0.019140769000000002,0.012620022004264942,0.042574809000000005
/opt/hostedtoolcache/Python/3.11.16/x64/lib/python3.11/pathlib.py,94,join_parsed_parts,15106,15106,0.019092227000000003,0.012588016962663375,0.019092227000000003
/opt/hostedtoolcache/Python/3.11.16/x64/lib/python3.11/site-packages/httpx/_models.py,348,<listcomp>,11005,11005,0.018907669000000002,0.012466332926820136,0.018907669000000002
/opt/hostedtoolcache/Python/3.11.16/x64/lib/python3.11/site-packages/httpx/_urlparse.py,167,authority,6000,6000,0.018603642,0.012265879777320726,0.025017313000000003
/home/runner/work/_temp/scanner-verification-il7_c53e/original/tiktok_worker_scanner.py,3351,recover,1,1,0.018490725,0.012191430572868407,0.45292771800000003
/opt/hostedtoolcache/Python/3.11.16/x64/lib/python3.11/urllib/parse.py,119,_coerce_args,6009,6009,0.018198685000000003,0.01199888077373936,0.023256492
/home/runner/work/_temp/scanner-verification-il7_c53e/original/scan_statistics.py,48,request_started,3000,3000,0.017810768,0.01174311669885666,0.163122236
/opt/hostedtoolcache/Python/3.11.16/x64/lib/python3.11/site-packages/httpx/_client.py,391,_merge_url,3000,3000,0.017646819,0.011635020729066876,1.4158275960000002
/opt/hostedtoolcache/Python/3.11.16/x64/lib/python3.11/asyncio/timeouts.py,97,__aexit__,3000,3000,0.017497139000000002,0.011536332693408624,0.050397786
/opt/hostedtoolcache/Python/3.11.16/x64/lib/python3.11/urllib/parse.py,1080,_splittype,3000,3000,0.017470607000000003,0.0115188394347095,0.033212113
~,0,<method 'remove' of 'collections.deque' objects>,17303,17303,0.017375844,0.011456359649012794,0.017375844
/opt/hostedtoolcache/Python/3.11.16/x64/lib/python3.11/site-packages/httpx/_models.py,831,json,3000,3000,0.017355432,0.011442901470339247,0.196080884
/opt/hostedtoolcache/Python/3.11.16/x64/lib/python3.11/site-packages/httpx/_urls.py,274,params,5000,5000,0.017159043000000002,0.011313416939106697,0.36712868800000004
<frozen posixpath>,409,realpath,3015,3015,0.017126949000000002,0.011292256504737268,0.787001578
~,0,<built-in method builtins.anext>,8002,8002,0.017022933,0.011223675968145679,0.048329286000000006
/home/runner/work/_temp/scanner-verification-il7_c53e/original/report_generator.py,61,profile_for_report,2000,2000,0.016925772000000002,0.01115961511677882,1.014437459
/opt/hostedtoolcache/Python/3.11.16/x64/lib/python3.11/enum.py,193,__get__,5189,5189,0.016913502,0.011151525176923617,0.024133731000000002
~,0,<method 'discard' of 'set' objects>,14151,14151,0.016831723,0.011097606090418433,0.016831723
/home/runner/work/_temp/scanner-verification-il7_c53e/original/tiktok_worker_scanner.py,2275,count,2000,2000,0.016599551,0.010944528868245477,0.09444912700000001
/home/runner/work/_temp/scanner-verification-il7_c53e/original/avatar_cache.py,243,ensure,2070,2070,0.016542056,0.010906620873789496,0.197099097
/opt/hostedtoolcache/Python/3.11.16/x64/lib/python3.11/site-packages/httpx/_models.py,1228,__bool__,3000,3000,0.016344716000000002,0.010776509322768656,0.037695408
/opt/hostedtoolcache/Python/3.11.16/x64/lib/python3.11/typing.py,1602,__subclasscheck__,3000,3000,0.016324171000000002,0.010762963453630503,0.041836820000000004
/opt/hostedtoolcache/Python/3.11.16/x64/lib/python3.11/_weakrefset.py,72,__len__,4181,4181,0.016187565,0.01067289545657591,0.024244565000000003
/opt/hostedtoolcache/Python/3.11.16/x64/lib/python3.11/pathlib.py,956,rglob,9022,9022,0.0160887,0.010607711112339184,0.48222725000000005
~,0,<method 'end' of 're.Match' objects>,18054,18054,0.016048519,0.0105812187021255,0.016048519
~,0,<method 'acquire' of '_thread.RLock' objects>,11518,11518,0.015906255,0.010487420234027652,0.015906255
/opt/hostedtoolcache/Python/3.11.16/x64/lib/python3.11/pathlib.py,327,_select_from,18040,18040,0.015835031,0.010440460341912984,0.015835031
/opt/hostedtoolcache/Python/3.11.16/x64/lib/python3.11/site-packages/httpx/_urlparse.py,200,__str__,3000,3000,0.015762766,0.01039281409059789,0.031904966
/opt/hostedtoolcache/Python/3.11.16/x64/lib/python3.11/site-packages/httpx/_models.py,231,multi_items,6000,6000,0.015759306,0.010390532819864474,0.120051769
/opt/hostedtoolcache/Python/3.11.16/x64/lib/python3.11/asyncio/locks.py,182,set,8358,8358,0.015557361,0.010257385068922426,0.015572510000000001
/opt/hostedtoolcache/Python/3.11.16/x64/lib/python3.11/site-packages/httpx/_urls.py,623,__str__,3000,3000,0.015389037000000001,0.010146404544375796,0.34586825600000004
/opt/hostedtoolcache/Python/3.11.16/x64/lib/python3.11/site-packages/httpx/_urls.py,244,path,5000,5000,0.015194281,0.010017996693810198,0.034243578000000004
/opt/hostedtoolcache/Python/3.11.16/x64/lib/python3.11/typing.py,1327,__instancecheck__,3000,3000,0.015041019000000001,0.00991694694954874,0.056877839000000006
/home/runner/work/_temp/scanner-verification-il7_c53e/final/tests/benchmark_hybrid.py,72,total,12000,12000,0.014988322,0.009882202405086667,0.014988322
/opt/hostedtoolcache/Python/3.11.16/x64/lib/python3.11/asyncio/base_events.py,1854,_timer_handle_cancelled,11543,11543,0.014521377,0.009574333051729887,0.014521377
/home/runner/work/_temp/scanner-verification-il7_c53e/original/tiktok_worker_scanner.py,1192,available,3001,3001,0.014518437,0.009572394630933286,0.020642581
/opt/hostedtoolcache/Python/3.11.16/x64/lib/python3.11/site-packages/httpx/_urls.py,168,host,6000,6000,0.014490636000000001,0.009554064686522978,0.020952325
/opt/hostedtoolcache/Python/3.11.16/x64/lib/python3.11/site-packages/httpx/_urlparse.py,422,validate_path,6001,6001,0.014403757000000001,0.00949678303332981,0.021381395
/opt/hostedtoolcache/Python/3.11.16/x64/lib/python3.11/contextlib.py,332,helper,4001,4001,0.014402416000000001,0.009495898876088912,0.037769378
/home/runner/work/_temp/scanner-verification-il7_c53e/original/tiktok_worker_scanner.py,3309,_add_job,1000,1000,0.014313688000000001,0.00943739812763965,0.262042357
/home/runner/work/_temp/scanner-verification-il7_c53e/original/tiktok_worker_scanner.py,1094,text,6158,6158,0.014126493,0.009313975447020685,0.014126493
/home/runner/work/_temp/scanner-verification-il7_c53e/original/tiktok_worker_scanner.py,2088,<lambda>,2000,2000,0.014073081000000001,0.009278759483895494,0.167212374
~,0,<method 'startswith' of 'bytes' objects>,11018,11018,0.014064674000000001,0.009273216523474737,0.014064674000000001
/opt/hostedtoolcache/Python/3.11.16/x64/lib/python3.11/site-packages/httpx/_urls.py,150,username,3000,3000,0.013968441000000002,0.00920976752737973,0.028389538000000002
/opt/hostedtoolcache/Python/3.11.16/x64/lib/python3.11/site-packages/httpx/_content.py,107,encode_content,2000,2000,0.013921559,0.00917885696826876,0.022022563000000002
~,0,<method 'find' of 'str' objects>,12054,12054,0.013897132,0.009162751592486928,0.013897132
~,0,<method 'release' of '_thread.RLock' objects>,11518,11518,0.013819873,0.009111812663124818,0.013819873
/opt/hostedtoolcache/Python/3.11.16/x64/lib/python3.11/pathlib.py,745,parts,3000,3000,0.013767303000000002,0.009077151853166545,0.013767303000000002
/opt/hostedtoolcache/Python/3.11.16/x64/lib/python3.11/site-packages/httpx/_client.py,413,_merge_cookies,3000,3000,0.013760228000000001,0.009072487116045472,0.05496989
/home/runner/work/_temp/scanner-verification-il7_c53e/final/tests/benchmark_hybrid.py,100,<listcomp>,2000,2000,0.013750373000000001,0.00906598945041605,0.034888123
~,0,<method 'extend' of 'list' objects>,15348,15348,0.013749322000000001,0.009065296497947604,0.013832418
/opt/hostedtoolcache/Python/3.11.16/x64/lib/python3.11/site-packages/httpx/_models.py,876,read,3000,3000,0.013697612000000001,0.009031202709038677,0.575771911
/opt/hostedtoolcache/Python/3.11.16/x64/lib/python3.11/site-packages/httpx/_models.py,619,reason_phrase,3000,3000,0.013537001000000002,0.008925307572112517,0.044961778
/home/runner/work/_temp/scanner-verification-il7_c53e/original/tiktok_worker_scanner.py,3134,sanitize_run_name,1000,1000,0.013488126000000001,0.008893082974686026,0.041686262
/opt/hostedtoolcache/Python/3.11.16/x64/lib/python3.11/site-packages/httpx/_urls.py,458,<dictcomp>,3000,3000,0.013455247,0.008871404968777368,0.033464775
<frozen posixpath>,394,abspath,3016,3016,0.013412338000000001,0.008843113915049017,0.06322670400000001
/home/runner/work/_temp/scanner-verification-il7_c53e/original/tiktok_worker_scanner.py,3554,summary,162,162,0.013292009,0.008763777780343499,0.056915481000000004
/opt/hostedtoolcache/Python/3.11.16/x64/lib/python3.11/re/_parser.py,516,_parse,118,300,0.013270407000000001,0.008749535002776091,0.045906854000000004
/opt/hostedtoolcache/Python/3.11.16/x64/lib/python3.11/urllib/parse.py,1101,_splithost,3000,3000,0.013115821000000001,0.00864761230982936,0.02223293
/opt/hostedtoolcache/Python/3.11.16/x64/lib/python3.11/site-packages/httpx/_urls.py,459,<listcomp>,5000,5000,0.013065116000000002,0.008614181144356007,0.020009528000000002
/home/runner/work/_temp/scanner-verification-il7_c53e/original/scan_statistics.py,71,account_finished,1000,1000,0.013037042,0.00859567120372887,0.084716965
/opt/hostedtoolcache/Python/3.11.16/x64/lib/python3.11/site-packages/httpx/_status_codes.py,38,get_reason_phrase,3000,3000,0.012951325000000001,0.00853915568827912,0.031424777
/home/runner/work/_temp/scanner-verification-il7_c53e/original/tiktok_worker_scanner.py,2081,replay_committed_list,4039,4039,0.012774729,0.008422721212429943,0.236753854
/home/runner/work/_temp/scanner-verification-il7_c53e/original/tiktok_worker_scanner.py,2262,cursor_seen,2000,2000,0.01262313,0.008322767928639487,0.132221221
/opt/hostedtoolcache/Python/3.11.16/x64/lib/python3.11/asyncio/locks.py,194,clear,10237,10237,0.012567966000000002,0.008286396824957956,0.012567966000000002
/home/runner/work/_temp/scanner-verification-il7_c53e/original/tiktok_worker_scanner.py,1202,choose,3000,3000,0.012333148,0.008131575024068059,0.033050628000000006
~,0,<method 'rstrip' of 'bytes' objects>,11006,11006,0.012332861,0.008131385797276009,0.012332861
/opt/hostedtoolcache/Python/3.11.16/x64/lib/python3.11/site-packages/httpx/_decoders.py,233,__init__,6000,6000,0.012320852,0.008123467941716015,0.012320852
/opt/hostedtoolcache/Python/3.11.16/x64/lib/python3.11/email/message.py,156,__init__,6000,6000,0.012243086,0.00807219473366551,0.012243086
/opt/hostedtoolcache/Python/3.11.16/x64/lib/python3.11/pathlib.py,630,suffix,2014,2014,0.011894379000000002,0.007842282862672176,0.024174016000000003
/opt/hostedtoolcache/Python/3.11.16/x64/lib/python3.11/site-packages/httpx/_content.py,35,__iter__,12000,12000,0.011892813,0.007841250356900925,0.011892813
/opt/hostedtoolcache/Python/3.11.16/x64/lib/python3.11/_weakrefset.py,21,__enter__,4180,4180,0.011887855000000001,0.007837981414618765,0.016607691
/opt/hostedtoolcache/Python/3.11.16/x64/lib/python3.11/site-packages/httpx/_models.py,771,has_redirect_location,3000,3000,0.011875002,0.00782950708723825,0.011875002
/opt/hostedtoolcache/Python/3.11.16/x64/lib/python3.11/re/__init__.py,178,sub,3001,3001,0.011619009000000001,0.0076607240413252165,0.032112035000000004
<frozen posixpath>,386,normpath,3016,3016,0.011583001,0.007636983001854463,0.021127251
/opt/hostedtoolcache/Python/3.11.16/x64/lib/python3.11/urllib/parse.py,1059,unwrap,3000,3000,0.011419160000000001,0.007528958239359247,0.014510821
/opt/hostedtoolcache/Python/3.11.16/x64/lib/python3.11/email/_policybase.py,313,header_store_parse,12000,12000,0.011391817,0.007510930266624054,0.011391817
/home/runner/work/_temp/scanner-verification-il7_c53e/original/tiktok_worker_scanner.py,2763,open_user_store,4000,4000,0.011283723,0.007439660995335685,0.49814410900000006
~,0,<built-in method _json.encode_basestring_ascii>,11080,11080,0.01123848,0.007409831072852478,0.01123848
/opt/hostedtoolcache/Python/3.11.16/x64/lib/python3.11/asyncio/timeouts.py,33,__init__,3000,3000,0.011188730000000001,0.007377029564474618,0.011188730000000001
/home/runner/work/_temp/scanner-verification-il7_c53e/original/tiktok_worker_scanner.py,1945,parse_count,4000,4000,0.011125907,0.0073356086768199,0.017868098000000002
/opt/hostedtoolcache/Python/3.11.16/x64/lib/python3.11/pathlib.py,682,with_suffix,1008,1008,0.011016732,0.0072636266732590375,0.029883394
/opt/hostedtoolcache/Python/3.11.16/x64/lib/python3.11/asyncio/locks.py,359,locked,3000,3000,0.010968366,0.007231737673174544,0.022256026
/opt/hostedtoolcache/Python/3.11.16/x64/lib/python3.11/site-packages/httpx/_urls.py,233,netloc,3000,3000,0.010950626000000001,0.007220041215714781,0.024689069
/home/runner/work/_temp/scanner-verification-il7_c53e/original/tiktok_worker_scanner.py,529,output_file_path,2000,2000,0.010916388,0.007197467184682798,0.8449562580000001
/opt/hostedtoolcache/Python/3.11.16/x64/lib/python3.11/site-packages/httpx/_models.py,260,<listcomp>,3000,3000,0.010852219000000001,0.007155158843153171,0.016170315
/opt/hostedtoolcache/Python/3.11.16/x64/lib/python3.11/email/_policybase.py,209,header_max_count,12000,12000,0.01081138,0.007128232595904058,0.01081138
/opt/hostedtoolcache/Python/3.11.16/x64/lib/python3.11/http/cookiejar.py,1227,deepvalues,3000,3000,0.010649908000000001,0.0070217697786017505,0.013455731
/opt/hostedtoolcache/Python/3.11.16/x64/lib/python3.11/enum.py,688,__call__,3239,3239,0.010613514000000001,0.0069977742389855935,0.019529994000000002
/opt/hostedtoolcache/Python/3.11.16/x64/lib/python3.11/site-packages/httpx/_urls.py,450,<dictcomp>,3000,3000,0.010564508,0.006965463269748096,0.015296800000000001
/opt/hostedtoolcache/Python/3.11.16/x64/lib/python3.11/logging/__init__.py,1479,info,3000,3000,0.010542451000000001,0.006950920498485978,0.015693949000000002
/opt/hostedtoolcache/Python/3.11.16/x64/lib/python3.11/site-packages/httpx/_decoders.py,237,decode,9000,9000,0.010520014000000001,0.006936127183039264,0.010520014000000001
/opt/hostedtoolcache/Python/3.11.16/x64/lib/python3.11/asyncio/tasks.py,35,current_task,3000,3000,0.010514624,0.0069325734115788275,0.016733907000000003
/home/runner/work/_temp/scanner-verification-il7_c53e/original/report_generator.py,222,<dictcomp>,1000,1000,0.010426105000000001,0.006874210462431094,0.030043221000000002
/opt/hostedtoolcache/Python/3.11.16/x64/lib/python3.11/random.py,520,uniform,3000,3000,0.010376020000000001,0.0068411880795747095,0.014076261000000001
/home/runner/work/_temp/scanner-verification-il7_c53e/original/tiktok_worker_scanner.py,3617,<genexpr>,1005,1005,0.010312384,0.0067992311592303175,0.047582368
/opt/hostedtoolcache/Python/3.11.16/x64/lib/python3.11/site-packages/httpx/_models.py,313,<listcomp>,6000,6000,0.010268812,0.006770502971832526,0.010268812
/opt/hostedtoolcache/Python/3.11.16/x64/lib/python3.11/asyncio/locks.py,400,release,3000,3000,0.010186847,0.006716461250542249,0.014098177000000002
/home/runner/work/_temp/scanner-verification-il7_c53e/original/tiktok_worker_scanner.py,524,output_file_name,2000,2000,0.010119667,0.006672167676013111,0.034397564000000005
/opt/hostedtoolcache/Python/3.11.16/x64/lib/python3.11/functools.py,518,decorating_function,2007,2007,0.010118952,0.006671696257349992,0.067221232
/opt/hostedtoolcache/Python/3.11.16/x64/lib/python3.11/site-packages/httpx/_urls.py,159,password,3000,3000,0.010043287000000001,0.006621808294909574,0.021333018000000002
/opt/hostedtoolcache/Python/3.11.16/x64/lib/python3.11/site-packages/httpx/_urls.py,582,merge,3000,3000,0.009962663,0.006568650730860196,0.1222261
<frozen codecs>,186,__init__,4082,4082,0.009893045,0.006522749717588841,0.009893045
/opt/hostedtoolcache/Python/3.11.16/x64/lib/python3.11/site-packages/httpx/_content.py,186,encode_request,3000,3000,0.009647798,0.006361051797485425,0.032900359000000004
/home/runner/work/_temp/scanner-verification-il7_c53e/original/avatar_cache.py,177,io,2055,2055,0.009597836,0.006328110511825634,0.138733614
/opt/hostedtoolcache/Python/3.11.16/x64/lib/python3.11/asyncio/locks.py,364,acquire,3000,3000,0.009543043000000001,0.006291984018387481,0.031799069
/home/runner/work/_temp/scanner-verification-il7_c53e/original/tiktok_worker_scanner.py,2550,size_skip_result,1000,1000,0.009534615,0.006286427212103891,0.013700166000000001
~,0,<built-in method builtins.hash>,9141,9324,0.009474575,0.006246841230937927,0.009892519
/opt/hostedtoolcache/Python/3.11.16/x64/lib/python3.11/asyncio/tasks.py,65,_set_task_name,4010,4010,0.009373024,0.0061798859349121976,0.013294141
/opt/hostedtoolcache/Python/3.11.16/x64/lib/python3.11/site-packages/httpx/_urls.py,374,__str__,3000,3000,0.009352933,0.006166639400141955,0.041257899
/home/runner/work/_temp/scanner-verification-il7_c53e/original/tiktok_worker_scanner.py,1954,approximate_count,4000,4000,0.009326838,0.006149434267255115,0.013730597
~,0,<method 'update' of 'dict' objects>,6651,6651,0.009317736,0.00614343307470727,0.009317736
/home/runner/work/_temp/scanner-verification-il7_c53e/original/tiktok_worker_scanner.py,610,reconcile_complete_lists,1000,1000,0.009254161,0.006101516373297774,0.027951285000000003
/home/runner/work/_temp/scanner-verification-il7_c53e/original/tiktok_worker_scanner.py,3620,write_json_array,6,6,0.009165124,0.006042811892866829,1.293083133
/home/runner/work/_temp/scanner-verification-il7_c53e/original/tiktok_worker_scanner.py,2349,iter_members,2000,2000,0.009084183000000001,0.005989445322221355,0.153139293
/home/runner/work/_temp/scanner-verification-il7_c53e/original/report_generator.py,26,open_database,2012,2012,0.008994946,0.005930608976430096,0.521288696
/opt/hostedtoolcache/Python/3.11.16/x64/lib/python3.11/functools.py,479,lru_cache,2007,2007,0.008930272999999999,0.0058879683341924805,0.011125415999999999
/opt/hostedtoolcache/Python/3.11.16/x64/lib/python3.11/site-packages/httpx/_urls.py,319,is_relative_url,3000,3000,0.008906958000000001,0.005872596129813994,0.015370968
/opt/hostedtoolcache/Python/3.11.16/x64/lib/python3.11/site-packages/httpx/_content.py,221,encode_response,3000,3000,0.008798563,0.005801128401158352,0.188887683
/opt/hostedtoolcache/Python/3.11.16/x64/lib/python3.11/enum.py,1095,__new__,3239,3239,0.008792749,0.0057972950751340535,0.008916480000000001
/opt/hostedtoolcache/Python/3.11.16/x64/lib/python3.11/site-packages/httpx/_client.py,1474,_transport_for_url,3000,3000,0.00869198,0.005730855372667148,0.011353792000000001
/opt/hostedtoolcache/Python/3.11.16/x64/lib/python3.11/pathlib.py,257,casefold_parts,9028,9028,0.008613476,0.005679095581437087,0.008613476
/home/runner/work/_temp/scanner-verification-il7_c53e/final/direct_protocol.py,95,verified,8500,8500,0.008566642000000001,0.005648216670012592,0.008566642000000001
/opt/hostedtoolcache/Python/3.11.16/x64/lib/python3.11/site-packages/httpx/_urls.py,435,<dictcomp>,6000,6000,0.008475040000000001,0.005587821016335632,0.008475040000000001
/opt/hostedtoolcache/Python/3.11.16/x64/lib/python3.11/_weakrefset.py,17,__init__,4180,4180,0.008296537,0.0054701292042758694,0.008296537
/opt/hostedtoolcache/Python/3.11.16/x64/lib/python3.11/urllib/parse.py,1211,_splittag,3000,3000,0.008223651,0.0054220735110170025,0.011675754
~,0,<method 'fileno' of '_io.TextIOWrapper' objects>,4091,4091,0.008212858000000002,0.005414957396847712,0.008212858000000002
/home/runner/work/_temp/scanner-verification-il7_c53e/original/tiktok_worker_scanner.py,1321,wake_capacity,3006,3006,0.008101983,0.005341854537724189,0.011701880000000001
~,0,<method 'upper' of 'str' objects>,7000,7000,0.008079615,0.005327106715826782,0.008079615
/home/runner/work/_temp/scanner-verification-il7_c53e/original/tiktok_worker_scanner.py,1612,before_send,3000,3000,0.008000526,0.005274961218417807,0.019400953000000002
/opt/hostedtoolcache/Python/3.11.16/x64/lib/python3.11/site-packages/httpx/_urlparse.py,177,netloc,3000,3000,0.007999849,0.005274514854173146,0.011004845000000001
/home/runner/work/_temp/scanner-verification-il7_c53e/original/report_generator.py,44,count_value,2000,2000,0.00798226,0.005262917955060419,0.013235470000000001
/opt/hostedtoolcache/Python/3.11.16/x64/lib/python3.11/site-packages/httpx/_models.py,1065,aclose,3000,3000,0.007963062,0.005250260199123974,0.011055053
<string>,1,<lambda>,3009,3009,0.007943873,0.005237608377128743,0.012455456000000002
/opt/hostedtoolcache/Python/3.11.16/x64/lib/python3.11/site-packages/httpx/_models.py,610,http_version,3000,3000,0.007935506,0.005232091789780048,0.007935506
/opt/hostedtoolcache/Python/3.11.16/x64/lib/python3.11/http/cookiejar.py,1753,__iter__,3000,3000,0.007894961,0.005205359384610595,0.007894961
/opt/hostedtoolcache/Python/3.11.16/x64/lib/python3.11/pathlib.py,934,_scandir,4012,4012,0.007886683,0.005199901477347239,0.057603635
/opt/hostedtoolcache/Python/3.11.16/x64/lib/python3.11/site-packages/httpx/_config.py,132,as_dict,3000,3000,0.007818904,0.005155212966063963,0.007818904
~,0,<built-in method marshal.loads>,80,80,0.007778122000000001,0.005128324300442539,0.007778122000000001
~,0,<built-in method builtins.issubclass>,3149,3149,0.007680482000000001,0.00506394763153773,0.020024641000000003
/home/runner/work/_temp/scanner-verification-il7_c53e/original/avatar_cache.py,35,account_key,1000,1000,0.007634799,0.005033827605261835,0.029636739000000002
/opt/hostedtoolcache/Python/3.11.16/x64/lib/python3.11/re/_compiler.py,37,_compile,76,460,0.007626997,0.005028683537556025,0.021990447
/opt/hostedtoolcache/Python/3.11.16/x64/lib/python3.11/site-packages/httpx/_models.py,974,aread,3000,3000,0.007547656000000001,0.004976371889793055,0.010684192
/opt/hostedtoolcache/Python/3.11.16/x64/lib/python3.11/site-packages/httpx/_content.py,32,__init__,6000,6000,0.007415613000000001,0.004889312400934005,0.007415613000000001
~,0,<built-in method builtins.print>,215,215,0.007407456000000001,0.004883934272213639,0.007407456000000001
<string>,2,__init__,2000,2000,0.007302086000000001,0.004814461007132732,0.007302086000000001
~,0,<built-in method _hashlib.openssl_sha256>,1002,1002,0.007248638000000001,0.004779221308242685,0.007248638000000001
/opt/hostedtoolcache/Python/3.11.16/x64/lib/python3.11/site-packages/httpx/_urlparse.py,395,normalize_port,6001,6001,0.007240483000000001,0.004773844498175922,0.007240483000000001
/opt/hostedtoolcache/Python/3.11.16/x64/lib/python3.11/enum.py,1257,value,5188,5188,0.007220229000000001,0.0047604904931370234,0.007220229000000001
/home/runner/work/_temp/scanner-verification-il7_c53e/original/tiktok_worker_scanner.py,2804,<lambda>,2000,2000,0.007157019000000001,0.004718814446010099,0.007157019000000001
/home/runner/work/_temp/scanner-verification-il7_c53e/original/avatar_cache.py,142,reference,2000,2000,0.0071543530000000004,0.004717056680757126,0.009211081
/opt/hostedtoolcache/Python/3.11.16/x64/lib/python3.11/site-packages/httpx/_client.py,318,cookies,6000,6000,0.007144724000000001,0.004710708022984857,0.007144724000000001
~,0,<method 'send' of 'generator' objects>,3000,3000,0.007037139,0.004639774349038483,0.01004903
/opt/hostedtoolcache/Python/3.11.16/x64/lib/python3.11/site-packages/httpx/_models.py,482,aread,3000,3000,0.006973257,0.004597655234300907,0.009796186
/opt/hostedtoolcache/Python/3.11.16/x64/lib/python3.11/site-packages/httpx/_utils.py,15,primitive_value_to_str,5000,5000,0.0069444120000000005,0.004578636952709764,0.0069444120000000005
/home/runner/work/_temp/scanner-verification-il7_c53e/original/avatar_cache.py,31,digest,1000,1000,0.0069440560000000005,0.004578402232368407,0.019488540000000002
/opt/hostedtoolcache/Python/3.11.16/x64/lib/python3.11/site-packages/httpx/_urlparse.py,447,normalize_path,6000,6000,0.006880659000000001,0.004536602891129589,0.006880659000000001
~,0,<method 'setdefault' of 'dict' objects>,7612,7612,0.006869397,0.004529177552690364,0.006869397
~,0,<built-in method _stat.S_ISDIR>,5080,5080,0.006826408,0.004500833752817885,0.006826408
/opt/hostedtoolcache/Python/3.11.16/x64/lib/python3.11/site-packages/httpx/_models.py,635,content,3000,3000,0.006815182,0.004493432150143516,0.009733096
~,0,<built-in method _stat.S_ISREG>,8021,8021,0.006802416,0.004485015184194737,0.006802416
/home/runner/work/_temp/scanner-verification-il7_c53e/original/tiktok_worker_scanner.py,1574,release_client,3000,3000,0.006764783000000001,0.004460202738671441,0.006764783000000001
~,0,<method 'groups' of 're.Match' objects>,6001,6001,0.006724155000000001,0.004433415609377457,0.006724155000000001
/opt/hostedtoolcache/Python/3.11.16/x64/lib/python3.11/site-packages/httpx/_urls.py,600,__getitem__,5000,5000,0.006684193000000001,0.004407067591733315,0.006684193000000001
/opt/hostedtoolcache/Python/3.11.16/x64/lib/python3.11/urllib/parse.py,421,_checknetloc,3009,3009,0.006596792000000001,0.004349441769949731,0.009140417000000001
/opt/hostedtoolcache/Python/3.11.16/x64/lib/python3.11/statistics.py,154,_sum,1,1,0.0065808690000000005,0.0043389433092884105,0.017538745
<frozen abc>,121,__subclasscheck__,3022,3071,0.006580339,0.0043385938660835816,0.012944137000000001
/home/runner/work/_temp/scanner-verification-il7_c53e/original/tiktok_worker_scanner.py,3291,current_phase,3198,3198,0.006509493000000001,0.004291883199499906,0.006509493000000001
/opt/hostedtoolcache/Python/3.11.16/x64/lib/python3.11/site-packages/httpx/_urls.py,307,is_absolute_url,3000,3000,0.00646401,0.004261895038584323,0.00646401
~,0,<built-in method _abc._abc_subclasscheck>,3022,3071,0.006259504000000001,0.004127058751703468,0.0064531350000000005
/opt/hostedtoolcache/Python/3.11.16/x64/lib/python3.11/asyncio/tasks.py,519,_on_completion,1001,1001,0.006254308,0.0041236328896425345,0.033794333
~,0,<method 'pop' of 'list' objects>,4239,4239,0.006237462000000001,0.004112525870343372,0.006237462000000001
/opt/hostedtoolcache/Python/3.11.16/x64/lib/python3.11/site-packages/httpx/_multipart.py,56,get_multipart_boundary_from_content_type,3000,3000,0.006144402,0.00405116891818973,0.009015171
~,0,<method 'keys' of 'dict' objects>,6031,6031,0.006129473,0.004041325828369165,0.006129473
/opt/hostedtoolcache/Python/3.11.16/x64/lib/python3.11/re/_parser.py,261,get,3099,3099,0.006114371,0.0040313686750119305,0.00975343
/opt/hostedtoolcache/Python/3.11.16/x64/lib/python3.11/re/_parser.py,168,__getitem__,3016,3016,0.006057436,0.003993829903564826,0.008885379
/home/runner/work/_temp/scanner-verification-il7_c53e/original/tiktok_worker_scanner.py,1998,<dictcomp>,1000,1000,0.006053298,0.00399110160925995,0.009541589000000001
/home/runner/work/_temp/scanner-verification-il7_c53e/original/tiktok_worker_scanner.py,2725,<dictcomp>,1000,1000,0.005982552,0.00394445687535643,1.2676368850000002
~,0,<method 'getvalue' of '_io.BytesIO' objects>,6000,6000,0.0059585210000000005,0.003928612592988021,0.0059585210000000005
/opt/hostedtoolcache/Python/3.11.16/x64/lib/python3.11/site-packages/httpx/_client.py,168,__init__,3000,3000,0.005947224,0.003921164178110742,0.005947224
/home/runner/work/_temp/scanner-verification-il7_c53e/original/report_generator.py,52,certainty,1000,1000,0.005916684,0.0039010283375909456,0.015983687
/opt/hostedtoolcache/Python/3.11.16/x64/lib/python3.11/site-packages/httpx/_urls.py,509,<listcomp>,5000,5000,0.0058649620000000005,0.0038669266367603997,0.0058649620000000005
/opt/hostedtoolcache/Python/3.11.16/x64/lib/python3.11/site-packages/httpx/_auth.py,38,auth_flow,6000,6000,0.0057484450000000005,0.0037901038558224485,0.0057484450000000005
/opt/hostedtoolcache/Python/3.11.16/x64/lib/python3.11/urllib/parse.py,108,_noop,6009,6009,0.005702709000000001,0.0037599488852260708,0.005702709000000001
~,0,<built-in method posix.getpid>,3070,3070,0.005692897000000001,0.003753479570649114,0.005692897000000001
~,0,<method 'seek' of '_io.BytesIO' objects>,6000,6000,0.0056048,0.0036953948574116402,0.0056048
~,0,<method 'stat' of 'posix.DirEntry' objects>,1002,1002,0.005541014,0.003653339038047014,0.005541014
/home/runner/work/_temp/scanner-verification-il7_c53e/original/report_generator.py,53,<listcomp>,1000,1000,0.0054868090000000005,0.003617600228768182,0.008892356
/home/runner/work/_temp/scanner-verification-il7_c53e/original/tiktok_worker_scanner.py,2266,close,1000,1000,0.005442232,0.0035882094179348176,0.45569346200000005
~,0,<method 'truncate' of '_io.BytesIO' objects>,6000,6000,0.005330601,0.0035146081077493127,0.005330601
/home/runner/work/_temp/scanner-verification-il7_c53e/original/scan_statistics.py,217,report_loop,435,435,0.005255952,0.0034653900213392854,0.362372356
~,0,<built-in method builtins.setattr>,4638,4638,0.005231868,0.0034495107946503926,0.005969798
~,0,<method 'remove' of 'set' objects>,4180,4180,0.005226581,0.003446024933850519,0.005226581
/home/runner/work/_temp/scanner-verification-il7_c53e/original/tiktok_worker_scanner.py,2399,<dictcomp>,1000,1000,0.005175735000000001,0.0034125008032981443,1.2451724410000002
/opt/hostedtoolcache/Python/3.11.16/x64/lib/python3.11/logging/__init__.py,1734,isEnabledFor,3001,3001,0.00516288,0.003404025157264025,0.005175483000000001
/opt/hostedtoolcache/Python/3.11.16/x64/lib/python3.11/statistics.py,287,_exact_ratio,3000,3000,0.005143708,0.0033913845438244207,0.007898771
/home/runner/work/_temp/scanner-verification-il7_c53e/original/tiktok_worker_scanner.py,556,explicit_restriction,2000,2000,0.0051401120000000005,0.0033890136046459927,0.006933038000000001
~,0,<method 'set' of '_contextvars.ContextVar' objects>,3002,3002,0.0051379600000000004,0.003387594733369025,0.0051379600000000004
~,0,<method '__exit__' of 'posix.ScandirIterator' objects>,5015,5015,0.005050728,0.0033300803378149045,0.005050728
/home/runner/work/_temp/scanner-verification-il7_c53e/original/report_generator.py,239,<dictcomp>,1000,1000,0.005032895,0.0033183225629625952,0.00847548
<frozen importlib._bootstrap_external>,1607,find_spec,250,250,0.0050180170000000005,0.0033085130988089115,0.022498036000000003
/home/runner/work/_temp/scanner-verification-il7_c53e/original/report_generator.py,269,encode,1001,1001,0.004928188,0.003249286431551127,0.030862533
/home/runner/work/_temp/scanner-verification-il7_c53e/original/report_generator.py,234,<genexpr>,3000,3000,0.004796285,0.0031623192484442958,0.006526676
/home/runner/work/_temp/scanner-verification-il7_c53e/original/avatar_cache.py,81,embedded_avatar,1000,1000,0.004771518000000001,0.0031459897015499354,0.010071389
/home/runner/work/_temp/scanner-verification-il7_c53e/original/tiktok_worker_scanner.py,1615,response_headers,3000,3000,0.0045796940000000005,0.003019514997166526,0.0045796940000000005
~,0,<built-in method posix._path_normpath>,3016,3016,0.004504482000000001,0.0029699257097672177,0.004504482000000001
/opt/hostedtoolcache/Python/3.11.16/x64/lib/python3.11/re/_parser.py,240,__next,3752,3752,0.0044762840000000005,0.002951334012616687,0.0044762840000000005
~,0,<built-in method builtins.__build_class__>,316,321,0.004473225,0.0029493171319306993,0.021923558
~,0,<built-in method io.text_encoding>,4104,4104,0.004446062,0.0029314078380197886,0.004446062
/home/runner/work/_temp/scanner-verification-il7_c53e/original/tiktok_worker_scanner.py,2010,parse_has_more,2000,2000,0.004393654,0.002896853839003369,0.006069842000000001
/home/runner/work/_temp/scanner-verification-il7_c53e/original/tiktok_worker_scanner.py,1577,get_client,3000,3000,0.0043791360000000005,0.0028872817324982485,0.005260361000000001
~,0,<method 'rpartition' of 'str' objects>,3897,3897,0.004318571,0.002847349604761462,0.004318571
/home/runner/work/_temp/scanner-verification-il7_c53e/original/tiktok_worker_scanner.py,2757,<dictcomp>,1000,1000,0.004302663,0.002836861034002166,0.004302663
/opt/hostedtoolcache/Python/3.11.16/x64/lib/python3.11/site-packages/httpx/_models.py,1267,__init__,3000,3000,0.004284801,0.002825084138672612,0.004284801
/opt/hostedtoolcache/Python/3.11.16/x64/lib/python3.11/urllib/request.py,360,data,3000,3000,0.004284294,0.002824749859984218,0.004284294
/opt/hostedtoolcache/Python/3.11.16/x64/lib/python3.11/site-packages/httpx/_client.py,584,_set_timeout,3000,3000,0.004257575,0.0028071333071732025,0.004257575
<frozen os>,806,fsencode,1025,1025,0.004224038,0.0027850214642291165,0.011647253000000002
/opt/hostedtoolcache/Python/3.11.16/x64/lib/python3.11/asyncio/locks.py,100,<genexpr>,4189,4189,0.00421275,0.00277757898329305,0.004268095
/home/runner/work/_temp/scanner-verification-il7_c53e/original/report_generator.py,86,iter_avatar_profiles,1001,1001,0.004188571,0.0027616371205580097,0.110064532
/home/runner/work/_temp/scanner-verification-il7_c53e/original/scan_statistics.py,107,<dictcomp>,280,280,0.004184705,0.0027590881631431594,0.006397021
~,0,<method 'pop' of 'dict' objects>,4148,4148,0.0041820830000000005,0.0027573594082694556,0.0041820830000000005
/opt/hostedtoolcache/Python/3.11.16/x64/lib/python3.11/asyncio/tasks.py,436,wait_for,416,416,0.004162698,0.002744578358221118,0.025335285000000003
/home/runner/work/_temp/scanner-verification-il7_c53e/original/tiktok_worker_scanner.py,2382,<genexpr>,3000,3000,0.004107731,0.002708337141919493,0.004107731
<frozen importlib._bootstrap_external>,128,<listcomp>,1302,1302,0.004099842,0.0027031357127819465,0.006520850000000001
/home/runner/work/_temp/scanner-verification-il7_c53e/original/tiktok_worker_scanner.py,2731,<genexpr>,3000,3000,0.0040998350000000005,0.002703131097494336,0.0040998350000000005
<frozen importlib._bootstrap_external>,126,_path_join,1302,1302,0.004086175,0.0026941246933849575,0.011814990000000001
~,0,<built-in method builtins.exec>,4,122,0.004065674,0.002680607834626073,110.80079196700001
~,0,<method 'hexdigest' of '_hashlib.HASH' objects>,1001,1001,0.004054919000000001,0.0026735167748752416,0.004054919000000001
/home/runner/work/_temp/scanner-verification-il7_c53e/original/tiktok_worker_scanner.py,681,<listcomp>,3000,3000,0.0040392990000000005,0.002663218090234796,0.0040392990000000005
/opt/hostedtoolcache/Python/3.11.16/x64/lib/python3.11/site-packages/httpx/_urls.py,612,__bool__,3000,3000,0.003944131,0.0026004712771834555,0.003944131
/opt/hostedtoolcache/Python/3.11.16/x64/lib/python3.11/pathlib.py,266,make_uri,1006,1006,0.003943091,0.002599785577309828,0.030342359000000003
~,0,<method 'set_name' of '_asyncio.Task' objects>,4008,4008,0.003921117,0.002585297530172238,0.003921117
/opt/hostedtoolcache/Python/3.11.16/x64/lib/python3.11/asyncio/locks.py,409,_wake_up_next,3000,3000,0.00391133,0.002578844698765321,0.00391133
/home/runner/work/_temp/scanner-verification-il7_c53e/original/scan_statistics.py,102,metrics,280,280,0.0038707880000000004,0.002552114271576272,0.017180883
/opt/hostedtoolcache/Python/3.11.16/x64/lib/python3.11/http/cookiejar.py,44,_debug,3000,3000,0.0038389950000000004,0.002531152294574115,0.0038389950000000004
/home/runner/work/_temp/scanner-verification-il7_c53e/final/tests/benchmark_hybrid.py,52,<genexpr>,1001,1001,0.00375244,0.0024740842632646545,0.005817562
/opt/hostedtoolcache/Python/3.11.16/x64/lib/python3.11/site-packages/httpx/_client.py,298,headers,3000,3000,0.0037523640000000002,0.0024740341544277357,0.0037523640000000002
~,0,<built-in method _thread.get_ident>,3317,3317,0.0037481890000000003,0.0024712814650312016,0.0037481890000000003
/opt/hostedtoolcache/Python/3.11.16/x64/lib/python3.11/site-packages/httpx/_models.py,606,request,3000,3000,0.003742908,0.0024677995601921367,0.003742908
~,0,<method 'release' of '_thread.lock' objects>,4012,4012,0.003730059,0.0024593278701188276,0.003730059
~,0,<method 'random' of '_random.Random' objects>,3008,3008,0.003708115,0.002444859602785285,0.003708115
~,0,<built-in method time.time>,3240,3240,0.0035946280000000003,0.0023700345820560752,0.0035946280000000003
/opt/hostedtoolcache/Python/3.11.16/x64/lib/python3.11/pathlib.py,563,as_uri,1006,1006,0.003562879,0.002349101615433187,0.035188749000000005
/opt/hostedtoolcache/Python/3.11.16/x64/lib/python3.11/site-packages/httpx/_client.py,253,timeout,3000,3000,0.003534942,0.002330682002577865,0.003534942
/opt/hostedtoolcache/Python/3.11.16/x64/lib/python3.11/site-packages/httpx/_client.py,329,params,3000,3000,0.0035228620000000003,0.00232271733481496,0.0035228620000000003
~,0,<method 'asend' of 'async_generator' objects>,3000,3000,0.003467963,0.0022865209527358414,0.003467963
/opt/hostedtoolcache/Python/3.11.16/x64/lib/python3.11/pathlib.py,38,_ignore_error,1007,1007,0.003459046,0.002280641735646286,0.004836202000000001
/home/runner/work/_temp/scanner-verification-il7_c53e/original/scan_statistics.py,189,display,138,138,0.0034255690000000003,0.002258569452310294,0.024783373
/home/runner/work/_temp/scanner-verification-il7_c53e/original/tiktok_worker_scanner.py,1194,<listcomp>,3001,3001,0.003375299,0.00222542509399562,0.003375299
/home/runner/work/_temp/scanner-verification-il7_c53e/original/tiktok_worker_scanner.py,2728,<genexpr>,3000,3000,0.0033656930000000003,0.0022190916007397868,0.0033656930000000003
~,0,<built-in method builtins.round>,2068,2068,0.0033532740000000003,0.0022109034211911507,0.0033532740000000003
/home/runner/work/_temp/scanner-verification-il7_c53e/original/tiktok_worker_scanner.py,939,retry_after_seconds,3000,3000,0.003342265,0.002203644892432721,0.003342265
/opt/hostedtoolcache/Python/3.11.16/x64/lib/python3.11/site-packages/httpx/_models.py,595,request,3000,3000,0.003328174,0.0021943543184718686,0.003328174
/home/runner/work/_temp/scanner-verification-il7_c53e/original/tiktok_worker_scanner.py,1216,good_response,3000,3000,0.003314004,0.002185011657693692,0.003314004
/opt/hostedtoolcache/Python/3.11.16/x64/lib/python3.11/urllib/request.py,337,full_url,3000,3000,0.003288814,0.002168403215562269,0.003288814
/home/runner/work/_temp/scanner-verification-il7_c53e/original/report_generator.py,248,<listcomp>,1000,1000,0.003230735,0.002130110174254174,0.004940159
~,0,<method 'aclose' of 'async_generator' objects>,3000,3000,0.0032190200000000004,0.00212238616077384,0.0032190200000000004
/opt/hostedtoolcache/Python/3.11.16/x64/lib/python3.11/pathlib.py,987,check_eloop,1003,1003,0.003211485,0.0021174181333240474,0.004470514000000001
/home/runner/work/_temp/scanner-verification-il7_c53e/original/tiktok_worker_scanner.py,2002,<dictcomp>,1000,1000,0.0032096340000000003,0.002116197719414351,0.0032096340000000003
/home/runner/work/_temp/scanner-verification-il7_c53e/original/tiktok_worker_scanner.py,2437,inspect_reusable_export,1000,1000,0.003186724,0.002101092542390496,0.043331488
~,0,<built-in method builtins.sorted>,1010,1010,0.0031801280000000004,0.0020967436228073733,0.003218569
/home/runner/work/_temp/scanner-verification-il7_c53e/original/report_generator.py,230,<listcomp>,1000,1000,0.003146812,0.0020747774910864327,0.0048373190000000005
/home/runner/work/_temp/scanner-verification-il7_c53e/final/tests/benchmark_hybrid.py,167,<genexpr>,1002,1002,0.0031425790000000004,0.0020719865607354082,0.15542782800000002
/opt/hostedtoolcache/Python/3.11.16/x64/lib/python3.11/asyncio/locks.py,362,<genexpr>,3000,3000,0.003104826,0.0020470949959959235,0.003104826
/home/runner/work/_temp/scanner-verification-il7_c53e/original/scan_statistics.py,100,rate,1400,1400,0.003104093,0.0020466117094503763,0.005529152000000001
/home/runner/work/_temp/scanner-verification-il7_c53e/original/tiktok_worker_scanner.py,3605,rows,11,11,0.0030767100000000003,0.0020285573636431215,0.004922571000000001
/opt/hostedtoolcache/Python/3.11.16/x64/lib/python3.11/site-packages/httpx/_types.py,99,close,3000,3000,0.003070404,0.0020243996488324523,0.003070404
/opt/hostedtoolcache/Python/3.11.16/x64/lib/python3.11/site-packages/httpx/_decoders.py,52,flush,3000,3000,0.00304548,0.002007966587630246,0.00304548
/home/runner/work/_temp/scanner-verification-il7_c53e/original/report_generator.py,245,<genexpr>,1000,1000,0.002964298,0.001954441119225594,0.004682896000000001
/opt/hostedtoolcache/Python/3.11.16/x64/lib/python3.11/re/_compiler.py,243,_optimize_charset,215,215,0.0029564150000000004,0.0019492436460488574,0.005180673000000001
/home/runner/work/_temp/scanner-verification-il7_c53e/original/report_generator.py,227,<genexpr>,3000,3000,0.002955655,0.001948742557679668,0.002955655
/home/runner/work/_temp/scanner-verification-il7_c53e/final/tests/benchmark_hybrid.py,31,main,1,1,0.0029496970000000003,0.0019448142885959434,110.51637847800001
~,0,<method 'clear' of 'set' objects>,2,2,0.0029240950000000003,0.0019279342038222758,0.0029240950000000003
~,0,<method 'cancelling' of '_asyncio.Task' objects>,3000,3000,0.0029150210000000003,0.001921951472424875,0.0029150210000000003
~,0,<method 'isalpha' of 'str' objects>,3009,3009,0.0029091570000000003,0.0019180851800604977,0.0029091570000000003
~,0,<method 'rfind' of 'str' objects>,2220,2220,0.0028958740000000005,0.0019093273421553095,0.0028958740000000005
/opt/hostedtoolcache/Python/3.11.16/x64/lib/python3.11/site-packages/httpx/_decoders.py,49,decode,3000,3000,0.0028660440000000003,0.0018896596236646246,0.0028660440000000003
/opt/hostedtoolcache/Python/3.11.16/x64/lib/python3.11/collections/__init__.py,601,__missing__,3195,3195,0.0027766030000000003,0.0018306887752058475,0.0027766030000000003
~,0,<method 'as_integer_ratio' of 'float' objects>,3000,3000,0.0027550630000000003,0.001816486875900137,0.0027550630000000003
/home/runner/work/_temp/scanner-verification-il7_c53e/original/tiktok_worker_scanner.py,3304,add_jobs,1,1,0.0026771470000000004,0.0017651147688293966,0.271228283
/opt/hostedtoolcache/Python/3.11.16/x64/lib/python3.11/re/_parser.py,178,getwidth,177,555,0.002621604,0.0017284937802900704,0.003724748
~,0,<built-in method posix.fstat>,1003,1003,0.0025508550000000003,0.0016818470684061466,0.0025508550000000003
/home/runner/work/_temp/scanner-verification-il7_c53e/original/tiktok_worker_scanner.py,2806,<lambda>,1000,1000,0.002489598,0.0016414586865226778,0.002489598
/opt/hostedtoolcache/Python/3.11.16/x64/lib/python3.11/pathlib.py,555,__bytes__,1006,1006,0.0023015270000000003,0.0015174584356255425,0.013829489
<frozen importlib._bootstrap>,1054,_find_spec,113,113,0.0022646380000000002,0.0014931365292426104,0.03297685
/opt/hostedtoolcache/Python/3.11.16/x64/lib/python3.11/re/_parser.py,456,_parse_sub,76,217,0.0022573460000000004,0.0014883287182055984,0.047845783
/home/runner/work/_temp/scanner-verification-il7_c53e/original/tiktok_worker_scanner.py,1515,consume,137,137,0.00218258,0.0014390334905597876,0.014709909
/opt/hostedtoolcache/Python/3.11.16/x64/lib/python3.11/contextlib.py,763,__init__,1000,1000,0.002172404,0.001432324181027062,0.002172404
/home/runner/work/_temp/scanner-verification-il7_c53e/original/report_generator.py,57,local_avatar,1000,1000,0.002089651,0.0013777629102171517,0.012161040000000001
~,0,<built-in method _imp.create_dynamic>,13,13,0.0019886870000000003,0.0013111946390239409,0.0022072750000000003
~,0,<built-in method io.open_code>,111,111,0.001983498,0.00130777339225062,0.001983498
/opt/hostedtoolcache/Python/3.11.16/x64/lib/python3.11/re/_parser.py,164,__len__,1057,1057,0.001943988,0.0012817233903207857,0.0028362590000000003
/opt/hostedtoolcache/Python/3.11.16/x64/lib/python3.11/re/_parser.py,256,match,1424,1424,0.001878878,0.001238794622270887,0.002407042
/home/runner/work/_temp/scanner-verification-il7_c53e/original/tiktok_worker_scanner.py,3355,<setcomp>,1,1,0.00186154,0.0012273632141853528,0.00279317
/home/runner/work/_temp/scanner-verification-il7_c53e/final/tests/benchmark_hybrid.py,162,<genexpr>,1001,1001,0.001828827,0.0012057946565257561,0.0027549880000000003
/home/runner/work/_temp/scanner-verification-il7_c53e/final/tests/benchmark_hybrid.py,161,<genexpr>,1001,1001,0.0018194930000000002,0.0011996405001599483,0.002748935
/opt/hostedtoolcache/Python/3.11.16/x64/lib/python3.11/asyncio/tasks.py,431,_release_waiter,504,504,0.0018146630000000002,0.0011964559517083893,0.010540487000000001
/home/runner/work/_temp/scanner-verification-il7_c53e/final/tests/benchmark_hybrid.py,179,<genexpr>,1001,1001,0.0018064280000000001,0.0011910263954975013,0.0027365930000000003
/home/runner/work/_temp/scanner-verification-il7_c53e/final/tests/benchmark_hybrid.py,176,<genexpr>,1001,1001,0.0017915370000000002,0.0011812083600953966,0.0027335360000000004
/home/runner/work/_temp/scanner-verification-il7_c53e/original/tiktok_worker_scanner.py,285,<genexpr>,960,960,0.001749448,0.001153457954344326,0.002542571
/home/runner/work/_temp/scanner-verification-il7_c53e/original/tiktok_worker_scanner.py,2730,<listcomp>,1000,1000,0.001743172,0.001149320019337704,0.001743172
~,0,<method 'executescript' of 'sqlite3.Connection' objects>,2,2,0.0017360180000000002,0.001144603195399308,0.0017360180000000002
/home/runner/work/_temp/scanner-verification-il7_c53e/original/tiktok_worker_scanner.py,3051,run_scan,17,17,0.001653659,0.0010903016993492143,0.016731202
<frozen importlib._bootstrap>,244,_verbose_message,1379,1379,0.0016327260000000001,0.0010765000114120536,0.0016327260000000001
<frozen importlib._bootstrap_external>,437,cache_from_source,188,188,0.00162878,0.0010738983078530779,0.006192731
/opt/hostedtoolcache/Python/3.11.16/x64/lib/python3.11/re/_parser.py,176,append,854,854,0.0016148050000000002,0.001064684215801207,0.002329752
/opt/hostedtoolcache/Python/3.11.16/x64/lib/python3.11/dataclasses.py,664,_is_type,225,225,0.001604228,0.0010577105162210534,0.0029295740000000003
/opt/hostedtoolcache/Python/3.11.16/x64/lib/python3.11/collections/__init__.py,587,__init__,288,288,0.001595435,0.0010519130556548924,0.0042216730000000004
/opt/hostedtoolcache/Python/3.11.16/x64/lib/python3.11/typing.py,168,_type_check,162,162,0.0015815240000000002,0.0010427411605183213,0.0048646570000000005
<frozen importlib._bootstrap_external>,1467,_get_spec,113,113,0.0015605710000000002,0.0010289262860451293,0.025878365
<frozen importlib._bootstrap_external>,1007,get_code,94,94,0.001531866,0.0010100003102062054,0.093761989
<frozen importlib._bootstrap>,493,_init_module_attrs,107,107,0.0015208950000000002,0.0010027668358662356,0.007281899
~,0,<method 'isdigit' of 'str' objects>,1000,1000,0.0015116790000000001,0.0009966904800630123,0.0015116790000000001
/opt/hostedtoolcache/Python/3.11.16/x64/lib/python3.11/asyncio/tasks.py,551,_cancel_and_wait,276,276,0.001509134,0.0009950124933530292,0.004987979
~,0,<method 'popitem' of 'collections.OrderedDict' objects>,744,744,0.0014933510000000002,0.0009846063384439285,0.0014933510000000002
/home/runner/work/_temp/scanner-verification-il7_c53e/original/tiktok_worker_scanner.py,2733,<listcomp>,1000,1000,0.0014858380000000002,0.0009796528161837707,0.0014858380000000002
/opt/hostedtoolcache/Python/3.11.16/x64/lib/python3.11/enum.py,242,__set_name__,65,65,0.001404244,0.000925855705136874,0.002964799
/opt/hostedtoolcache/Python/3.11.16/x64/lib/python3.11/asyncio/locks.py,200,wait,280,280,0.001400498,0.0009233858669382114,0.0028413500000000003
<frozen importlib._bootstrap>,1165,_find_and_load,13,115,0.001397068,0.0009211243760088434,0.287776402
/opt/hostedtoolcache/Python/3.11.16/x64/lib/python3.11/enum.py,1668,convert_class,3,3,0.001388815,0.0009156829519155273,0.004225443000000001
/opt/hostedtoolcache/Python/3.11.16/x64/lib/python3.11/typing.py,1266,_is_dunder,570,570,0.001357352,0.000894938552757887,0.002184267
<frozen genericpath>,87,samestat,1003,1003,0.00134252,0.0008851594176370746,0.00134252
/opt/hostedtoolcache/Python/3.11.16/x64/lib/python3.11/re/_parser.py,293,tell,671,671,0.0013396220000000002,0.0008832486885661391,0.0019296030000000002
/opt/hostedtoolcache/Python/3.11.16/x64/lib/python3.11/pathlib.py,792,is_absolute,1006,1006,0.001283511,0.000846253202403524,0.001283511
~,0,<method 'read' of '_io.BufferedReader' objects>,101,101,0.0012702590000000001,0.0008375158036291845,0.0012702590000000001
/opt/hostedtoolcache/Python/3.11.16/x64/lib/python3.11/enum.py,1507,_get_value,471,471,0.001262373,0.0008323163524720426,0.0019679140000000003
/home/runner/work/_temp/scanner-verification-il7_c53e/original/tiktok_worker_scanner.py,1518,<lambda>,67,67,0.001223768,0.0008068630412976249,0.1112883
/home/runner/work/_temp/scanner-verification-il7_c53e/original/report_generator.py,187,<genexpr>,1001,1001,0.00119395,0.0007872032347285591,0.00119395
/opt/hostedtoolcache/Python/3.11.16/x64/lib/python3.11/dataclasses.py,884,_process_class,7,7,0.001189247,0.0007841024207807988,0.018401705
/opt/hostedtoolcache/Python/3.11.16/x64/lib/python3.11/typing.py,1320,__setattr__,503,503,0.0011654870000000002,0.000768436815975614,0.0030496530000000003
/home/runner/work/_temp/scanner-verification-il7_c53e/original/scan_statistics.py,31,iso,240,240,0.001146791,0.0007561100420935542,0.0030757030000000004
/home/runner/work/_temp/scanner-verification-il7_c53e/original/report_generator.py,208,<genexpr>,1001,1001,0.0011275740000000001,0.0007434397589478792,0.0011275740000000001
<frozen importlib._bootstrap_external>,140,_path_stat,509,509,0.001079251,0.0007115791099158525,0.003918352
/opt/hostedtoolcache/Python/3.11.16/x64/lib/python3.11/re/_compiler.py,216,_compile_charset,215,215,0.001069821,0.0007053616581770944,0.001743483
/opt/hostedtoolcache/Python/3.11.16/x64/lib/python3.11/contextlib.py,769,__exit__,1000,1000,0.001067644,0.0007039263037300872,0.001067644
/opt/hostedtoolcache/Python/3.11.16/x64/lib/python3.11/dataclasses.py,723,_get_field,75,75,0.001062961,0.0007008386763183583,0.0038635780000000003
/home/runner/work/_temp/scanner-verification-il7_c53e/original/report_generator.py,202,<genexpr>,1001,1001,0.00104776,0.0006908162496077684,0.00104776
/opt/hostedtoolcache/Python/3.11.16/x64/lib/python3.11/contextlib.py,766,__enter__,1000,1000,0.001031189,0.0006798905451790345,0.001031189
/home/runner/work/_temp/scanner-verification-il7_c53e/original/report_generator.py,191,<genexpr>,1002,1002,0.001025805,0.0006763407296794084,0.001025805
/opt/hostedtoolcache/Python/3.11.16/x64/lib/python3.11/re/_compiler.py,511,_compile_info,76,76,0.0010252470000000002,0.0006759728253241352,0.005736837
/opt/hostedtoolcache/Python/3.11.16/x64/lib/python3.11/enum.py,1525,__and__,152,152,0.0010215550000000002,0.000673538590772757,0.003590659
<frozen importlib._bootstrap>,1120,_find_and_load_unlocked,12,114,0.00100207,0.0006606916080442625,0.28702926800000006
/home/runner/work/_temp/scanner-verification-il7_c53e/original/tiktok_worker_scanner.py,3578,snapshot,18,18,0.0009982480000000002,0.0006581716610086811,0.15301306
/home/runner/work/_temp/scanner-verification-il7_c53e/original/tiktok_worker_scanner.py,3671,validate_scan_config,18,18,0.000985353,0.0006496696419025,0.008241951
/home/runner/work/_temp/scanner-verification-il7_c53e/original/tiktok_worker_scanner.py,2859,_run_scan,10,10,0.000982301,0.0006476573765041236,0.006225611000000001
<frozen importlib._bootstrap>,666,_load_unlocked,12,107,0.0009765470000000001,0.0006438636100879185,0.28248574000000004
~,0,<method 'cancelled' of '_asyncio.Task' objects>,1016,1016,0.0009634480000000001,0.0006352270883142182,0.0009634480000000001
~,0,<built-in method _collections._count_elements>,1,1,0.000942966,0.0006217227567645635,0.002136916
/opt/hostedtoolcache/Python/3.11.16/x64/lib/python3.11/re/_compiler.py,740,compile,76,76,0.0009313240000000001,0.0006140468741407433,0.07936999600000001
/home/runner/work/_temp/scanner-verification-il7_c53e/original/report_generator.py,193,<genexpr>,1002,1002,0.0009222700000000001,0.0006080773292793737,0.0009222700000000001
~,0,<built-in method _imp.exec_dynamic>,13,13,0.0009126200000000001,0.0006017148256442712,0.0009126200000000001
~,0,<method 'exception' of '_asyncio.Task' objects>,1015,1015,0.000904636,0.000596450760460576,0.000904636
/opt/hostedtoolcache/Python/3.11.16/x64/lib/python3.11/enum.py,367,__setitem__,81,81,0.0009019630000000001,0.0005946883799199927,0.003266414
/home/runner/work/_temp/scanner-verification-il7_c53e/original/report_generator.py,197,<genexpr>,1001,1001,0.0009015900000000001,0.000594442451023009,0.0009015900000000001
/opt/hostedtoolcache/Python/3.11.16/x64/lib/python3.11/typing.py,1376,__init__,69,69,0.00089174,0.0005879480820275935,0.006292568
/home/runner/work/_temp/scanner-verification-il7_c53e/original/report_generator.py,192,<genexpr>,1002,1002,0.000870889,0.0005742004588881612,0.000870889
<frozen importlib._bootstrap>,179,_get_module_lock,119,119,0.000859962,0.0005669959949274602,0.00170337
<frozen importlib._bootstrap>,1026,__enter__,452,452,0.000852587,0.0005621334597659182,0.00126058
<frozen importlib._bootstrap>,1030,__exit__,452,452,0.0008473240000000001,0.0005586634228092816,0.001249389
/home/runner/work/_temp/scanner-verification-il7_c53e/original/tiktok_worker_scanner.py,3562,<genexpr>,162,162,0.0008449060000000001,0.0005570691706030973,0.001243257
/home/runner/work/_temp/scanner-verification-il7_c53e/original/report_generator.py,194,<genexpr>,1002,1002,0.0008360350000000001,0.0005512202825464139,0.0008360350000000001
~,0,<built-in method fromtimestamp>,240,240,0.000835151,0.0005506374376538304,0.000835151
~,0,<method 'isspace' of 'str' objects>,940,940,0.000793123,0.0005229272508376556,0.000793123
<frozen importlib._bootstrap_external>,1127,get_data,108,108,0.000783341,0.0005164777160647466,0.004586351000000001
<frozen importlib._bootstrap_external>,84,_unpack_uint32,244,244,0.0007556710000000001,0.0004982341434654425,0.001199458
<frozen importlib._bootstrap_external>,778,spec_from_file_location,107,107,0.000727127,0.0004794143192415704,0.001359371
/home/runner/work/_temp/scanner-verification-il7_c53e/original/report_generator.py,157,<setcomp>,1,1,0.000691099,0.00045566009323478576,0.000691099
~,0,<built-in method marshal.dumps>,3,3,0.000681602,0.0004493984666003227,0.000681602
/opt/hostedtoolcache/Python/3.11.16/x64/lib/python3.11/json/encoder.py,224,floatstr,422,422,0.000675896,0.0004456363478705927,0.000675896
/opt/hostedtoolcache/Python/3.11.16/x64/lib/python3.11/re/_parser.py,83,groups,357,357,0.0006694680000000001,0.00044139819519013285,0.0009635280000000001
~,0,<method 'find' of 'bytearray' objects>,629,629,0.00065713,0.00043326342111242355,0.00065713
<frozen importlib._bootstrap_external>,132,_path_split,192,192,0.0006472130000000001,0.0004267248772213032,0.002090712
/opt/hostedtoolcache/Python/3.11.16/x64/lib/python3.11/re/_parser.py,979,parse,76,76,0.0006471749999999999,0.00042669982280284366,0.049377046
<frozen importlib._bootstrap>,233,_call_with_frames_removed,29,254,0.0006348730000000001,0.00041858878448999083,0.27722362
/home/runner/work/_temp/scanner-verification-il7_c53e/original/tiktok_worker_scanner.py,281,validate_worker_origin,20,20,0.000634432,0.00041829802137050064,0.007102517
~,0,<built-in method _imp.acquire_lock>,684,684,0.000633104,0.00041742243537802224,0.000633104
<frozen importlib._bootstrap>,100,acquire,119,119,0.0006301550000000001,0.000415478080640207,0.000856966
/opt/hostedtoolcache/Python/3.11.16/x64/lib/python3.11/re/_compiler.py,398,_simple,200,200,0.0006252580000000001,0.0004122493572929431,0.002013514
<frozen importlib._bootstrap>,566,module_from_spec,107,107,0.000625028,0.0004120977121285831,0.010581516000000001
~,0,<built-in method builtins.ord>,733,733,0.000618781,0.0004079788975992064,0.000618781
~,0,<built-in method _imp.release_lock>,684,684,0.0006185300000000001,0.0004078134065720136,0.0006185300000000001
/opt/hostedtoolcache/Python/3.11.16/x64/lib/python3.11/re/_parser.py,376,_escape,179,179,0.000615217,0.0004056290568784287,0.000957169
<frozen importlib._bootstrap>,125,release,119,119,0.000602696,0.000397373625996033,0.000858758
/opt/hostedtoolcache/Python/3.11.16/x64/lib/python3.11/re/_parser.py,113,__init__,527,527,0.000598278,0.0003944607201867188,0.000598278
/opt/hostedtoolcache/Python/3.11.16/x64/lib/python3.11/typing.py,251,_collect_parameters,72,72,0.000582454,0.0003840275328787539,0.0017037740000000001
/opt/hostedtoolcache/Python/3.11.16/x64/lib/python3.11/enum.py,828,__setattr__,214,214,0.000578164,0.0003811990209000399,0.000768227
/opt/hostedtoolcache/Python/3.11.16/x64/lib/python3.11/typing.py,1388,__eq__,329,329,0.000574177,0.00037857028494220015,0.000845076
<frozen importlib._bootstrap_external>,134,<genexpr>,384,384,0.000567356,0.0003740730168287251,0.0007785070000000001
/opt/hostedtoolcache/Python/3.11.16/x64/lib/python3.11/site-packages/_distutils_hack/__init__.py,101,find_spec,113,113,0.000558374,0.0003681509434970681,0.0009449940000000001
~,0,<built-in method builtins.chr>,690,690,0.000549812,0.00036250578742206836,0.000549812
<frozen importlib._bootstrap_external>,727,_compile_bytecode,80,80,0.000545942,0.0003599541927000117,0.008591856000000002
/opt/hostedtoolcache/Python/3.11.16/x64/lib/python3.11/enum.py,79,_is_private,155,155,0.000514474,0.0003392064969083636,0.0008444990000000001
~,0,<method 'get' of 'mappingproxy' objects>,555,555,0.000497695,0.0003281436525049041,0.000497695
/opt/hostedtoolcache/Python/3.11.16/x64/lib/python3.11/re/_parser.py,86,opengroup,101,101,0.0004942260000000001,0.000325856447830275,0.001134754
<frozen importlib._bootstrap_external>,934,exec_module,11,94,0.0004887810000000001,0.0003222664133957535,0.28111613
<frozen importlib._bootstrap>,198,cb,113,113,0.000488446,0.00032204553891722917,0.0007999670000000001
/opt/hostedtoolcache/Python/3.11.16/x64/lib/python3.11/enum.py,38,_is_descriptor,146,146,0.000488009,0.00032175741310494526,0.0008367030000000001
~,0,<method 'cancel' of '_asyncio.Task' objects>,139,139,0.00047715100000000004,0.00031459844269355225,0.002650871
/opt/hostedtoolcache/Python/3.11.16/x64/lib/python3.11/inspect.py,2669,__init__,82,82,0.00046998200000000003,0.0003098717288531326,0.000932911
/opt/hostedtoolcache/Python/3.11.16/x64/lib/python3.11/hmac.py,1,<module>,1,1,0.00046919500000000005,0.0003093528386603009,0.000921789
<frozen importlib._bootstrap_external>,1602,_get_spec,107,107,0.00044799000000000005,0.0002953718138331146,0.001933587
/opt/hostedtoolcache/Python/3.11.16/x64/lib/python3.11/inspect.py,2331,_signature_from_function,7,7,0.00044346600000000005,0.00029238901938283447,0.0020442340000000002
<frozen importlib._bootstrap>,169,__enter__,114,114,0.000433322,0.00028570080830775884,0.002934936
/opt/hostedtoolcache/Python/3.11.16/x64/lib/python3.11/urllib/parse.py,205,_hostinfo,80,80,0.000431484,0.0002844889656464823,0.000653018
<frozen importlib._bootstrap_external>,1424,_path_importer_cache,294,294,0.000430996,0.0002841672141673186,0.0012909790000000003
/opt/hostedtoolcache/Python/3.11.16/x64/lib/python3.11/inspect.py,2756,__str__,75,75,0.00042475600000000004,0.00028005301492555287,0.001258047
<frozen importlib._bootstrap_external>,567,_get_cached,107,107,0.00042299600000000003,0.00027889259975479844,0.003826149
<frozen importlib._bootstrap>,405,parent,202,202,0.000420381,0.0002771684601687059,0.0005976660000000001
~,0,<method 'group' of 're.Match' objects>,457,457,0.000420161,0.0002770234082723616,0.000420161
/opt/hostedtoolcache/Python/3.11.16/x64/lib/python3.11/re/_compiler.py,573,_code,76,76,0.00041715700000000003,0.0002750427905604603,0.028209361000000002
/opt/hostedtoolcache/Python/3.11.16/x64/lib/python3.11/inspect.py,2955,__init__,14,14,0.000416509,0.00027461554679304614,0.0008582930000000001
/opt/hostedtoolcache/Python/3.11.16/x64/lib/python3.11/typing.py,1279,__init__,69,69,0.000405365,0.00026726800891640546,0.002048186
/opt/hostedtoolcache/Python/3.11.16/x64/lib/python3.11/typing.py,916,__eq__,225,225,0.000402286,0.00026523794169438684,0.000593256
<frozen importlib._bootstrap_external>,642,_classify_pyc,82,82,0.000386848,0.000255059254531826,0.000918296
/opt/hostedtoolcache/Python/3.11.16/x64/lib/python3.11/typing.py,159,_type_convert,170,170,0.000382851,0.00025242392530597056,0.001093252
/opt/hostedtoolcache/Python/3.11.16/x64/lib/python3.11/re/_compiler.py,436,_get_literal_prefix,62,78,0.00038269500000000006,0.00025232107032492645,0.0005450780000000001
<frozen importlib._bootstrap>,392,cached,201,201,0.00038193,0.0002518166853217292,0.004208079
<frozen importlib._bootstrap_external>,150,_path_is_mode_type,150,150,0.000380564,0.0002509160449107914,0.0014700490000000002
/opt/hostedtoolcache/Python/3.11.16/x64/lib/python3.11/urllib/parse.py,164,hostname,60,60,0.000375844,0.0002478040224074045,0.001033945
<frozen importlib._bootstrap>,71,__init__,113,113,0.00037530800000000003,0.0002474506232417656,0.0006096610000000001
/opt/hostedtoolcache/Python/3.11.16/x64/lib/python3.11/inspect.py,1437,formatannotation,82,82,0.000374446,0.0002468822835388166,0.000654728
/opt/hostedtoolcache/Python/3.11.16/x64/lib/python3.11/collections/__init__.py,350,namedtuple,5,5,0.00037058400000000003,0.00024433596343117244,0.000871958
/opt/hostedtoolcache/Python/3.11.16/x64/lib/python3.11/datetime.py,592,__new__,12,12,0.000366714,0.0002417843687091158,0.000674187
/opt/hostedtoolcache/Python/3.11.16/x64/lib/python3.11/typing.py,1687,__eq__,200,200,0.000363294,0.0002395294710477634,0.000541149
/opt/hostedtoolcache/Python/3.11.16/x64/lib/python3.11/asyncio/tasks.py,654,ensure_future,142,142,0.000358595,0.00023643129440720939,0.006907781000000001
/opt/hostedtoolcache/Python/3.11.16/x64/lib/python3.11/typing.py,1695,__hash__,71,130,0.000351443,0.00023171578912241635,0.000732022
/opt/hostedtoolcache/Python/3.11.16/x64/lib/python3.11/inspect.py,3215,__str__,7,7,0.000350656,0.0002311968989295847,0.001870158
/opt/hostedtoolcache/Python/3.11.16/x64/lib/python3.11/enum.py,48,_is_dunder,165,165,0.000342312,0.00022569547609732613,0.0004888150000000001
~,0,<built-in method posix.listdir>,12,12,0.00033893300000000003,0.0002234676108348379,0.00033893300000000003
/opt/hostedtoolcache/Python/3.11.16/x64/lib/python3.11/dataclasses.py,413,_create_fn,27,27,0.000335767,0.00022138018218108304,0.004185250000000001
/opt/hostedtoolcache/Python/3.11.16/x64/lib/python3.11/inspect.py,2435,_signature_from_callable,7,21,0.00032971700000000004,0.0002173912550316147,0.0037689420000000004
<frozen importlib._bootstrap_external>,675,_validate_timestamp_pyc,82,82,0.000327812,0.0002161352374746333,0.0010868870000000001
/opt/hostedtoolcache/Python/3.11.16/x64/lib/python3.11/typing.py,373,inner,100,102,0.00032751300000000003,0.00021593809876096535,0.013622883
/home/runner/work/_temp/scanner-verification-il7_c53e/original/tiktok_worker_scanner.py,3210,__init__,1,1,0.000323366,0.0002132038705148752,0.0034643720000000003
/home/runner/work/_temp/scanner-verification-il7_c53e/original/report_generator.py,138,build_data,1,1,0.000322902,0.00021289794287894905,2.1299204620000003
/home/runner/work/_temp/scanner-verification-il7_c53e/final/tests/benchmark_hybrid.py,1,<module>,1,1,0.00032260300000000003,0.0002127008041652811,110.79043847400001
/home/runner/work/_temp/scanner-verification-il7_c53e/original/tiktok_worker_scanner.py,1382,set_limit,76,76,0.00032121900000000003,0.0002117882958719151,0.001118754
~,0,<method 'format' of 'str' objects>,230,230,0.000319089,0.00021038392978458157,0.000319089
/opt/hostedtoolcache/Python/3.11.16/x64/lib/python3.11/re/_parser.py,231,__init__,76,76,0.000318722,0.00021014195684840724,0.000520528
/opt/hostedtoolcache/Python/3.11.16/x64/lib/python3.11/re/_parser.py,453,_uniq,113,113,0.00031303200000000003,0.00020639038734750225,0.000473895
<frozen importlib._bootstrap_external>,159,_path_isfile,134,134,0.00031042200000000003,0.00020466954439541754,0.001632386
/opt/hostedtoolcache/Python/3.11.16/x64/lib/python3.11/typing.py,1394,__hash__,87,162,0.000309315,0.00020393966962608506,0.000982278
/home/runner/work/_temp/scanner-verification-il7_c53e/original/tiktok_worker_scanner.py,3717,save_scan_config,18,18,0.00030535100000000004,0.00020132609818468132,0.045514412000000004
<frozen importlib._bootstrap_external>,1499,find_spec,113,113,0.000301882,0.00019903889351005226,0.026180247
/opt/hostedtoolcache/Python/3.11.16/x64/lib/python3.11/re/_compiler.py,570,isstring,152,152,0.00029759000000000003,0.0001962090628777352,0.00042557200000000004
/opt/hostedtoolcache/Python/3.11.16/x64/lib/python3.11/enum.py,59,_is_sunder,155,155,0.00029599600000000003,0.00019515809595604052,0.000416071
/opt/hostedtoolcache/Python/3.11.16/x64/lib/python3.11/re/_parser.py,172,__setitem__,212,212,0.000290657,0.00019163795016248486,0.00041162400000000003
/opt/hostedtoolcache/Python/3.11.16/x64/lib/python3.11/re/_parser.py,316,_class_escape,66,66,0.00028484800000000003,0.00018780792077219367,0.000497764
<frozen importlib._bootstrap_external>,599,_check_name_wrapper,91,95,0.000284199,0.00018738001767797794,0.005426918
~,0,<built-in method builtins.eval>,5,5,0.00028351900000000003,0.00018693167545291372,0.000291133
/home/runner/work/_temp/scanner-verification-il7_c53e/original/report_generator.py,190,<listcomp>,2,2,0.00027231900000000003,0.0001795472152753855,0.00027231900000000003
<frozen importlib._bootstrap>,920,find_spec,113,113,0.000269823,0.00017790153557867915,0.000663653
/opt/hostedtoolcache/Python/3.11.16/x64/lib/python3.11/enum.py,444,<genexpr>,186,186,0.000267305,0.00017624135069233845,0.000368716
<frozen importlib._bootstrap>,173,__exit__,114,114,0.00026554400000000004,0.00017508027619478247,0.001097261
/opt/hostedtoolcache/Python/3.11.16/x64/lib/python3.11/typing.py,679,Union,20,20,0.00026132900000000003,0.0001723012137261859,0.005223785000000001
<frozen importlib._bootstrap_external>,1146,path_stats,94,94,0.000260639,0.000171846278233106,0.0009563800000000001
~,0,<built-in method _thread.allocate_lock>,245,245,0.00025750500000000005,0.00016977994803700125,0.00025750500000000005
~,0,<built-in method _thread.start_new_thread>,3,3,0.000254043,0.00016749735864998312,0.000254043
/opt/hostedtoolcache/Python/3.11.16/x64/lib/python3.11/re/__init__.py,225,compile,97,97,0.000253826,0.0001673542847340435,0.078987477
/opt/hostedtoolcache/Python/3.11.16/x64/lib/python3.11/re/_compiler.py,467,_get_charset_prefix,49,49,0.000251872,0.00016606596016378544,0.00048526200000000003
<frozen importlib._bootstrap_external>,180,_path_isabs,118,118,0.00025024,0.00016498993882363132,0.00037839600000000003
/opt/hostedtoolcache/Python/3.11.16/x64/lib/python3.11/re/_compiler.py,386,_mk_bitmap,41,41,0.000249427,0.00016445390613395894,0.0005284080000000001
/opt/hostedtoolcache/Python/3.11.16/x64/lib/python3.11/typing.py,1381,<genexpr>,257,257,0.000245821,0.0001620763736875155,0.000245821
~,0,<built-in method from_bytes>,245,245,0.00024237100000000001,0.00015980169622211617,0.00024237100000000001
<frozen importlib._bootstrap>,748,find_spec,113,113,0.000241074,0.00015894654936048633,0.00041334900000000003
/opt/hostedtoolcache/Python/3.11.16/x64/lib/python3.11/typing.py,1586,__getitem__,27,27,0.000240014,0.0001582476629508274,0.0031473810000000003
/opt/hostedtoolcache/Python/3.11.16/x64/lib/python3.11/inspect.py,2734,kind,267,267,0.00023882700000000002,0.00015746504203736973,0.00023882700000000002
<frozen importlib._bootstrap_external>,71,_relax_case,250,250,0.00023741000000000002,0.00015653077595955209,0.00023741000000000002
~,0,<method 'clear' of 'list' objects>,215,215,0.000234056,0.000154319393867103,0.000234056
~,0,<built-in method fromkeys>,134,134,0.00023318400000000002,0.00015374446089613832,0.000593909
/opt/hostedtoolcache/Python/3.11.16/x64/lib/python3.11/dataclasses.py,528,_init_fn,7,7,0.000229349,0.00015121594261213644,0.002440874
/opt/hostedtoolcache/Python/3.11.16/x64/lib/python3.11/re/_parser.py,98,closegroup,101,101,0.0002279,0.00015026057807666872,0.0018750040000000002
/opt/hostedtoolcache/Python/3.11.16/x64/lib/python3.11/site-packages/httpx/_status_codes.py,1,<module>,1,1,0.000226008,0.0001490131317681077,0.007261244
~,0,<method 'read' of '_io.TextIOWrapper' objects>,12,12,0.00022178600000000002,0.00014622945401190018,0.00035290100000000003
~,0,<built-in method _heapq.heapify>,30,30,0.00022155500000000002,0.00014607714952073866,0.000604513
/opt/hostedtoolcache/Python/3.11.16/x64/lib/python3.11/inspect.py,2075,_signature_is_functionlike,33,33,0.00021940500000000002,0.00014465959689737387,0.00044488100000000005
/opt/hostedtoolcache/Python/3.11.16/x64/lib/python3.11/hmac.py,19,<genexpr>,257,257,0.000216483,0.00014273304398320087,0.000216483
/opt/hostedtoolcache/Python/3.11.16/x64/lib/python3.11/enum.py,499,__new__,5,5,0.00021302000000000002,0.00014044979526938117,0.0036638940000000004
/opt/hostedtoolcache/Python/3.11.16/x64/lib/python3.11/hmac.py,20,<genexpr>,257,257,0.000212777,0.00014028957885660087,0.000212777
/home/runner/work/_temp/scanner-verification-il7_c53e/original/tiktok_worker_scanner.py,1,<module>,1,1,0.00020712,0.00013655976714014754,0.033979202
/opt/hostedtoolcache/Python/3.11.16/x64/lib/python3.11/argparse.py,1424,add_argument,11,11,0.000202394,0.00013344378867595125,0.001567334
<frozen importlib._bootstrap>,357,__init__,113,113,0.000198101,0.0001306132987168326,0.000198101
/opt/hostedtoolcache/Python/3.11.16/x64/lib/python3.11/re/_parser.py,274,getuntil,22,22,0.000195317,0.00012877773290127556,0.00035096600000000003
/opt/hostedtoolcache/Python/3.11.16/x64/lib/python3.11/unittest/mock.py,2113,_mock_set_magics,2,2,0.000194176,0.0001280254410206899,0.00038479700000000004
/opt/hostedtoolcache/Python/3.11.16/x64/lib/python3.11/dataclasses.py,368,field,75,75,0.000193906,0.00012784742278426734,0.000307175
/opt/hostedtoolcache/Python/3.11.16/x64/lib/python3.11/re/_compiler.py,388,<listcomp>,41,41,0.000193463,0.00012755534101117403,0.000193463
~,0,<method 'result' of '_asyncio.Task' objects>,153,153,0.000191027,0.0001259492209225616,0.000191027
/opt/hostedtoolcache/Python/3.11.16/x64/lib/python3.11/site-packages/httpx/__init__.py,1,<module>,1,1,0.00018730300000000002,0.0001234938879135335,0.12496341500000001
/opt/hostedtoolcache/Python/3.11.16/x64/lib/python3.11/typing.py,334,_remove_dups_flatten,20,20,0.000186758,0.00012313455480668053,0.0007700960000000001
/opt/hostedtoolcache/Python/3.11.16/x64/lib/python3.11/dataclasses.py,449,_field_init,75,75,0.000182861,0.00012056515826098164,0.000260669
/opt/hostedtoolcache/Python/3.11.16/x64/lib/python3.11/typing.py,1310,__getattr__,67,67,0.00018265400000000003,0.00012042867761305771,0.000482755
~,0,<built-in method builtins.iter>,169,169,0.00017864600000000002,0.00011778609579238508,0.00017864600000000002
/opt/hostedtoolcache/Python/3.11.16/x64/lib/python3.11/re/_parser.py,963,fix_flags,76,76,0.00017755800000000002,0.00011706874823228235,0.000240828
~,0,<built-in method _abc._abc_init>,26,26,0.00017657300000000002,0.0001164193113327408,0.00017657300000000002
/opt/hostedtoolcache/Python/3.11.16/x64/lib/python3.11/json/__init__.py,120,dump,1,1,0.000173312,0.00011426924663283725,0.000767882
~,0,<built-in method _imp.is_builtin>,113,113,0.000172275,0.00011358552473961431,0.000172275
/opt/hostedtoolcache/Python/3.11.16/x64/lib/python3.11/inspect.py,3002,<genexpr>,89,89,0.00017130900000000002,0.00011294861504930251,0.00024303100000000003
/opt/hostedtoolcache/Python/3.11.16/x64/lib/python3.11/email/quoprimime.py,1,<module>,1,1,0.000169156,0.000111529084445533,0.000350724
/opt/hostedtoolcache/Python/3.11.16/x64/lib/python3.11/types.py,164,__init__,74,74,0.00016914000000000002,0.00011151853521670799,0.000236168
/home/runner/work/_temp/scanner-verification-il7_c53e/original/scan_statistics.py,160,write,11,11,0.000165877,0.0001093671518632013,0.05700091
/opt/hostedtoolcache/Python/3.11.16/x64/lib/python3.11/dataclasses.py,646,_is_classvar,150,150,0.00016173200000000002,0.0001066342422707143,0.00016173200000000002
~,0,<method 'write' of '_io.FileIO' objects>,3,3,0.000161542,0.00010650897017841692,0.000161542
~,0,<built-in method builtins.delattr>,78,78,0.00015702400000000002,0.00010353013168894616,0.000270255
/opt/hostedtoolcache/Python/3.11.16/x64/lib/python3.11/dataclasses.py,654,_is_initvar,150,150,0.00015623900000000002,0.00010301256014971762,0.00015623900000000002
<frozen importlib._bootstrap>,48,_new_module,94,94,0.000153388,0.00010113281943845572,0.000153388
~,0,<built-in method _imp.find_frozen>,113,113,0.000152606,0.00010061722587963188,0.000152606
~,0,<built-in method _sre.compile>,76,76,0.00015137600000000002,9.980625391370691e-05,0.00015137600000000002
/opt/hostedtoolcache/Python/3.11.16/x64/lib/python3.11/inspect.py,2722,name,172,172,0.00015066500000000002,9.933747255779418e-05,0.00015066500000000002
/opt/hostedtoolcache/Python/3.11.16/x64/lib/python3.11/http/__init__.py,26,__new__,62,62,0.000150549,9.926099064881264e-05,0.00020892300000000002
/opt/hostedtoolcache/Python/3.11.16/x64/lib/python3.11/typing.py,715,<genexpr>,81,81,0.000150086,9.895572233968803e-05,0.002026994
<frozen importlib._bootstrap_external>,1411,_path_hooks,11,11,0.00015003700000000003,9.892341532641135e-05,0.000859983
<frozen os>,674,__getitem__,43,43,0.00014947900000000002,9.855551097113806e-05,0.00037169800000000006
/opt/hostedtoolcache/Python/3.11.16/x64/lib/python3.11/site-packages/httpx/_status_codes.py,28,__new__,62,62,0.00014575500000000002,9.610017796210992e-05,0.000204489
/opt/hostedtoolcache/Python/3.11.16/x64/lib/python3.11/enum.py,70,_is_internal_class,81,81,0.000142893,9.421318465603081e-05,0.00021097000000000002
/opt/hostedtoolcache/Python/3.11.16/x64/lib/python3.11/re/_compiler.py,31,_combine_flags,129,129,0.00014131900000000002,9.317540427036748e-05,0.00014131900000000002
/opt/hostedtoolcache/Python/3.11.16/x64/lib/python3.11/typing.py,866,__init__,29,29,0.00014126700000000001,9.314111927668608e-05,0.000566222
<frozen importlib._bootstrap>,1207,_handle_fromlist,22,27,0.000140325,9.252003342961185e-05,0.01119996
/opt/hostedtoolcache/Python/3.11.16/x64/lib/python3.11/enum.py,1151,__init__,139,139,0.000140085,9.236179499723623e-05,0.000140085
/opt/hostedtoolcache/Python/3.11.16/x64/lib/python3.11/dataclasses.py,660,_is_kw_only,150,150,0.000140073,9.235388307561745e-05,0.000140073
/opt/hostedtoolcache/Python/3.11.16/x64/lib/python3.11/inspect.py,391,_has_code_flag,26,26,0.00013729400000000002,9.052161389406825e-05,0.00075467
/home/runner/work/_temp/scanner-verification-il7_c53e/original/tiktok_worker_scanner.py,2988,session_runtime,9,9,0.000136916,9.027238836307668e-05,0.006036270000000001
/opt/hostedtoolcache/Python/3.11.16/x64/lib/python3.11/threading.py,856,__init__,3,3,0.000136315,8.987613295533609e-05,0.000221744
/opt/hostedtoolcache/Python/3.11.16/x64/lib/python3.11/dataclasses.py,425,<genexpr>,144,144,0.00013603900000000002,8.969415875810416e-05,0.00013603900000000002
/home/runner/work/_temp/scanner-verification-il7_c53e/original/tiktok_worker_scanner.py,3699,<genexpr>,54,54,0.00013505100000000002,8.904274387815792e-05,0.00017485600000000003
/opt/hostedtoolcache/Python/3.11.16/x64/lib/python3.11/fractions.py,452,_add,13,13,0.000134998,8.900779955767495e-05,0.000251156
/opt/hostedtoolcache/Python/3.11.16/x64/lib/python3.11/re/_compiler.py,428,_get_iscased,127,127,0.00013428300000000002,8.853638089455597e-05,0.00013428300000000002
<frozen importlib._bootstrap>,165,__init__,114,114,0.000131547,8.673246276547406e-05,0.000131547
<frozen os>,756,encode,43,43,0.00012991199999999999,8.565446344491523e-05,0.00020679000000000002
/opt/hostedtoolcache/Python/3.11.16/x64/lib/python3.11/typing.py,1595,copy_with,41,41,0.00012897600000000002,8.50373335586504e-05,0.00333626
~,0,<built-in method builtins.repr>,130,130,0.00012745600000000002,8.403515682027158e-05,0.00012961
/opt/hostedtoolcache/Python/3.11.16/x64/lib/python3.11/asyncio/locks.py,78,__init__,133,133,0.00012661400000000002,8.348000365335382e-05,0.00012661400000000002
<frozen abc>,105,__new__,26,26,0.000126154,8.31767133246339e-05,0.0009811120000000001
/opt/hostedtoolcache/Python/3.11.16/x64/lib/python3.11/re/_parser.py,77,__init__,76,76,0.00012273200000000002,8.09204970096784e-05,0.00012273200000000002
~,0,<built-in method math.isfinite>,128,128,0.00012117900000000001,7.989656248684791e-05,0.00012117900000000001
/opt/hostedtoolcache/Python/3.11.16/x64/lib/python3.11/typing.py,1670,__getitem__,14,14,0.00012117100000000001,7.989128787243539e-05,0.002440031
/opt/hostedtoolcache/Python/3.11.16/x64/lib/python3.11/dataclasses.py,827,_set_new_attribute,32,32,0.00012116000000000001,7.988403527761818e-05,0.000280946
/opt/hostedtoolcache/Python/3.11.16/x64/lib/python3.11/argparse.py,164,__init__,11,11,0.000119938,7.907833792610572e-05,0.0006348440000000001
/opt/hostedtoolcache/Python/3.11.16/x64/lib/python3.11/datetime.py,1,<module>,1,1,0.000118301,7.799901995194377e-05,0.0019686020000000003
~,0,<method 'isidentifier' of 'str' objects>,131,131,0.00011793300000000001,7.775638768896785e-05,0.00011793300000000001
/opt/hostedtoolcache/Python/3.11.16/x64/lib/python3.11/re/__init__.py,253,escape,41,41,0.00011512100000000001,7.5902360722967e-05,0.000192396
/opt/hostedtoolcache/Python/3.11.16/x64/lib/python3.11/gettext.py,479,find,3,3,0.00011391500000000001,7.510721260027958e-05,0.0007499890000000001
/opt/hostedtoolcache/Python/3.11.16/x64/lib/python3.11/dataclasses.py,287,__init__,75,75,0.000113269,7.468128748646858e-05,0.000113269
/opt/hostedtoolcache/Python/3.11.16/x64/lib/python3.11/enum.py,747,__delattr__,75,75,0.000113231,7.46562330680091e-05,0.000113231
/opt/hostedtoolcache/Python/3.11.16/x64/lib/python3.11/argparse.py,1565,_get_optional_kwargs,11,11,0.00011114700000000001,7.32821960135476e-05,0.000172771
<frozen importlib._bootstrap_external>,1097,__init__,94,94,0.000109876,7.244419164875845e-05,0.000109876
/opt/hostedtoolcache/Python/3.11.16/x64/lib/python3.11/site-packages/httpx/_types.py,1,<module>,1,1,0.00010922400000000001,7.201431057413807e-05,0.009656763
/opt/hostedtoolcache/Python/3.11.16/x64/lib/python3.11/shutil.py,1408,get_terminal_size,11,11,0.00010835900000000001,7.144399289078432e-05,0.00031206100000000003
/opt/hostedtoolcache/Python/3.11.16/x64/lib/python3.11/site-packages/httpx/_status_codes.py,8,codes,1,1,0.000105495,6.955568093110209e-05,0.003173239
/opt/hostedtoolcache/Python/3.11.16/x64/lib/python3.11/typing.py,1591,<genexpr>,64,64,0.00010417400000000001,6.86847102262347e-05,0.000782892
/opt/hostedtoolcache/Python/3.11.16/x64/lib/python3.11/shutil.py,710,rmtree,1,1,0.000103783,6.842691344682276e-05,0.48725971900000004
/opt/hostedtoolcache/Python/3.11.16/x64/lib/python3.11/dataclasses.py,392,_fields_in_init_order,7,7,0.00010328400000000001,6.809790937284184e-05,0.00019262900000000002
<frozen importlib._bootstrap>,413,has_location,107,107,0.000102073,6.729946461614658e-05,0.000102073
/home/runner/work/_temp/scanner-verification-il7_c53e/final/tests/benchmark_hybrid.py,115,run,18,18,0.00010080500000000001,6.646343823176213e-05,0.018722833
~,0,<built-in method builtins.abs>,96,96,0.00010055800000000001,6.630058451177557e-05,0.00010055800000000001
/opt/hostedtoolcache/Python/3.11.16/x64/lib/python3.11/urllib/parse.py,193,_userinfo,40,40,0.000100109,6.600454677787287e-05,0.000135852
/opt/hostedtoolcache/Python/3.11.16/x64/lib/python3.11/fractions.py,62,__new__,27,27,9.8448e-05,6.490940496047338e-05,0.000138782
<frozen importlib._bootstrap_external>,1658,_fill_cache,12,12,9.8431e-05,6.489819640484677e-05,0.000463704
<frozen importlib._bootstrap_external>,1122,get_filename,94,94,9.747000000000001e-05,6.426458334854279e-05,9.747000000000001e-05
<frozen importlib._bootstrap_external>,1562,__init__,11,11,9.736900000000001e-05,6.419799134158472e-05,0.00035954
~,0,<method '__contains__' of 'frozenset' objects>,109,109,9.4438e-05,6.226550448619764e-05,9.4438e-05
/opt/hostedtoolcache/Python/3.11.16/x64/lib/python3.11/site-packages/httpx/_client.py,1,<module>,1,1,9.423600000000001e-05,6.21323204722815e-05,0.12070350900000001
/opt/hostedtoolcache/Python/3.11.16/x64/lib/python3.11/pathlib.py,1053,read_text,10,10,9.3993e-05,6.19721040595012e-05,0.002899548
/opt/hostedtoolcache/Python/3.11.16/x64/lib/python3.11/argparse.py,1918,_parse_known_args,1,1,9.3776e-05,6.182903014356158e-05,0.0009574760000000001
/opt/hostedtoolcache/Python/3.11.16/x64/lib/python3.11/inspect.py,3059,_bind,1,1,9.3466e-05,6.162463883507642e-05,0.000156692
/opt/hostedtoolcache/Python/3.11.16/x64/lib/python3.11/asyncio/tasks.py,764,_done_callback,11,11,9.345000000000001e-05,6.16140896062514e-05,0.000221823
/opt/hostedtoolcache/Python/3.11.16/x64/lib/python3.11/typing.py,2910,__new__,2,2,9.2243e-05,6.081828215676241e-05,0.0012742270000000002
~,0,<built-in method builtins.locals>,56,56,9.1159e-05,6.0103571903865916e-05,9.1159e-05
/opt/hostedtoolcache/Python/3.11.16/x64/lib/python3.11/dataclasses.py,509,_init_param,75,75,9.0739e-05,5.982665464720861e-05,9.0739e-05
<frozen zipimport>,64,__init__,12,12,8.9638e-05,5.9100735838685516e-05,0.00027838
/opt/hostedtoolcache/Python/3.11.16/x64/lib/python3.11/dataclasses.py,573,<listcomp>,7,7,8.792500000000001e-05,5.7971309027604644e-05,0.000178664
/opt/hostedtoolcache/Python/3.11.16/x64/lib/python3.11/enum.py,229,__set_name__,74,74,8.711600000000001e-05,5.743791364513854e-05,8.711600000000001e-05
/opt/hostedtoolcache/Python/3.11.16/x64/lib/python3.11/inspect.py,378,isfunction,47,47,8.703600000000001e-05,5.738516750101333e-05,0.00014911900000000002
/opt/hostedtoolcache/Python/3.11.16/x64/lib/python3.11/urllib/request.py,1,<module>,1,1,8.5493e-05,5.6367826246198505e-05,0.033160495000000005
<frozen importlib._bootstrap_external>,931,create_module,94,94,8.546400000000001e-05,5.634870576895312e-05,8.546400000000001e-05
/opt/hostedtoolcache/Python/3.11.16/x64/lib/python3.11/site-packages/httpx/_urlparse.py,44,<listcomp>,1,1,8.539000000000001e-05,5.629991558563731e-05,0.00017772100000000002
/opt/hostedtoolcache/Python/3.11.16/x64/lib/python3.11/asyncio/tasks.py,728,gather,5,5,8.4957e-05,5.601442708055965e-05,0.000363308
/opt/hostedtoolcache/Python/3.11.16/x64/lib/python3.11/typing.py,1679,<genexpr>,49,49,8.381e-05,5.5258179239164565e-05,0.0009367360000000001
/opt/hostedtoolcache/Python/3.11.16/x64/lib/python3.11/dataclasses.py,820,_set_qualname,34,34,8.3688e-05,5.517774136937364e-05,0.00011535400000000001
/home/runner/work/_temp/scanner-verification-il7_c53e/original/avatar_cache.py,171,<listcomp>,1,1,8.3571e-05,5.510060013359053e-05,0.000145321
<frozen importlib._bootstrap_external>,1568,<genexpr>,88,88,8.3096e-05,5.478741990284714e-05,8.3096e-05
~,0,<built-in method _imp._fix_co_filename>,80,80,8.2532e-05,5.441555958676447e-05,8.2532e-05
/opt/hostedtoolcache/Python/3.11.16/x64/lib/python3.11/site-packages/httpx/_urlparse.py,50,<listcomp>,1,1,8.2223e-05,5.4211827605080875e-05,0.00015059100000000002
/opt/hostedtoolcache/Python/3.11.16/x64/lib/python3.11/threading.py,295,wait,7,7,8.163300000000001e-05,5.3822824792157526e-05,0.00023956900000000002
/opt/hostedtoolcache/Python/3.11.16/x64/lib/python3.11/site-packages/httpx/_urlparse.py,56,<listcomp>,1,1,8.114400000000001e-05,5.350041398619222e-05,0.000146653
/opt/hostedtoolcache/Python/3.11.16/x64/lib/python3.11/inspect.py,1943,_signature_get_user_defined_method,21,21,8.0117e-05,5.2823285360984936e-05,0.00040747
/opt/hostedtoolcache/Python/3.11.16/x64/lib/python3.11/inspect.py,292,isclass,46,46,7.965000000000001e-05,5.2515379744654085e-05,0.000117208
/opt/hostedtoolcache/Python/3.11.16/x64/lib/python3.11/logging/__init__.py,1327,getLogger,10,10,7.9616e-05,5.249296263340087e-05,0.00026124700000000004
/opt/hostedtoolcache/Python/3.11.16/x64/lib/python3.11/site-packages/httpx/_urlparse.py,67,<listcomp>,1,1,7.845700000000001e-05,5.1728802870387005e-05,0.000136334
/opt/hostedtoolcache/Python/3.11.16/x64/lib/python3.11/site-packages/httpx/_urlparse.py,77,<listcomp>,1,1,7.8453e-05,5.172616556318074e-05,0.00013635400000000002
/opt/hostedtoolcache/Python/3.11.16/x64/lib/python3.11/site-packages/httpx/_urlparse.py,90,<listcomp>,1,1,7.8446e-05,5.172155027556978e-05,0.000137026
/opt/hostedtoolcache/Python/3.11.16/x64/lib/python3.11/gettext.py,224,_expand_lang,6,6,7.822100000000001e-05,5.1573201745217655e-05,0.00017294100000000002
/home/runner/work/_temp/scanner-verification-il7_c53e/original/avatar_cache.py,172,<listcomp>,1,1,7.8074e-05,5.14762807053876e-05,0.00013643500000000002
/opt/hostedtoolcache/Python/3.11.16/x64/lib/python3.11/dataclasses.py,437,_field_assign,75,75,7.780800000000001e-05,5.130089977617131e-05,7.780800000000001e-05
/opt/hostedtoolcache/Python/3.11.16/x64/lib/python3.11/asyncio/coroutines.py,21,iscoroutinefunction,26,26,7.676900000000001e-05,5.061585922934525e-05,0.0009103290000000001
/opt/hostedtoolcache/Python/3.11.16/x64/lib/python3.11/dataclasses.py,396,<genexpr>,82,82,7.655e-05,5.04714666598025e-05,7.655e-05
~,0,<built-in method builtins.callable>,89,89,7.567500000000001e-05,4.9894555708433114e-05,7.567500000000001e-05
/home/runner/work/_temp/scanner-verification-il7_c53e/original/tiktok_worker_scanner.py,699,_build_document_locked,2,2,7.5653e-05,4.988005051879868e-05,0.000172212
/opt/hostedtoolcache/Python/3.11.16/x64/lib/python3.11/dataclasses.py,1106,<genexpr>,82,82,7.4632e-05,4.920687785440079e-05,7.4632e-05
~,0,<built-in method _sre.unicode_iscased>,84,84,7.4214e-05,4.893127925134661e-05,7.4214e-05
/opt/hostedtoolcache/Python/3.11.16/x64/lib/python3.11/functools.py,687,_c3_mro,1,7,7.3386e-05,4.838535665965077e-05,0.00022387800000000003
/opt/hostedtoolcache/Python/3.11.16/x64/lib/python3.11/site-packages/httpx/_models.py,1,<module>,1,1,7.335700000000001e-05,4.8366236182405384e-05,0.072322234
/opt/hostedtoolcache/Python/3.11.16/x64/lib/python3.11/email/message.py,979,MIMEPart,1,1,7.282600000000001e-05,4.801613365077436e-05,7.282600000000001e-05
/opt/hostedtoolcache/Python/3.11.16/x64/lib/python3.11/argparse.py,1395,register,37,37,7.277600000000001e-05,4.798316731069611e-05,0.000102911
/opt/hostedtoolcache/Python/3.11.16/x64/lib/python3.11/functools.py,660,_c3_merge,7,7,7.1829e-05,4.7358784829614034e-05,0.00011279100000000001
/opt/hostedtoolcache/Python/3.11.16/x64/lib/python3.11/unittest/mock.py,2178,__init__,77,77,7.168800000000001e-05,4.726581975059337e-05,7.168800000000001e-05
/opt/hostedtoolcache/Python/3.11.16/x64/lib/python3.11/typing.py,1040,__init__,9,9,7.081000000000001e-05,4.668693081881927e-05,0.000550156
/opt/hostedtoolcache/Python/3.11.16/x64/lib/python3.11/inspect.py,735,unwrap,14,14,7.0426e-05,4.64337493270183e-05,0.00013421100000000002
/opt/hostedtoolcache/Python/3.11.16/x64/lib/python3.11/subprocess.py,1791,_execute_child,1,1,6.981000000000001e-05,4.6027604017254255e-05,0.000765528
/opt/hostedtoolcache/Python/3.11.16/x64/lib/python3.11/argparse.py,1399,_registry_get,28,28,6.972200000000001e-05,4.5969583258716525e-05,9.4683e-05
/opt/hostedtoolcache/Python/3.11.16/x64/lib/python3.11/urllib/parse.py,156,username,20,20,6.9267e-05,4.566958956400444e-05,0.00014315600000000002
/opt/hostedtoolcache/Python/3.11.16/x64/lib/python3.11/inspect.py,2037,_signature_bound_method,7,7,6.9238e-05,4.565046908675906e-05,0.0006081960000000001
/opt/hostedtoolcache/Python/3.11.16/x64/lib/python3.11/enum.py,798,<genexpr>,63,63,6.8812e-05,4.5369595869292356e-05,6.8812e-05
/opt/hostedtoolcache/Python/3.11.16/x64/lib/python3.11/calendar.py,52,_localized_month,1,1,6.8756e-05,4.533267356840472e-05,7.8977e-05
/opt/hostedtoolcache/Python/3.11.16/x64/lib/python3.11/datetime.py,1665,datetime,1,1,6.862800000000001e-05,4.524827973780439e-05,6.862800000000001e-05
/opt/hostedtoolcache/Python/3.11.16/x64/lib/python3.11/inspect.py,2726,default,76,76,6.8522e-05,4.51783910968385e-05,6.8522e-05
/opt/hostedtoolcache/Python/3.11.16/x64/lib/python3.11/statistics.py,1,<module>,1,1,6.792e-05,4.478147636229635e-05,0.014124637
/opt/hostedtoolcache/Python/3.11.16/x64/lib/python3.11/http/cookiejar.py,1,<module>,1,1,6.7703e-05,4.4638402446356746e-05,0.025650315
<frozen importlib._bootstrap_external>,1231,create_module,13,13,6.7206e-05,4.4310717025978937e-05,0.0023350660000000002
/opt/hostedtoolcache/Python/3.11.16/x64/lib/python3.11/argparse.py,1342,__init__,3,3,6.5895e-05,4.344633958912719e-05,0.000197259
/opt/hostedtoolcache/Python/3.11.16/x64/lib/python3.11/http/client.py,1,<module>,1,1,6.5873e-05,4.343183439949275e-05,0.022673964
/opt/hostedtoolcache/Python/3.11.16/x64/lib/python3.11/typing.py,729,Literal,1,1,6.5141e-05,4.294920718074715e-05,0.0005359690000000001
/opt/hostedtoolcache/Python/3.11.16/x64/lib/python3.11/dataclasses.py,401,_tuple_str,16,16,6.5029e-05,4.287536257897188e-05,0.000119828
/home/runner/work/_temp/scanner-verification-il7_c53e/original/tiktok_worker_scanner.py,3616,export_rows,5,5,6.4497e-05,4.252460072053928e-05,1.260490716
/opt/hostedtoolcache/Python/3.11.16/x64/lib/python3.11/sqlite3/dbapi2.py,1,<module>,1,1,6.341800000000001e-05,4.181318710165063e-05,0.0012868
/opt/hostedtoolcache/Python/3.11.16/x64/lib/python3.11/site-packages/httpx/_multipart.py,26,<dictcomp>,1,1,6.2771e-05,4.138660266103805e-05,0.000123981
<frozen importlib._bootstrap_external>,1156,set_data,3,3,6.2519e-05,4.122045230704367e-05,0.0006429700000000001
<frozen abc>,7,abstractmethod,57,57,6.2246e-05,4.1040456090216416e-05,6.2246e-05
/opt/hostedtoolcache/Python/3.11.16/x64/lib/python3.11/zipfile.py,1,<module>,1,1,6.1764e-05,4.0722660571862076e-05,0.000364871
~,0,<built-in method _posixsubprocess.fork_exec>,1,1,6.159500000000001e-05,4.0611234342397587e-05,6.159500000000001e-05
<frozen importlib._bootstrap_external>,1699,path_hook_for_FileFinder,12,12,6.1517e-05,4.0559806851875517e-05,0.000554275
/opt/hostedtoolcache/Python/3.11.16/x64/lib/python3.11/subprocess.py,1880,<genexpr>,19,19,6.0527000000000005e-05,3.990707331832614e-05,0.000365914
/opt/hostedtoolcache/Python/3.11.16/x64/lib/python3.11/enum.py,239,__init__,65,65,6.050000000000001e-05,3.988927149468389e-05,6.050000000000001e-05
/opt/hostedtoolcache/Python/3.11.16/x64/lib/python3.11/argparse.py,1485,_add_action,11,11,6.0441000000000006e-05,3.9850371213391555e-05,0.000104857
<frozen _collections_abc>,771,get,20,20,5.988300000000001e-05,3.948246685811827e-05,0.00026168800000000005
/opt/hostedtoolcache/Python/3.11.16/x64/lib/python3.11/urllib/parse.py,175,port,20,20,5.9521e-05,3.9243790555951726e-05,0.000216092
/opt/hostedtoolcache/Python/3.11.16/x64/lib/python3.11/importlib/resources/_common.py,1,<module>,1,1,5.932e-05,3.911126586883716e-05,0.002832905
/opt/hostedtoolcache/Python/3.11.16/x64/lib/python3.11/urllib/request.py,2404,ftpwrapper,1,1,5.8419000000000004e-05,3.851721242062707e-05,5.8419000000000004e-05
/opt/hostedtoolcache/Python/3.11.16/x64/lib/python3.11/hashlib.py,126,__get_openssl_constructor,14,14,5.8197000000000005e-05,3.837084187067964e-05,0.000700827
/opt/hostedtoolcache/Python/3.11.16/x64/lib/python3.11/inspect.py,1790,_shadowed_dict,14,14,5.7939e-05,3.820073555587586e-05,7.348700000000001e-05
/opt/hostedtoolcache/Python/3.11.16/x64/lib/python3.11/unittest/mock.py,505,_mock_add_spec,1,1,5.7906000000000004e-05,3.817897777142422e-05,0.0009662630000000001
<frozen codecs>,319,decode,12,12,5.7689e-05,3.803590385548461e-05,0.000131115
/opt/hostedtoolcache/Python/3.11.16/x64/lib/python3.11/typing.py,284,_check_generic,27,27,5.7613000000000006e-05,3.7985795018565666e-05,8.0998e-05
/opt/hostedtoolcache/Python/3.11.16/x64/lib/python3.11/email/_policybase.py,99,_extend_docstrings,1,1,5.7444e-05,3.7874368789101176e-05,0.000155901
/opt/hostedtoolcache/Python/3.11.16/x64/lib/python3.11/typing.py,500,__getitem__,20,22,5.7297000000000004e-05,3.777744774927112e-05,0.00539771
/opt/hostedtoolcache/Python/3.11.16/x64/lib/python3.11/argparse.py,1965,take_action,7,7,5.7187000000000007e-05,3.770492180109897e-05,0.00033293300000000005
/opt/hostedtoolcache/Python/3.11.16/x64/lib/python3.11/site-packages/httpx/_urlparse.py,1,<module>,1,1,5.708e-05,3.763437383333151e-05,0.010677337
/opt/hostedtoolcache/Python/3.11.16/x64/lib/python3.11/typing.py,1655,__getitem_inner__,7,7,5.7036e-05,3.760536345406264e-05,0.001040361
/opt/hostedtoolcache/Python/3.11.16/x64/lib/python3.11/hashlib.py,1,<module>,1,1,5.6778000000000004e-05,3.743525713925887e-05,0.001898401
/opt/hostedtoolcache/Python/3.11.16/x64/lib/python3.11/dataclasses.py,588,_repr_fn,7,7,5.6749e-05,3.741613666201348e-05,0.0012622660000000002
/opt/hostedtoolcache/Python/3.11.16/x64/lib/python3.11/argparse.py,604,_format_args,11,11,5.6607e-05,3.7322512256191254e-05,0.00011748700000000001
<frozen importlib._bootstrap_external>,1239,exec_module,13,13,5.6583000000000004e-05,3.7306688412953695e-05,0.001017747
/opt/hostedtoolcache/Python/3.11.16/x64/lib/python3.11/platform.py,1,<module>,1,1,5.6266000000000006e-05,3.709768181685758e-05,0.015690818000000002
/opt/hostedtoolcache/Python/3.11.16/x64/lib/python3.11/subprocess.py,807,__init__,1,1,5.6224e-05,3.706999009119185e-05,0.000996268
/opt/hostedtoolcache/Python/3.11.16/x64/lib/python3.11/site-packages/httpx/_client.py,189,__init__,1,1,5.5853e-05,3.6825379847811226e-05,0.000782019
/home/runner/work/_temp/scanner-verification-il7_c53e/original/report_generator.py,22,read_json,6,6,5.522200000000001e-05,3.6409344636023695e-05,0.002923333
/opt/hostedtoolcache/Python/3.11.16/x64/lib/python3.11/typing.py,2071,__init_subclass__,5,5,5.5221000000000005e-05,3.640868530922213e-05,0.00011898
/home/runner/work/_temp/scanner-verification-il7_c53e/original/tiktok_worker_scanner.py,1442,__init__,1,1,5.5174000000000004e-05,3.637769694954858e-05,0.002116829
/opt/hostedtoolcache/Python/3.11.16/x64/lib/python3.11/inspect.py,167,get_annotations,7,7,5.5083e-05,3.631769821060615e-05,9.7683e-05
/opt/hostedtoolcache/Python/3.11.16/x64/lib/python3.11/inspect.py,1774,_check_class,14,14,5.5027e-05,3.628077590971851e-05,0.00014443100000000001
/opt/hostedtoolcache/Python/3.11.16/x64/lib/python3.11/inspect.py,409,iscoroutinefunction,26,26,5.4871000000000004e-05,3.6177920928674366e-05,0.0008095410000000001
/opt/hostedtoolcache/Python/3.11.16/x64/lib/python3.11/email/quoprimime.py,55,<listcomp>,1,1,5.4762e-05,3.610605430730379e-05,5.4762e-05
/opt/hostedtoolcache/Python/3.11.16/x64/lib/python3.11/fnmatch.py,74,translate,2,2,5.4672e-05,3.604671489516293e-05,0.000123432
/opt/hostedtoolcache/Python/3.11.16/x64/lib/python3.11/fractions.py,357,forward,13,13,5.4512e-05,3.594122260691253e-05,0.00031025700000000003
/opt/hostedtoolcache/Python/3.11.16/x64/lib/python3.11/encodings/__init__.py,43,normalize_encoding,2,2,5.4350000000000006e-05,3.5834411665059e-05,0.000112448
/opt/hostedtoolcache/Python/3.11.16/x64/lib/python3.11/re/_compiler.py,407,_generate_overlap_table,13,13,5.4317e-05,3.581265388060735e-05,7.592900000000001e-05
/home/runner/work/_temp/scanner-verification-il7_c53e/original/tiktok_worker_scanner.py,762,finalize,1,1,5.42e-05,3.5735512644824244e-05,0.002885794
/opt/hostedtoolcache/Python/3.11.16/x64/lib/python3.11/random.py,1,<module>,1,1,5.3771000000000004e-05,3.5452661446952846e-05,0.002304449
/opt/hostedtoolcache/Python/3.11.16/x64/lib/python3.11/inspect.py,1762,_static_getmro,42,42,5.3599000000000006e-05,3.5339257237083666e-05,5.3599000000000006e-05
/opt/hostedtoolcache/Python/3.11.16/x64/lib/python3.11/typing.py,1877,__init_subclass__,8,8,5.3329000000000004e-05,3.516123900066111e-05,0.00013373
/opt/hostedtoolcache/Python/3.11.16/x64/lib/python3.11/functools.py,65,wraps,27,27,5.2958000000000004e-05,3.491662875728048e-05,5.2958000000000004e-05
~,0,<built-in method builtins.divmod>,60,60,5.2374000000000004e-05,3.4531581905166514e-05,5.2374000000000004e-05
/opt/hostedtoolcache/Python/3.11.16/x64/lib/python3.11/site-packages/httpx/_transports/default.py,1,<module>,1,1,5.2068000000000004e-05,3.432982790388761e-05,0.001091275
<frozen importlib._bootstrap_external>,185,_write_atomic,3,3,5.2048e-05,3.431664136785631e-05,0.00037424800000000004
<frozen importlib._bootstrap_external>,999,source_to_code,14,14,5.1926000000000004e-05,3.423620349806538e-05,0.07113217299999999
/opt/hostedtoolcache/Python/3.11.16/x64/lib/python3.11/inspect.py,1804,getattr_static,14,14,5.1362e-05,3.386434318198271e-05,0.00024705100000000003
/opt/hostedtoolcache/Python/3.11.16/x64/lib/python3.11/asyncio/base_events.py,618,run_until_complete,3,3,5.1046000000000006e-05,3.365599591268816e-05,106.194898429
/opt/hostedtoolcache/Python/3.11.16/x64/lib/python3.11/statistics.py,203,<genexpr>,14,14,5.0549e-05,3.332831049231034e-05,0.000138388
/opt/hostedtoolcache/Python/3.11.16/x64/lib/python3.11/typing.py,1641,__getitem__,8,8,5.0314000000000007e-05,3.3173368693942566e-05,0.0011866539999999999
/opt/hostedtoolcache/Python/3.11.16/x64/lib/python3.11/uuid.py,139,__init__,5,5,4.9905000000000004e-05,3.2903704032102466e-05,7.681300000000001e-05
/opt/hostedtoolcache/Python/3.11.16/x64/lib/python3.11/typing.py,350,_flatten_literal_params,1,1,4.9583e-05,3.269140080199853e-05,9.3004e-05
~,0,<method 'translate' of 'bytearray' objects>,41,41,4.958e-05,3.268942282159384e-05,4.958e-05
/opt/hostedtoolcache/Python/3.11.16/x64/lib/python3.11/uuid.py,1,<module>,1,1,4.9371000000000006e-05,3.255162352006675e-05,0.00129198
/opt/hostedtoolcache/Python/3.11.16/x64/lib/python3.11/site-packages/_distutils_hack/__init__.py,108,<lambda>,55,55,4.8985000000000006e-05,3.229712337466265e-05,4.8985000000000006e-05
/opt/hostedtoolcache/Python/3.11.16/x64/lib/python3.11/http/__init__.py,1,<module>,1,1,4.8761e-05,3.214943417111208e-05,0.004065223000000001
/opt/hostedtoolcache/Python/3.11.16/x64/lib/python3.11/contextlib.py,272,contextmanager,8,8,4.8230000000000004e-05,3.179933163948105e-05,0.00027603400000000003
/opt/hostedtoolcache/Python/3.11.16/x64/lib/python3.11/site-packages/httpx/_multipart.py,1,<module>,1,1,4.763e-05,3.140373555854204e-05,0.015054121
~,0,<built-in method _sre.unicode_tolower>,57,57,4.7409e-05,3.125802433539617e-05,4.7409e-05
~,0,<built-in method posix.cpu_count>,2,2,4.7338e-05,3.121121213248505e-05,4.7338e-05
/opt/hostedtoolcache/Python/3.11.16/x64/lib/python3.11/typing.py,306,_deduplicate,21,21,4.7179000000000003e-05,3.110637917103622e-05,0.00048022500000000003
/opt/hostedtoolcache/Python/3.11.16/x64/lib/python3.11/inspect.py,300,ismethod,26,26,4.6904000000000004e-05,3.0925064300605835e-05,7.019900000000001e-05
/opt/hostedtoolcache/Python/3.11.16/x64/lib/python3.11/re/_parser.py,304,checkgroupname,22,22,4.6836000000000004e-05,3.088023007809941e-05,6.817800000000001e-05
/home/runner/work/_temp/scanner-verification-il7_c53e/final/hybrid_backend.py,1,<module>,1,1,4.6688000000000004e-05,3.078264971146779e-05,0.015072044000000001
/opt/hostedtoolcache/Python/3.11.16/x64/lib/python3.11/urllib/parse.py,160,password,20,20,4.6427e-05,3.061056541625932e-05,0.00010839000000000001
/home/runner/work/_temp/scanner-verification-il7_c53e/original/tiktok_worker_scanner.py,3591,finalize,1,1,4.6387e-05,3.058419234419671e-05,1.305090078
/opt/hostedtoolcache/Python/3.11.16/x64/lib/python3.11/site-packages/idna/core.py,1,<module>,1,1,4.6386000000000006e-05,3.0583533017395156e-05,0.003730989
/opt/hostedtoolcache/Python/3.11.16/x64/lib/python3.11/functools.py,421,_unwrap_partial,26,26,4.6278e-05,3.0512325722826127e-05,8.425900000000001e-05
<frozen _collections_abc>,409,__subclasshook__,45,45,4.5974000000000004e-05,3.0311890375150367e-05,4.5974000000000004e-05
~,0,<function socket.close at 0x7ff11ea6bba0>,2,2,4.5956000000000005e-05,3.0300022492722198e-05,4.5956000000000005e-05
/opt/hostedtoolcache/Python/3.11.16/x64/lib/python3.11/argparse.py,1986,consume_optional,7,7,4.5363000000000006e-05,2.990904169939414e-05,0.0007912650000000001
/opt/hostedtoolcache/Python/3.11.16/x64/lib/python3.11/argparse.py,1880,parse_known_args,1,1,4.4854e-05,2.957344435739754e-05,0.0010276270000000001
/opt/hostedtoolcache/Python/3.11.16/x64/lib/python3.11/subprocess.py,506,run,1,1,4.4702e-05,2.947322668355965e-05,0.001157319
<frozen codecs>,309,__init__,12,12,4.4672e-05,2.9453446879512704e-05,6.1444e-05
~,0,<method 'translate' of 'str' objects>,41,41,4.4514e-05,2.934927324486543e-05,4.4514e-05
/opt/hostedtoolcache/Python/3.11.16/x64/lib/python3.11/site-packages/httpx/_exceptions.py,1,<module>,1,1,4.3971e-05,2.899125879161562e-05,0.000493079
~,0,<built-in method builtins.__import__>,8,9,4.3432e-05,2.8635881645572076e-05,0.022105185000000003
/opt/hostedtoolcache/Python/3.11.16/x64/lib/python3.11/logging/__init__.py,2074,getLogger,10,10,4.3374e-05,2.85976406910813e-05,0.000312933
/opt/hostedtoolcache/Python/3.11.16/x64/lib/python3.11/dataclasses.py,228,_recursive_repr,7,7,4.3117e-05,2.842819370307909e-05,0.00024694
/home/runner/work/_temp/scanner-verification-il7_c53e/final/tests/benchmark_hybrid.py,156,<lambda>,3,3,4.3092e-05,2.8411710533039967e-05,0.000994214
/home/runner/work/_temp/scanner-verification-il7_c53e/original/tiktok_worker_scanner.py,1509,cache_saved_avatars,4,4,4.2808e-05,2.8224461721395502e-05,0.0006896360000000001
/opt/hostedtoolcache/Python/3.11.16/x64/lib/python3.11/unittest/mock.py,1425,__enter__,1,1,4.2617e-05,2.809853030229658e-05,0.0017834970000000002
/opt/hostedtoolcache/Python/3.11.16/x64/lib/python3.11/re/_parser.py,265,getwhile,9,9,4.232e-05,2.7902710242231772e-05,6.693500000000001e-05
<frozen importlib._bootstrap_external>,740,_code_to_timestamp_pyc,3,3,4.2130000000000005e-05,2.7777438149934417e-05,0.000795745
/opt/hostedtoolcache/Python/3.11.16/x64/lib/python3.11/calendar.py,1,<module>,1,1,4.1958e-05,2.766403394006523e-05,0.000287125
/opt/hostedtoolcache/Python/3.11.16/x64/lib/python3.11/argparse.py,2475,_get_values,7,7,4.1467e-05,2.73403044804968e-05,0.00023617
/opt/hostedtoolcache/Python/3.11.16/x64/lib/python3.11/argparse.py,2205,_match_argument,7,7,4.1441000000000005e-05,2.7323161983656115e-05,0.00040669800000000004
<frozen importlib._bootstrap_external>,164,_path_isdir,16,16,4.0216e-05,2.651548665173896e-05,0.000188301
/home/runner/work/_temp/scanner-verification-il7_c53e/original/tiktok_worker_scanner.py,3652,default_scan_config,1,1,4.0084000000000005e-05,2.642845551393238e-05,0.0009711310000000001
/opt/hostedtoolcache/Python/3.11.16/x64/lib/python3.11/site-packages/httpx/_multipart.py,29,<listcomp>,1,1,4.0066000000000006e-05,2.6416587631504213e-05,0.000189323
~,0,<built-in method math.gcd>,40,40,3.9872e-05,2.628867823200059e-05,3.9872e-05
/opt/hostedtoolcache/Python/3.11.16/x64/lib/python3.11/site-packages/httpx/_auth.py,1,<module>,1,1,3.9715e-05,2.6185163924154884e-05,0.109004186
/opt/hostedtoolcache/Python/3.11.16/x64/lib/python3.11/argparse.py,1674,_add_action,11,11,3.9496e-05,2.6040771354612143e-05,0.000153661
/opt/hostedtoolcache/Python/3.11.16/x64/lib/python3.11/site-packages/httpx/_content.py,1,<module>,1,1,3.9354e-05,2.5947146948789912e-05,0.016279296000000002
~,0,<built-in method _codecs.utf_8_decode>,12,12,3.8952e-05,2.5682097574560772e-05,3.8952e-05
/opt/hostedtoolcache/Python/3.11.16/x64/lib/python3.11/encodings/__init__.py,71,search_function,2,2,3.890500000000001e-05,2.565110921488722e-05,0.0019965350000000002
/opt/hostedtoolcache/Python/3.11.16/x64/lib/python3.11/enum.py,1377,_missing_,2,2,3.8863000000000004e-05,2.5623417489221486e-05,0.000122058
/opt/hostedtoolcache/Python/3.11.16/x64/lib/python3.11/email/_policybase.py,94,_append_doc,6,6,3.8662000000000004e-05,2.5490892802106914e-05,5.5135000000000007e-05
/opt/hostedtoolcache/Python/3.11.16/x64/lib/python3.11/site-packages/httpx/_decoders.py,1,<module>,1,1,3.786e-05,2.4962112707251764e-05,0.002024666
/opt/hostedtoolcache/Python/3.11.16/x64/lib/python3.11/locale.py,396,normalize,6,6,3.7601e-05,2.4791347065646425e-05,5.851e-05
/opt/hostedtoolcache/Python/3.11.16/x64/lib/python3.11/site-packages/httpx/_api.py,1,<module>,1,1,3.7428e-05,2.4677283528975676e-05,0.12226432000000001
/opt/hostedtoolcache/Python/3.11.16/x64/lib/python3.11/dataclasses.py,410,<listcomp>,16,16,3.7426000000000004e-05,2.467596487537255e-05,3.7426000000000004e-05
/opt/hostedtoolcache/Python/3.11.16/x64/lib/python3.11/dataclasses.py,1221,wrap,7,7,3.7169e-05,2.4506517887370336e-05,0.018438874
/opt/hostedtoolcache/Python/3.11.16/x64/lib/python3.11/threading.py,945,start,3,3,3.7159e-05,2.4499924619354687e-05,0.000472381
/home/runner/work/_temp/scanner-verification-il7_c53e/original/report_generator.py,1,<module>,1,1,3.655e-05,2.409839459720159e-05,0.004608727
/opt/hostedtoolcache/Python/3.11.16/x64/lib/python3.11/asyncio/runners.py,86,run,1,1,3.6232e-05,2.388872867430391e-05,106.19464921500001
/opt/hostedtoolcache/Python/3.11.16/x64/lib/python3.11/importlib/resources/_legacy.py,1,<module>,1,1,3.6209000000000005e-05,2.3873564157867916e-05,0.000386331
/opt/hostedtoolcache/Python/3.11.16/x64/lib/python3.11/site-packages/httpx/_transports/asgi.py,1,<module>,1,1,3.5946000000000004e-05,2.3700161209056314e-05,0.001705902
/opt/hostedtoolcache/Python/3.11.16/x64/lib/python3.11/json/__init__.py,274,load,1,1,3.5776000000000004e-05,2.358807565279026e-05,0.000106719
/opt/hostedtoolcache/Python/3.11.16/x64/lib/python3.11/argparse.py,1599,_pop_action_class,11,11,3.5726e-05,2.355510931271201e-05,9.1687e-05
~,0,<method 'extend' of 'bytearray' objects>,12,12,3.5435e-05,2.3363245213456585e-05,3.5435e-05
/opt/hostedtoolcache/Python/3.11.16/x64/lib/python3.11/email/errors.py,1,<module>,1,1,3.5397e-05,2.3338190794997113e-05,0.000384898
/opt/hostedtoolcache/Python/3.11.16/x64/lib/python3.11/argparse.py,2597,_get_formatter,11,11,3.4924e-05,2.302632921785686e-05,0.0006697680000000001
/opt/hostedtoolcache/Python/3.11.16/x64/lib/python3.11/pathlib.py,703,relative_to,3,3,3.4902e-05,2.3011824028222427e-05,0.000250676
/opt/hostedtoolcache/Python/3.11.16/x64/lib/python3.11/tempfile.py,1,<module>,1,1,3.4896e-05,2.3007868067413038e-05,0.00021816700000000001
/opt/hostedtoolcache/Python/3.11.16/x64/lib/python3.11/ssl.py,745,create_default_context,1,1,3.4876e-05,2.2994681531381742e-05,0.028310267
/opt/hostedtoolcache/Python/3.11.16/x64/lib/python3.11/enum.py,484,__prepare__,2,2,3.4822e-05,2.2959077884097227e-05,0.000176639
/opt/hostedtoolcache/Python/3.11.16/x64/lib/python3.11/inspect.py,2063,_signature_is_builtin,7,7,3.4706e-05,2.2882595975115686e-05,9.2494e-05
/opt/hostedtoolcache/Python/3.11.16/x64/lib/python3.11/importlib/resources/abc.py,1,<module>,1,1,3.4404000000000005e-05,2.268347928104305e-05,0.000853131
/opt/hostedtoolcache/Python/3.11.16/x64/lib/python3.11/enum.py,933,_check_for_existing_members_,6,6,3.4264e-05,2.2591173528823947e-05,5.2819000000000004e-05
/opt/hostedtoolcache/Python/3.11.16/x64/lib/python3.11/typing.py,1981,_caller,9,9,3.4213e-05,2.2557547861944126e-05,5.1277000000000004e-05
/opt/hostedtoolcache/Python/3.11.16/x64/lib/python3.11/argparse.py,1742,__init__,1,1,3.4183e-05,2.2537768057897177e-05,0.0013147830000000001
/opt/hostedtoolcache/Python/3.11.16/x64/lib/python3.11/site-packages/httpx/_config.py,1,<module>,1,1,3.4043e-05,2.2445462305678073e-05,0.000118832
/opt/hostedtoolcache/Python/3.11.16/x64/lib/python3.11/site-packages/httpx/_transports/__init__.py,1,<module>,1,1,3.3892e-05,2.2345903958641756e-05,0.005615074
/opt/hostedtoolcache/Python/3.11.16/x64/lib/python3.11/threading.py,1051,_stop,3,3,3.3892e-05,2.2345903958641756e-05,9.3114e-05
/opt/hostedtoolcache/Python/3.11.16/x64/lib/python3.11/unittest/mock.py,420,__new__,1,1,3.3424000000000004e-05,2.203733901550933e-05,0.00020609500000000002
/opt/hostedtoolcache/Python/3.11.16/x64/lib/python3.11/email/header.py,1,<module>,1,1,3.3252e-05,2.192393480564014e-05,0.00669094
/opt/hostedtoolcache/Python/3.11.16/x64/lib/python3.11/enum.py,1514,__or__,5,5,3.2486e-05,2.141889047564133e-05,0.000236531
/opt/hostedtoolcache/Python/3.11.16/x64/lib/python3.11/logging/__init__.py,1447,__init__,7,7,3.2382e-05,2.1350320488278572e-05,5.9351e-05
/opt/hostedtoolcache/Python/3.11.16/x64/lib/python3.11/site-packages/httpx/_urls.py,1,<module>,1,1,3.172e-05,2.0913846145642527e-05,0.017410425
/opt/hostedtoolcache/Python/3.11.16/x64/lib/python3.11/logging/__init__.py,1378,_fixupParents,7,7,3.1478e-05,2.075428905966379e-05,4.8931e-05
/home/runner/work/_temp/scanner-verification-il7_c53e/original/avatar_cache.py,124,__init__,2,2,3.1401e-05,2.0703520895943283e-05,0.0017414090000000002
/opt/hostedtoolcache/Python/3.11.16/x64/lib/python3.11/enum.py,979,_find_data_type_,4,4,3.1186e-05,2.0561765633606805e-05,4.7358e-05
<frozen zipimport>,401,_read_directory,1,1,3.1017000000000005e-05,2.045033940414232e-05,7.4769e-05
/home/runner/work/_temp/scanner-verification-il7_c53e/final/vendor/tiktok_sign.py,1,<module>,1,1,3.0948e-05,2.0404845854834332e-05,3.9895000000000003e-05
/home/runner/work/_temp/scanner-verification-il7_c53e/final/tests/benchmark_hybrid.py,135,<genexpr>,16,16,3.0829e-05,2.032638596544809e-05,4.4604e-05
/opt/hostedtoolcache/Python/3.11.16/x64/lib/python3.11/pathlib.py,1230,exists,7,7,3.0618000000000004e-05,2.0187268010317872e-05,0.00025562800000000004
<frozen genericpath>,16,exists,12,12,3.0448e-05,2.0075182454051816e-05,7.8427e-05
/home/runner/work/_temp/scanner-verification-il7_c53e/original/scan_runtime.py,51,__init__,1,1,3.0326e-05,1.999474458426088e-05,0.000130633
/opt/hostedtoolcache/Python/3.11.16/x64/lib/python3.11/inspect.py,3007,from_callable,7,7,3.0265000000000002e-05,1.9954525649365417e-05,0.003799207
<frozen runpy>,91,_run_module_code,1,1,2.9716e-05,1.959255523530622e-05,110.79052682800001
/opt/hostedtoolcache/Python/3.11.16/x64/lib/python3.11/importlib/resources/_legacy.py,15,deprecated,7,7,2.9335000000000003e-05,1.934135172390995e-05,0.00020880800000000002
/opt/hostedtoolcache/Python/3.11.16/x64/lib/python3.11/platform.py,1119,python_version,1,1,2.9294e-05,1.931431932504578e-05,6.448e-05
/home/runner/work/_temp/scanner-verification-il7_c53e/final/tests/benchmark_hybrid.py,135,<dictcomp>,2,2,2.9234e-05,1.927475971695188e-05,7.383800000000001e-05
/opt/hostedtoolcache/Python/3.11.16/x64/lib/python3.11/inspect.py,1783,_is_type,14,14,2.9124e-05,1.9202233768779725e-05,5.1258e-05
/opt/hostedtoolcache/Python/3.11.16/x64/lib/python3.11/threading.py,1087,join,3,3,2.8983e-05,1.9109268689759057e-05,0.00023809400000000003
/opt/hostedtoolcache/Python/3.11.16/x64/lib/python3.11/datetime.py,515,_check_date_fields,5,5,2.8853000000000003e-05,1.9023556205555606e-05,4.7158000000000005e-05
/opt/hostedtoolcache/Python/3.11.16/x64/lib/python3.11/encodings/utf_8_sig.py,54,_buffer_decode,5,5,2.8842e-05,1.901630361073839e-05,4.4984e-05
~,0,<built-in method posix.get_terminal_size>,11,11,2.8826e-05,1.900575438191335e-05,2.8826e-05
/opt/hostedtoolcache/Python/3.11.16/x64/lib/python3.11/concurrent/futures/thread.py,1,<module>,1,1,2.8823000000000002e-05,1.9003776401508654e-05,0.001684823
<frozen os>,619,get_exec_path,1,1,2.8801e-05,1.8989271211874225e-05,0.000113752
/home/runner/work/_temp/scanner-verification-il7_c53e/final/direct_protocol.py,1,<module>,1,1,2.8723000000000003e-05,1.8937843721352155e-05,0.007551877
/opt/hostedtoolcache/Python/3.11.16/x64/lib/python3.11/platform.py,1187,platform,1,1,2.8425000000000003e-05,1.8741364334485777e-05,0.0013346200000000001
/opt/hostedtoolcache/Python/3.11.16/x64/lib/python3.11/concurrent/futures/__init__.py,40,__getattr__,1,1,2.8212e-05,1.8600927725752422e-05,0.002262961
/opt/hostedtoolcache/Python/3.11.16/x64/lib/python3.11/email/feedparser.py,1,<module>,1,1,2.8152e-05,1.856136811765852e-05,0.016128555
/opt/hostedtoolcache/Python/3.11.16/x64/lib/python3.11/unittest/mock.py,1130,_increment_mock_call,1,1,2.8031000000000003e-05,1.8481589574669157e-05,7.560100000000001e-05
/opt/hostedtoolcache/Python/3.11.16/x64/lib/python3.11/threading.py,1453,current_thread,7,7,2.7943000000000003e-05,1.8423568816131437e-05,3.7088e-05
~,0,<function Random.seed at 0x7ff11e19fc40>,2,2,2.7932000000000003e-05,1.841631622131422e-05,2.7932000000000003e-05
/opt/hostedtoolcache/Python/3.11.16/x64/lib/python3.11/pathlib.py,281,_make_selector,2,4,2.7772e-05,1.8310823933063814e-05,0.001347103
/opt/hostedtoolcache/Python/3.11.16/x64/lib/python3.11/email/utils.py,1,<module>,1,1,2.7712e-05,1.8271264324969913e-05,0.0036794030000000004
/home/runner/work/_temp/scanner-verification-il7_c53e/final/tests/benchmark_hybrid.py,133,process_io,2,2,2.7603000000000003e-05,1.8199397703599328e-05,0.000389667
/opt/hostedtoolcache/Python/3.11.16/x64/lib/python3.11/argparse.py,2531,_get_value,6,6,2.7564000000000002e-05,1.8173683958338293e-05,0.000181019
~,0,<method 'close' of '_io.TextIOWrapper' objects>,4,4,2.7521000000000003e-05,1.8145332905870998e-05,2.7521000000000003e-05
/opt/hostedtoolcache/Python/3.11.16/x64/lib/python3.11/asyncio/runners.py,65,close,1,1,2.7309000000000002e-05,1.800555562393921e-05,0.000714022
~,0,<built-in method _operator.index>,35,35,2.7263000000000003e-05,1.7975226591067222e-05,2.7263000000000003e-05
<frozen importlib._bootstrap_external>,79,_pack_uint32,9,9,2.6949000000000002e-05,1.7768197975375802e-05,3.6578e-05
/opt/hostedtoolcache/Python/3.11.16/x64/lib/python3.11/email/message.py,1,<module>,1,1,2.6839000000000002e-05,1.769567202720365e-05,0.002347308
/opt/hostedtoolcache/Python/3.11.16/x64/lib/python3.11/dataclasses.py,548,<dictcomp>,7,7,2.6759000000000002e-05,1.7642925883078446e-05,2.6759000000000002e-05
/home/runner/work/_temp/scanner-verification-il7_c53e/original/tiktok_worker_scanner.py,2981,statistics_summary,3,3,2.6718e-05,1.761589348421428e-05,0.0008775460000000001
/opt/hostedtoolcache/Python/3.11.16/x64/lib/python3.11/typing.py,966,__init__,9,9,2.6599e-05,1.7537433594828043e-05,0.000418831
/home/runner/work/_temp/scanner-verification-il7_c53e/original/tiktok_worker_scanner.py,1503,fill,4,4,2.6512000000000003e-05,1.7480072163091887e-05,0.0007303730000000001
/opt/hostedtoolcache/Python/3.11.16/x64/lib/python3.11/site-packages/httpx/_client.py,1353,__init__,1,1,2.6502e-05,1.7473478895076237e-05,0.000815692
/opt/hostedtoolcache/Python/3.11.16/x64/lib/python3.11/typing.py,757,<genexpr>,28,28,2.646e-05,1.7445787169410505e-05,2.646e-05
/opt/hostedtoolcache/Python/3.11.16/x64/lib/python3.11/typing.py,1636,copy_with,7,7,2.6377000000000002e-05,1.739106304488061e-05,0.000688593
/opt/hostedtoolcache/Python/3.11.16/x64/lib/python3.11/collections/__init__.py,424,<genexpr>,27,27,2.6309000000000002e-05,1.734622882237419e-05,2.6309000000000002e-05
/opt/hostedtoolcache/Python/3.11.16/x64/lib/python3.11/threading.py,1125,_wait_for_tstate_lock,3,3,2.6288000000000003e-05,1.7332382959541323e-05,0.000187992
/home/runner/work/_temp/scanner-verification-il7_c53e/original/avatar_cache.py,1,<module>,1,1,2.6269000000000002e-05,1.7319855750311587e-05,0.0016262330000000001
/home/runner/work/_temp/scanner-verification-il7_c53e/original/tiktok_worker_scanner.py,748,_persist_locked,2,2,2.6228e-05,1.7292823351447422e-05,0.002592909
/opt/hostedtoolcache/Python/3.11.16/x64/lib/python3.11/site-packages/idna/__init__.py,1,<module>,1,1,2.6220000000000003e-05,1.7287548737034902e-05,0.005043758000000001
/opt/hostedtoolcache/Python/3.11.16/x64/lib/python3.11/argparse.py,1853,_add_action,11,11,2.6166000000000003e-05,1.725194508975039e-05,0.000179827
/opt/hostedtoolcache/Python/3.11.16/x64/lib/python3.11/typing.py,1721,<genexpr>,28,28,2.6037e-05,1.71668919323485e-05,2.6037e-05
/opt/hostedtoolcache/Python/3.11.16/x64/lib/python3.11/threading.py,971,run,3,3,2.6019000000000003e-05,1.715502404992033e-05,40.933561133000005
/opt/hostedtoolcache/Python/3.11.16/x64/lib/python3.11/pathlib.py,260,compile_pattern,2,2,2.6018e-05,1.7154364723118764e-05,0.001279046
/opt/hostedtoolcache/Python/3.11.16/x64/lib/python3.11/logging/__init__.py,228,_acquireLock,11,11,2.6009e-05,1.714843078190468e-05,3.7670000000000004e-05
/opt/hostedtoolcache/Python/3.11.16/x64/lib/python3.11/functools.py,668,<listcomp>,24,24,2.5880000000000003e-05,1.7063377624502796e-05,2.5880000000000003e-05
/opt/hostedtoolcache/Python/3.11.16/x64/lib/python3.11/site-packages/httpx/_client.py,188,BaseClient,1,1,2.5767000000000002e-05,1.6988873695925948e-05,3.3392e-05
/home/runner/work/_temp/scanner-verification-il7_c53e/original/tiktok_worker_scanner.py,3288,_set_control,3,3,2.5748e-05,1.6976346486696212e-05,0.00013711500000000002
/opt/hostedtoolcache/Python/3.11.16/x64/lib/python3.11/datetime.py,1673,__new__,3,3,2.5678e-05,1.6930193610586655e-05,8.584e-05
<frozen _collections_abc>,78,_check_methods,9,9,2.5658e-05,1.6917007074555355e-05,2.5658e-05
/home/runner/work/_temp/scanner-verification-il7_c53e/final/tests/benchmark_hybrid.py,109,transport,1,1,2.5587e-05,1.6870194871644242e-05,0.000848683
/opt/hostedtoolcache/Python/3.11.16/x64/lib/python3.11/argparse.py,2342,_get_nargs_pattern,7,7,2.5579e-05,1.6864920257231722e-05,5.7639e-05
/opt/hostedtoolcache/Python/3.11.16/x64/lib/python3.11/concurrent/futures/thread.py,216,shutdown,2,2,2.5539e-05,1.683854718516912e-05,0.000281796
/opt/hostedtoolcache/Python/3.11.16/x64/lib/python3.11/enum.py,943,_get_mixins_,4,4,2.5509000000000003e-05,1.681876738112217e-05,0.000108745
/opt/hostedtoolcache/Python/3.11.16/x64/lib/python3.11/asyncio/base_events.py,181,_run_until_complete_cb,3,3,2.5476e-05,1.6797009596670523e-05,4.6515000000000004e-05
/opt/hostedtoolcache/Python/3.11.16/x64/lib/python3.11/asyncio/selector_events.py,49,__init__,1,1,2.5426e-05,1.6764043256592272e-05,0.000310359
/opt/hostedtoolcache/Python/3.11.16/x64/lib/python3.11/contextlib.py,305,asynccontextmanager,5,5,2.5407000000000003e-05,1.675151604736254e-05,0.00016407500000000002
/opt/hostedtoolcache/Python/3.11.16/x64/lib/python3.11/site-packages/httpx/_config.py,86,__init__,3,3,2.5322000000000003e-05,1.669547326922951e-05,4.3069000000000004e-05
/opt/hostedtoolcache/Python/3.11.16/x64/lib/python3.11/queue.py,1,<module>,1,1,2.5307e-05,1.6685583367206033e-05,0.000819729
/opt/hostedtoolcache/Python/3.11.16/x64/lib/python3.11/inspect.py,2426,_descriptor_get,7,7,2.5306e-05,1.668492404040447e-05,5.0934000000000004e-05
/opt/hostedtoolcache/Python/3.11.16/x64/lib/python3.11/urllib/request.py,317,Request,1,1,2.5148e-05,1.6580750405757197e-05,2.9876000000000003e-05
/opt/hostedtoolcache/Python/3.11.16/x64/lib/python3.11/warnings.py,182,_add_filter,1,1,2.5047000000000003e-05,1.651415839879913e-05,2.9625000000000002e-05
/opt/hostedtoolcache/Python/3.11.16/x64/lib/python3.11/asyncio/runners.py,160,run,1,1,2.5046e-05,1.6513499071997564e-05,106.19580818600001
/opt/hostedtoolcache/Python/3.11.16/x64/lib/python3.11/mimetypes.py,1,<module>,1,1,2.4928000000000003e-05,1.6435698509412893e-05,0.0013102340000000002
/opt/hostedtoolcache/Python/3.11.16/x64/lib/python3.11/fractions.py,38,Fraction,1,1,2.4916e-05,1.642778658779411e-05,4.2058e-05
/opt/hostedtoolcache/Python/3.11.16/x64/lib/python3.11/importlib/resources/readers.py,1,<module>,1,1,2.4906000000000002e-05,1.6421193319778464e-05,0.003520898
/opt/hostedtoolcache/Python/3.11.16/x64/lib/python3.11/site-packages/httpx/_models.py,515,Response,1,1,2.4855000000000002e-05,1.6387567652898646e-05,2.8373e-05
/opt/hostedtoolcache/Python/3.11.16/x64/lib/python3.11/fractions.py,257,numerator,27,27,2.4853e-05,1.6386248999295516e-05,2.4853e-05
<frozen runpy>,65,_run_code,1,1,2.4805e-05,1.6354601312820394e-05,110.79047451000001
~,0,<method 'insert' of 'list' objects>,22,22,2.4655e-05,1.6255702292585637e-05,2.4655e-05
/opt/hostedtoolcache/Python/3.11.16/x64/lib/python3.11/email/_policybase.py,1,<module>,1,1,2.4487e-05,1.6144935389922718e-05,0.011788139000000001
/opt/hostedtoolcache/Python/3.11.16/x64/lib/python3.11/asyncio/base_events.py,390,__init__,1,1,2.4427000000000002e-05,1.6105375781828817e-05,6.5974e-05
/opt/hostedtoolcache/Python/3.11.16/x64/lib/python3.11/typing.py,1298,__mro_entries__,3,3,2.4332e-05,1.6042739735680137e-05,4.1126000000000006e-05
/home/runner/work/_temp/scanner-verification-il7_c53e/original/tiktok_worker_scanner.py,3195,__exit__,1,1,2.4208000000000003e-05,1.5960983212286076e-05,0.000131335
/opt/hostedtoolcache/Python/3.11.16/x64/lib/python3.11/datetime.py,528,_check_time_fields,5,5,2.4136e-05,1.5913511682573392e-05,3.9495e-05
/opt/hostedtoolcache/Python/3.11.16/x64/lib/python3.11/site-packages/httpx/_transports/wsgi.py,1,<module>,1,1,2.4094e-05,1.588581995690766e-05,7.906700000000001e-05
/opt/hostedtoolcache/Python/3.11.16/x64/lib/python3.11/fractions.py,261,denominator,27,27,2.4082e-05,1.587790803528888e-05,2.4082e-05
/home/runner/work/_temp/scanner-verification-il7_c53e/original/avatar_cache.py,165,__init__,1,1,2.3962000000000002e-05,1.579878881910108e-05,0.001496892
/opt/hostedtoolcache/Python/3.11.16/x64/lib/python3.11/typing.py,925,__hash__,12,12,2.3958e-05,1.579615151189482e-05,3.4587e-05
/opt/hostedtoolcache/Python/3.11.16/x64/lib/python3.11/asyncio/tasks.py,707,__init__,5,5,2.3903e-05,1.5759888537808742e-05,2.8763000000000002e-05
/opt/hostedtoolcache/Python/3.11.16/x64/lib/python3.11/sqlite3/__init__.py,1,<module>,1,1,2.3884e-05,1.5747361328579006e-05,0.001916705
/opt/hostedtoolcache/Python/3.11.16/x64/lib/python3.11/typing.py,1664,<genexpr>,15,15,2.3746e-05,1.5656374229963035e-05,5.8691000000000004e-05
/home/runner/work/_temp/scanner-verification-il7_c53e/original/scan_statistics.py,14,__init__,1,1,2.3735000000000002e-05,1.564912163514582e-05,8.1352e-05
<frozen importlib._bootstrap>,216,_lock_unlock_module,5,5,2.3663e-05,1.5601650105433135e-05,0.000109426
/opt/hostedtoolcache/Python/3.11.16/x64/lib/python3.11/http/__init__.py,163,__new__,9,9,2.3587000000000003e-05,1.55515412685142e-05,3.2891e-05
/home/runner/work/_temp/scanner-verification-il7_c53e/original/tiktok_worker_scanner.py,1481,__aexit__,3,3,2.3392000000000002e-05,1.5422972542209016e-05,0.000184954
/opt/hostedtoolcache/Python/3.11.16/x64/lib/python3.11/site-packages/httpx/_transports/base.py,1,<module>,1,1,2.3373e-05,1.541044533297928e-05,0.000244957
/home/runner/work/_temp/scanner-verification-il7_c53e/original/tiktok_worker_scanner.py,1258,__init__,1,1,2.3353e-05,1.539725879694798e-05,3.3443000000000005e-05
/opt/hostedtoolcache/Python/3.11.16/x64/lib/python3.11/email/_encoded_words.py,1,<module>,1,1,2.3163e-05,1.5271986704650626e-05,0.000616399
/opt/hostedtoolcache/Python/3.11.16/x64/lib/python3.11/inspect.py,3261,signature,7,7,2.3145000000000003e-05,1.5260118822222457e-05,0.003822352
/opt/hostedtoolcache/Python/3.11.16/x64/lib/python3.11/importlib/resources/_itertools.py,1,<module>,1,1,2.3133e-05,1.5252206900603674e-05,0.00064355
/opt/hostedtoolcache/Python/3.11.16/x64/lib/python3.11/logging/__init__.py,237,_releaseLock,11,11,2.3125000000000003e-05,1.5246932286191156e-05,3.269e-05
/opt/hostedtoolcache/Python/3.11.16/x64/lib/python3.11/argparse.py,597,format,11,11,2.303e-05,1.5184296240042478e-05,3.2809000000000004e-05
/opt/hostedtoolcache/Python/3.11.16/x64/lib/python3.11/typing.py,2893,<dictcomp>,2,2,2.2993e-05,1.5159901148384571e-05,0.0007331070000000001
/opt/hostedtoolcache/Python/3.11.16/x64/lib/python3.11/argparse.py,929,__init__,8,8,2.2781e-05,1.5020123866452785e-05,3.4934e-05
/opt/hostedtoolcache/Python/3.11.16/x64/lib/python3.11/importlib/resources/__init__.py,1,<module>,1,1,2.2753e-05,1.5001662716008966e-05,0.004552102000000001
/home/runner/work/_temp/scanner-verification-il7_c53e/original/tiktok_worker_scanner.py,1557,trust_store,1,1,2.2742e-05,1.499441012119175e-05,0.041102919
<frozen runpy>,250,_get_code_from_file,1,1,2.2724e-05,1.498254223876358e-05,0.003285899
/opt/hostedtoolcache/Python/3.11.16/x64/lib/python3.11/email/charset.py,206,__init__,2,2,2.2667e-05,1.4944960611074373e-05,3.7459e-05
/opt/hostedtoolcache/Python/3.11.16/x64/lib/python3.11/inspect.py,3023,replace,7,7,2.2570000000000002e-05,1.4881005911322569e-05,0.000510472
/opt/hostedtoolcache/Python/3.11.16/x64/lib/python3.11/re/__init__.py,163,match,7,7,2.2494000000000002e-05,1.4830897074403627e-05,0.00029481200000000004
/opt/hostedtoolcache/Python/3.11.16/x64/lib/python3.11/platform.py,825,uname,2,2,2.2352000000000002e-05,1.4737272668581391e-05,3.8952e-05
/opt/hostedtoolcache/Python/3.11.16/x64/lib/python3.11/importlib/resources/_adapters.py,1,<module>,1,1,2.2291e-05,1.4697053733685924e-05,0.00028952000000000003
/opt/hostedtoolcache/Python/3.11.16/x64/lib/python3.11/gettext.py,519,translation,3,3,2.2241000000000003e-05,1.4664087393607674e-05,0.00077223
/opt/hostedtoolcache/Python/3.11.16/x64/lib/python3.11/contextlib.py,558,__exit__,2,2,2.2042e-05,1.4532881360096234e-05,3.6508000000000004e-05
/opt/hostedtoolcache/Python/3.11.16/x64/lib/python3.11/dataclasses.py,624,_cmp_fn,7,7,2.203e-05,1.4524969438477455e-05,0.0009733960000000001
/opt/hostedtoolcache/Python/3.11.16/x64/lib/python3.11/numbers.py,32,Complex,1,1,2.1893000000000002e-05,1.4434641666663047e-05,4.1697000000000004e-05
<frozen runpy>,262,run_path,1,1,2.1831e-05,1.4393763404966016e-05,110.793982244
/opt/hostedtoolcache/Python/3.11.16/x64/lib/python3.11/argparse.py,844,__init__,11,11,2.1409e-05,1.4115527494705576e-05,2.1409e-05
~,0,<method 'setter' of 'property' objects>,16,16,2.1351e-05,1.4077286540214803e-05,2.1351e-05
/opt/hostedtoolcache/Python/3.11.16/x64/lib/python3.11/threading.py,611,wait,3,3,2.1280000000000003e-05,1.4030474337303688e-05,0.000174085
/home/runner/work/_temp/scanner-verification-il7_c53e/original/tiktok_worker_scanner.py,3245,<setcomp>,2,2,2.1199e-05,1.3977068866376921e-05,2.1199e-05
/opt/hostedtoolcache/Python/3.11.16/x64/lib/python3.11/encodings/utf_8_sig.py,50,__init__,5,5,2.097e-05,1.3826083028818529e-05,4.3612e-05
~,0,<built-in method posix.pipe>,2,2,2.0859e-05,1.3752897753844814e-05,2.0859e-05
/opt/hostedtoolcache/Python/3.11.16/x64/lib/python3.11/urllib/parse.py,833,__getattr__,7,7,2.0850000000000002e-05,1.3746963812630727e-05,2.0850000000000002e-05
/opt/hostedtoolcache/Python/3.11.16/x64/lib/python3.11/threading.py,829,_maintain_shutdown_locks,3,3,2.0739000000000003e-05,1.367377853765701e-05,4.8261000000000004e-05
/opt/hostedtoolcache/Python/3.11.16/x64/lib/python3.11/dataclasses.py,603,<genexpr>,12,12,2.0476000000000002e-05,1.350037558884541e-05,2.9655000000000003e-05
/opt/hostedtoolcache/Python/3.11.16/x64/lib/python3.11/email/parser.py,1,<module>,1,1,2.0277000000000003e-05,1.3369169555333971e-05,0.016718235
/opt/hostedtoolcache/Python/3.11.16/x64/lib/python3.11/random.py,493,<listcomp>,1,1,2.0166e-05,1.329598428036025e-05,3.5726e-05
/opt/hostedtoolcache/Python/3.11.16/x64/lib/python3.11/platform.py,1002,_sys_version,1,1,2.0057e-05,1.3224117658989664e-05,3.5186000000000005e-05
/opt/hostedtoolcache/Python/3.11.16/x64/lib/python3.11/__future__.py,1,<module>,1,1,1.9987e-05,1.3177964782880112e-05,4.7037000000000004e-05
/opt/hostedtoolcache/Python/3.11.16/x64/lib/python3.11/mimetypes.py,405,_default_mime_types,1,1,1.9827000000000002e-05,1.3072472494629708e-05,1.9827000000000002e-05
/opt/hostedtoolcache/Python/3.11.16/x64/lib/python3.11/asyncio/base_events.py,587,_check_running,6,6,1.9574000000000003e-05,1.2905662813833759e-05,3.1618e-05
/opt/hostedtoolcache/Python/3.11.16/x64/lib/python3.11/email/charset.py,1,<module>,1,1,1.9565e-05,1.2899728872619672e-05,0.0012964880000000002
/opt/hostedtoolcache/Python/3.11.16/x64/lib/python3.11/tempfile.py,361,mkdtemp,1,1,1.9546000000000002e-05,1.288720166338994e-05,0.00029499
/home/runner/work/_temp/scanner-verification-il7_c53e/original/report_generator.py,205,<dictcomp>,1,1,1.9517e-05,1.2868081186144551e-05,3.5016000000000005e-05
/home/runner/work/_temp/scanner-verification-il7_c53e/original/scan_runtime.py,1,<module>,1,1,1.9405e-05,1.2794236584369269e-05,0.0023302970000000003
/opt/hostedtoolcache/Python/3.11.16/x64/lib/python3.11/dataclasses.py,592,<listcomp>,7,7,1.9305000000000002e-05,1.2728303904212768e-05,1.9305000000000002e-05
/opt/hostedtoolcache/Python/3.11.16/x64/lib/python3.11/enum.py,1357,_iter_member_by_value_,6,6,1.9185e-05,1.2649184688024965e-05,3.4063e-05
~,0,<method 'endswith' of 'bytes' objects>,19,19,1.9176e-05,1.2643250746810879e-05,1.9176e-05
/home/runner/work/_temp/scanner-verification-il7_c53e/original/tiktok_worker_scanner.py,3168,__enter__,1,1,1.9175000000000002e-05,1.2642591420009315e-05,0.0017309390000000001
/opt/hostedtoolcache/Python/3.11.16/x64/lib/python3.11/argparse.py,588,_metavar_formatter,11,11,1.9135000000000002e-05,1.2616218347946714e-05,2.2171e-05
<frozen importlib._bootstrap_external>,1151,_cache_bytecode,3,3,1.9053000000000002e-05,1.2562153550218382e-05,0.000714862
/opt/hostedtoolcache/Python/3.11.16/x64/lib/python3.11/unittest/mock.py,762,__setattr__,4,5,1.8955e-05,1.249753952366501e-05,4.9211e-05
~,0,<built-in method _sre.ascii_iscased>,22,22,1.8955e-05,1.249753952366501e-05,1.8955e-05
/home/runner/work/_temp/scanner-verification-il7_c53e/original/scan_runtime.py,127,__aexit__,2,2,1.8875e-05,1.2444793379539808e-05,0.000378918
/opt/hostedtoolcache/Python/3.11.16/x64/lib/python3.11/dataclasses.py,1017,<listcomp>,7,7,1.8875e-05,1.2444793379539808e-05,1.8875e-05
/opt/hostedtoolcache/Python/3.11.16/x64/lib/python3.11/subprocess.py,1688,_get_handles,1,1,1.8693000000000002e-05,1.2324795901654974e-05,7.8887e-05
/opt/hostedtoolcache/Python/3.11.16/x64/lib/python3.11/subprocess.py,1282,_close_pipe_fds,1,1,1.8625000000000002e-05,1.2279961679148553e-05,7.124300000000001e-05
/opt/hostedtoolcache/Python/3.11.16/x64/lib/python3.11/importlib/resources/abc.py,56,Traversable,1,1,1.8513e-05,1.2206117077373268e-05,0.000212937
/opt/hostedtoolcache/Python/3.11.16/x64/lib/python3.11/re/_compiler.py,391,_bytes_to_codes,2,2,1.8484e-05,1.2186996600127882e-05,3.0096e-05
/opt/hostedtoolcache/Python/3.11.16/x64/lib/python3.11/statistics.py,414,mean,1,1,1.8465e-05,1.2174469390898148e-05,0.017613785
/opt/hostedtoolcache/Python/3.11.16/x64/lib/python3.11/typing.py,2891,_make_nmtuple,2,2,1.8434e-05,1.2154030260049631e-05,0.001161607
/home/runner/work/_temp/scanner-verification-il7_c53e/original/scan_runtime.py,29,runtime_ceiling,1,1,1.8305000000000002e-05,1.2068977102647745e-05,0.00088424
~,0,<built-in method _socket.socketpair>,1,1,1.8214000000000002e-05,1.2008978363705327e-05,1.8214000000000002e-05
/opt/hostedtoolcache/Python/3.11.16/x64/lib/python3.11/pkgutil.py,407,get_importer,1,1,1.8164e-05,1.1976012023627076e-05,0.000145682
/opt/hostedtoolcache/Python/3.11.16/x64/lib/python3.11/dataclasses.py,1204,dataclass,7,7,1.8043e-05,1.1896233480637707e-05,0.014484356
~,0,<method 'values' of 'mappingproxy' objects>,16,16,1.7905000000000002e-05,1.1805246382021737e-05,1.7905000000000002e-05
/opt/hostedtoolcache/Python/3.11.16/x64/lib/python3.11/subprocess.py,417,check_output,1,1,1.7813e-05,1.1744588316277752e-05,0.001178809
/opt/hostedtoolcache/Python/3.11.16/x64/lib/python3.11/unittest/mock.py,1571,__exit__,1,1,1.7732000000000002e-05,1.1691182845350987e-05,3.1388000000000005e-05
/opt/hostedtoolcache/Python/3.11.16/x64/lib/python3.11/site-packages/httpx/_transports/mock.py,1,<module>,1,1,1.7662e-05,1.1645029969241435e-05,0.00043152500000000004
/opt/hostedtoolcache/Python/3.11.16/x64/lib/python3.11/email/_policybase.py,104,<genexpr>,10,10,1.7612e-05,1.1612063629163184e-05,2.2441e-05
/opt/hostedtoolcache/Python/3.11.16/x64/lib/python3.11/concurrent/futures/thread.py,123,__init__,2,2,1.7533e-05,1.1559976811839545e-05,4.6647e-05
/opt/hostedtoolcache/Python/3.11.16/x64/lib/python3.11/numbers.py,1,<module>,1,1,1.7493e-05,1.1533603739776945e-05,0.00030586100000000005
/opt/hostedtoolcache/Python/3.11.16/x64/lib/python3.11/email/message.py,141,Message,1,1,1.7452e-05,1.150657134091278e-05,0.0005154210000000001
/opt/hostedtoolcache/Python/3.11.16/x64/lib/python3.11/site-packages/certifi/core.py,21,where,1,1,1.7432000000000002e-05,1.149338480488148e-05,0.0055631660000000005
/opt/hostedtoolcache/Python/3.11.16/x64/lib/python3.11/secrets.py,1,<module>,1,1,1.7373e-05,1.1454484523589144e-05,0.001705261
/home/runner/work/_temp/scanner-verification-il7_c53e/original/tiktok_worker_scanner.py,3604,export_discoveries,1,1,1.7312e-05,1.1414265588693676e-05,0.036457344
/opt/hostedtoolcache/Python/3.11.16/x64/lib/python3.11/asyncio/selector_events.py,105,_make_self_pipe,1,1,1.7273000000000002e-05,1.1388551843432641e-05,0.000154408
/opt/hostedtoolcache/Python/3.11.16/x64/lib/python3.11/asyncio/queues.py,33,__init__,2,2,1.7213000000000003e-05,1.134899223533874e-05,2.6619e-05
/opt/hostedtoolcache/Python/3.11.16/x64/lib/python3.11/fractions.py,277,_operator_fallbacks,7,7,1.7142e-05,1.1302180032427622e-05,1.7142e-05
/opt/hostedtoolcache/Python/3.11.16/x64/lib/python3.11/site-packages/httpx/_client.py,594,Client,1,1,1.7031e-05,1.1228994757453905e-05,5.0844e-05
/opt/hostedtoolcache/Python/3.11.16/x64/lib/python3.11/http/cookiejar.py,1246,CookieJar,1,1,1.7021000000000002e-05,1.1222401489438255e-05,0.002036389
/opt/hostedtoolcache/Python/3.11.16/x64/lib/python3.11/argparse.py,1652,__init__,2,2,1.7001000000000002e-05,1.1209214953406956e-05,0.00014511
/opt/hostedtoolcache/Python/3.11.16/x64/lib/python3.11/dataclasses.py,1043,<listcomp>,7,7,1.6932e-05,1.1163721404098967e-05,1.6932e-05
/opt/hostedtoolcache/Python/3.11.16/x64/lib/python3.11/functools.py,725,<listcomp>,1,7,1.688e-05,1.1129436410417586e-05,0.000175457
~,0,<built-in method _sre.ascii_tolower>,21,21,1.6842000000000002e-05,1.1104381991958117e-05,1.6842000000000002e-05
<frozen codecs>,260,__init__,12,12,1.6772e-05,1.1058229115848565e-05,1.6772e-05
/opt/hostedtoolcache/Python/3.11.16/x64/lib/python3.11/gettext.py,578,dgettext,3,3,1.6753e-05,1.1045701906618828e-05,0.0007917870000000001
/home/runner/work/_temp/scanner-verification-il7_c53e/original/tiktok_worker_scanner.py,683,_profiles_locked,2,2,1.6711e-05,1.1018010180953098e-05,2.2162000000000002e-05
/opt/hostedtoolcache/Python/3.11.16/x64/lib/python3.11/asyncio/selector_events.py,97,_close_self_pipe,1,1,1.6711e-05,1.1018010180953098e-05,0.000141294
/opt/hostedtoolcache/Python/3.11.16/x64/lib/python3.11/functools.py,732,_compose_mro,1,1,1.6659e-05,1.0983725187271717e-05,0.00024835300000000004
/opt/hostedtoolcache/Python/3.11.16/x64/lib/python3.11/pathlib.py,736,is_relative_to,3,3,1.6622e-05,1.0959330095613812e-05,0.000267298
/opt/hostedtoolcache/Python/3.11.16/x64/lib/python3.11/asyncio/selector_events.py,265,_add_reader,1,1,1.6581000000000003e-05,1.0932297696749645e-05,8.8145e-05
/opt/hostedtoolcache/Python/3.11.16/x64/lib/python3.11/numbers.py,294,Integral,1,1,1.6561e-05,1.0919111160718344e-05,3.0417e-05
/opt/hostedtoolcache/Python/3.11.16/x64/lib/python3.11/argparse.py,1612,_check_conflict,11,11,1.6448000000000002e-05,1.0844607232141499e-05,1.6448000000000002e-05
<frozen importlib._bootstrap_external>,1220,__init__,13,13,1.635e-05,1.0779993205588125e-05,1.635e-05
/opt/hostedtoolcache/Python/3.11.16/x64/lib/python3.11/random.py,128,seed,2,2,1.6091000000000002e-05,1.0609227563982785e-05,4.8241e-05
/opt/hostedtoolcache/Python/3.11.16/x64/lib/python3.11/socket.py,651,socketpair,1,1,1.6069e-05,1.0594722374348353e-05,4.4553000000000005e-05
/opt/hostedtoolcache/Python/3.11.16/x64/lib/python3.11/email/_parseaddr.py,1,<module>,1,1,1.603e-05,1.0569008629087316e-05,0.001246776
/home/runner/work/_temp/scanner-verification-il7_c53e/original/tiktok_worker_scanner.py,3284,_control,3,3,1.597e-05,1.0529449020993415e-05,5.0064e-05
/opt/hostedtoolcache/Python/3.11.16/x64/lib/python3.11/typing.py,1552,__mro_entries__,3,3,1.581e-05,1.042395673274301e-05,6.087400000000001e-05
/opt/hostedtoolcache/Python/3.11.16/x64/lib/python3.11/dataclasses.py,599,_frozen_get_del_attr,2,2,1.5731000000000002e-05,1.0371869915419377e-05,0.0005398380000000001
/opt/hostedtoolcache/Python/3.11.16/x64/lib/python3.11/functools.py,800,singledispatch,1,1,1.5669000000000002e-05,1.0330991653722345e-05,4.5405e-05
/opt/hostedtoolcache/Python/3.11.16/x64/lib/python3.11/argparse.py,2243,_parse_optional,13,13,1.5550000000000002e-05,1.0252531764336106e-05,1.5550000000000002e-05
/opt/hostedtoolcache/Python/3.11.16/x64/lib/python3.11/datetime.py,1336,__new__,2,2,1.5497e-05,1.021758744385316e-05,3.774e-05
/opt/hostedtoolcache/Python/3.11.16/x64/lib/python3.11/random.py,119,__init__,3,3,1.5497e-05,1.021758744385316e-05,6.476000000000001e-05
/opt/hostedtoolcache/Python/3.11.16/x64/lib/python3.11/fractions.py,1,<module>,1,1,1.5419000000000003e-05,1.016615995333109e-05,0.008770179000000001
/opt/hostedtoolcache/Python/3.11.16/x64/lib/python3.11/importlib/resources/_adapters.py,146,_reader,1,1,1.5418e-05,1.0165500626529523e-05,0.005086748
/home/runner/work/_temp/scanner-verification-il7_c53e/original/tiktok_worker_scanner.py,573,__init__,1,1,1.5409e-05,1.0159566685315437e-05,0.001185973
/opt/hostedtoolcache/Python/3.11.16/x64/lib/python3.11/decimal.py,1,<module>,1,1,1.5358e-05,1.0125941018435623e-05,0.001095222
/opt/hostedtoolcache/Python/3.11.16/x64/lib/python3.11/asyncio/events.py,754,_init_event_loop_policy,1,1,1.5349e-05,1.0120007077221536e-05,3.8562e-05
/opt/hostedtoolcache/Python/3.11.16/x64/lib/python3.11/numbers.py,147,Real,1,1,1.5237000000000002e-05,1.0046162475446254e-05,2.5338e-05
/opt/hostedtoolcache/Python/3.11.16/x64/lib/python3.11/threading.py,562,__init__,3,3,1.5226000000000001e-05,1.0038909880629038e-05,3.8291e-05
/opt/hostedtoolcache/Python/3.11.16/x64/lib/python3.11/asyncio/selector_events.py,86,close,1,1,1.5189000000000001e-05,1.0014514788971133e-05,0.00018792
/home/runner/work/_temp/scanner-verification-il7_c53e/original/scan_statistics.py,1,<module>,1,1,1.5149e-05,9.988141716908531e-06,6.8788e-05
<frozen abc>,146,update_abstractmethods,7,7,1.5124000000000001e-05,9.971658546869407e-06,2.3351e-05
/opt/hostedtoolcache/Python/3.11.16/x64/lib/python3.11/enum.py,1008,_find_new_,2,2,1.5069000000000001e-05,9.93539557278333e-06,4.8751e-05
/opt/hostedtoolcache/Python/3.11.16/x64/lib/python3.11/site-packages/httpx/_models.py,328,__delitem__,2,2,1.5029000000000001e-05,9.90902250072073e-06,3.718e-05
/opt/hostedtoolcache/Python/3.11.16/x64/lib/python3.11/site-packages/httpx/_client.py,1307,AsyncClient,1,1,1.4728e-05,9.710565133449657e-06,4.7879e-05
/opt/hostedtoolcache/Python/3.11.16/x64/lib/python3.11/pathlib.py,304,__init__,2,4,1.4698e-05,9.690785329402707e-06,0.0013235990000000002
/opt/hostedtoolcache/Python/3.11.16/x64/lib/python3.11/unittest/mock.py,1102,__init__,1,1,1.4697000000000002e-05,9.690126002601143e-06,0.001025242
/opt/hostedtoolcache/Python/3.11.16/x64/lib/python3.11/platform.py,543,_platform,1,1,1.4668000000000001e-05,9.671005525355756e-06,4.805e-05
/opt/hostedtoolcache/Python/3.11.16/x64/lib/python3.11/threading.py,839,<listcomp>,3,3,1.4659000000000001e-05,9.665071584141672e-06,2.1811000000000002e-05
/opt/hostedtoolcache/Python/3.11.16/x64/lib/python3.11/inspect.py,3015,parameters,15,15,1.449e-05,9.553645354677182e-06,1.449e-05
/opt/hostedtoolcache/Python/3.11.16/x64/lib/python3.11/signal.py,56,signal,2,2,1.4434000000000001e-05,9.516723053789541e-06,3.9082e-05
/opt/hostedtoolcache/Python/3.11.16/x64/lib/python3.11/threading.py,283,_acquire_restore,7,7,1.4400000000000001e-05,9.49430594253633e-06,2.1662e-05
~,0,<built-in method _abc._abc_register>,5,5,1.4398000000000002e-05,9.4929872889332e-06,0.00011109800000000001
/opt/hostedtoolcache/Python/3.11.16/x64/lib/python3.11/unittest/mock.py,2107,__init__,1,1,1.4298000000000001e-05,9.427054608776698e-06,0.0014243370000000001
/opt/hostedtoolcache/Python/3.11.16/x64/lib/python3.11/platform.py,753,from_subprocess,1,1,1.4296000000000002e-05,9.425735955173568e-06,0.0011945480000000001
/opt/hostedtoolcache/Python/3.11.16/x64/lib/python3.11/typing.py,723,Optional,2,2,1.4276e-05,9.412549419142266e-06,0.00046956600000000004
/opt/hostedtoolcache/Python/3.11.16/x64/lib/python3.11/zipfile.py,1246,ZipFile,1,1,1.4197000000000001e-05,9.36046260181863e-06,1.5689000000000002e-05
/opt/hostedtoolcache/Python/3.11.16/x64/lib/python3.11/signal.py,62,getsignal,2,2,1.4176000000000001e-05,9.346616738985765e-06,2.6418e-05
/opt/hostedtoolcache/Python/3.11.16/x64/lib/python3.11/unittest/mock.py,1119,__call__,1,1,1.4106e-05,9.300463862876211e-06,0.002256068
/opt/hostedtoolcache/Python/3.11.16/x64/lib/python3.11/asyncio/locks.py,167,__init__,8,8,1.4037000000000001e-05,9.254970313568227e-06,1.4037000000000001e-05
/opt/hostedtoolcache/Python/3.11.16/x64/lib/python3.11/threading.py,280,_release_save,7,7,1.4035e-05,9.253651659965096e-06,2.0518000000000002e-05
/opt/hostedtoolcache/Python/3.11.16/x64/lib/python3.11/tempfile.py,682,SpooledTemporaryFile,1,1,1.4015e-05,9.240465123933795e-06,1.4015e-05
~,0,<built-in method posix.waitpid>,1,1,1.4006000000000001e-05,9.23453118271971e-06,1.4006000000000001e-05
/opt/hostedtoolcache/Python/3.11.16/x64/lib/python3.11/inspect.py,310,ismethoddescriptor,7,7,1.3967e-05,9.208817437458675e-06,3.1229e-05
/opt/hostedtoolcache/Python/3.11.16/x64/lib/python3.11/selectors.py,180,get_key,2,2,1.3886e-05,9.155411966531907e-06,4.6287000000000006e-05
/opt/hostedtoolcache/Python/3.11.16/x64/lib/python3.11/pathlib.py,1141,unlink,2,2,1.3877000000000001e-05,9.149478025317824e-06,7.224500000000001e-05
/opt/hostedtoolcache/Python/3.11.16/x64/lib/python3.11/dataclasses.py,1052,<listcomp>,7,7,1.3867000000000001e-05,9.142884757302173e-06,1.3867000000000001e-05
/opt/hostedtoolcache/Python/3.11.16/x64/lib/python3.11/unittest/mock.py,1176,_execute_mock_call,1,1,1.3786000000000002e-05,9.089479286375406e-06,0.002159148
/opt/hostedtoolcache/Python/3.11.16/x64/lib/python3.11/site-packages/httpx/_utils.py,1,<module>,1,1,1.3785000000000001e-05,9.088819959573841e-06,3.3983e-05
<frozen os>,773,getenv,5,5,1.3767e-05,9.07695207714567e-06,7.724400000000001e-05
/opt/hostedtoolcache/Python/3.11.16/x64/lib/python3.11/logging/__init__.py,202,_checkLevel,7,7,1.3703e-05,9.03475516184551e-06,1.9406e-05
/opt/hostedtoolcache/Python/3.11.16/x64/lib/python3.11/argparse.py,206,__init__,11,11,1.3634e-05,8.989261612537523e-06,1.3634e-05
/opt/hostedtoolcache/Python/3.11.16/x64/lib/python3.11/platform.py,796,__iter__,1,1,1.3555000000000002e-05,8.937174795213886e-06,0.00124409
/opt/hostedtoolcache/Python/3.11.16/x64/lib/python3.11/signal.py,36,_enum_to_int,4,4,1.3537000000000001e-05,8.925306912785715e-06,1.3537000000000001e-05
/opt/hostedtoolcache/Python/3.11.16/x64/lib/python3.11/functools.py,981,__get__,1,1,1.3416000000000002e-05,8.845528369796347e-06,0.001230535
/opt/hostedtoolcache/Python/3.11.16/x64/lib/python3.11/inspect.py,505,isbuiltin,7,7,1.3293000000000001e-05,8.76443117320385e-06,1.9255e-05
/opt/hostedtoolcache/Python/3.11.16/x64/lib/python3.11/tempfile.py,154,__next__,1,1,1.3265000000000001e-05,8.745970022760028e-06,0.00010073800000000001
/opt/hostedtoolcache/Python/3.11.16/x64/lib/python3.11/functools.py,774,_find_impl,1,1,1.3255000000000001e-05,8.739376754744378e-06,0.00026362200000000003
<frozen io>,61,__getattr__,5,5,1.3223e-05,8.718278297094298e-06,1.3223e-05
/opt/hostedtoolcache/Python/3.11.16/x64/lib/python3.11/site-packages/certifi/core.py,1,<module>,1,1,1.3164000000000001e-05,8.679378015801962e-06,0.005243452
~,0,<built-in method sys.getrecursionlimit>,14,14,1.3164000000000001e-05,8.679378015801962e-06,1.3164000000000001e-05
/opt/hostedtoolcache/Python/3.11.16/x64/lib/python3.11/contextlib.py,521,callback,2,2,1.3115e-05,8.647071002525276e-06,2.2542000000000002e-05
/opt/hostedtoolcache/Python/3.11.16/x64/lib/python3.11/functools.py,818,dispatch,1,1,1.3094e-05,8.63322513969241e-06,0.000281695
/opt/hostedtoolcache/Python/3.11.16/x64/lib/python3.11/urllib/error.py,1,<module>,1,1,1.3064e-05,8.61344533564546e-06,0.000660492
/opt/hostedtoolcache/Python/3.11.16/x64/lib/python3.11/inspect.py,3019,return_annotation,14,14,1.3053e-05,8.606192740828245e-06,1.3053e-05
/opt/hostedtoolcache/Python/3.11.16/x64/lib/python3.11/datetime.py,893,date,1,1,1.3044e-05,8.600258799614159e-06,1.3044e-05
<frozen _collections_abc>,907,pop,2,2,1.3033e-05,8.593006204796944e-06,8.405600000000001e-05
/opt/hostedtoolcache/Python/3.11.16/x64/lib/python3.11/subprocess.py,2021,_wait,2,2,1.3024000000000001e-05,8.587072263582858e-06,4.0506e-05
/opt/hostedtoolcache/Python/3.11.16/x64/lib/python3.11/asyncio/selector_events.py,281,_remove_reader,1,1,1.3003e-05,8.573226400749994e-06,6.0312e-05
/opt/hostedtoolcache/Python/3.11.16/x64/lib/python3.11/http/cookiejar.py,92,<listcomp>,1,1,1.2883e-05,8.49410718456219e-06,2.5748e-05
/home/runner/work/_temp/scanner-verification-il7_c53e/original/tiktok_worker_scanner.py,1239,summary,1,1,1.2854000000000001e-05,8.474986707316805e-06,3.0136e-05
/opt/hostedtoolcache/Python/3.11.16/x64/lib/python3.11/dataclasses.py,397,<genexpr>,7,7,1.2795e-05,8.436086426024467e-06,1.2795e-05
/home/runner/work/_temp/scanner-verification-il7_c53e/final/backend_metrics.py,1,<module>,1,1,1.2753000000000001e-05,8.408394700358738e-06,7.9468e-05
~,0,<method 'isalnum' of 'str' objects>,13,13,1.2653e-05,8.342462020202235e-06,1.2653e-05
/opt/hostedtoolcache/Python/3.11.16/x64/lib/python3.11/dataclasses.py,1046,<listcomp>,7,7,1.2632e-05,8.32861615736937e-06,1.2632e-05
/opt/hostedtoolcache/Python/3.11.16/x64/lib/python3.11/enum.py,772,__getattr__,3,3,1.2595e-05,8.304221065711462e-06,4.0766e-05
/opt/hostedtoolcache/Python/3.11.16/x64/lib/python3.11/enum.py,1367,_iter_member_by_def_,6,6,1.2594e-05,8.303561738909898e-06,6.6745e-05
~,0,<built-in method builtins.globals>,15,15,1.2592e-05,8.302243085306768e-06,1.2592e-05
/opt/hostedtoolcache/Python/3.11.16/x64/lib/python3.11/functools.py,852,register,2,2,1.2543e-05,8.269936072030083e-06,4.6947e-05
/opt/hostedtoolcache/Python/3.11.16/x64/lib/python3.11/argparse.py,1475,add_argument_group,2,2,1.2465e-05,8.21850858150801e-06,0.000159438
/home/runner/work/_temp/scanner-verification-il7_c53e/final/tests/benchmark_hybrid.py,108,factory,1,1,1.2442e-05,8.203344065072014e-06,0.002130504
/opt/hostedtoolcache/Python/3.11.16/x64/lib/python3.11/pathlib.py,349,__init__,2,2,1.2362000000000001e-05,8.150597920946814e-06,0.001296278
~,0,<built-in method sys.set_asyncgen_hooks>,6,6,1.2304000000000001e-05,8.112356966456043e-06,1.2304000000000001e-05
/home/runner/work/_temp/scanner-verification-il7_c53e/original/tiktok_worker_scanner.py,1537,<genexpr>,5,5,1.2184e-05,8.03323775026824e-06,1.7064e-05
<frozen abc>,110,register,5,5,1.2143e-05,8.006205351404073e-06,0.000123241
~,0,<built-in method sys._getframe>,12,12,1.2042000000000001e-05,7.939613344446006e-06,1.2042000000000001e-05
<frozen posixpath>,150,dirname,2,2,1.2032000000000001e-05,7.933020076430356e-06,2.3524e-05
/opt/hostedtoolcache/Python/3.11.16/x64/lib/python3.11/site-packages/httpx/_urls.py,15,URL,1,1,1.1993e-05,7.90730633116932e-06,1.1993e-05
~,0,<method 'items' of 'mappingproxy' objects>,11,11,1.1934000000000001e-05,7.868406049876983e-06,1.1934000000000001e-05
/opt/hostedtoolcache/Python/3.11.16/x64/lib/python3.11/statistics.py,1170,NormalDist,1,1,1.1922e-05,7.860494128258202e-06,1.1922e-05
/opt/hostedtoolcache/Python/3.11.16/x64/lib/python3.11/inspect.py,3197,bind_partial,1,1,1.1922e-05,7.860494128258202e-06,0.000168614
/opt/hostedtoolcache/Python/3.11.16/x64/lib/python3.11/dataclasses.py,327,__set_name__,5,5,1.1869000000000001e-05,7.825549807775256e-06,2.0536e-05
/opt/hostedtoolcache/Python/3.11.16/x64/lib/python3.11/threading.py,429,__init__,2,2,1.179e-05,7.773462990451621e-06,2.7130000000000003e-05
/opt/hostedtoolcache/Python/3.11.16/x64/lib/python3.11/asyncio/runners.py,131,_lazy_init,2,2,1.1782e-05,7.7681883760391e-06,0.00039615900000000004
/opt/hostedtoolcache/Python/3.11.16/x64/lib/python3.11/selectors.py,69,__getitem__,2,2,1.1742e-05,7.741815303976498e-06,2.8634e-05
/opt/hostedtoolcache/Python/3.11.16/x64/lib/python3.11/argparse.py,958,__call__,6,6,1.1706000000000001e-05,7.71807953912016e-06,1.7616000000000002e-05
/opt/hostedtoolcache/Python/3.11.16/x64/lib/python3.11/http/client.py,840,HTTPConnection,1,1,1.1652000000000001e-05,7.682475891835647e-06,1.1652000000000001e-05
/opt/hostedtoolcache/Python/3.11.16/x64/lib/python3.11/subprocess.py,1259,wait,2,2,1.1451000000000001e-05,7.549951204721077e-06,5.1957000000000004e-05
/opt/hostedtoolcache/Python/3.11.16/x64/lib/python3.11/platform.py,549,<genexpr>,6,6,1.1442e-05,7.544017263506991e-06,1.5850000000000002e-05
/opt/hostedtoolcache/Python/3.11.16/x64/lib/python3.11/dataclasses.py,845,_hash_add,2,2,1.1411000000000001e-05,7.523578132658477e-06,0.000194944
/opt/hostedtoolcache/Python/3.11.16/x64/lib/python3.11/selectors.py,215,_fileobj_lookup,4,4,1.1372e-05,7.497864387397441e-06,2.3925000000000002e-05
/opt/hostedtoolcache/Python/3.11.16/x64/lib/python3.11/importlib/resources/readers.py,31,ZipReader,1,1,1.1341e-05,7.477425256548925e-06,1.1341e-05
/opt/hostedtoolcache/Python/3.11.16/x64/lib/python3.11/argparse.py,2105,<listcomp>,7,7,1.133e-05,7.4701726617317085e-06,1.133e-05
/opt/hostedtoolcache/Python/3.11.16/x64/lib/python3.11/encodings/utf_8_sig.py,1,<module>,1,1,1.132e-05,7.463579393716059e-06,8.1462e-05
/opt/hostedtoolcache/Python/3.11.16/x64/lib/python3.11/threading.py,1206,daemon,6,6,1.1293e-05,7.445777570073803e-06,1.1293e-05
/home/runner/work/_temp/scanner-verification-il7_c53e/original/tiktok_worker_scanner.py,3208,DurableScanState,1,1,1.1281000000000001e-05,7.437865648455024e-06,1.1281000000000001e-05
/opt/hostedtoolcache/Python/3.11.16/x64/lib/python3.11/importlib/resources/abc.py,14,ResourceReader,1,1,1.1212e-05,7.3923720991470376e-06,0.00012171700000000001
/opt/hostedtoolcache/Python/3.11.16/x64/lib/python3.11/statistics.py,333,_convert,1,1,1.1152000000000001e-05,7.352812491053135e-06,2.2552e-05
/opt/hostedtoolcache/Python/3.11.16/x64/lib/python3.11/subprocess.py,1165,communicate,1,1,1.1139000000000001e-05,7.344241242632791e-06,9.2583e-05
/opt/hostedtoolcache/Python/3.11.16/x64/lib/python3.11/__future__.py,83,__init__,10,10,1.1131e-05,7.33896662822027e-06,1.1131e-05
/opt/hostedtoolcache/Python/3.11.16/x64/lib/python3.11/unittest/mock.py,436,__init__,1,1,1.109e-05,7.3119342293561035e-06,0.000978345
/opt/hostedtoolcache/Python/3.11.16/x64/lib/python3.11/importlib/resources/_common.py,47,get_package,1,1,1.1061000000000001e-05,7.292813752110718e-06,6.3448e-05
/opt/hostedtoolcache/Python/3.11.16/x64/lib/python3.11/selectors.py,347,__init__,1,1,1.0891000000000001e-05,7.180728195844665e-06,1.7834000000000002e-05
/opt/hostedtoolcache/Python/3.11.16/x64/lib/python3.11/dataclasses.py,346,__init__,7,7,1.0871000000000001e-05,7.167541659813364e-06,1.0871000000000001e-05
/opt/hostedtoolcache/Python/3.11.16/x64/lib/python3.11/typing.py,2076,<genexpr>,10,10,1.0802000000000001e-05,7.122048110505378e-06,1.0802000000000001e-05
/opt/hostedtoolcache/Python/3.11.16/x64/lib/python3.11/site-packages/httpx/_models.py,334,<listcomp>,2,2,1.0762000000000001e-05,7.095675038442776e-06,1.6761e-05
~,0,<built-in method builtins.dir>,1,1,1.075e-05,7.087763116823996e-06,1.075e-05
/opt/hostedtoolcache/Python/3.11.16/x64/lib/python3.11/importlib/readers.py,1,<module>,1,1,1.0671e-05,7.035676299500359e-06,0.004237685000000001
/opt/hostedtoolcache/Python/3.11.16/x64/lib/python3.11/site-packages/httpx/_client.py,305,headers,1,1,1.0671e-05,7.035676299500359e-06,0.000322682
/opt/hostedtoolcache/Python/3.11.16/x64/lib/python3.11/weakref.py,427,__setitem__,4,4,1.0670000000000001e-05,7.035016972698794e-06,1.0670000000000001e-05
/opt/hostedtoolcache/Python/3.11.16/x64/lib/python3.11/asyncio/events.py,803,set_event_loop,2,2,1.0661e-05,7.029083031484709e-06,3.0818e-05
<frozen _collections_abc>,156,__subclasshook__,4,4,1.063e-05,7.008643900636193e-06,2.0758e-05
<frozen os>,760,decode,4,4,1.062e-05,7.002050632620543e-06,1.5429e-05
~,0,<built-in method _asyncio._set_running_loop>,6,6,1.0618e-05,7.000731979017414e-06,1.0618e-05
/opt/hostedtoolcache/Python/3.11.16/x64/lib/python3.11/http/cookiejar.py,1261,__init__,1,1,1.0569e-05,6.968424965740726e-06,1.7603e-05
/opt/hostedtoolcache/Python/3.11.16/x64/lib/python3.11/datetime.py,2293,timezone,1,1,1.0459000000000001e-05,6.895899017568574e-06,0.00011958300000000001
/home/runner/work/_temp/scanner-verification-il7_c53e/original/tiktok_worker_scanner.py,1435,WorkerApiClient,1,1,1.0399e-05,6.856339409474673e-06,1.0399e-05
~,0,<method 'rsplit' of 'str' objects>,6,6,1.0371000000000001e-05,6.837878259030853e-06,1.0371000000000001e-05
~,0,<built-in method _struct.calcsize>,5,5,1.037e-05,6.8372189322292884e-06,1.037e-05
/opt/hostedtoolcache/Python/3.11.16/x64/lib/python3.11/pathlib.py,380,__init__,2,2,1.0350000000000001e-05,6.824032396197988e-06,0.001333949
/home/runner/work/_temp/scanner-verification-il7_c53e/final/tests/benchmark_hybrid.py,183,<dictcomp>,1,1,1.0290000000000001e-05,6.784472788104087e-06,1.7393e-05
/opt/hostedtoolcache/Python/3.11.16/x64/lib/python3.11/site-packages/httpx/_models.py,139,Headers,1,1,1.0289000000000001e-05,6.783813461302521e-06,1.1812000000000001e-05
/opt/hostedtoolcache/Python/3.11.16/x64/lib/python3.11/uuid.py,85,UUID,1,1,1.0199e-05,6.724474049161668e-06,1.1922e-05
<frozen codecs>,94,__new__,2,2,1.0120000000000001e-05,6.672387231838032e-06,1.2995e-05
/home/runner/work/_temp/scanner-verification-il7_c53e/final/rate_limit_control.py,1,<module>,1,1,1.0088e-05,6.651288774187951e-06,5.2547000000000004e-05
/opt/hostedtoolcache/Python/3.11.16/x64/lib/python3.11/site-packages/httpx/_main.py,1,<module>,1,1,1.0078e-05,6.644695506172301e-06,0.000642368
/opt/hostedtoolcache/Python/3.11.16/x64/lib/python3.11/asyncio/base_events.py,697,is_running,9,9,1.0037e-05,6.617663107308136e-06,1.0037e-05
~,0,<method 'locked' of '_thread.lock' objects>,11,11,1.0037e-05,6.617663107308136e-06,1.0037e-05
/opt/hostedtoolcache/Python/3.11.16/x64/lib/python3.11/asyncio/unix_events.py,67,close,1,1,9.989e-06,6.5860154208330134e-06,0.000200855
/opt/hostedtoolcache/Python/3.11.16/x64/lib/python3.11/site-packages/certifi/__init__.py,1,<module>,1,1,9.979e-06,6.579422152817364e-06,0.0060119050000000005
/opt/hostedtoolcache/Python/3.11.16/x64/lib/python3.11/threading.py,1324,_make_invoke_excepthook,3,3,9.919000000000001e-06,6.539862544723463e-06,9.919000000000001e-06
/opt/hostedtoolcache/Python/3.11.16/x64/lib/python3.11/pathlib.py,1070,write_text,1,1,9.867e-06,6.505577551042081e-06,0.000123831
/opt/hostedtoolcache/Python/3.11.16/x64/lib/python3.11/pathlib.py,1046,read_bytes,1,1,9.858000000000001e-06,6.499643609827997e-06,8.8745e-05
/opt/hostedtoolcache/Python/3.11.16/x64/lib/python3.11/urllib/error.py,35,HTTPError,1,1,9.819e-06,6.47392986456696e-06,1.3085000000000001e-05
/opt/hostedtoolcache/Python/3.11.16/x64/lib/python3.11/unittest/mock.py,150,_callable,2,2,9.749000000000001e-06,6.4277769884574084e-06,1.596e-05
/opt/hostedtoolcache/Python/3.11.16/x64/lib/python3.11/hashlib.py,82,__get_builtin_constructor,2,2,9.739000000000001e-06,6.421183720441758e-06,0.000581215
/opt/hostedtoolcache/Python/3.11.16/x64/lib/python3.11/site-packages/httpx/_client.py,1978,aclose,1,1,9.719000000000001e-06,6.407997184410458e-06,1.1712e-05
<frozen importlib._bootstrap_external>,579,_calc_mode,3,3,9.709000000000001e-06,6.401403916394808e-06,5.2839e-05
/opt/hostedtoolcache/Python/3.11.16/x64/lib/python3.11/datetime.py,923,__new__,2,2,9.708000000000001e-06,6.400744589593243e-06,3.2551e-05
<frozen os>,1081,__subclasshook__,3,3,9.708000000000001e-06,6.400744589593243e-06,1.8766e-05
~,0,<method 'to_bytes' of 'int' objects>,9,9,9.629e-06,6.348657772269605e-06,9.629e-06
/opt/hostedtoolcache/Python/3.11.16/x64/lib/python3.11/unittest/mock.py,2486,__new__,2,2,9.589000000000001e-06,6.322284700207004e-06,1.5019000000000001e-05
/opt/hostedtoolcache/Python/3.11.16/x64/lib/python3.11/re/_parser.py,903,_parse_flags,2,2,9.538e-06,6.288659033327189e-06,1.6361e-05
/opt/hostedtoolcache/Python/3.11.16/x64/lib/python3.11/datetime.py,1311,time,1,1,9.538e-06,6.288659033327189e-06,9.538e-06
/opt/hostedtoolcache/Python/3.11.16/x64/lib/python3.11/weakref.py,367,__init__,2,2,9.528000000000001e-06,6.2820657653115385e-06,9.528000000000001e-06
/opt/hostedtoolcache/Python/3.11.16/x64/lib/python3.11/importlib/resources/_common.py,59,from_package,1,1,9.408e-06,6.202946549123735e-06,0.005124067
/opt/hostedtoolcache/Python/3.11.16/x64/lib/python3.11/pathlib.py,313,select_from,2,2,9.327e-06,6.1495410781969685e-06,7.0301e-05
/opt/hostedtoolcache/Python/3.11.16/x64/lib/python3.11/typing.py,1049,<genexpr>,9,9,9.238e-06,6.090860992857681e-06,9.238e-06
/opt/hostedtoolcache/Python/3.11.16/x64/lib/python3.11/http/cookiejar.py,874,DefaultCookiePolicy,1,1,9.228e-06,6.084267724842032e-06,9.228e-06
/opt/hostedtoolcache/Python/3.11.16/x64/lib/python3.11/selectors.py,21,_fileobj_to_fd,4,4,9.188e-06,6.057894652779431e-06,1.2553000000000002e-05
/opt/hostedtoolcache/Python/3.11.16/x64/lib/python3.11/enum.py,117,_iter_bits_lsb,6,6,9.148000000000001e-06,6.03152158071683e-06,1.1202e-05
/opt/hostedtoolcache/Python/3.11.16/x64/lib/python3.11/site-packages/httpx/_models.py,1079,Cookies,1,1,9.057e-06,5.971522841774411e-06,3.8612e-05
/opt/hostedtoolcache/Python/3.11.16/x64/lib/python3.11/calendar.py,54,<listcomp>,1,1,8.987e-06,5.925369965664861e-06,8.987e-06
/opt/hostedtoolcache/Python/3.11.16/x64/lib/python3.11/platform.py,914,system,1,1,8.987e-06,5.925369965664861e-06,4.6116000000000004e-05
/opt/hostedtoolcache/Python/3.11.16/x64/lib/python3.11/email/_policybase.py,112,Policy,1,1,8.957e-06,5.90559016161791e-06,1.4167e-05
~,0,<built-in method maketrans>,2,2,8.947000000000001e-06,5.89899689360226e-06,8.947000000000001e-06
/opt/hostedtoolcache/Python/3.11.16/x64/lib/python3.11/socket.py,495,_real_close,2,2,8.897000000000001e-06,5.866030553524009e-06,5.4853000000000005e-05
/opt/hostedtoolcache/Python/3.11.16/x64/lib/python3.11/gettext.py,616,gettext,3,3,8.896000000000001e-06,5.865371226722444e-06,0.0008006830000000001
/opt/hostedtoolcache/Python/3.11.16/x64/lib/python3.11/unittest/mock.py,1620,_patch_object,1,1,8.846000000000001e-06,5.8324048866441935e-06,2.5828e-05
/opt/hostedtoolcache/Python/3.11.16/x64/lib/python3.11/random.py,103,Random,1,1,8.806e-06,5.806031814581592e-06,8.806e-06
/opt/hostedtoolcache/Python/3.11.16/x64/lib/python3.11/selectors.py,365,unregister,1,1,8.777e-06,5.786911337336206e-06,2.4396e-05
<frozen importlib._bootstrap_external>,1136,get_resource_reader,1,1,8.776e-06,5.7862520105346414e-06,0.0050614200000000005
/opt/hostedtoolcache/Python/3.11.16/x64/lib/python3.11/asyncio/unix_events.py,1440,set_event_loop,2,2,8.715e-06,5.746033075639175e-06,1.7813e-05
/opt/hostedtoolcache/Python/3.11.16/x64/lib/python3.11/bisect.py,1,<module>,1,1,8.687e-06,5.7275719251953535e-06,0.000555957
/opt/hostedtoolcache/Python/3.11.16/x64/lib/python3.11/tempfile.py,143,rng,1,1,8.665000000000001e-06,5.7130667355609236e-06,4.2359000000000006e-05
/opt/hostedtoolcache/Python/3.11.16/x64/lib/python3.11/asyncio/base_events.py,1939,_set_coroutine_origin_tracking,6,6,8.648000000000001e-06,5.7018581799343184e-06,8.648000000000001e-06
/opt/hostedtoolcache/Python/3.11.16/x64/lib/python3.11/site-packages/httpx/_client.py,234,_enforce_trailing_slash,1,1,8.637e-06,5.694605585117102e-06,1.4968000000000001e-05
/opt/hostedtoolcache/Python/3.11.16/x64/lib/python3.11/signal.py,24,_int_to_enum,4,4,8.635000000000001e-06,5.693286931513973e-06,1.4756e-05
/opt/hostedtoolcache/Python/3.11.16/x64/lib/python3.11/unittest/mock.py,1280,__init__,1,1,8.627e-06,5.688012317101453e-06,1.6982e-05
/opt/hostedtoolcache/Python/3.11.16/x64/lib/python3.11/platform.py,792,processor,1,1,8.527e-06,5.62207963694495e-06,0.001214185
/opt/hostedtoolcache/Python/3.11.16/x64/lib/python3.11/selectors.py,351,register,1,1,8.506000000000001e-06,5.608233774112085e-06,2.9785e-05
/opt/hostedtoolcache/Python/3.11.16/x64/lib/python3.11/unittest/mock.py,53,_is_async_obj,1,1,8.505e-06,5.60757444731052e-06,9.8083e-05
/opt/hostedtoolcache/Python/3.11.16/x64/lib/python3.11/http/client.py,108,<dictcomp>,1,1,8.496000000000001e-06,5.601640506096436e-06,8.496000000000001e-06
/opt/hostedtoolcache/Python/3.11.16/x64/lib/python3.11/asyncio/base_events.py,664,close,1,1,8.486e-06,5.5950472380807835e-06,1.1611000000000001e-05
/opt/hostedtoolcache/Python/3.11.16/x64/lib/python3.11/weakref.py,104,__init__,1,1,8.466e-06,5.5818607020494835e-06,1.7232e-05
/opt/hostedtoolcache/Python/3.11.16/x64/lib/python3.11/email/encoders.py,1,<module>,1,1,8.436e-06,5.562080898002533e-06,0.000774866
/home/runner/work/_temp/scanner-verification-il7_c53e/original/tiktok_worker_scanner.py,1250,AsyncRequestGate,1,1,8.425e-06,5.554828303185317e-06,4.0816000000000004e-05
/opt/hostedtoolcache/Python/3.11.16/x64/lib/python3.11/numbers.py,283,__float__,1,1,8.415e-06,5.548235035169667e-06,1.0249000000000001e-05
/opt/hostedtoolcache/Python/3.11.16/x64/lib/python3.11/threading.py,575,is_set,6,6,8.386e-06,5.529114557924283e-06,8.386e-06
/home/runner/work/_temp/scanner-verification-il7_c53e/original/tiktok_worker_scanner.py,1076,CredentialRedactor,1,1,8.385e-06,5.528455231122717e-06,0.0012257560000000002
/opt/hostedtoolcache/Python/3.11.16/x64/lib/python3.11/fractions.py,500,_div,1,1,8.376e-06,5.522521289908632e-06,1.5959e-05
/opt/hostedtoolcache/Python/3.11.16/x64/lib/python3.11/urllib/response.py,1,<module>,1,1,8.375e-06,5.5218619631070664e-06,6.804700000000001e-05
/opt/hostedtoolcache/Python/3.11.16/x64/lib/python3.11/unittest/mock.py,68,_is_instance_mock,4,4,8.374e-06,5.5212026363055015e-06,1.1982000000000001e-05
/opt/hostedtoolcache/Python/3.11.16/x64/lib/python3.11/dataclasses.py,638,_hash_fn,2,2,8.344e-06,5.501422832258551e-06,0.000172241
/opt/hostedtoolcache/Python/3.11.16/x64/lib/python3.11/site-packages/httpx/_client.py,125,ClientState,1,1,8.336000000000001e-06,5.496148217846031e-06,0.00015327600000000001
/home/runner/work/_temp/scanner-verification-il7_c53e/original/tiktok_worker_scanner.py,1079,__init__,2,2,8.326000000000001e-06,5.489554949830382e-06,1.4136000000000002e-05
/opt/hostedtoolcache/Python/3.11.16/x64/lib/python3.11/zipfile.py,2358,Path,1,1,8.285000000000001e-06,5.462522550966215e-06,8.285000000000001e-06
/opt/hostedtoolcache/Python/3.11.16/x64/lib/python3.11/socket.py,220,__init__,2,2,8.215e-06,5.416369674856662e-06,8.215e-06
/opt/hostedtoolcache/Python/3.11.16/x64/lib/python3.11/importlib/resources/_adapters.py,42,CompatibilityFiles,1,1,8.195e-06,5.403183138825362e-06,0.000190074
/opt/hostedtoolcache/Python/3.11.16/x64/lib/python3.11/importlib/resources/_common.py,42,resolve,1,1,8.146000000000001e-06,5.370876125548678e-06,3.7861e-05
/opt/hostedtoolcache/Python/3.11.16/x64/lib/python3.11/tempfile.py,86,_infer_return_type,1,1,8.146000000000001e-06,5.370876125548678e-06,6.5523e-05
/opt/hostedtoolcache/Python/3.11.16/x64/lib/python3.11/asyncio/events.py,686,set_event_loop,2,2,8.106e-06,5.344503053486075e-06,9.098e-06
/opt/hostedtoolcache/Python/3.11.16/x64/lib/python3.11/importlib/resources/abc.py,131,TraversableResources,1,1,8.104e-06,5.343184399882946e-06,0.00011115800000000001
/opt/hostedtoolcache/Python/3.11.16/x64/lib/python3.11/statistics.py,549,median,1,1,8.104e-06,5.343184399882946e-06,0.00033512500000000003
/opt/hostedtoolcache/Python/3.11.16/x64/lib/python3.11/http/client.py,258,HTTPResponse,1,1,8.095000000000001e-06,5.337250458668861e-06,8.095000000000001e-06
/opt/hostedtoolcache/Python/3.11.16/x64/lib/python3.11/subprocess.py,1092,__exit__,1,1,8.076e-06,5.324723249439125e-06,1.4047000000000001e-05
/opt/hostedtoolcache/Python/3.11.16/x64/lib/python3.11/socket.py,499,close,2,2,8.075e-06,5.324063922637559e-06,6.2928e-05
~,0,<method 'seek' of '_io.BufferedReader' objects>,4,4,8.065e-06,5.317470654621909e-06,8.065e-06
/opt/hostedtoolcache/Python/3.11.16/x64/lib/python3.11/argparse.py,1603,_get_handler,3,3,8.026e-06,5.291756909360874e-06,1.2363e-05
/home/runner/work/_temp/scanner-verification-il7_c53e/original/tiktok_worker_scanner.py,1533,<listcomp>,1,1,7.965e-06,5.251537974465408e-06,0.000258362
/opt/hostedtoolcache/Python/3.11.16/x64/lib/python3.11/datetime.py,573,timedelta,1,1,7.835e-06,5.165825490261954e-06,7.835e-06
~,0,<built-in method _hashlib.openssl_md5>,1,1,7.815e-06,5.152638954230654e-06,7.815e-06
/opt/hostedtoolcache/Python/3.11.16/x64/lib/python3.11/queue.py,28,Queue,1,1,7.785000000000001e-06,5.1328591501837035e-06,7.785000000000001e-06
/opt/hostedtoolcache/Python/3.11.16/x64/lib/python3.11/fractions.py,369,reverse,1,1,7.755000000000001e-06,5.113079346136753e-06,6.2847e-05
/home/runner/work/_temp/scanner-verification-il7_c53e/original/scan_statistics.py,13,ScanStatistics,1,1,7.754e-06,5.112420019335188e-06,7.754e-06
/opt/hostedtoolcache/Python/3.11.16/x64/lib/python3.11/sqlite3/dbapi2.py,54,register_adapters_and_converters,1,1,7.744e-06,5.105826751319538e-06,1.3665e-05
/opt/hostedtoolcache/Python/3.11.16/x64/lib/python3.11/platform.py,736,get,1,1,7.744e-06,5.105826751319538e-06,0.001204516
/home/runner/work/_temp/scanner-verification-il7_c53e/original/tiktok_worker_scanner.py,997,ProxyConfig,1,1,7.735000000000001e-06,5.099892810105452e-06,1.7143000000000002e-05
/opt/hostedtoolcache/Python/3.11.16/x64/lib/python3.11/importlib/resources/_adapters.py,12,__init__,2,2,7.714000000000001e-06,5.086046947272587e-06,1.0288e-05
/opt/hostedtoolcache/Python/3.11.16/x64/lib/python3.11/importlib/resources/_adapters.py,165,wrap_spec,2,2,7.695e-06,5.073519738042851e-06,1.7983e-05
~,0,<built-in method math.floor>,8,8,7.686e-06,5.067585796828766e-06,7.686e-06
/opt/hostedtoolcache/Python/3.11.16/x64/lib/python3.11/tempfile.py,230,_get_candidate_names,1,1,7.5840000000000006e-06,5.0003344630691335e-06,1.0179e-05
/opt/hostedtoolcache/Python/3.11.16/x64/lib/python3.11/uuid.py,721,uuid4,1,1,7.565e-06,4.9878072538393985e-06,2.7692000000000002e-05
/opt/hostedtoolcache/Python/3.11.16/x64/lib/python3.11/logging/__init__.py,795,__init__,7,7,7.563e-06,4.986488600236268e-06,7.563e-06
/opt/hostedtoolcache/Python/3.11.16/x64/lib/python3.11/site-packages/httpx/_urls.py,420,QueryParams,1,1,7.494000000000001e-06,4.940995050928282e-06,7.494000000000001e-06
/opt/hostedtoolcache/Python/3.11.16/x64/lib/python3.11/email/iterators.py,1,<module>,1,1,7.494000000000001e-06,4.940995050928282e-06,9.948e-06
/home/runner/work/_temp/scanner-verification-il7_c53e/original/tiktok_worker_scanner.py,199,ListExportResult,1,1,7.454e-06,4.914621978865681e-06,1.2123e-05
/opt/hostedtoolcache/Python/3.11.16/x64/lib/python3.11/argparse.py,2076,consume_positionals,1,1,7.454e-06,4.914621978865681e-06,1.2503e-05
/opt/hostedtoolcache/Python/3.11.16/x64/lib/python3.11/functools.py,841,_is_union_type,1,1,7.444e-06,4.90802871085003e-06,1.5098e-05
/home/runner/work/_temp/scanner-verification-il7_c53e/final/tests/benchmark_hybrid.py,147,<genexpr>,2,2,7.444e-06,4.90802871085003e-06,1.053e-05
/opt/hostedtoolcache/Python/3.11.16/x64/lib/python3.11/random.py,480,choices,1,1,7.415e-06,4.888908233604645e-06,4.4072e-05
~,0,<built-in method _functools.reduce>,1,1,7.374e-06,4.861875834740479e-06,9.107000000000001e-06
/home/runner/work/_temp/scanner-verification-il7_c53e/original/tiktok_worker_scanner.py,1935,__init__,2,2,7.344e-06,4.8420960306935285e-06,1.4168e-05
/opt/hostedtoolcache/Python/3.11.16/x64/lib/python3.11/pathlib.py,440,__getitem__,1,1,7.2950000000000005e-06,4.809789017416842e-06,2.2392000000000002e-05
/opt/hostedtoolcache/Python/3.11.16/x64/lib/python3.11/asyncio/coroutines.py,11,_is_debug_mode,1,1,7.294000000000001e-06,4.809129690615277e-06,2.3875e-05
~,0,<method '__init_subclass__' of 'object' objects>,8,8,7.2850000000000006e-06,4.803195749401192e-06,7.2850000000000006e-06
~,0,<built-in method time.get_clock_info>,1,1,7.284e-06,4.802536422599627e-06,7.284e-06
/opt/hostedtoolcache/Python/3.11.16/x64/lib/python3.11/email/base64mime.py,1,<module>,1,1,7.265000000000001e-06,4.790009213369892e-06,7.265000000000001e-06
/opt/hostedtoolcache/Python/3.11.16/x64/lib/python3.11/argparse.py,987,__init__,2,2,7.2340000000000005e-06,4.769570082521376e-06,1.8415000000000002e-05
/opt/hostedtoolcache/Python/3.11.16/x64/lib/python3.11/quopri.py,1,<module>,1,1,7.233e-06,4.76891075571981e-06,7.233e-06
/opt/hostedtoolcache/Python/3.11.16/x64/lib/python3.11/selectors.py,483,close,1,1,7.213e-06,4.75572421968851e-06,1.7512e-05
/opt/hostedtoolcache/Python/3.11.16/x64/lib/python3.11/importlib/__init__.py,108,import_module,1,1,7.2120000000000006e-06,4.755064892886946e-06,2.8282e-05
/opt/hostedtoolcache/Python/3.11.16/x64/lib/python3.11/functools.py,723,<listcomp>,7,7,7.1950000000000006e-06,4.74385633726034e-06,7.1950000000000006e-06
~,0,<built-in method _hashlib.openssl_sha3_224>,1,1,7.1540000000000005e-06,4.716823938396174e-06,7.1540000000000005e-06
/opt/hostedtoolcache/Python/3.11.16/x64/lib/python3.11/warnings.py,467,__enter__,1,1,7.123e-06,4.696384807547658e-06,8.345e-06
/opt/hostedtoolcache/Python/3.11.16/x64/lib/python3.11/importlib/resources/_adapters.py,28,get_resource_reader,1,1,7.1030000000000004e-06,4.683198271516358e-06,0.0051025770000000005
/opt/hostedtoolcache/Python/3.11.16/x64/lib/python3.11/argparse.py,1873,parse_args,1,1,7.1030000000000004e-06,4.683198271516358e-06,0.00103473
/opt/hostedtoolcache/Python/3.11.16/x64/lib/python3.11/urllib/request.py,1699,URLopener,1,1,7.0930000000000005e-06,4.676605003500707e-06,7.0930000000000005e-06
/home/runner/work/_temp/scanner-verification-il7_c53e/original/report_generator.py,206,<dictcomp>,1,1,7.083000000000001e-06,4.670011735485057e-06,7.083000000000001e-06
/opt/hostedtoolcache/Python/3.11.16/x64/lib/python3.11/contextlib.py,403,__exit__,1,1,7.083000000000001e-06,4.670011735485057e-06,1.1020000000000001e-05
/opt/hostedtoolcache/Python/3.11.16/x64/lib/python3.11/selectors.py,234,register,1,1,7.063000000000001e-06,4.656825199453757e-06,1.5639e-05
/opt/hostedtoolcache/Python/3.11.16/x64/lib/python3.11/pathlib.py,578,__eq__,1,1,7.053e-06,4.650231931438106e-06,1.9056000000000002e-05
/opt/hostedtoolcache/Python/3.11.16/x64/lib/python3.11/asyncio/locks.py,229,__init__,1,1,7.034000000000001e-06,4.6377047222083714e-06,8.817e-06
/opt/hostedtoolcache/Python/3.11.16/x64/lib/python3.11/functools.py,904,wrapper,1,1,6.983000000000001e-06,4.604079055328555e-06,0.00029696400000000004
/opt/hostedtoolcache/Python/3.11.16/x64/lib/python3.11/site-packages/httpx/_models.py,1084,__init__,1,1,6.942000000000001e-06,4.5770466564643894e-06,2.5527e-05
<frozen importlib._bootstrap>,1192,_gcd_import,1,1,6.934e-06,4.571772042051869e-06,1.9507e-05
/home/runner/work/_temp/scanner-verification-il7_c53e/original/tiktok_worker_scanner.py,3297,close,1,1,6.892e-06,4.544080316386138e-06,0.002712276
/opt/hostedtoolcache/Python/3.11.16/x64/lib/python3.11/datetime.py,2313,_create,3,3,6.873e-06,4.531553107156402e-06,9.557e-06
/opt/hostedtoolcache/Python/3.11.16/x64/lib/python3.11/asyncio/runners.py,62,__exit__,1,1,6.8330000000000005e-06,4.5051800350938015e-06,0.0007208550000000001
/opt/hostedtoolcache/Python/3.11.16/x64/lib/python3.11/enum.py,360,__init__,2,2,6.803000000000001e-06,4.485400231046851e-06,6.803000000000001e-06
/opt/hostedtoolcache/Python/3.11.16/x64/lib/python3.11/concurrent/futures/thread.py,118,ThreadPoolExecutor,1,1,6.793e-06,4.4788069630312e-06,6.793e-06
~,0,<method 'rfind' of 'bytes' objects>,2,2,6.783e-06,4.47221369501555e-06,6.783e-06
/opt/hostedtoolcache/Python/3.11.16/x64/lib/python3.11/encodings/utf_8.py,33,getregentry,1,1,6.703e-06,4.4194675508903485e-06,1.3666000000000001e-05
/opt/hostedtoolcache/Python/3.11.16/x64/lib/python3.11/importlib/resources/readers.py,16,__init__,1,1,6.6820000000000006e-06,4.405621688057484e-06,9.661000000000001e-05
/opt/hostedtoolcache/Python/3.11.16/x64/lib/python3.11/unittest/mock.py,74,_is_exception,2,2,6.593e-06,4.346941602718196e-06,1.0330000000000001e-05
/opt/hostedtoolcache/Python/3.11.16/x64/lib/python3.11/argparse.py,2557,_check_value,6,6,6.5730000000000004e-06,4.333755066686896e-06,6.5730000000000004e-06
/home/runner/work/_temp/scanner-verification-il7_c53e/original/tiktok_worker_scanner.py,570,SuccessRecorder,1,1,6.553000000000001e-06,4.320568530655595e-06,6.553000000000001e-06
/opt/hostedtoolcache/Python/3.11.16/x64/lib/python3.11/zipfile.py,363,ZipInfo,1,1,6.552e-06,4.31990920385403e-06,6.552e-06
/opt/hostedtoolcache/Python/3.11.16/x64/lib/python3.11/importlib/resources/_common.py,17,files,1,1,6.522e-06,4.300129399807079e-06,0.005194037
/opt/hostedtoolcache/Python/3.11.16/x64/lib/python3.11/warnings.py,166,simplefilter,1,1,6.504000000000001e-06,4.288261517378909e-06,3.7000000000000005e-05
~,0,<method 'count' of 'list' objects>,6,6,6.501e-06,4.286283536974214e-06,6.501e-06
~,0,<built-in method posix.uname>,1,1,6.492000000000001e-06,4.280349595760129e-06,6.492000000000001e-06
/opt/hostedtoolcache/Python/3.11.16/x64/lib/python3.11/platform.py,161,libc_ver,1,1,6.4610000000000005e-06,4.259910464911613e-06,1.1170000000000001e-05
/opt/hostedtoolcache/Python/3.11.16/x64/lib/python3.11/platform.py,778,uname_result,1,1,6.4610000000000005e-06,4.259910464911613e-06,8.856000000000001e-06
~,0,<built-in method _hashlib.openssl_sha1>,1,1,6.452e-06,4.253976523697528e-06,6.452e-06
/opt/hostedtoolcache/Python/3.11.16/x64/lib/python3.11/datetime.py,51,_days_in_month,5,5,6.401e-06,4.220350856817711e-06,6.401e-06
/opt/hostedtoolcache/Python/3.11.16/x64/lib/python3.11/contextlib.py,398,__enter__,1,1,6.362e-06,4.194637111556676e-06,1.0269000000000001e-05
/opt/hostedtoolcache/Python/3.11.16/x64/lib/python3.11/email/_policybase.py,279,Compat32,1,1,6.3320000000000005e-06,4.174857307509726e-06,6.3320000000000005e-06
/opt/hostedtoolcache/Python/3.11.16/x64/lib/python3.11/functools.py,724,<listcomp>,7,7,6.314e-06,4.162989425081554e-06,6.314e-06
<frozen _collections_abc>,315,__subclasshook__,6,6,6.302e-06,4.155077503462774e-06,6.302e-06
/opt/hostedtoolcache/Python/3.11.16/x64/lib/python3.11/unittest/mock.py,332,_get,3,3,6.292e-06,4.148484235447124e-06,1.0480000000000001e-05
/opt/hostedtoolcache/Python/3.11.16/x64/lib/python3.11/asyncio/events.py,762,get_event_loop_policy,3,3,6.291e-06,4.147824908645559e-06,4.4853000000000006e-05
/opt/hostedtoolcache/Python/3.11.16/x64/lib/python3.11/tempfile.py,857,TemporaryDirectory,1,1,6.282e-06,4.1418909674314736e-06,6.282e-06
/opt/hostedtoolcache/Python/3.11.16/x64/lib/python3.11/unittest/mock.py,585,__set_side_effect,1,1,6.2520000000000004e-06,4.122111163384523e-06,2.7361e-05
/opt/hostedtoolcache/Python/3.11.16/x64/lib/python3.11/tempfile.py,115,_sanitize_params,1,1,6.2010000000000004e-06,4.088485496504707e-06,7.1724e-05
/home/runner/work/_temp/scanner-verification-il7_c53e/original/scan_statistics.py,85,stop,1,1,6.172e-06,4.0693650192593215e-06,2.7331000000000003e-05
/opt/hostedtoolcache/Python/3.11.16/x64/lib/python3.11/subprocess.py,1135,_get_devnull,1,1,6.1520000000000006e-06,4.0561784832280215e-06,1.588e-05
/home/runner/work/_temp/scanner-verification-il7_c53e/original/tiktok_worker_scanner.py,3528,advance_phase,1,1,6.151e-06,4.055519156426456e-06,1.9997000000000002e-05
/opt/hostedtoolcache/Python/3.11.16/x64/lib/python3.11/encodings/utf_8_sig.py,121,getregentry,1,1,6.15e-06,4.0548598296248916e-06,1.2182000000000001e-05
/opt/hostedtoolcache/Python/3.11.16/x64/lib/python3.11/site-packages/httpx/_auth.py,175,DigestAuth,1,1,6.142000000000001e-06,4.049585215212371e-06,6.142000000000001e-06
/opt/hostedtoolcache/Python/3.11.16/x64/lib/python3.11/enum.py,965,_find_data_repr_,2,2,6.131e-06,4.042332620395155e-06,7.955000000000001e-06
/opt/hostedtoolcache/Python/3.11.16/x64/lib/python3.11/unittest/mock.py,1127,_mock_call,1,1,6.071e-06,4.002773012301253e-06,0.0021652190000000003
/opt/hostedtoolcache/Python/3.11.16/x64/lib/python3.11/platform.py,772,_unknown_as_blank,6,6,6.07e-06,4.002113685499689e-06,6.07e-06
/opt/hostedtoolcache/Python/3.11.16/x64/lib/python3.11/importlib/resources/_adapters.py,151,_native,1,1,6.051e-06,3.989586476269953e-06,0.005094092000000001
/home/runner/work/_temp/scanner-verification-il7_c53e/final/hybrid_backend.py,50,BackendGate,1,1,6.031e-06,3.976399940238653e-06,4.4523e-05
/home/runner/work/_temp/scanner-verification-il7_c53e/original/scan_runtime.py,140,__init__,1,1,6.0210000000000005e-06,3.969806672223003e-06,7.995e-06
<frozen os>,818,fsdecode,2,2,6.003e-06,3.957938789794833e-06,9.658000000000001e-06
/home/runner/work/_temp/scanner-verification-il7_c53e/original/tiktok_worker_scanner.py,3574,all_complete,1,1,5.99e-06,3.949367541374487e-06,0.000188581
~,0,<built-in method sys.audit>,5,5,5.981e-06,3.943433600160401e-06,5.981e-06
/home/runner/work/_temp/scanner-verification-il7_c53e/original/tiktok_worker_scanner.py,2189,UserStore,1,1,5.961e-06,3.930247064129101e-06,5.961e-06
/opt/hostedtoolcache/Python/3.11.16/x64/lib/python3.11/calendar.py,150,Calendar,1,1,5.851e-06,3.857721115956949e-06,5.851e-06
/home/runner/work/_temp/scanner-verification-il7_c53e/final/backend_metrics.py,9,BackendMetrics,1,1,5.83e-06,3.843875253124083e-06,3.9593000000000005e-05
/opt/hostedtoolcache/Python/3.11.16/x64/lib/python3.11/unittest/mock.py,1085,_try_iter,1,1,5.81e-06,3.830688717092783e-06,1.8965000000000002e-05
/opt/hostedtoolcache/Python/3.11.16/x64/lib/python3.11/weakref.py,289,update,1,1,5.7900000000000005e-06,3.817502181061483e-06,8.766e-06
/opt/hostedtoolcache/Python/3.11.16/x64/lib/python3.11/asyncio/runners.py,49,__init__,1,1,5.7900000000000005e-06,3.817502181061483e-06,5.7900000000000005e-06
/opt/hostedtoolcache/Python/3.11.16/x64/lib/python3.11/datetime.py,545,_check_tzinfo_arg,5,5,5.7510000000000005e-06,3.791788435800447e-06,6.612e-06
~,0,<method 'difference_update' of 'set' objects>,3,3,5.711e-06,3.7654153637378452e-06,5.711e-06
<frozen posixpath>,140,basename,1,1,5.711e-06,3.7654153637378452e-06,1.1161e-05
/opt/hostedtoolcache/Python/3.11.16/x64/lib/python3.11/email/header.py,175,Header,1,1,5.701e-06,3.7588220957221957e-06,5.701e-06
/home/runner/work/_temp/scanner-verification-il7_c53e/final/hybrid_backend.py,390,HybridClient,1,1,5.681e-06,3.745635559690895e-06,5.681e-06
<frozen _collections_abc>,933,clear,1,1,5.671e-06,3.7390422916752452e-06,1.2123e-05
/opt/hostedtoolcache/Python/3.11.16/x64/lib/python3.11/datetime.py,765,__neg__,2,2,5.641000000000001e-06,3.719262487628295e-06,0.000109585
~,0,<method 'register' of 'select.epoll' objects>,1,1,5.64e-06,3.7186031608267294e-06,5.64e-06
/opt/hostedtoolcache/Python/3.11.16/x64/lib/python3.11/argparse.py,964,__init__,2,2,5.631e-06,3.7126692196126436e-06,1.1181e-05
/opt/hostedtoolcache/Python/3.11.16/x64/lib/python3.11/logging/__init__.py,1467,debug,1,1,5.500000000000001e-06,3.626297408607626e-06,2.9485000000000003e-05
/home/runner/work/_temp/scanner-verification-il7_c53e/original/tiktok_worker_scanner.py,1496,start_avatar_backfill,1,1,5.48e-06,3.6131108725763253e-06,4.7348e-05
/opt/hostedtoolcache/Python/3.11.16/x64/lib/python3.11/site-packages/idna/intranges.py,1,<module>,1,1,5.47e-06,3.606517604560675e-06,5.47e-06
~,0,<built-in method sys.exc_info>,2,2,5.47e-06,3.606517604560675e-06,5.47e-06
~,0,<built-in method _signal.signal>,2,2,5.451e-06,3.5939903953309394e-06,5.451e-06
<frozen runpy>,60,__exit__,1,1,5.45e-06,3.593331068529375e-06,5.45e-06
/opt/hostedtoolcache/Python/3.11.16/x64/lib/python3.11/site-packages/httpx/_client.py,162,BoundAsyncStream,1,1,5.420000000000001e-06,3.5735512644824244e-06,5.420000000000001e-06
/opt/hostedtoolcache/Python/3.11.16/x64/lib/python3.11/contextlib.py,472,__init__,2,2,5.410000000000001e-06,3.566957996466774e-06,5.410000000000001e-06
/opt/hostedtoolcache/Python/3.11.16/x64/lib/python3.11/argparse.py,1109,__init__,1,1,5.4010000000000005e-06,3.561024055252689e-06,9.107000000000001e-06
~,0,<method 'tolist' of 'memoryview' objects>,2,2,5.4010000000000005e-06,3.561024055252689e-06,5.4010000000000005e-06
/opt/hostedtoolcache/Python/3.11.16/x64/lib/python3.11/subprocess.py,1233,poll,1,1,5.351e-06,3.5280577151744377e-06,6.5630000000000005e-06
/opt/hostedtoolcache/Python/3.11.16/x64/lib/python3.11/selectors.py,209,__init__,1,1,5.320000000000001e-06,3.507618584325922e-06,6.943e-06
/opt/hostedtoolcache/Python/3.11.16/x64/lib/python3.11/asyncio/unix_events.py,1431,__init__,1,1,5.3e-06,3.494432048294621e-06,1.0139e-05
/opt/hostedtoolcache/Python/3.11.16/x64/lib/python3.11/typing.py,506,__getitem__,1,1,5.3e-06,3.494432048294621e-06,0.000548503
/home/runner/work/_temp/scanner-verification-il7_c53e/original/tiktok_worker_scanner.py,1170,ProxyState,1,1,5.2990000000000004e-06,3.4937727214930566e-06,1.0539e-05
/opt/hostedtoolcache/Python/3.11.16/x64/lib/python3.11/threading.py,1516,_register_atexit,1,1,5.2600000000000005e-06,3.4680589762320203e-06,6.382e-06
~,0,<method 'unregister' of 'select.epoll' objects>,1,1,5.2500000000000006e-06,3.4614657082163707e-06,5.2500000000000006e-06
/home/runner/work/_temp/scanner-verification-il7_c53e/original/tiktok_worker_scanner.py,1187,__init__,1,1,5.230000000000001e-06,3.44827917218507e-06,7.0030000000000005e-06
/opt/hostedtoolcache/Python/3.11.16/x64/lib/python3.11/asyncio/runners.py,58,__enter__,1,1,5.230000000000001e-06,3.44827917218507e-06,0.00039983600000000004
/opt/hostedtoolcache/Python/3.11.16/x64/lib/python3.11/subprocess.py,2008,_try_wait,1,1,5.230000000000001e-06,3.44827917218507e-06,1.9236e-05
/opt/hostedtoolcache/Python/3.11.16/x64/lib/python3.11/site-packages/httpx/_transports/base.py,14,BaseTransport,1,1,5.21e-06,3.435092636153769e-06,5.21e-06
/opt/hostedtoolcache/Python/3.11.16/x64/lib/python3.11/http/cookiejar.py,884,__init__,1,1,5.18e-06,3.4153128321068186e-06,5.18e-06
/opt/hostedtoolcache/Python/3.11.16/x64/lib/python3.11/ssl.py,492,__new__,1,1,5.179000000000001e-06,3.414653505305254e-06,0.0011083870000000002
/opt/hostedtoolcache/Python/3.11.16/x64/lib/python3.11/inspect.py,449,isawaitable,1,1,5.150000000000001e-06,3.395533028059868e-06,4.4363e-05
~,0,<built-in method math.exp>,1,1,5.150000000000001e-06,3.395533028059868e-06,5.150000000000001e-06
/opt/hostedtoolcache/Python/3.11.16/x64/lib/python3.11/ssl.py,740,verify_mode,1,1,5.129e-06,3.381687165227003e-06,5.129e-06
/opt/hostedtoolcache/Python/3.11.16/x64/lib/python3.11/zipfile.py,1162,_ZipWriteFile,1,1,5.089e-06,3.355314093164401e-06,5.089e-06
/opt/hostedtoolcache/Python/3.11.16/x64/lib/python3.11/datetime.py,1280,IsoCalendarDate,1,1,5.089e-06,3.355314093164401e-06,5.089e-06
/opt/hostedtoolcache/Python/3.11.16/x64/lib/python3.11/subprocess.py,1961,_handle_exitstatus,1,1,5.089e-06,3.355314093164401e-06,7.043e-06
/opt/hostedtoolcache/Python/3.11.16/x64/lib/python3.11/zipfile.py,2274,CompleteDirs,1,1,5.069e-06,3.342127557133101e-06,5.069e-06
/opt/hostedtoolcache/Python/3.11.16/x64/lib/python3.11/asyncio/unix_events.py,63,__init__,1,1,5.069e-06,3.342127557133101e-06,0.00031542800000000003
/home/runner/work/_temp/scanner-verification-il7_c53e/original/avatar_cache.py,189,close,1,1,5.039e-06,3.3223477530861507e-06,6.392000000000001e-06
/opt/hostedtoolcache/Python/3.11.16/x64/lib/python3.11/unittest/mock.py,337,_set,3,3,5.039e-06,3.3223477530861507e-06,5.039e-06
/opt/hostedtoolcache/Python/3.11.16/x64/lib/python3.11/asyncio/events.py,693,new_event_loop,1,1,5.03e-06,3.316413811872065e-06,0.00032045800000000003
/opt/hostedtoolcache/Python/3.11.16/x64/lib/python3.11/_weakrefset.py,37,__init__,1,1,5.009000000000001e-06,3.3025679490392003e-06,5.009000000000001e-06
/opt/hostedtoolcache/Python/3.11.16/x64/lib/python3.11/zipfile.py,833,ZipExtFile,1,1,4.999e-06,3.295974681023549e-06,4.999e-06
~,0,<built-in method sys.get_asyncgen_hooks>,3,3,4.999e-06,3.295974681023549e-06,4.999e-06
/opt/hostedtoolcache/Python/3.11.16/x64/lib/python3.11/importlib/resources/_adapters.py,16,__getattr__,2,2,4.958000000000001e-06,3.2689422821593837e-06,7.433000000000001e-06
/opt/hostedtoolcache/Python/3.11.16/x64/lib/python3.11/email/_parseaddr.py,211,AddrlistClass,1,1,4.949e-06,3.2630083409452986e-06,4.949e-06
/opt/hostedtoolcache/Python/3.11.16/x64/lib/python3.11/asyncio/events.py,808,new_event_loop,1,1,4.949e-06,3.2630083409452986e-06,0.00036791600000000003
/opt/hostedtoolcache/Python/3.11.16/x64/lib/python3.11/logging/__init__.py,764,__init__,2,2,4.941000000000001e-06,3.257733726532778e-06,6.824e-06
/opt/hostedtoolcache/Python/3.11.16/x64/lib/python3.11/site-packages/httpx/_config.py,72,Timeout,1,1,4.92e-06,3.2438878636999127e-06,4.92e-06
/opt/hostedtoolcache/Python/3.11.16/x64/lib/python3.11/typing.py,2443,get_origin,1,1,4.918e-06,3.242569210096783e-06,7.654e-06
/opt/hostedtoolcache/Python/3.11.16/x64/lib/python3.11/asyncio/events.py,667,__init__,1,1,4.839000000000001e-06,3.190482392773146e-06,4.839000000000001e-06
/opt/hostedtoolcache/Python/3.11.16/x64/lib/python3.11/logging/__init__.py,801,addFilter,2,2,4.838e-06,3.1898230659715807e-06,6.752000000000001e-06
~,0,<method 'mro' of 'type' objects>,5,5,4.829000000000001e-06,3.183889124757496e-06,4.829000000000001e-06
~,0,<method 'disable' of '_lsprof.Profiler' objects>,4,4,4.8100000000000005e-06,3.1713619155277602e-06,4.8100000000000005e-06
/opt/hostedtoolcache/Python/3.11.16/x64/lib/python3.11/site-packages/httpx/_transports/default.py,135,HTTPTransport,1,1,4.779e-06,3.1509227846792444e-06,4.779e-06
/opt/hostedtoolcache/Python/3.11.16/x64/lib/python3.11/dataclasses.py,842,_hash_set_none,5,5,4.778000000000001e-06,3.15026345787768e-06,4.778000000000001e-06
/opt/hostedtoolcache/Python/3.11.16/x64/lib/python3.11/functools.py,745,<listcomp>,1,1,4.729e-06,3.117956444600993e-06,6.803000000000001e-06
/opt/hostedtoolcache/Python/3.11.16/x64/lib/python3.11/email/parser.py,70,HeaderParser,1,1,4.709e-06,3.1047699085696928e-06,4.709e-06
/opt/hostedtoolcache/Python/3.11.16/x64/lib/python3.11/contextlib.py,539,_push_exit_callback,2,2,4.6790000000000004e-06,3.0849901045227424e-06,6.542e-06
/opt/hostedtoolcache/Python/3.11.16/x64/lib/python3.11/selectors.py,268,close,1,1,4.6690000000000005e-06,3.0783968365070924e-06,5.9210000000000006e-06
/opt/hostedtoolcache/Python/3.11.16/x64/lib/python3.11/weakref.py,495,popitem,1,1,4.629e-06,3.052023764444491e-06,6.452e-06
/opt/hostedtoolcache/Python/3.11.16/x64/lib/python3.11/enum.py,1652,_simple_enum,3,3,4.61e-06,3.0394965552147552e-06,4.61e-06
/opt/hostedtoolcache/Python/3.11.16/x64/lib/python3.11/site-packages/httpx/_models.py,382,Request,1,1,4.599e-06,3.0322439603975403e-06,4.599e-06
/opt/hostedtoolcache/Python/3.11.16/x64/lib/python3.11/re/_parser.py,100,checkgroup,2,2,4.599e-06,3.0322439603975403e-06,9.738e-06
/opt/hostedtoolcache/Python/3.11.16/x64/lib/python3.11/http/__init__.py,6,HTTPStatus,1,1,4.598000000000001e-06,3.0315846335959757e-06,4.598000000000001e-06
/home/runner/work/_temp/scanner-verification-il7_c53e/original/tiktok_worker_scanner.py,1126,configured_proxy_path,1,1,4.597e-06,3.0309253067944104e-06,1.8374e-05
~,0,<method 'sort' of 'list' objects>,3,3,4.58e-06,3.019716751167805e-06,4.58e-06
/opt/hostedtoolcache/Python/3.11.16/x64/lib/python3.11/mimetypes.py,64,MimeTypes,1,1,4.558e-06,3.0052115615333745e-06,4.558e-06
/opt/hostedtoolcache/Python/3.11.16/x64/lib/python3.11/site-packages/httpx/__version__.py,1,<module>,1,1,4.5380000000000004e-06,2.992025025502074e-06,4.5380000000000004e-06
~,0,<method 'tell' of '_io.BufferedReader' objects>,3,3,4.519e-06,2.9794978162723386e-06,4.519e-06
/home/runner/work/_temp/scanner-verification-il7_c53e/original/tiktok_worker_scanner.py,265,ProfileProcessResult,1,1,4.518000000000001e-06,2.978838489470774e-06,9.107000000000001e-06
/opt/hostedtoolcache/Python/3.11.16/x64/lib/python3.11/contextlib.py,468,_exit_wrapper,2,2,4.518000000000001e-06,2.978838489470774e-06,7.1830000000000005e-06
/opt/hostedtoolcache/Python/3.11.16/x64/lib/python3.11/email/_encoded_words.py,73,_QByteMap,1,1,4.468e-06,2.9458721493925224e-06,6.492000000000001e-06
/opt/hostedtoolcache/Python/3.11.16/x64/lib/python3.11/numbers.py,267,Rational,1,1,4.4480000000000004e-06,2.932685613361222e-06,6.442e-06
/opt/hostedtoolcache/Python/3.11.16/x64/lib/python3.11/selectors.py,247,unregister,1,1,4.4480000000000004e-06,2.932685613361222e-06,1.0369e-05
~,0,<built-in method posix.urandom>,1,1,4.4480000000000004e-06,2.932685613361222e-06,4.4480000000000004e-06
/opt/hostedtoolcache/Python/3.11.16/x64/lib/python3.11/calendar.py,71,_localized_day,1,1,4.4090000000000005e-06,2.906971868100186e-06,8.186000000000001e-06
/home/runner/work/_temp/scanner-verification-il7_c53e/original/tiktok_worker_scanner.py,1184,ProxyPool,1,1,4.408e-06,2.9063125412986207e-06,4.408e-06
/opt/hostedtoolcache/Python/3.11.16/x64/lib/python3.11/typing.py,2916,<genexpr>,4,4,4.398e-06,2.8997192732829707e-06,4.398e-06
~,0,<method 'close' of 'select.epoll' objects>,1,1,4.378e-06,2.8865327372516703e-06,4.378e-06
/opt/hostedtoolcache/Python/3.11.16/x64/lib/python3.11/enum.py,1374,<lambda>,4,4,4.378e-06,2.8865327372516703e-06,4.378e-06
/opt/hostedtoolcache/Python/3.11.16/x64/lib/python3.11/urllib/request.py,939,AbstractBasicAuthHandler,1,1,4.3480000000000006e-06,2.86675293320472e-06,0.001884154
~,0,<built-in method resource.getrusage>,1,1,4.318e-06,2.8469731291577686e-06,4.318e-06
/opt/hostedtoolcache/Python/3.11.16/x64/lib/python3.11/pathlib.py,787,parents,1,1,4.318e-06,2.8469731291577686e-06,6.883000000000001e-06
~,0,<built-in method posix.read>,1,1,4.308e-06,2.8403798611421186e-06,4.308e-06
<frozen runpy>,42,__exit__,1,1,4.288e-06,2.827193325110818e-06,4.288e-06
/opt/hostedtoolcache/Python/3.11.16/x64/lib/python3.11/queue.py,258,_PySimpleQueue,1,1,4.2580000000000006e-06,2.807413521063868e-06,4.2580000000000006e-06
/opt/hostedtoolcache/Python/3.11.16/x64/lib/python3.11/dataclasses.py,846,<listcomp>,2,2,4.2580000000000006e-06,2.807413521063868e-06,4.2580000000000006e-06
/home/runner/work/_temp/scanner-verification-il7_c53e/original/tiktok_worker_scanner.py,405,configured_input_path,1,1,4.2170000000000005e-06,2.780381122199702e-06,1.9015e-05
/opt/hostedtoolcache/Python/3.11.16/x64/lib/python3.11/site-packages/httpx/_urlparse.py,158,ParseResult,1,1,4.1780000000000005e-06,2.754667376938666e-06,4.1780000000000005e-06
/opt/hostedtoolcache/Python/3.11.16/x64/lib/python3.11/pathlib.py,434,__len__,2,2,4.167e-06,2.7474147821214503e-06,5.871e-06
/home/runner/work/_temp/scanner-verification-il7_c53e/final/connection_metrics.py,1,<module>,1,1,4.098e-06,2.701921232813464e-06,1.9577000000000002e-05
/opt/hostedtoolcache/Python/3.11.16/x64/lib/python3.11/functools.py,845,_is_valid_dispatch_type,2,2,4.097e-06,2.7012619060118987e-06,5.7510000000000005e-06
/opt/hostedtoolcache/Python/3.11.16/x64/lib/python3.11/typing.py,2892,<listcomp>,2,2,4.068e-06,2.6821414287665128e-06,4.068e-06
~,0,<method 'reset' of '_contextvars.ContextVar' objects>,2,2,4.047e-06,2.668295565933648e-06,4.047e-06
/opt/hostedtoolcache/Python/3.11.16/x64/lib/python3.11/site-packages/httpx/_exceptions.py,74,HTTPError,1,1,4.038e-06,2.6623616247195624e-06,5.5710000000000005e-06
/opt/hostedtoolcache/Python/3.11.16/x64/lib/python3.11/importlib/resources/readers.py,53,MultiplexedPath,1,1,4.028e-06,2.6557683567039124e-06,4.028e-06
/opt/hostedtoolcache/Python/3.11.16/x64/lib/python3.11/site-packages/httpx/_models.py,1261,_CookieCompatResponse,1,1,4.018e-06,2.649175088688262e-06,4.018e-06
/opt/hostedtoolcache/Python/3.11.16/x64/lib/python3.11/importlib/resources/_adapters.py,48,SpecPath,1,1,3.9470000000000005e-06,2.6023628857771457e-06,3.9470000000000005e-06
/home/runner/work/_temp/scanner-verification-il7_c53e/original/scan_runtime.py,186,close,1,1,3.928e-06,2.58983567654741e-06,5.541e-06
/opt/hostedtoolcache/Python/3.11.16/x64/lib/python3.11/asyncio/base_events.py,1957,set_debug,1,1,3.927e-06,2.589176349745845e-06,5.3790000000000005e-06
/opt/hostedtoolcache/Python/3.11.16/x64/lib/python3.11/urllib/request.py,1588,CacheFTPHandler,1,1,3.9180000000000004e-06,2.58324240853176e-06,3.9180000000000004e-06
/opt/hostedtoolcache/Python/3.11.16/x64/lib/python3.11/hmac.py,27,HMAC,1,1,3.917e-06,2.5825830817301945e-06,3.917e-06
~,0,<method 'splitlines' of 'str' objects>,2,2,3.917e-06,2.5825830817301945e-06,3.917e-06
/home/runner/work/_temp/scanner-verification-il7_c53e/final/hybrid_backend.py,138,ApiBackend,1,1,3.897e-06,2.569396545698894e-06,3.897e-06
/opt/hostedtoolcache/Python/3.11.16/x64/lib/python3.11/concurrent/futures/thread.py,46,_WorkItem,1,1,3.847000000000001e-06,2.5364302056206437e-06,3.847000000000001e-06
/opt/hostedtoolcache/Python/3.11.16/x64/lib/python3.11/calendar.py,74,<listcomp>,1,1,3.7770000000000004e-06,2.4902773295110916e-06,3.7770000000000004e-06
/opt/hostedtoolcache/Python/3.11.16/x64/lib/python3.11/datetime.py,46,_days_before_year,3,3,3.728e-06,2.4579703162344053e-06,3.728e-06
/opt/hostedtoolcache/Python/3.11.16/x64/lib/python3.11/unittest/mock.py,1401,get_original,1,1,3.727e-06,2.4573109894328403e-06,4.5790000000000005e-06
/opt/hostedtoolcache/Python/3.11.16/x64/lib/python3.11/site-packages/httpx/_config.py,173,__init__,2,2,3.7180000000000002e-06,2.4513770482187553e-06,3.7180000000000002e-06
~,0,<built-in method fromisoformat>,2,2,3.717e-06,2.4507177214171903e-06,3.717e-06
/opt/hostedtoolcache/Python/3.11.16/x64/lib/python3.11/uuid.py,334,hex,1,1,3.7070000000000003e-06,2.44412445340154e-06,3.7070000000000003e-06
/opt/hostedtoolcache/Python/3.11.16/x64/lib/python3.11/platform.py,735,_Processor,1,1,3.6970000000000003e-06,2.43753118538589e-06,3.6970000000000003e-06
/opt/hostedtoolcache/Python/3.11.16/x64/lib/python3.11/urllib/request.py,834,HTTPPasswordMgr,1,1,3.6470000000000004e-06,2.4045648453076386e-06,3.6470000000000004e-06
/home/runner/work/_temp/scanner-verification-il7_c53e/final/tests/benchmark_hybrid.py,110,<dictcomp>,1,1,3.627e-06,2.3913783092763382e-06,3.627e-06
<frozen runpy>,33,__enter__,1,1,3.6070000000000004e-06,2.378191773245038e-06,4.639e-06
/home/runner/work/_temp/scanner-verification-il7_c53e/original/tiktok_worker_scanner.py,817,ScanStateRecorder,1,1,3.526e-06,2.3247863023182708e-06,3.526e-06
/opt/hostedtoolcache/Python/3.11.16/x64/lib/python3.11/warnings.py,488,__exit__,1,1,3.497e-06,2.305665825072885e-06,4.439e-06
~,0,<method 'setblocking' of '_socket.socket' objects>,2,2,3.496e-06,2.30500649827132e-06,3.496e-06
/home/runner/work/_temp/scanner-verification-il7_c53e/original/avatar_cache.py,137,close,2,2,3.467e-06,2.2858860210259345e-06,3.467e-06
/opt/hostedtoolcache/Python/3.11.16/x64/lib/python3.11/urllib/request.py,2144,FancyURLopener,1,1,3.447e-06,2.272699484994634e-06,3.447e-06
/opt/hostedtoolcache/Python/3.11.16/x64/lib/python3.11/asyncio/base_events.py,656,stop,3,3,3.4370000000000003e-06,2.2661062169789836e-06,3.4370000000000003e-06
/opt/hostedtoolcache/Python/3.11.16/x64/lib/python3.11/enum.py,806,__members__,2,2,3.4360000000000002e-06,2.2654468901774187e-06,3.4360000000000002e-06
/home/runner/work/_temp/scanner-verification-il7_c53e/original/tiktok_worker_scanner.py,3009,reporter_done,1,1,3.4160000000000004e-06,2.2522603541461187e-06,5.1700000000000005e-06
/opt/hostedtoolcache/Python/3.11.16/x64/lib/python3.11/calendar.py,548,different_locale,1,1,3.396e-06,2.239073818114818e-06,3.396e-06
/home/runner/work/_temp/scanner-verification-il7_c53e/original/scan_runtime.py,65,__aenter__,1,1,3.3760000000000004e-06,2.2258872820835174e-06,4.4483e-05
/opt/hostedtoolcache/Python/3.11.16/x64/lib/python3.11/site-packages/httpx/_urls.py,282,raw_path,1,1,3.3650000000000004e-06,2.2186346872663025e-06,4.548e-06
/home/runner/work/_temp/scanner-verification-il7_c53e/original/tiktok_worker_scanner.py,179,ProfileSnapshot,1,1,3.3570000000000002e-06,2.213360072853782e-06,3.3570000000000002e-06
/opt/hostedtoolcache/Python/3.11.16/x64/lib/python3.11/asyncio/locks.py,346,__init__,2,2,3.3570000000000002e-06,2.213360072853782e-06,3.3570000000000002e-06
/opt/hostedtoolcache/Python/3.11.16/x64/lib/python3.11/site-packages/httpx/_decoders.py,306,TextDecoder,1,1,3.356e-06,2.212700746052217e-06,3.356e-06
/opt/hostedtoolcache/Python/3.11.16/x64/lib/python3.11/argparse.py,2227,_match_arguments_partial,1,1,3.3360000000000003e-06,2.1995142100209166e-06,4.197000000000001e-06
/opt/hostedtoolcache/Python/3.11.16/x64/lib/python3.11/pkgutil.py,40,read_code,1,1,3.287e-06,2.1672071967442303e-06,6.903000000000001e-06
~,0,<built-in method _hashlib.openssl_sha224>,1,1,3.2860000000000004e-06,2.1665478699426653e-06,3.2860000000000004e-06
~,0,<built-in method _hashlib.openssl_sha3_256>,1,1,3.2860000000000004e-06,2.1665478699426653e-06,3.2860000000000004e-06
/home/runner/work/_temp/scanner-verification-il7_c53e/original/tiktok_worker_scanner.py,2773,__init__,1,1,3.2750000000000004e-06,2.1592952751254504e-06,4.518000000000001e-06
/opt/hostedtoolcache/Python/3.11.16/x64/lib/python3.11/argparse.py,1865,_get_positional_actions,1,1,3.265e-06,2.1527020071098e-06,5.239e-06
/opt/hostedtoolcache/Python/3.11.16/x64/lib/python3.11/typing.py,2261,runtime_checkable,1,1,3.2460000000000003e-06,2.1401747978800645e-06,4.148e-06
/opt/hostedtoolcache/Python/3.11.16/x64/lib/python3.11/random.py,215,__init_subclass__,1,1,3.236e-06,2.133581529864414e-06,3.236e-06
/opt/hostedtoolcache/Python/3.11.16/x64/lib/python3.11/asyncio/queues.py,47,_init,2,2,3.2350000000000004e-06,2.1329222030628495e-06,3.2350000000000004e-06
/opt/hostedtoolcache/Python/3.11.16/x64/lib/python3.11/unittest/mock.py,2518,__init__,2,2,3.176e-06,2.094021921770513e-06,3.176e-06
/opt/hostedtoolcache/Python/3.11.16/x64/lib/python3.11/typing.py,1676,<genexpr>,2,2,3.176e-06,2.094021921770513e-06,4.0936e-05
/opt/hostedtoolcache/Python/3.11.16/x64/lib/python3.11/site-packages/httpx/_types.py,92,SyncByteStream,1,1,3.175e-06,2.093362594968948e-06,9.4005e-05
/opt/hostedtoolcache/Python/3.11.16/x64/lib/python3.11/asyncio/runners.py,193,_cancel_all_tasks,1,1,3.1560000000000004e-06,2.0808353857392124e-06,5.4933000000000004e-05
~,0,<built-in method posix.register_at_fork>,2,2,3.1560000000000004e-06,2.0808353857392124e-06,3.1560000000000004e-06
~,0,<built-in method _signal.getsignal>,2,2,3.146e-06,2.074242117723562e-06,3.146e-06
/opt/hostedtoolcache/Python/3.11.16/x64/lib/python3.11/argparse.py,626,<listcomp>,3,3,3.1260000000000002e-06,2.0610555816922616e-06,3.1260000000000002e-06
<frozen _collections_abc>,262,__subclasshook__,1,1,3.107e-06,2.048528372462526e-06,6.673e-06
/opt/hostedtoolcache/Python/3.11.16/x64/lib/python3.11/typing.py,479,__repr__,2,2,3.1060000000000004e-06,2.0478690456609616e-06,3.1060000000000004e-06
/opt/hostedtoolcache/Python/3.11.16/x64/lib/python3.11/site-packages/httpx/_client.py,223,is_closed,1,1,3.086e-06,2.0346825096296607e-06,3.086e-06
~,0,<built-in method _warnings._filters_mutated>,3,3,3.086e-06,2.0346825096296607e-06,3.086e-06
/home/runner/work/_temp/scanner-verification-il7_c53e/original/tiktok_worker_scanner.py,3161,RunLog,1,1,3.0550000000000004e-06,2.0142433787811454e-06,3.0550000000000004e-06
~,0,<built-in method _sqlite3.register_converter>,2,2,3.045e-06,2.007650110765495e-06,3.045e-06
/home/runner/work/_temp/scanner-verification-il7_c53e/final/tests/benchmark_hybrid.py,58,__init__,2,2,3.0360000000000002e-06,2.0017161695514095e-06,3.0360000000000002e-06
/opt/hostedtoolcache/Python/3.11.16/x64/lib/python3.11/site-packages/httpx/_exceptions.py,340,ResponseNotRead,1,1,3.035e-06,2.0010568427498445e-06,3.035e-06
/opt/hostedtoolcache/Python/3.11.16/x64/lib/python3.11/sqlite3/dbapi2.py,48,<listcomp>,1,1,3.016e-06,1.988529633520109e-06,3.016e-06
~,0,<built-in method _hashlib.openssl_sha3_384>,1,1,3.016e-06,1.988529633520109e-06,3.016e-06
~,0,<built-in method _hashlib.openssl_sha384>,1,1,3.0150000000000004e-06,1.987870306718544e-06,3.0150000000000004e-06
/home/runner/work/_temp/scanner-verification-il7_c53e/final/tests/benchmark_hybrid.py,57,MeasuredLock,1,1,3.005e-06,1.9812770387028937e-06,3.005e-06
/opt/hostedtoolcache/Python/3.11.16/x64/lib/python3.11/email/feedparser.py,134,FeedParser,1,1,2.996e-06,1.9753430974888086e-06,2.996e-06
/opt/hostedtoolcache/Python/3.11.16/x64/lib/python3.11/site-packages/httpx/_types.py,106,AsyncByteStream,1,1,2.9860000000000003e-06,1.9687498294731587e-06,9.3585e-05
/opt/hostedtoolcache/Python/3.11.16/x64/lib/python3.11/typing.py,2974,_namedtuple_mro_entries,2,2,2.9850000000000002e-06,1.9680905026715937e-06,2.9850000000000002e-06
~,0,<built-in method sys.is_finalizing>,1,1,2.9460000000000003e-06,1.9423767574105574e-06,2.9460000000000003e-06
~,0,<method 'union' of 'set' objects>,1,1,2.945e-06,1.9417174306089924e-06,2.945e-06
/home/runner/work/_temp/scanner-verification-il7_c53e/original/avatar_cache.py,164,AvatarCache,1,1,2.915e-06,1.9219376265620416e-06,2.915e-06
<frozen _collections_abc>,113,__subclasshook__,1,1,2.915e-06,1.9219376265620416e-06,5.821000000000001e-06
~,0,<built-in method _hashlib.openssl_shake_128>,1,1,2.8960000000000003e-06,1.9094104173323066e-06,2.8960000000000003e-06
/opt/hostedtoolcache/Python/3.11.16/x64/lib/python3.11/tempfile.py,433,_TemporaryFileCloser,1,1,2.8950000000000002e-06,1.9087510905307416e-06,2.8950000000000002e-06
/opt/hostedtoolcache/Python/3.11.16/x64/lib/python3.11/calendar.py,156,__init__,1,1,2.8850000000000003e-06,1.9021578225150912e-06,3.987e-06
/opt/hostedtoolcache/Python/3.11.16/x64/lib/python3.11/contextlib.py,466,_create_cb_wrapper,2,2,2.8850000000000003e-06,1.9021578225150912e-06,2.8850000000000003e-06
~,0,<built-in method _sqlite3.register_adapter>,2,2,2.876e-06,1.8962238813010057e-06,2.876e-06
/opt/hostedtoolcache/Python/3.11.16/x64/lib/python3.11/pathlib.py,43,_is_wildcard_pattern,2,2,2.875e-06,1.8955645544994408e-06,2.875e-06
~,0,<built-in method _hashlib.openssl_sha512>,1,1,2.855e-06,1.8823780184681403e-06,2.855e-06
/opt/hostedtoolcache/Python/3.11.16/x64/lib/python3.11/warnings.py,441,__init__,1,1,2.8460000000000004e-06,1.8764440772540553e-06,2.8460000000000004e-06
/opt/hostedtoolcache/Python/3.11.16/x64/lib/python3.11/email/feedparser.py,44,BufferedSubFile,1,1,2.8450000000000003e-06,1.8757847504524904e-06,2.8450000000000003e-06
/opt/hostedtoolcache/Python/3.11.16/x64/lib/python3.11/importlib/resources/_adapters.py,114,OrphanPath,1,1,2.8350000000000004e-06,1.8691914824368401e-06,2.8350000000000004e-06
/opt/hostedtoolcache/Python/3.11.16/x64/lib/python3.11/asyncio/base_events.py,540,shutdown_asyncgens,1,1,2.8350000000000004e-06,1.8691914824368401e-06,1.055e-05
/opt/hostedtoolcache/Python/3.11.16/x64/lib/python3.11/site-packages/httpx/_client.py,139,BoundSyncStream,1,1,2.8350000000000004e-06,1.8691914824368401e-06,2.8350000000000004e-06
~,0,<built-in method _hashlib.openssl_sha3_512>,1,1,2.8350000000000004e-06,1.8691914824368401e-06,2.8350000000000004e-06
/opt/hostedtoolcache/Python/3.11.16/x64/lib/python3.11/logging/__init__.py,1720,getEffectiveLevel,1,1,2.8350000000000004e-06,1.8691914824368401e-06,2.8350000000000004e-06
~,0,<method 'index' of 'tuple' objects>,3,3,2.8160000000000002e-06,1.8566642732071045e-06,2.8160000000000002e-06
~,0,<built-in method _hashlib.openssl_shake_256>,1,1,2.796e-06,1.843477737175804e-06,2.796e-06
/opt/hostedtoolcache/Python/3.11.16/x64/lib/python3.11/site-packages/idna/core.py,70,IDNAError,1,1,2.7550000000000003e-06,1.8164453383116383e-06,2.7550000000000003e-06
~,0,<method 'cast' of 'memoryview' objects>,2,2,2.7550000000000003e-06,1.8164453383116383e-06,2.7550000000000003e-06
/opt/hostedtoolcache/Python/3.11.16/x64/lib/python3.11/email/header.py,536,_Accumulator,1,1,2.7260000000000002e-06,1.7973248610662524e-06,2.7260000000000002e-06
/opt/hostedtoolcache/Python/3.11.16/x64/lib/python3.11/enum.py,1453,<listcomp>,2,2,2.7050000000000004e-06,1.783478998233387e-06,2.7050000000000004e-06
/home/runner/work/_temp/scanner-verification-il7_c53e/original/tiktok_worker_scanner.py,736,<genexpr>,2,2,2.7040000000000003e-06,1.7828196714318218e-06,2.7040000000000003e-06
/opt/hostedtoolcache/Python/3.11.16/x64/lib/python3.11/subprocess.py,1120,__del__,1,1,2.685e-06,1.7702924622020866e-06,3.677e-06
/home/runner/work/_temp/scanner-verification-il7_c53e/original/tiktok_worker_scanner.py,918,WorkerApiError,1,1,2.655e-06,1.7505126581551358e-06,2.655e-06
/opt/hostedtoolcache/Python/3.11.16/x64/lib/python3.11/email/charset.py,162,Charset,1,1,2.646e-06,1.7445787169410507e-06,2.646e-06
/opt/hostedtoolcache/Python/3.11.16/x64/lib/python3.11/urllib/request.py,426,OpenerDirector,1,1,2.645e-06,1.7439193901394858e-06,2.645e-06
<frozen importlib._bootstrap>,1101,_sanity_check,1,1,2.624e-06,1.7300735273066202e-06,3.546e-06
/opt/hostedtoolcache/Python/3.11.16/x64/lib/python3.11/http/client.py,1467,HTTPSConnection,1,1,2.6150000000000004e-06,1.724139586092535e-06,2.6150000000000004e-06
/opt/hostedtoolcache/Python/3.11.16/x64/lib/python3.11/site-packages/httpx/_utils.py,120,URLPattern,1,1,2.605e-06,1.7175463180768845e-06,2.605e-06
/opt/hostedtoolcache/Python/3.11.16/x64/lib/python3.11/site-packages/httpx/_auth.py,22,Auth,1,1,2.5850000000000002e-06,1.7043597820455845e-06,2.5850000000000002e-06
/opt/hostedtoolcache/Python/3.11.16/x64/lib/python3.11/weakref.py,414,__getitem__,1,1,2.584e-06,1.7037004552440191e-06,2.584e-06
/home/runner/work/_temp/scanner-verification-il7_c53e/final/rate_limit_control.py,21,RateLimitController,1,1,2.584e-06,1.7037004552440191e-06,2.584e-06
/opt/hostedtoolcache/Python/3.11.16/x64/lib/python3.11/importlib/resources/_adapters.py,25,__init__,2,2,2.5740000000000003e-06,1.697107187228369e-06,2.5740000000000003e-06
/opt/hostedtoolcache/Python/3.11.16/x64/lib/python3.11/functools.py,861,<lambda>,1,1,2.566e-06,1.6918325728158486e-06,4.2099000000000005e-05
/opt/hostedtoolcache/Python/3.11.16/x64/lib/python3.11/http/cookiejar.py,743,Cookie,1,1,2.565e-06,1.6911732460142837e-06,2.565e-06
/opt/hostedtoolcache/Python/3.11.16/x64/lib/python3.11/pathlib.py,427,__init__,1,1,2.565e-06,1.6911732460142837e-06,2.565e-06
<frozen runpy>,28,__init__,1,1,2.5350000000000003e-06,1.6713934419673333e-06,2.5350000000000003e-06
/opt/hostedtoolcache/Python/3.11.16/x64/lib/python3.11/importlib/resources/_adapters.py,83,ChildPath,1,1,2.525e-06,1.6648001739516828e-06,2.525e-06
/opt/hostedtoolcache/Python/3.11.16/x64/lib/python3.11/site-packages/httpx/_multipart.py,224,MultipartStream,1,1,2.504e-06,1.6509543111188175e-06,2.504e-06
/opt/hostedtoolcache/Python/3.11.16/x64/lib/python3.11/calendar.py,412,HTMLCalendar,1,1,2.4960000000000003e-06,1.6456796967062974e-06,2.4960000000000003e-06
/opt/hostedtoolcache/Python/3.11.16/x64/lib/python3.11/site-packages/httpx/_models.py,1243,_CookieCompatRequest,1,1,2.475e-06,1.6318338338734316e-06,2.475e-06
/opt/hostedtoolcache/Python/3.11.16/x64/lib/python3.11/urllib/response.py,68,addinfourl,1,1,2.475e-06,1.6318338338734316e-06,2.475e-06
/opt/hostedtoolcache/Python/3.11.16/x64/lib/python3.11/calendar.py,76,__init__,2,2,2.424e-06,1.5982081669936156e-06,2.424e-06
~,0,<built-in method math.log>,2,2,2.414e-06,1.5916148989779654e-06,2.414e-06
/opt/hostedtoolcache/Python/3.11.16/x64/lib/python3.11/tempfile.py,133,_RandomNameSequence,1,1,2.4050000000000003e-06,1.5856809577638801e-06,2.4050000000000003e-06
/opt/hostedtoolcache/Python/3.11.16/x64/lib/python3.11/http/__init__.py,154,HTTPMethod,1,1,2.404e-06,1.5850216309623152e-06,2.404e-06
/opt/hostedtoolcache/Python/3.11.16/x64/lib/python3.11/functools.py,966,__init__,1,1,2.395e-06,1.5790876897482297e-06,2.395e-06
/home/runner/work/_temp/scanner-verification-il7_c53e/original/scan_runtime.py,45,DiskLane,1,1,2.384e-06,1.5718350949310145e-06,2.384e-06
/opt/hostedtoolcache/Python/3.11.16/x64/lib/python3.11/email/_policybase.py,18,_PolicyBase,1,1,2.374e-06,1.5652418269153643e-06,2.374e-06
~,0,<built-in method math.sqrt>,2,2,2.3540000000000002e-06,1.5520552908840641e-06,2.3540000000000002e-06
/home/runner/work/_temp/scanner-verification-il7_c53e/original/tiktok_worker_scanner.py,739,<genexpr>,2,2,2.345e-06,1.5461213496699787e-06,2.345e-06
/opt/hostedtoolcache/Python/3.11.16/x64/lib/python3.11/pathlib.py,757,joinpath,1,1,2.345e-06,1.5461213496699787e-06,3.8102e-05
~,0,<method 'remove' of 'list' objects>,1,1,2.3440000000000003e-06,1.545462022868414e-06,2.3440000000000003e-06
~,0,<method 'deleter' of 'property' objects>,2,2,2.334e-06,1.5388687548527635e-06,2.334e-06
/home/runner/work/_temp/scanner-verification-il7_c53e/original/tiktok_worker_scanner.py,929,InvalidWorkerResponse,1,1,2.325e-06,1.5329348136386782e-06,2.325e-06
/opt/hostedtoolcache/Python/3.11.16/x64/lib/python3.11/email/__init__.py,1,<module>,1,1,2.314e-06,1.525682218821463e-06,2.314e-06
/opt/hostedtoolcache/Python/3.11.16/x64/lib/python3.11/email/_policybase.py,41,__init__,1,1,2.314e-06,1.525682218821463e-06,3.176e-06
/opt/hostedtoolcache/Python/3.11.16/x64/lib/python3.11/selectors.py,272,get_map,2,2,2.314e-06,1.525682218821463e-06,2.314e-06
/home/runner/work/_temp/scanner-verification-il7_c53e/original/tiktok_worker_scanner.py,706,<listcomp>,2,2,2.313e-06,1.525022892019898e-06,2.313e-06
/home/runner/work/_temp/scanner-verification-il7_c53e/original/tiktok_worker_scanner.py,256,ProfileJob,1,1,2.3040000000000003e-06,1.5190889508058129e-06,2.3040000000000003e-06
/opt/hostedtoolcache/Python/3.11.16/x64/lib/python3.11/random.py,787,SystemRandom,1,1,2.3040000000000003e-06,1.5190889508058129e-06,2.3040000000000003e-06
/opt/hostedtoolcache/Python/3.11.16/x64/lib/python3.11/email/header.py,408,_ValueFormatter,1,1,2.295e-06,1.5131550095917274e-06,2.295e-06
/opt/hostedtoolcache/Python/3.11.16/x64/lib/python3.11/unittest/mock.py,648,__getattr__,1,1,2.294e-06,1.5124956827901624e-06,2.294e-06
/opt/hostedtoolcache/Python/3.11.16/x64/lib/python3.11/site-packages/idna/idnadata.py,1,<module>,1,1,2.284e-06,1.5059024147745122e-06,2.284e-06
~,0,<method 'fileno' of '_socket.socket' objects>,2,2,2.284e-06,1.5059024147745122e-06,2.284e-06
/opt/hostedtoolcache/Python/3.11.16/x64/lib/python3.11/calendar.py,295,TextCalendar,1,1,2.2750000000000002e-06,1.4999684735604272e-06,2.2750000000000002e-06
~,0,<built-in method resource.getrlimit>,1,1,2.2640000000000003e-06,1.492715878743212e-06,2.2640000000000003e-06
/opt/hostedtoolcache/Python/3.11.16/x64/lib/python3.11/asyncio/base_events.py,565,shutdown_default_executor,1,1,2.205e-06,1.4538155974508753e-06,2.205e-06
/opt/hostedtoolcache/Python/3.11.16/x64/lib/python3.11/encodings/utf_8_sig.py,26,IncrementalEncoder,1,1,2.204e-06,1.4531562706493104e-06,2.204e-06
/opt/hostedtoolcache/Python/3.11.16/x64/lib/python3.11/subprocess.py,1973,_internal_poll,2,2,2.204e-06,1.4531562706493104e-06,2.204e-06
/opt/hostedtoolcache/Python/3.11.16/x64/lib/python3.11/datetime.py,1219,tzinfo,1,1,2.204e-06,1.4531562706493104e-06,2.204e-06
/opt/hostedtoolcache/Python/3.11.16/x64/lib/python3.11/zipfile.py,773,_SharedFile,1,1,2.195e-06,1.4472223294352253e-06,2.195e-06
/opt/hostedtoolcache/Python/3.11.16/x64/lib/python3.11/re/_parser.py,103,checklookbehindgroup,2,2,2.195e-06,1.4472223294352253e-06,2.195e-06
/opt/hostedtoolcache/Python/3.11.16/x64/lib/python3.11/site-packages/httpx/_config.py,201,Proxy,1,1,2.194e-06,1.4465630026336604e-06,2.194e-06
/home/runner/work/_temp/scanner-verification-il7_c53e/original/tiktok_worker_scanner.py,248,BatchResponse,1,1,2.194e-06,1.4465630026336604e-06,2.194e-06
/opt/hostedtoolcache/Python/3.11.16/x64/lib/python3.11/site-packages/httpx/_multipart.py,70,DataField,1,1,2.184e-06,1.4399697346180102e-06,2.184e-06
/opt/hostedtoolcache/Python/3.11.16/x64/lib/python3.11/enum.py,794,__iter__,1,1,2.184e-06,1.4399697346180102e-06,2.184e-06
/opt/hostedtoolcache/Python/3.11.16/x64/lib/python3.11/contextlib.py,440,__init__,1,1,2.164e-06,1.4267831985867095e-06,2.164e-06
/home/runner/work/_temp/scanner-verification-il7_c53e/original/tiktok_worker_scanner.py,1934,SecretLogFilter,1,1,2.155e-06,1.4208492573726243e-06,2.155e-06
/opt/hostedtoolcache/Python/3.11.16/x64/lib/python3.11/calendar.py,57,__init__,2,2,2.154e-06,1.4201899305710593e-06,2.154e-06
/opt/hostedtoolcache/Python/3.11.16/x64/lib/python3.11/subprocess.py,1311,_on_error_fd_closer,2,2,2.154e-06,1.4201899305710593e-06,2.154e-06
/opt/hostedtoolcache/Python/3.11.16/x64/lib/python3.11/dataclasses.py,179,__repr__,2,2,2.154e-06,1.4201899305710593e-06,2.154e-06
/opt/hostedtoolcache/Python/3.11.16/x64/lib/python3.11/http/cookiejar.py,1776,FileCookieJar,1,1,2.144e-06,1.413596662555409e-06,2.144e-06
/opt/hostedtoolcache/Python/3.11.16/x64/lib/python3.11/urllib/request.py,1080,AbstractDigestAuthHandler,1,1,2.144e-06,1.413596662555409e-06,2.144e-06
/opt/hostedtoolcache/Python/3.11.16/x64/lib/python3.11/urllib/request.py,908,HTTPPasswordMgrWithPriorAuth,1,1,2.1350000000000003e-06,1.407662721341324e-06,2.1350000000000003e-06
/opt/hostedtoolcache/Python/3.11.16/x64/lib/python3.11/urllib/response.py,14,addbase,1,1,2.1340000000000002e-06,1.4070033945397591e-06,2.1340000000000002e-06
/opt/hostedtoolcache/Python/3.11.16/x64/lib/python3.11/subprocess.py,481,__init__,1,1,2.1340000000000002e-06,1.4070033945397591e-06,2.1340000000000002e-06
/opt/hostedtoolcache/Python/3.11.16/x64/lib/python3.11/unittest/mock.py,1266,_check_spec_arg_typos,1,1,2.1340000000000002e-06,1.4070033945397591e-06,2.1340000000000002e-06
/opt/hostedtoolcache/Python/3.11.16/x64/lib/python3.11/subprocess.py,268,_cleanup,1,1,2.104e-06,1.3872235904928083e-06,2.104e-06
/opt/hostedtoolcache/Python/3.11.16/x64/lib/python3.11/argparse.py,981,__call__,1,1,2.094e-06,1.380630322477158e-06,3.1560000000000004e-06
~,0,<built-in method posix.confstr>,1,1,2.0840000000000003e-06,1.3740370544615079e-06,2.0840000000000003e-06
/opt/hostedtoolcache/Python/3.11.16/x64/lib/python3.11/functools.py,741,is_related,2,2,2.074e-06,1.3674437864458574e-06,2.074e-06
/opt/hostedtoolcache/Python/3.11.16/x64/lib/python3.11/tempfile.py,476,_TemporaryFileWrapper,1,1,2.0730000000000003e-06,1.3667844596442925e-06,2.0730000000000003e-06
/opt/hostedtoolcache/Python/3.11.16/x64/lib/python3.11/zipfile.py,2042,PyZipFile,1,1,2.064e-06,1.3608505184302072e-06,2.064e-06
~,0,<method 'detach' of '_socket.socket' objects>,2,2,2.0550000000000002e-06,1.3549165772161222e-06,2.0550000000000002e-06
/opt/hostedtoolcache/Python/3.11.16/x64/lib/python3.11/site-packages/httpx/_transports/default.py,279,AsyncHTTPTransport,1,1,2.054e-06,1.354257250414557e-06,2.054e-06
/opt/hostedtoolcache/Python/3.11.16/x64/lib/python3.11/site-packages/httpx/_client.py,121,<listcomp>,1,1,2.053e-06,1.353597923612992e-06,2.053e-06
/opt/hostedtoolcache/Python/3.11.16/x64/lib/python3.11/zipfile.py,2334,FastLookup,1,1,2.034e-06,1.3410707143832564e-06,2.034e-06
/opt/hostedtoolcache/Python/3.11.16/x64/lib/python3.11/zipfile.py,649,LZMACompressor,1,1,2.0330000000000003e-06,1.3404113875816916e-06,2.0330000000000003e-06
/opt/hostedtoolcache/Python/3.11.16/x64/lib/python3.11/site-packages/httpx/_multipart.py,115,FileField,1,1,2.023e-06,1.3338181195660412e-06,2.023e-06
~,0,<method 'total_seconds' of 'datetime.timedelta' objects>,1,1,2.023e-06,1.3338181195660412e-06,2.023e-06
/opt/hostedtoolcache/Python/3.11.16/x64/lib/python3.11/typing.py,2928,<listcomp>,2,2,2.014e-06,1.3278841783519562e-06,2.014e-06
/opt/hostedtoolcache/Python/3.11.16/x64/lib/python3.11/urllib/request.py,645,HTTPRedirectHandler,1,1,2.004e-06,1.321290910336306e-06,2.004e-06
/home/runner/work/_temp/scanner-verification-il7_c53e/original/avatar_cache.py,122,AvatarReader,1,1,1.9940000000000003e-06,1.3146976423206558e-06,1.9940000000000003e-06
~,0,<method 'copy' of 'dict' objects>,1,1,1.9940000000000003e-06,1.3146976423206558e-06,1.9940000000000003e-06
/opt/hostedtoolcache/Python/3.11.16/x64/lib/python3.11/email/_parseaddr.py,512,AddressList,1,1,1.9930000000000002e-06,1.3140383155190908e-06,1.9930000000000002e-06
/home/runner/work/_temp/scanner-verification-il7_c53e/original/tiktok_worker_scanner.py,3163,__init__,1,1,1.984e-06,1.3081043743050053e-06,1.984e-06
/opt/hostedtoolcache/Python/3.11.16/x64/lib/python3.11/__future__.py,81,_Feature,1,1,1.984e-06,1.3081043743050053e-06,1.984e-06
/opt/hostedtoolcache/Python/3.11.16/x64/lib/python3.11/argparse.py,1866,<listcomp>,1,1,1.974e-06,1.3015111062893551e-06,1.974e-06
~,0,<method 'pop' of 'set' objects>,2,2,1.974e-06,1.3015111062893551e-06,1.974e-06
<string>,1,__create_fn__,1,1,1.973e-06,1.3008517794877902e-06,1.973e-06
/opt/hostedtoolcache/Python/3.11.16/x64/lib/python3.11/importlib/resources/readers.py,15,FileReader,1,1,1.964e-06,1.294917838273705e-06,1.964e-06
/opt/hostedtoolcache/Python/3.11.16/x64/lib/python3.11/zipfile.py,813,_Tellable,1,1,1.953e-06,1.2876652434564898e-06,1.953e-06
/opt/hostedtoolcache/Python/3.11.16/x64/lib/python3.11/argparse.py,592,<listcomp>,1,1,1.934e-06,1.2751380342267543e-06,1.934e-06
/opt/hostedtoolcache/Python/3.11.16/x64/lib/python3.11/calendar.py,573,LocaleTextCalendar,1,1,1.933e-06,1.2744787074251891e-06,1.933e-06
/opt/hostedtoolcache/Python/3.11.16/x64/lib/python3.11/site-packages/httpx/_auth.py,126,BasicAuth,1,1,1.9140000000000002e-06,1.2619514981954539e-06,1.9140000000000002e-06
/home/runner/work/_temp/scanner-verification-il7_c53e/original/tiktok_worker_scanner.py,3100,ScanLock,1,1,1.903e-06,1.2546989033782385e-06,1.903e-06
/opt/hostedtoolcache/Python/3.11.16/x64/lib/python3.11/sqlite3/dbapi2.py,49,<listcomp>,1,1,1.903e-06,1.2546989033782385e-06,1.903e-06
/opt/hostedtoolcache/Python/3.11.16/x64/lib/python3.11/importlib/resources/_adapters.py,7,SpecLoaderAdapter,1,1,1.8940000000000002e-06,1.2487649621641535e-06,1.8940000000000002e-06
/home/runner/work/_temp/scanner-verification-il7_c53e/final/rate_limit_control.py,15,BackendPaused,1,1,1.883e-06,1.241512367346938e-06,1.883e-06
<frozen runpy>,50,__init__,1,1,1.8630000000000002e-06,1.2283258313156379e-06,1.8630000000000002e-06
/opt/hostedtoolcache/Python/3.11.16/x64/lib/python3.11/site-packages/httpx/_config.py,159,Limits,1,1,1.8540000000000002e-06,1.2223918901015524e-06,1.8540000000000002e-06
/opt/hostedtoolcache/Python/3.11.16/x64/lib/python3.11/site-packages/httpx/_transports/base.py,65,AsyncBaseTransport,1,1,1.833e-06,1.208546027268687e-06,1.833e-06
/opt/hostedtoolcache/Python/3.11.16/x64/lib/python3.11/inspect.py,2814,__init__,1,1,1.833e-06,1.208546027268687e-06,1.833e-06
<frozen runpy>,54,__enter__,1,1,1.833e-06,1.208546027268687e-06,1.833e-06
/home/runner/work/_temp/scanner-verification-il7_c53e/final/direct_protocol.py,22,ProtocolError,1,1,1.824e-06,1.2026120860546018e-06,1.824e-06
/opt/hostedtoolcache/Python/3.11.16/x64/lib/python3.11/urllib/request.py,1256,AbstractHTTPHandler,1,1,1.824e-06,1.2026120860546018e-06,1.824e-06
~,0,<method 'popitem' of 'dict' objects>,1,1,1.8230000000000002e-06,1.2019527592530368e-06,1.8230000000000002e-06
/opt/hostedtoolcache/Python/3.11.16/x64/lib/python3.11/http/cookiejar.py,841,CookiePolicy,1,1,1.813e-06,1.1953594912373866e-06,1.813e-06
~,0,<method 'pop' of 'collections.deque' objects>,2,2,1.813e-06,1.1953594912373866e-06,1.813e-06
/opt/hostedtoolcache/Python/3.11.16/x64/lib/python3.11/site-packages/httpx/_transports/mock.py,16,__init__,1,1,1.8030000000000001e-06,1.1887662232217364e-06,1.8030000000000001e-06
/opt/hostedtoolcache/Python/3.11.16/x64/lib/python3.11/urllib/request.py,1374,HTTPHandler,1,1,1.794e-06,1.1828322820076512e-06,1.794e-06
/opt/hostedtoolcache/Python/3.11.16/x64/lib/python3.11/unittest/mock.py,1642,<lambda>,2,2,1.794e-06,1.1828322820076512e-06,1.794e-06
/opt/hostedtoolcache/Python/3.11.16/x64/lib/python3.11/encodings/utf_8_sig.py,49,IncrementalDecoder,1,1,1.793e-06,1.182172955206086e-06,1.793e-06
/opt/hostedtoolcache/Python/3.11.16/x64/lib/python3.11/queue.py,223,PriorityQueue,1,1,1.773e-06,1.1689864191747856e-06,1.773e-06
/home/runner/work/_temp/scanner-verification-il7_c53e/original/tiktok_worker_scanner.py,1188,<listcomp>,1,1,1.773e-06,1.1689864191747856e-06,1.773e-06
/opt/hostedtoolcache/Python/3.11.16/x64/lib/python3.11/contextlib.py,393,__init__,1,1,1.763e-06,1.1623931511591354e-06,1.763e-06
/opt/hostedtoolcache/Python/3.11.16/x64/lib/python3.11/site-packages/httpx/_auth.py,343,_DigestAuthChallenge,1,1,1.754e-06,1.1564592099450501e-06,1.754e-06
/opt/hostedtoolcache/Python/3.11.16/x64/lib/python3.11/email/parser.py,16,Parser,1,1,1.7530000000000002e-06,1.1557998831434854e-06,1.7530000000000002e-06
/opt/hostedtoolcache/Python/3.11.16/x64/lib/python3.11/statistics.py,256,_coerce,1,1,1.7330000000000002e-06,1.1426133471121848e-06,1.7330000000000002e-06
/opt/hostedtoolcache/Python/3.11.16/x64/lib/python3.11/site-packages/httpx/_transports/default.py,121,ResponseStream,1,1,1.723e-06,1.1360200790965345e-06,1.723e-06
/opt/hostedtoolcache/Python/3.11.16/x64/lib/python3.11/site-packages/httpx/_auth.py,145,NetRCAuth,1,1,1.723e-06,1.1360200790965345e-06,1.723e-06
/opt/hostedtoolcache/Python/3.11.16/x64/lib/python3.11/unittest/mock.py,574,__get_side_effect,1,1,1.723e-06,1.1360200790965345e-06,1.723e-06
/opt/hostedtoolcache/Python/3.11.16/x64/lib/python3.11/urllib/response.py,37,addclosehook,1,1,1.7130000000000002e-06,1.1294268110808843e-06,1.7130000000000002e-06
/home/runner/work/_temp/scanner-verification-il7_c53e/original/scan_runtime.py,193,ShutdownGuard,1,1,1.683e-06,1.1096470070339335e-06,1.683e-06
/home/runner/work/_temp/scanner-verification-il7_c53e/original/scan_runtime.py,134,RetryQueue,1,1,1.6740000000000002e-06,1.1037130658198485e-06,1.6740000000000002e-06
/opt/hostedtoolcache/Python/3.11.16/x64/lib/python3.11/importlib/resources/readers.py,107,NamespaceReader,1,1,1.664e-06,1.097119797804198e-06,1.664e-06
/opt/hostedtoolcache/Python/3.11.16/x64/lib/python3.11/urllib/response.py,57,addinfo,1,1,1.6540000000000002e-06,1.0905265297885478e-06,1.6540000000000002e-06
/opt/hostedtoolcache/Python/3.11.16/x64/lib/python3.11/urllib/request.py,605,BaseHandler,1,1,1.6430000000000002e-06,1.0832739349713327e-06,1.6430000000000002e-06
/opt/hostedtoolcache/Python/3.11.16/x64/lib/python3.11/urllib/request.py,1398,HTTPCookieProcessor,1,1,1.6430000000000002e-06,1.0832739349713327e-06,1.6430000000000002e-06
/opt/hostedtoolcache/Python/3.11.16/x64/lib/python3.11/site-packages/httpx/_transports/mock.py,15,MockTransport,1,1,1.6230000000000002e-06,1.0700873989400322e-06,1.6230000000000002e-06
/opt/hostedtoolcache/Python/3.11.16/x64/lib/python3.11/site-packages/httpx/_auth.py,113,FunctionAuth,1,1,1.6230000000000002e-06,1.0700873989400322e-06,1.6230000000000002e-06
/opt/hostedtoolcache/Python/3.11.16/x64/lib/python3.11/selectors.py,63,__init__,1,1,1.6230000000000002e-06,1.0700873989400322e-06,1.6230000000000002e-06
/opt/hostedtoolcache/Python/3.11.16/x64/lib/python3.11/urllib/request.py,1474,FileHandler,1,1,1.6120000000000002e-06,1.0628348041228169e-06,1.6120000000000002e-06
/opt/hostedtoolcache/Python/3.11.16/x64/lib/python3.11/http/cookiejar.py,1859,LWPCookieJar,1,1,1.6030000000000002e-06,1.0569008629087318e-06,1.6030000000000002e-06
/opt/hostedtoolcache/Python/3.11.16/x64/lib/python3.11/numbers.py,12,Number,1,1,1.6030000000000002e-06,1.0569008629087318e-06,1.6030000000000002e-06
/opt/hostedtoolcache/Python/3.11.16/x64/lib/python3.11/site-packages/httpx/_content.py,31,ByteStream,1,1,1.5940000000000001e-06,1.0509669216946464e-06,1.5940000000000001e-06
/opt/hostedtoolcache/Python/3.11.16/x64/lib/python3.11/site-packages/httpx/_exceptions.py,107,RequestError,1,1,1.593e-06,1.0503075948930814e-06,1.593e-06
/opt/hostedtoolcache/Python/3.11.16/x64/lib/python3.11/http/client.py,1550,IncompleteRead,1,1,1.5830000000000001e-06,1.0437143268774314e-06,1.5830000000000001e-06
/opt/hostedtoolcache/Python/3.11.16/x64/lib/python3.11/site-packages/httpx/_decoders.py,56,DeflateDecoder,1,1,1.573e-06,1.037121058861781e-06,1.573e-06
/opt/hostedtoolcache/Python/3.11.16/x64/lib/python3.11/email/feedparser.py,530,BytesFeedParser,1,1,1.573e-06,1.037121058861781e-06,1.573e-06
/opt/hostedtoolcache/Python/3.11.16/x64/lib/python3.11/logging/__init__.py,1319,disable,1,1,1.573e-06,1.037121058861781e-06,1.573e-06
/opt/hostedtoolcache/Python/3.11.16/x64/lib/python3.11/site-packages/httpx/_transports/wsgi.py,30,WSGIByteStream,1,1,1.554e-06,1.0245938496320455e-06,1.554e-06
/home/runner/work/_temp/scanner-verification-il7_c53e/final/connection_metrics.py,3,RequestTrace,1,1,1.553e-06,1.0239345228304806e-06,1.553e-06
/opt/hostedtoolcache/Python/3.11.16/x64/lib/python3.11/calendar.py,594,LocaleHTMLCalendar,1,1,1.5520000000000001e-06,1.0232751960289156e-06,1.5520000000000001e-06
/opt/hostedtoolcache/Python/3.11.16/x64/lib/python3.11/queue.py,242,LifoQueue,1,1,1.543e-06,1.0173412548148304e-06,1.543e-06
/opt/hostedtoolcache/Python/3.11.16/x64/lib/python3.11/site-packages/httpx/_transports/asgi.py,63,ASGITransport,1,1,1.543e-06,1.0173412548148304e-06,1.543e-06
/opt/hostedtoolcache/Python/3.11.16/x64/lib/python3.11/site-packages/httpx/_transports/wsgi.py,44,WSGITransport,1,1,1.543e-06,1.0173412548148304e-06,1.543e-06
/opt/hostedtoolcache/Python/3.11.16/x64/lib/python3.11/email/parser.py,78,BytesParser,1,1,1.5330000000000002e-06,1.0107479867991802e-06,1.5330000000000002e-06
/opt/hostedtoolcache/Python/3.11.16/x64/lib/python3.11/email/errors.py,97,NonPrintableDefect,1,1,1.5320000000000001e-06,1.0100886599976152e-06,1.5320000000000001e-06
/home/runner/work/_temp/scanner-verification-il7_c53e/original/tiktok_worker_scanner.py,2772,SharedScanControl,1,1,1.523e-06,1.00415471878353e-06,1.523e-06
/opt/hostedtoolcache/Python/3.11.16/x64/lib/python3.11/site-packages/httpx/_decoders.py,36,ContentDecoder,1,1,1.523e-06,1.00415471878353e-06,1.523e-06
/home/runner/work/_temp/scanner-verification-il7_c53e/original/tiktok_worker_scanner.py,167,ExporterError,1,1,1.522e-06,1.003495391981965e-06,1.522e-06
/opt/hostedtoolcache/Python/3.11.16/x64/lib/python3.11/email/errors.py,37,MessageDefect,1,1,1.5130000000000002e-06,9.975614507678797e-07,1.5130000000000002e-06
/opt/hostedtoolcache/Python/3.11.16/x64/lib/python3.11/site-packages/httpx/_decoders.py,228,ByteChunker,1,1,1.503e-06,9.909681827522293e-07,1.503e-06
/opt/hostedtoolcache/Python/3.11.16/x64/lib/python3.11/calendar.py,26,IllegalMonthError,1,1,1.503e-06,9.909681827522293e-07,1.503e-06
/opt/hostedtoolcache/Python/3.11.16/x64/lib/python3.11/importlib/resources/_adapters.py,20,TraversableResourcesLoader,1,1,1.4930000000000001e-06,9.843749147365793e-07,1.4930000000000001e-06
/opt/hostedtoolcache/Python/3.11.16/x64/lib/python3.11/urllib/request.py,1383,HTTPSHandler,1,1,1.4930000000000001e-06,9.843749147365793e-07,1.4930000000000001e-06
/opt/hostedtoolcache/Python/3.11.16/x64/lib/python3.11/email/message.py,1202,EmailMessage,1,1,1.4930000000000001e-06,9.843749147365793e-07,1.4930000000000001e-06
/opt/hostedtoolcache/Python/3.11.16/x64/lib/python3.11/typing.py,1720,_value_and_type_iter,1,1,1.4930000000000001e-06,9.843749147365793e-07,1.4930000000000001e-06
/home/runner/work/_temp/scanner-verification-il7_c53e/final/direct_protocol.py,50,Session,1,1,1.4820000000000002e-06,9.77122319919364e-07,1.4820000000000002e-06
/opt/hostedtoolcache/Python/3.11.16/x64/lib/python3.11/site-packages/httpx/_decoders.py,203,MultiDecoder,1,1,1.4730000000000001e-06,9.711883787052787e-07,1.4730000000000001e-06
/opt/hostedtoolcache/Python/3.11.16/x64/lib/python3.11/urllib/request.py,1226,HTTPDigestAuthHandler,1,1,1.4730000000000001e-06,9.711883787052787e-07,1.4730000000000001e-06
/opt/hostedtoolcache/Python/3.11.16/x64/lib/python3.11/http/client.py,195,HTTPMessage,1,1,1.4620000000000001e-06,9.639357838880635e-07,1.4620000000000001e-06
/opt/hostedtoolcache/Python/3.11.16/x64/lib/python3.11/uuid.py,78,SafeUUID,1,1,1.452e-06,9.573425158724133e-07,1.452e-06
/opt/hostedtoolcache/Python/3.11.16/x64/lib/python3.11/http/cookiejar.py,1982,MozillaCookieJar,1,1,1.433e-06,9.448153066426779e-07,1.433e-06
/opt/hostedtoolcache/Python/3.11.16/x64/lib/python3.11/site-packages/httpx/_content.py,42,IteratorByteStream,1,1,1.433e-06,9.448153066426779e-07,1.433e-06
/opt/hostedtoolcache/Python/3.11.16/x64/lib/python3.11/site-packages/httpx/_exceptions.py,258,HTTPStatusError,1,1,1.433e-06,9.448153066426779e-07,1.433e-06
/opt/hostedtoolcache/Python/3.11.16/x64/lib/python3.11/site-packages/httpx/_decoders.py,44,IdentityDecoder,1,1,1.432e-06,9.441559798411128e-07,1.432e-06
/opt/hostedtoolcache/Python/3.11.16/x64/lib/python3.11/site-packages/httpx/_transports/asgi.py,55,ASGIResponseStream,1,1,1.413e-06,9.316287706113774e-07,1.413e-06
/opt/hostedtoolcache/Python/3.11.16/x64/lib/python3.11/site-packages/httpx/_transports/default.py,265,AsyncResponseStream,1,1,1.413e-06,9.316287706113774e-07,1.413e-06
/opt/hostedtoolcache/Python/3.11.16/x64/lib/python3.11/site-packages/httpx/_decoders.py,321,LineDecoder,1,1,1.413e-06,9.316287706113774e-07,1.413e-06
/opt/hostedtoolcache/Python/3.11.16/x64/lib/python3.11/urllib/request.py,1050,HTTPBasicAuthHandler,1,1,1.413e-06,9.316287706113774e-07,1.413e-06
/opt/hostedtoolcache/Python/3.11.16/x64/lib/python3.11/calendar.py,33,IllegalWeekdayError,1,1,1.413e-06,9.316287706113774e-07,1.413e-06
/opt/hostedtoolcache/Python/3.11.16/x64/lib/python3.11/urllib/error.py,19,URLError,1,1,1.413e-06,9.316287706113774e-07,1.413e-06
/opt/hostedtoolcache/Python/3.11.16/x64/lib/python3.11/zipfile.py,672,LZMADecompressor,1,1,1.402e-06,9.243761757941622e-07,1.402e-06
/opt/hostedtoolcache/Python/3.11.16/x64/lib/python3.11/site-packages/httpx/_decoders.py,85,GZipDecoder,1,1,1.402e-06,9.243761757941622e-07,1.402e-06
/opt/hostedtoolcache/Python/3.11.16/x64/lib/python3.11/site-packages/httpx/_decoders.py,267,TextChunker,1,1,1.393e-06,9.184422345800768e-07,1.393e-06
<string>,1,<module>,1,1,1.3920000000000002e-06,9.17782907778512e-07,1.3920000000000002e-06
/opt/hostedtoolcache/Python/3.11.16/x64/lib/python3.11/urllib/request.py,624,HTTPErrorProcessor,1,1,1.3920000000000002e-06,9.17782907778512e-07,1.3920000000000002e-06
/opt/hostedtoolcache/Python/3.11.16/x64/lib/python3.11/site-packages/httpx/_decoders.py,161,ZStandardDecoder,1,1,1.3830000000000001e-06,9.118489665644266e-07,1.3830000000000001e-06
/opt/hostedtoolcache/Python/3.11.16/x64/lib/python3.11/importlib/resources/_adapters.py,143,__init__,1,1,1.382e-06,9.111896397628615e-07,1.382e-06
/home/runner/work/_temp/scanner-verification-il7_c53e/original/report_generator.py,150,<dictcomp>,1,1,1.373e-06,9.052556985487764e-07,1.373e-06
/home/runner/work/_temp/scanner-verification-il7_c53e/original/tiktok_worker_scanner.py,934,ScanCancelled,1,1,1.373e-06,9.052556985487764e-07,1.373e-06
/opt/hostedtoolcache/Python/3.11.16/x64/lib/python3.11/site-packages/httpx/_decoders.py,108,BrotliDecoder,1,1,1.353e-06,8.92069162517476e-07,1.353e-06
/opt/hostedtoolcache/Python/3.11.16/x64/lib/python3.11/email/parser.py,125,BytesHeaderParser,1,1,1.353e-06,8.92069162517476e-07,1.353e-06
/opt/hostedtoolcache/Python/3.11.16/x64/lib/python3.11/site-packages/httpx/_content.py,67,AsyncIteratorByteStream,1,1,1.342e-06,8.848165677002607e-07,1.342e-06
/opt/hostedtoolcache/Python/3.11.16/x64/lib/python3.11/urllib/request.py,791,ProxyHandler,1,1,1.333e-06,8.788826264861754e-07,1.333e-06
/opt/hostedtoolcache/Python/3.11.16/x64/lib/python3.11/urllib/request.py,1531,FTPHandler,1,1,1.3320000000000001e-06,8.782232996846105e-07,1.3320000000000001e-06
~,0,<built-in method atexit.register>,1,1,1.323e-06,8.722893584705254e-07,1.323e-06
/opt/hostedtoolcache/Python/3.11.16/x64/lib/python3.11/email/errors.py,85,HeaderDefect,1,1,1.323e-06,8.722893584705254e-07,1.323e-06
/opt/hostedtoolcache/Python/3.11.16/x64/lib/python3.11/urllib/request.py,1061,ProxyBasicAuthHandler,1,1,1.322e-06,8.716300316689602e-07,1.322e-06
/opt/hostedtoolcache/Python/3.11.16/x64/lib/python3.11/http/cookiejar.py,1774,LoadError,1,1,1.2930000000000002e-06,8.525095544235747e-07,1.2930000000000002e-06
/opt/hostedtoolcache/Python/3.11.16/x64/lib/python3.11/email/errors.py,16,HeaderParseError,1,1,1.292e-06,8.518502276220096e-07,1.292e-06
/opt/hostedtoolcache/Python/3.11.16/x64/lib/python3.11/site-packages/httpx/_content.py,92,UnattachedStream,1,1,1.283e-06,8.459162864079243e-07,1.283e-06
/opt/hostedtoolcache/Python/3.11.16/x64/lib/python3.11/site-packages/httpx/_exceptions.py,327,StreamClosed,1,1,1.2730000000000001e-06,8.393230183922741e-07,1.2730000000000001e-06
/opt/hostedtoolcache/Python/3.11.16/x64/lib/python3.11/queue.py,23,Full,1,1,1.2620000000000002e-06,8.320704235750589e-07,1.2620000000000002e-06
/opt/hostedtoolcache/Python/3.11.16/x64/lib/python3.11/http/client.py,1528,HTTPException,1,1,1.2620000000000002e-06,8.320704235750589e-07,1.2620000000000002e-06
/opt/hostedtoolcache/Python/3.11.16/x64/lib/python3.11/argparse.py,1327,__init__,1,1,1.2620000000000002e-06,8.320704235750589e-07,1.2620000000000002e-06
/opt/hostedtoolcache/Python/3.11.16/x64/lib/python3.11/contextlib.py,443,__enter__,1,1,1.2530000000000001e-06,8.261364823609737e-07,1.2530000000000001e-06
/opt/hostedtoolcache/Python/3.11.16/x64/lib/python3.11/urllib/request.py,1244,ProxyDigestAuthHandler,1,1,1.2530000000000001e-06,8.261364823609737e-07,1.2530000000000001e-06
~,0,<method 'clear' of 'dict' objects>,1,1,1.252e-06,8.254771555594087e-07,1.252e-06
/opt/hostedtoolcache/Python/3.11.16/x64/lib/python3.11/functools.py,972,__set_name__,1,1,1.2420000000000001e-06,8.188838875437585e-07,1.2420000000000001e-06
/opt/hostedtoolcache/Python/3.11.16/x64/lib/python3.11/statistics.py,148,StatisticsError,1,1,1.233e-06,8.129499463296733e-07,1.233e-06
/opt/hostedtoolcache/Python/3.11.16/x64/lib/python3.11/site-packages/httpx/_client.py,94,UseClientDefault,1,1,1.232e-06,8.122906195281083e-07,1.232e-06
/opt/hostedtoolcache/Python/3.11.16/x64/lib/python3.11/encodings/utf_8_sig.py,85,StreamWriter,1,1,1.223e-06,8.06356678314023e-07,1.223e-06
/opt/hostedtoolcache/Python/3.11.16/x64/lib/python3.11/urllib/error.py,70,ContentTooShortError,1,1,1.2220000000000001e-06,8.05697351512458e-07,1.2220000000000001e-06
/opt/hostedtoolcache/Python/3.11.16/x64/lib/python3.11/urllib/request.py,1416,UnknownHandler,1,1,1.2220000000000001e-06,8.05697351512458e-07,1.2220000000000001e-06
/opt/hostedtoolcache/Python/3.11.16/x64/lib/python3.11/site-packages/httpx/_exceptions.py,280,CookieConflict,1,1,1.2220000000000001e-06,8.05697351512458e-07,1.2220000000000001e-06
/opt/hostedtoolcache/Python/3.11.16/x64/lib/python3.11/site-packages/httpx/_exceptions.py,297,StreamError,1,1,1.2220000000000001e-06,8.05697351512458e-07,1.2220000000000001e-06
/opt/hostedtoolcache/Python/3.11.16/x64/lib/python3.11/contextlib.py,446,__exit__,1,1,1.213e-06,7.997634102983727e-07,1.213e-06
/opt/hostedtoolcache/Python/3.11.16/x64/lib/python3.11/site-packages/httpx/_exceptions.py,353,RequestNotRead,1,1,1.212e-06,7.991040834968078e-07,1.212e-06
/opt/hostedtoolcache/Python/3.11.16/x64/lib/python3.11/email/errors.py,8,MessageError,1,1,1.212e-06,7.991040834968078e-07,1.212e-06
/opt/hostedtoolcache/Python/3.11.16/x64/lib/python3.11/threading.py,1597,main_thread,1,1,1.212e-06,7.991040834968078e-07,1.212e-06
/opt/hostedtoolcache/Python/3.11.16/x64/lib/python3.11/encodings/utf_8_sig.py,97,StreamReader,1,1,1.2030000000000002e-06,7.931701422827226e-07,1.2030000000000002e-06
/opt/hostedtoolcache/Python/3.11.16/x64/lib/python3.11/urllib/request.py,898,HTTPPasswordMgrWithDefaultRealm,1,1,1.202e-06,7.925108154811576e-07,1.202e-06
/opt/hostedtoolcache/Python/3.11.16/x64/lib/python3.11/site-packages/httpx/_config.py,16,UnsetType,1,1,1.193e-06,7.865768742670723e-07,1.193e-06
/opt/hostedtoolcache/Python/3.11.16/x64/lib/python3.11/importlib/resources/readers.py,27,files,1,1,1.192e-06,7.859175474655073e-07,1.192e-06
/opt/hostedtoolcache/Python/3.11.16/x64/lib/python3.11/site-packages/httpx/_exceptions.py,309,StreamConsumed,1,1,1.192e-06,7.859175474655073e-07,1.192e-06
/opt/hostedtoolcache/Python/3.11.16/x64/lib/python3.11/zipfile.py,48,LargeZipFile,1,1,1.1830000000000002e-06,7.799836062514221e-07,1.1830000000000002e-06
/opt/hostedtoolcache/Python/3.11.16/x64/lib/python3.11/urllib/request.py,641,HTTPDefaultErrorHandler,1,1,1.182e-06,7.793242794498572e-07,1.182e-06
/opt/hostedtoolcache/Python/3.11.16/x64/lib/python3.11/site-packages/httpx/_exceptions.py,271,InvalidURL,1,1,1.182e-06,7.793242794498572e-07,1.182e-06
/opt/hostedtoolcache/Python/3.11.16/x64/lib/python3.11/zipfile.py,44,BadZipFile,1,1,1.1720000000000002e-06,7.72731011434207e-07,1.1720000000000002e-06
/opt/hostedtoolcache/Python/3.11.16/x64/lib/python3.11/email/errors.py,71,UndecodableBytesDefect,1,1,1.1720000000000002e-06,7.72731011434207e-07,1.1720000000000002e-06
/opt/hostedtoolcache/Python/3.11.16/x64/lib/python3.11/http/client.py,1539,UnknownProtocol,1,1,1.1630000000000001e-06,7.667970702201216e-07,1.1630000000000001e-06
/opt/hostedtoolcache/Python/3.11.16/x64/lib/python3.11/site-packages/idna/package_data.py,1,<module>,1,1,1.162e-06,7.661377434185566e-07,1.162e-06
/opt/hostedtoolcache/Python/3.11.16/x64/lib/python3.11/site-packages/idna/core.py,110,IDNABidiError,1,1,1.162e-06,7.661377434185566e-07,1.162e-06
/opt/hostedtoolcache/Python/3.11.16/x64/lib/python3.11/urllib/request.py,1641,DataHandler,1,1,1.162e-06,7.661377434185566e-07,1.162e-06
/opt/hostedtoolcache/Python/3.11.16/x64/lib/python3.11/site-packages/httpx/_exceptions.py,175,ReadError,1,1,1.1520000000000002e-06,7.595444754029064e-07,1.1520000000000002e-06
/opt/hostedtoolcache/Python/3.11.16/x64/lib/python3.11/site-packages/httpx/_transports/base.py,85,aclose,1,1,1.151e-06,7.588851486013414e-07,1.151e-06
/opt/hostedtoolcache/Python/3.11.16/x64/lib/python3.11/http/client.py,1576,BadStatusLine,1,1,1.142e-06,7.529512073872561e-07,1.142e-06
/opt/hostedtoolcache/Python/3.11.16/x64/lib/python3.11/unittest/mock.py,1114,_mock_check_sig,1,1,1.142e-06,7.529512073872561e-07,1.142e-06
/opt/hostedtoolcache/Python/3.11.16/x64/lib/python3.11/concurrent/futures/thread.py,112,BrokenThreadPool,1,1,1.1320000000000001e-06,7.46357939371606e-07,1.1320000000000001e-06
/home/runner/work/_temp/scanner-verification-il7_c53e/original/tiktok_worker_scanner.py,171,MissingDependency,1,1,1.122e-06,7.397646713559557e-07,1.122e-06
~,0,<method 'clear' of 'collections.deque' objects>,1,1,1.122e-06,7.397646713559557e-07,1.122e-06
/opt/hostedtoolcache/Python/3.11.16/x64/lib/python3.11/http/client.py,1533,NotConnected,1,1,1.113e-06,7.338307301418705e-07,1.113e-06
/opt/hostedtoolcache/Python/3.11.16/x64/lib/python3.11/http/client.py,1588,RemoteDisconnected,1,1,1.111e-06,7.325120765387404e-07,1.111e-06
/opt/hostedtoolcache/Python/3.11.16/x64/lib/python3.11/email/errors.py,12,MessageParseError,1,1,1.111e-06,7.325120765387404e-07,1.111e-06
/home/runner/work/_temp/scanner-verification-il7_c53e/original/tiktok_worker_scanner.py,789,<listcomp>,1,1,1.102e-06,7.265781353246552e-07,1.102e-06
/opt/hostedtoolcache/Python/3.11.16/x64/lib/python3.11/calendar.py,162,setfirstweekday,1,1,1.102e-06,7.265781353246552e-07,1.102e-06
/opt/hostedtoolcache/Python/3.11.16/x64/lib/python3.11/http/cookiejar.py,1244,Absent,1,1,1.102e-06,7.265781353246552e-07,1.102e-06
/opt/hostedtoolcache/Python/3.11.16/x64/lib/python3.11/site-packages/httpx/_client.py,445,_build_auth,1,1,1.102e-06,7.265781353246552e-07,1.102e-06
/opt/hostedtoolcache/Python/3.11.16/x64/lib/python3.11/site-packages/httpx/_client.py,239,_get_proxy_map,1,1,1.102e-06,7.265781353246552e-07,1.102e-06
/opt/hostedtoolcache/Python/3.11.16/x64/lib/python3.11/site-packages/httpx/_exceptions.py,123,TransportError,1,1,1.092e-06,7.199848673090051e-07,1.092e-06
/opt/hostedtoolcache/Python/3.11.16/x64/lib/python3.11/site-packages/idna/core.py,114,InvalidCodepoint,1,1,1.092e-06,7.199848673090051e-07,1.092e-06
/opt/hostedtoolcache/Python/3.11.16/x64/lib/python3.11/http/client.py,1583,LineTooLong,1,1,1.092e-06,7.199848673090051e-07,1.092e-06
/opt/hostedtoolcache/Python/3.11.16/x64/lib/python3.11/argparse.py,2524,<listcomp>,1,1,1.082e-06,7.133915992933548e-07,1.082e-06
/opt/hostedtoolcache/Python/3.11.16/x64/lib/python3.11/site-packages/httpx/_client.py,1412,<dictcomp>,1,1,1.072e-06,7.067983312777046e-07,1.072e-06
/opt/hostedtoolcache/Python/3.11.16/x64/lib/python3.11/email/errors.py,91,InvalidHeaderDefect,1,1,1.0620000000000002e-06,7.002050632620545e-07,1.0620000000000002e-06
~,0,<method 'index' of 'list' objects>,1,1,1.0620000000000002e-06,7.002050632620545e-07,1.0620000000000002e-06
/opt/hostedtoolcache/Python/3.11.16/x64/lib/python3.11/email/errors.py,28,CharsetError,1,1,1.052e-06,6.936117952464041e-07,1.052e-06
/opt/hostedtoolcache/Python/3.11.16/x64/lib/python3.11/site-packages/httpx/_exceptions.py,146,ReadTimeout,1,1,1.0420000000000001e-06,6.870185272307539e-07,1.0420000000000001e-06
/opt/hostedtoolcache/Python/3.11.16/x64/lib/python3.11/site-packages/httpx/_exceptions.py,167,NetworkError,1,1,1.0420000000000001e-06,6.870185272307539e-07,1.0420000000000001e-06
~,0,<method 'toordinal' of 'datetime.date' objects>,1,1,1.0420000000000001e-06,6.870185272307539e-07,1.0420000000000001e-06
/opt/hostedtoolcache/Python/3.11.16/x64/lib/python3.11/email/errors.py,20,BoundaryError,1,1,1.0420000000000001e-06,6.870185272307539e-07,1.0420000000000001e-06
/opt/hostedtoolcache/Python/3.11.16/x64/lib/python3.11/email/errors.py,45,NoBoundaryInMultipartDefect,1,1,1.0420000000000001e-06,6.870185272307539e-07,1.0420000000000001e-06
/opt/hostedtoolcache/Python/3.11.16/x64/lib/python3.11/email/errors.py,65,MultipartInvariantViolationDefect,1,1,1.0420000000000001e-06,6.870185272307539e-07,1.0420000000000001e-06
/opt/hostedtoolcache/Python/3.11.16/x64/lib/python3.11/site-packages/httpx/_exceptions.py,243,DecodingError,1,1,1.032e-06,6.804252592151036e-07,1.032e-06
/opt/hostedtoolcache/Python/3.11.16/x64/lib/python3.11/email/errors.py,57,MisplacedEnvelopeHeaderDefect,1,1,1.032e-06,6.804252592151036e-07,1.032e-06
/opt/hostedtoolcache/Python/3.11.16/x64/lib/python3.11/site-packages/httpx/_client.py,1432,_init_transport,1,1,1.0310000000000002e-06,6.797659324135387e-07,1.0310000000000002e-06
/home/runner/work/_temp/scanner-verification-il7_c53e/original/tiktok_worker_scanner.py,175,PublicProfileRequired,1,1,1.0220000000000001e-06,6.738319911994535e-07,1.0220000000000001e-06
/home/runner/work/_temp/scanner-verification-il7_c53e/original/tiktok_worker_scanner.py,1460,<genexpr>,1,1,1.0220000000000001e-06,6.738319911994535e-07,1.0220000000000001e-06
/opt/hostedtoolcache/Python/3.11.16/x64/lib/python3.11/site-packages/httpx/_exceptions.py,132,TimeoutException,1,1,1.0220000000000001e-06,6.738319911994535e-07,1.0220000000000001e-06
/opt/hostedtoolcache/Python/3.11.16/x64/lib/python3.11/site-packages/httpx/_exceptions.py,158,PoolTimeout,1,1,1.0220000000000001e-06,6.738319911994535e-07,1.0220000000000001e-06
/opt/hostedtoolcache/Python/3.11.16/x64/lib/python3.11/site-packages/httpx/_exceptions.py,216,ProtocolError,1,1,1.0220000000000001e-06,6.738319911994535e-07,1.0220000000000001e-06
/opt/hostedtoolcache/Python/3.11.16/x64/lib/python3.11/site-packages/httpx/_exceptions.py,222,LocalProtocolError,1,1,1.0220000000000001e-06,6.738319911994535e-07,1.0220000000000001e-06
/opt/hostedtoolcache/Python/3.11.16/x64/lib/python3.11/site-packages/httpx/_exceptions.py,232,RemoteProtocolError,1,1,1.0220000000000001e-06,6.738319911994535e-07,1.0220000000000001e-06
/opt/hostedtoolcache/Python/3.11.16/x64/lib/python3.11/site-packages/idna/core.py,118,InvalidCodepointContext,1,1,1.0220000000000001e-06,6.738319911994535e-07,1.0220000000000001e-06
/opt/hostedtoolcache/Python/3.11.16/x64/lib/python3.11/http/client.py,1544,UnknownTransferEncoding,1,1,1.0220000000000001e-06,6.738319911994535e-07,1.0220000000000001e-06
/opt/hostedtoolcache/Python/3.11.16/x64/lib/python3.11/email/errors.py,24,MultipartConversionError,1,1,1.0220000000000001e-06,6.738319911994535e-07,1.0220000000000001e-06
/opt/hostedtoolcache/Python/3.11.16/x64/lib/python3.11/email/errors.py,54,FirstHeaderLineIsContinuationDefect,1,1,1.0220000000000001e-06,6.738319911994535e-07,1.0220000000000001e-06
/opt/hostedtoolcache/Python/3.11.16/x64/lib/python3.11/email/errors.py,60,MissingHeaderBodySeparatorDefect,1,1,1.0220000000000001e-06,6.738319911994535e-07,1.0220000000000001e-06
/opt/hostedtoolcache/Python/3.11.16/x64/lib/python3.11/email/errors.py,68,InvalidMultipartContentTransferEncodingDefect,1,1,1.0220000000000001e-06,6.738319911994535e-07,1.0220000000000001e-06
/opt/hostedtoolcache/Python/3.11.16/x64/lib/python3.11/email/errors.py,74,InvalidBase64PaddingDefect,1,1,1.0220000000000001e-06,6.738319911994535e-07,1.0220000000000001e-06
/opt/hostedtoolcache/Python/3.11.16/x64/lib/python3.11/email/errors.py,94,HeaderMissingRequiredValue,1,1,1.0220000000000001e-06,6.738319911994535e-07,1.0220000000000001e-06
/opt/hostedtoolcache/Python/3.11.16/x64/lib/python3.11/random.py,814,seed,1,1,1.0220000000000001e-06,6.738319911994535e-07,1.0220000000000001e-06
/opt/hostedtoolcache/Python/3.11.16/x64/lib/python3.11/subprocess.py,1089,__enter__,1,1,1.0220000000000001e-06,6.738319911994535e-07,1.0220000000000001e-06
/opt/hostedtoolcache/Python/3.11.16/x64/lib/python3.11/site-packages/httpx/_exceptions.py,140,ConnectTimeout,1,1,1.021e-06,6.731726643978883e-07,1.021e-06
/opt/hostedtoolcache/Python/3.11.16/x64/lib/python3.11/site-packages/httpx/_exceptions.py,249,TooManyRedirects,1,1,1.021e-06,6.731726643978883e-07,1.021e-06
/opt/hostedtoolcache/Python/3.11.16/x64/lib/python3.11/functools.py,753,<listcomp>,1,1,1.013e-06,6.678980499853683e-07,1.013e-06
/home/runner/work/_temp/scanner-verification-il7_c53e/original/tiktok_worker_scanner.py,802,<genexpr>,1,1,1.012e-06,6.672387231838032e-07,1.012e-06
/opt/hostedtoolcache/Python/3.11.16/x64/lib/python3.11/site-packages/httpx/_exceptions.py,202,ProxyError,1,1,1.012e-06,6.672387231838032e-07,1.012e-06
/home/runner/work/_temp/scanner-verification-il7_c53e/original/tiktok_worker_scanner.py,1244,<listcomp>,1,1,1.012e-06,6.672387231838032e-07,1.012e-06
/opt/hostedtoolcache/Python/3.11.16/x64/lib/python3.11/http/client.py,1536,InvalidURL,1,1,1.012e-06,6.672387231838032e-07,1.012e-06
/opt/hostedtoolcache/Python/3.11.16/x64/lib/python3.11/email/errors.py,51,CloseBoundaryNotFoundDefect,1,1,1.012e-06,6.672387231838032e-07,1.012e-06
~,0,<built-in method posix.WIFSTOPPED>,1,1,1.012e-06,6.672387231838032e-07,1.012e-06
/opt/hostedtoolcache/Python/3.11.16/x64/lib/python3.11/site-packages/httpx/_exceptions.py,208,UnsupportedProtocol,1,1,1.0110000000000001e-06,6.665793963822382e-07,1.0110000000000001e-06
/opt/hostedtoolcache/Python/3.11.16/x64/lib/python3.11/site-packages/httpx/_exceptions.py,152,WriteTimeout,1,1,1.002e-06,6.60645455168153e-07,1.002e-06
/opt/hostedtoolcache/Python/3.11.16/x64/lib/python3.11/site-packages/httpx/_exceptions.py,181,WriteError,1,1,1.002e-06,6.60645455168153e-07,1.002e-06
/opt/hostedtoolcache/Python/3.11.16/x64/lib/python3.11/http/client.py,1547,UnimplementedFileMode,1,1,1.002e-06,6.60645455168153e-07,1.002e-06
/opt/hostedtoolcache/Python/3.11.16/x64/lib/python3.11/email/errors.py,32,HeaderWriteError,1,1,1.002e-06,6.60645455168153e-07,1.002e-06
/opt/hostedtoolcache/Python/3.11.16/x64/lib/python3.11/email/errors.py,48,StartBoundaryNotFoundDefect,1,1,1.002e-06,6.60645455168153e-07,1.002e-06
/opt/hostedtoolcache/Python/3.11.16/x64/lib/python3.11/email/errors.py,80,InvalidBase64LengthDefect,1,1,9.92e-07,6.540521871525027e-07,9.92e-07
/opt/hostedtoolcache/Python/3.11.16/x64/lib/python3.11/email/errors.py,108,ObsoleteHeaderDefect,1,1,9.92e-07,6.540521871525027e-07,9.92e-07
/opt/hostedtoolcache/Python/3.11.16/x64/lib/python3.11/email/errors.py,111,NonASCIILocalPartDefect,1,1,9.92e-07,6.540521871525027e-07,9.92e-07
/opt/hostedtoolcache/Python/3.11.16/x64/lib/python3.11/unittest/mock.py,404,__init__,1,1,9.92e-07,6.540521871525027e-07,9.92e-07
/opt/hostedtoolcache/Python/3.11.16/x64/lib/python3.11/email/errors.py,77,InvalidBase64CharactersDefect,1,1,9.910000000000001e-07,6.533928603509377e-07,9.910000000000001e-07
/home/runner/work/_temp/scanner-verification-il7_c53e/final/vendor/__init__.py,1,<module>,1,1,9.82e-07,6.474589191368525e-07,9.82e-07
/home/runner/work/_temp/scanner-verification-il7_c53e/original/tiktok_worker_scanner.py,1241,<genexpr>,1,1,9.82e-07,6.474589191368525e-07,9.82e-07
/opt/hostedtoolcache/Python/3.11.16/x64/lib/python3.11/site-packages/httpx/_exceptions.py,193,CloseError,1,1,9.82e-07,6.474589191368525e-07,9.82e-07
/opt/hostedtoolcache/Python/3.11.16/x64/lib/python3.11/site-packages/httpx/_exceptions.py,187,ConnectError,1,1,9.81e-07,6.467995923352874e-07,9.81e-07
/home/runner/work/_temp/scanner-verification-il7_c53e/original/tiktok_worker_scanner.py,1478,__aenter__,1,1,9.72e-07,6.408656511212022e-07,9.72e-07
/opt/hostedtoolcache/Python/3.11.16/x64/lib/python3.11/http/client.py,1564,ImproperConnectionState,1,1,9.72e-07,6.408656511212022e-07,9.72e-07
/opt/hostedtoolcache/Python/3.11.16/x64/lib/python3.11/http/client.py,1567,CannotSendRequest,1,1,9.72e-07,6.408656511212022e-07,9.72e-07
/opt/hostedtoolcache/Python/3.11.16/x64/lib/python3.11/http/client.py,1570,CannotSendHeader,1,1,9.72e-07,6.408656511212022e-07,9.72e-07
/opt/hostedtoolcache/Python/3.11.16/x64/lib/python3.11/email/errors.py,116,InvalidDateDefect,1,1,9.62e-07,6.34272383105552e-07,9.62e-07
/opt/hostedtoolcache/Python/3.11.16/x64/lib/python3.11/contextlib.py,555,__enter__,1,1,9.62e-07,6.34272383105552e-07,9.62e-07
/opt/hostedtoolcache/Python/3.11.16/x64/lib/python3.11/http/client.py,1573,ResponseNotReady,1,1,9.61e-07,6.33613056303987e-07,9.61e-07
~,0,<built-in method posix.waitstatus_to_exitcode>,1,1,9.42e-07,6.210858470742515e-07,9.42e-07
/opt/hostedtoolcache/Python/3.11.16/x64/lib/python3.11/importlib/resources/_common.py,101,_,1,1,9.310000000000001e-07,6.138332522570364e-07,9.310000000000001e-07
/home/runner/work/_temp/scanner-verification-il7_c53e/original/tiktok_worker_scanner.py,805,<genexpr>,1,1,9.12e-07,6.013060430273009e-07,9.12e-07
/home/runner/work/_temp/scanner-verification-il7_c53e/original/tiktok_worker_scanner.py,1242,<genexpr>,1,1,9.12e-07,6.013060430273009e-07,9.12e-07
/opt/hostedtoolcache/Python/3.11.16/x64/lib/python3.11/argparse.py,1782,identity,1,1,8.81e-07,5.808669121787851e-07,8.81e-07
