group,before,after,metric,before_value,after_value,percent_change,before_over_after
real loopback TLS,first_hybrid_worker_100,final_worker_100,actual_connection_ceiling,100,100,0.0,1.0
real loopback TLS,first_hybrid_worker_100,final_worker_100,attempted_requests,200,200,0.0,1.0
real loopback TLS,first_hybrid_worker_100,final_worker_100,attempted_rps,162.00465650630997,156.71356853031094,-3.2660098111395586,1.0337627942852674
real loopback TLS,first_hybrid_worker_100,final_worker_100,average_latency,0.458568383869997,0.48156211464000004,5.014242494424059,0.9522517862785107
real loopback TLS,first_hybrid_worker_100,final_worker_100,backend_metrics.backend_connection_pools.worker.active,,0,,
real loopback TLS,first_hybrid_worker_100,final_worker_100,backend_metrics.backend_connection_pools.worker.idle_keepalive,,29,,
real loopback TLS,first_hybrid_worker_100,final_worker_100,backend_metrics.backend_failovers,,0,,
real loopback TLS,first_hybrid_worker_100,final_worker_100,backend_metrics.backend_switches,,0,,
real loopback TLS,first_hybrid_worker_100,final_worker_100,backend_metrics.cursor_chain_restarts,,0,,
real loopback TLS,first_hybrid_worker_100,final_worker_100,backend_metrics.direct_429_count,,0,,
real loopback TLS,first_hybrid_worker_100,final_worker_100,backend_metrics.direct_active_requests,,0,,
real loopback TLS,first_hybrid_worker_100,final_worker_100,backend_metrics.direct_average_latency,,0,,
real loopback TLS,first_hybrid_worker_100,final_worker_100,backend_metrics.direct_followers_received,,0,,
real loopback TLS,first_hybrid_worker_100,final_worker_100,backend_metrics.direct_following_received,,0,,
real loopback TLS,first_hybrid_worker_100,final_worker_100,backend_metrics.direct_http_error_rate,,0.0,,
real loopback TLS,first_hybrid_worker_100,final_worker_100,backend_metrics.direct_invalid_response_rate,,0.0,,
real loopback TLS,first_hybrid_worker_100,final_worker_100,backend_metrics.direct_median_latency,,0,,
real loopback TLS,first_hybrid_worker_100,final_worker_100,backend_metrics.direct_network_error_rate,,0.0,,
real loopback TLS,first_hybrid_worker_100,final_worker_100,backend_metrics.direct_p95_latency,,0,,
real loopback TLS,first_hybrid_worker_100,final_worker_100,backend_metrics.direct_p99_latency,,0,,
real loopback TLS,first_hybrid_worker_100,final_worker_100,backend_metrics.direct_recent_success_percent,,0.0,,
real loopback TLS,first_hybrid_worker_100,final_worker_100,backend_metrics.direct_records_per_second,,0.0,,
real loopback TLS,first_hybrid_worker_100,final_worker_100,backend_metrics.direct_requests_failed,,0,,
real loopback TLS,first_hybrid_worker_100,final_worker_100,backend_metrics.direct_requests_per_second,,0.0,,
real loopback TLS,first_hybrid_worker_100,final_worker_100,backend_metrics.direct_requests_successful,,0,,
real loopback TLS,first_hybrid_worker_100,final_worker_100,backend_metrics.direct_requests_total,,0,,
real loopback TLS,first_hybrid_worker_100,final_worker_100,backend_metrics.direct_risk_control_count,,0,,
real loopback TLS,first_hybrid_worker_100,final_worker_100,backend_metrics.direct_risk_control_rate,,0.0,,
real loopback TLS,first_hybrid_worker_100,final_worker_100,backend_metrics.direct_successful_rps,,0.0,,
real loopback TLS,first_hybrid_worker_100,final_worker_100,backend_metrics.direct_timeout_rate,,0.0,,
real loopback TLS,first_hybrid_worker_100,final_worker_100,backend_metrics.hybrid_records_per_second,,157.3224312475435,,
real loopback TLS,first_hybrid_worker_100,final_worker_100,backend_metrics.hybrid_total_successful_rps,,157.3224312475435,,
real loopback TLS,first_hybrid_worker_100,final_worker_100,backend_metrics.worker_429_count,,0,,
real loopback TLS,first_hybrid_worker_100,final_worker_100,backend_metrics.worker_active_requests,,0,,
real loopback TLS,first_hybrid_worker_100,final_worker_100,backend_metrics.worker_average_latency,,0.2628956663100001,,
real loopback TLS,first_hybrid_worker_100,final_worker_100,backend_metrics.worker_connect_tcp_attempts,,29,,
real loopback TLS,first_hybrid_worker_100,final_worker_100,backend_metrics.worker_connect_tcp_seconds,,0.672592055000024,,
real loopback TLS,first_hybrid_worker_100,final_worker_100,backend_metrics.worker_connect_tcp_successful,,29,,
real loopback TLS,first_hybrid_worker_100,final_worker_100,backend_metrics.worker_connection_pool_wait_seconds,,0.0003973999999615785,,
real loopback TLS,first_hybrid_worker_100,final_worker_100,backend_metrics.worker_followers_received,,0,,
real loopback TLS,first_hybrid_worker_100,final_worker_100,backend_metrics.worker_following_received,,0,,
real loopback TLS,first_hybrid_worker_100,final_worker_100,backend_metrics.worker_http_error_rate,,0.0,,
real loopback TLS,first_hybrid_worker_100,final_worker_100,backend_metrics.worker_invalid_response_rate,,0.0,,
real loopback TLS,first_hybrid_worker_100,final_worker_100,backend_metrics.worker_latency_seconds,,52.57913326200002,,
real loopback TLS,first_hybrid_worker_100,final_worker_100,backend_metrics.worker_median_latency,,0.161625554000004,,
real loopback TLS,first_hybrid_worker_100,final_worker_100,backend_metrics.worker_network_error_rate,,0.0,,
real loopback TLS,first_hybrid_worker_100,final_worker_100,backend_metrics.worker_new_connection_requests,,29,,
real loopback TLS,first_hybrid_worker_100,final_worker_100,backend_metrics.worker_p95_latency,,0.720282829999995,,
real loopback TLS,first_hybrid_worker_100,final_worker_100,backend_metrics.worker_p99_latency,,0.8947763599999945,,
real loopback TLS,first_hybrid_worker_100,final_worker_100,backend_metrics.worker_peak_active_requests,,73,,
real loopback TLS,first_hybrid_worker_100,final_worker_100,backend_metrics.worker_profile_received,,200,,
real loopback TLS,first_hybrid_worker_100,final_worker_100,backend_metrics.worker_recent_success_percent,,100.0,,
real loopback TLS,first_hybrid_worker_100,final_worker_100,backend_metrics.worker_records,,200,,
real loopback TLS,first_hybrid_worker_100,final_worker_100,backend_metrics.worker_records_per_second,,157.3224312475435,,
real loopback TLS,first_hybrid_worker_100,final_worker_100,backend_metrics.worker_requests_failed,,0,,
real loopback TLS,first_hybrid_worker_100,final_worker_100,backend_metrics.worker_requests_per_second,,157.3224312475435,,
real loopback TLS,first_hybrid_worker_100,final_worker_100,backend_metrics.worker_requests_successful,,200,,
real loopback TLS,first_hybrid_worker_100,final_worker_100,backend_metrics.worker_requests_total,,200,,
real loopback TLS,first_hybrid_worker_100,final_worker_100,backend_metrics.worker_response_body_bytes,,93180,,
real loopback TLS,first_hybrid_worker_100,final_worker_100,backend_metrics.worker_reused_connection_requests,,171,,
real loopback TLS,first_hybrid_worker_100,final_worker_100,backend_metrics.worker_risk_control_count,,0,,
real loopback TLS,first_hybrid_worker_100,final_worker_100,backend_metrics.worker_risk_control_rate,,0.0,,
real loopback TLS,first_hybrid_worker_100,final_worker_100,backend_metrics.worker_successful_rps,,157.3224312475435,,
real loopback TLS,first_hybrid_worker_100,final_worker_100,backend_metrics.worker_timeout_rate,,0.0,,
real loopback TLS,first_hybrid_worker_100,final_worker_100,backend_metrics.worker_tls_handshake_attempts,,29,,
real loopback TLS,first_hybrid_worker_100,final_worker_100,backend_metrics.worker_tls_handshake_seconds,,0.5893663410000158,,
real loopback TLS,first_hybrid_worker_100,final_worker_100,backend_metrics.worker_tls_handshake_successful,,29,,
real loopback TLS,first_hybrid_worker_100,final_worker_100,configured_workers,100,100,0.0,1.0
real loopback TLS,first_hybrid_worker_100,final_worker_100,cpu_percent_of_one_core,97.52555991206223,97.3311867335572,-0.1993048578037393,1.0019970287533546
real loopback TLS,first_hybrid_worker_100,final_worker_100,cpu_seconds,1.2039846509999999,1.24215392,3.1702454818089087,0.9692717074869431
real loopback TLS,first_hybrid_worker_100,final_worker_100,elapsed_seconds,1.2345324160000928,1.276213679999998,3.3762794285267184,0.9673399018886044
real loopback TLS,first_hybrid_worker_100,final_worker_100,event_loop_max,0.027434090000024298,0.030328426999996622,10.550147644663133,0.9045668606560885
real loopback TLS,first_hybrid_worker_100,final_worker_100,event_loop_p95,0.014614570000030653,0.014059380999998723,-3.798873316360085,1.0394888651237193
real loopback TLS,first_hybrid_worker_100,final_worker_100,harness_version,2,2,0.0,1.0
real loopback TLS,first_hybrid_worker_100,final_worker_100,loopback_interface_bytes.received,313068,312756,-0.09965886005596225,1.0009975827801865
real loopback TLS,first_hybrid_worker_100,final_worker_100,loopback_interface_bytes.transmitted,313068,312756,-0.09965886005596225,1.0009975827801865
real loopback TLS,first_hybrid_worker_100,final_worker_100,median_latency,0.38838505500001475,0.4283902694999995,10.30040007589459,0.9066150252509767
real loopback TLS,first_hybrid_worker_100,final_worker_100,new_tls_connections,29,29,0.0,1.0
real loopback TLS,first_hybrid_worker_100,final_worker_100,p95_latency,0.9664615240000103,1.0362787319999995,7.224002846075894,0.9326269990456687
real loopback TLS,first_hybrid_worker_100,final_worker_100,p99_latency,1.1637656939999488,1.2206725630000008,4.889890576208589,0.9533807257368068
real loopback TLS,first_hybrid_worker_100,final_worker_100,peak_active_jobs,100,100,0.0,1.0
real loopback TLS,first_hybrid_worker_100,final_worker_100,peak_admitted_requests,100,100,0.0,1.0
real loopback TLS,first_hybrid_worker_100,final_worker_100,peak_rss_bytes,61116416,61755392,1.0455063333556724,0.9896531140147244
real loopback TLS,first_hybrid_worker_100,final_worker_100,sampled_average_active_connections,9.381968375141893,9.437441128197317,0.5912698789563464,0.9941220557244398
real loopback TLS,first_hybrid_worker_100,final_worker_100,sampled_average_idle_connections,17.573554430667365,17.508410762373362,-0.3706914759391,1.0037207071034682
real loopback TLS,first_hybrid_worker_100,final_worker_100,sampled_peak_active_connections,25,25,0.0,1.0
real loopback TLS,first_hybrid_worker_100,final_worker_100,server_requests,200,200,0.0,1.0
real loopback TLS,first_hybrid_worker_100,final_worker_100,successful_requests,200,200,0.0,1.0
real loopback TLS,first_hybrid_worker_100,final_worker_100,successful_rps,162.00465650630997,156.71356853031094,-3.2660098111395586,1.0337627942852674
real loopback TLS,original_worker_100,final_worker_100,actual_connection_ceiling,100,100,0.0,1.0
real loopback TLS,original_worker_100,final_worker_100,attempted_requests,200,200,0.0,1.0
real loopback TLS,original_worker_100,final_worker_100,attempted_rps,166.0998194737429,156.71356853031094,-5.650969984898602,1.0598943092896038
real loopback TLS,original_worker_100,final_worker_100,average_latency,0.44426529250499924,0.48156211464000004,8.395169004695791,0.9225503398188152
real loopback TLS,original_worker_100,final_worker_100,backend_metrics.backend_connection_pools.worker.active,,0,,
real loopback TLS,original_worker_100,final_worker_100,backend_metrics.backend_connection_pools.worker.idle_keepalive,,29,,
real loopback TLS,original_worker_100,final_worker_100,backend_metrics.backend_failovers,,0,,
real loopback TLS,original_worker_100,final_worker_100,backend_metrics.backend_switches,,0,,
real loopback TLS,original_worker_100,final_worker_100,backend_metrics.cursor_chain_restarts,,0,,
real loopback TLS,original_worker_100,final_worker_100,backend_metrics.direct_429_count,,0,,
real loopback TLS,original_worker_100,final_worker_100,backend_metrics.direct_active_requests,,0,,
real loopback TLS,original_worker_100,final_worker_100,backend_metrics.direct_average_latency,,0,,
real loopback TLS,original_worker_100,final_worker_100,backend_metrics.direct_followers_received,,0,,
real loopback TLS,original_worker_100,final_worker_100,backend_metrics.direct_following_received,,0,,
real loopback TLS,original_worker_100,final_worker_100,backend_metrics.direct_http_error_rate,,0.0,,
real loopback TLS,original_worker_100,final_worker_100,backend_metrics.direct_invalid_response_rate,,0.0,,
real loopback TLS,original_worker_100,final_worker_100,backend_metrics.direct_median_latency,,0,,
real loopback TLS,original_worker_100,final_worker_100,backend_metrics.direct_network_error_rate,,0.0,,
real loopback TLS,original_worker_100,final_worker_100,backend_metrics.direct_p95_latency,,0,,
real loopback TLS,original_worker_100,final_worker_100,backend_metrics.direct_p99_latency,,0,,
real loopback TLS,original_worker_100,final_worker_100,backend_metrics.direct_recent_success_percent,,0.0,,
real loopback TLS,original_worker_100,final_worker_100,backend_metrics.direct_records_per_second,,0.0,,
real loopback TLS,original_worker_100,final_worker_100,backend_metrics.direct_requests_failed,,0,,
real loopback TLS,original_worker_100,final_worker_100,backend_metrics.direct_requests_per_second,,0.0,,
real loopback TLS,original_worker_100,final_worker_100,backend_metrics.direct_requests_successful,,0,,
real loopback TLS,original_worker_100,final_worker_100,backend_metrics.direct_requests_total,,0,,
real loopback TLS,original_worker_100,final_worker_100,backend_metrics.direct_risk_control_count,,0,,
real loopback TLS,original_worker_100,final_worker_100,backend_metrics.direct_risk_control_rate,,0.0,,
real loopback TLS,original_worker_100,final_worker_100,backend_metrics.direct_successful_rps,,0.0,,
real loopback TLS,original_worker_100,final_worker_100,backend_metrics.direct_timeout_rate,,0.0,,
real loopback TLS,original_worker_100,final_worker_100,backend_metrics.hybrid_records_per_second,,157.3224312475435,,
real loopback TLS,original_worker_100,final_worker_100,backend_metrics.hybrid_total_successful_rps,,157.3224312475435,,
real loopback TLS,original_worker_100,final_worker_100,backend_metrics.worker_429_count,,0,,
real loopback TLS,original_worker_100,final_worker_100,backend_metrics.worker_active_requests,,0,,
real loopback TLS,original_worker_100,final_worker_100,backend_metrics.worker_average_latency,,0.2628956663100001,,
real loopback TLS,original_worker_100,final_worker_100,backend_metrics.worker_connect_tcp_attempts,,29,,
real loopback TLS,original_worker_100,final_worker_100,backend_metrics.worker_connect_tcp_seconds,,0.672592055000024,,
real loopback TLS,original_worker_100,final_worker_100,backend_metrics.worker_connect_tcp_successful,,29,,
real loopback TLS,original_worker_100,final_worker_100,backend_metrics.worker_connection_pool_wait_seconds,,0.0003973999999615785,,
real loopback TLS,original_worker_100,final_worker_100,backend_metrics.worker_followers_received,,0,,
real loopback TLS,original_worker_100,final_worker_100,backend_metrics.worker_following_received,,0,,
real loopback TLS,original_worker_100,final_worker_100,backend_metrics.worker_http_error_rate,,0.0,,
real loopback TLS,original_worker_100,final_worker_100,backend_metrics.worker_invalid_response_rate,,0.0,,
real loopback TLS,original_worker_100,final_worker_100,backend_metrics.worker_latency_seconds,,52.57913326200002,,
real loopback TLS,original_worker_100,final_worker_100,backend_metrics.worker_median_latency,,0.161625554000004,,
real loopback TLS,original_worker_100,final_worker_100,backend_metrics.worker_network_error_rate,,0.0,,
real loopback TLS,original_worker_100,final_worker_100,backend_metrics.worker_new_connection_requests,,29,,
real loopback TLS,original_worker_100,final_worker_100,backend_metrics.worker_p95_latency,,0.720282829999995,,
real loopback TLS,original_worker_100,final_worker_100,backend_metrics.worker_p99_latency,,0.8947763599999945,,
real loopback TLS,original_worker_100,final_worker_100,backend_metrics.worker_peak_active_requests,,73,,
real loopback TLS,original_worker_100,final_worker_100,backend_metrics.worker_profile_received,,200,,
real loopback TLS,original_worker_100,final_worker_100,backend_metrics.worker_recent_success_percent,,100.0,,
real loopback TLS,original_worker_100,final_worker_100,backend_metrics.worker_records,,200,,
real loopback TLS,original_worker_100,final_worker_100,backend_metrics.worker_records_per_second,,157.3224312475435,,
real loopback TLS,original_worker_100,final_worker_100,backend_metrics.worker_requests_failed,,0,,
real loopback TLS,original_worker_100,final_worker_100,backend_metrics.worker_requests_per_second,,157.3224312475435,,
real loopback TLS,original_worker_100,final_worker_100,backend_metrics.worker_requests_successful,,200,,
real loopback TLS,original_worker_100,final_worker_100,backend_metrics.worker_requests_total,,200,,
real loopback TLS,original_worker_100,final_worker_100,backend_metrics.worker_response_body_bytes,,93180,,
real loopback TLS,original_worker_100,final_worker_100,backend_metrics.worker_reused_connection_requests,,171,,
real loopback TLS,original_worker_100,final_worker_100,backend_metrics.worker_risk_control_count,,0,,
real loopback TLS,original_worker_100,final_worker_100,backend_metrics.worker_risk_control_rate,,0.0,,
real loopback TLS,original_worker_100,final_worker_100,backend_metrics.worker_successful_rps,,157.3224312475435,,
real loopback TLS,original_worker_100,final_worker_100,backend_metrics.worker_timeout_rate,,0.0,,
real loopback TLS,original_worker_100,final_worker_100,backend_metrics.worker_tls_handshake_attempts,,29,,
real loopback TLS,original_worker_100,final_worker_100,backend_metrics.worker_tls_handshake_seconds,,0.5893663410000158,,
real loopback TLS,original_worker_100,final_worker_100,backend_metrics.worker_tls_handshake_successful,,29,,
real loopback TLS,original_worker_100,final_worker_100,configured_workers,100,100,0.0,1.0
real loopback TLS,original_worker_100,final_worker_100,cpu_percent_of_one_core,96.31593581898764,97.3311867335572,1.0540840473975077,0.9895691098748359
real loopback TLS,original_worker_100,final_worker_100,cpu_seconds,1.1597355870000001,1.24215392,7.106648612309918,0.9336488564959808
real loopback TLS,original_worker_100,final_worker_100,elapsed_seconds,1.2040952280000283,1.276213679999998,5.98943092896036,0.9434903001510141
real loopback TLS,original_worker_100,final_worker_100,event_loop_max,0.030425754000002598,0.030328426999996622,-0.3198836091489077,1.0032091014811282
real loopback TLS,original_worker_100,final_worker_100,event_loop_p95,0.01276716199997054,0.014059380999998723,10.121427142783679,0.9080884855436878
real loopback TLS,original_worker_100,final_worker_100,harness_version,2,2,0.0,1.0
real loopback TLS,original_worker_100,final_worker_100,loopback_interface_bytes.received,312392,312756,0.11652026940509597,0.9988361534231158
real loopback TLS,original_worker_100,final_worker_100,loopback_interface_bytes.transmitted,312392,312756,0.11652026940509597,0.9988361534231158
real loopback TLS,original_worker_100,final_worker_100,median_latency,0.3670493584999974,0.4283902694999995,16.711897073102367,0.856810680897125
real loopback TLS,original_worker_100,final_worker_100,new_tls_connections,29,29,0.0,1.0
real loopback TLS,original_worker_100,final_worker_100,p95_latency,1.0362360739999872,1.0362787319999995,0.004116629509698377,0.9999588353994971
real loopback TLS,original_worker_100,final_worker_100,p99_latency,1.1473903269999823,1.2206725630000008,6.386861931425325,0.9399656892263429
real loopback TLS,original_worker_100,final_worker_100,peak_active_jobs,100,100,0.0,1.0
real loopback TLS,original_worker_100,final_worker_100,peak_admitted_requests,100,100,0.0,1.0
real loopback TLS,original_worker_100,final_worker_100,peak_rss_bytes,61411328,61755392,0.560261455345823,0.9944285998540824
real loopback TLS,original_worker_100,final_worker_100,sampled_average_active_connections,9.475894357584444,9.437441128197317,-0.4058005285416555,1.0040745397894177
real loopback TLS,original_worker_100,final_worker_100,sampled_average_idle_connections,17.400493808783217,17.508410762373362,0.6201947759417736,0.9938362793142788
real loopback TLS,original_worker_100,final_worker_100,sampled_peak_active_connections,25,25,0.0,1.0
real loopback TLS,original_worker_100,final_worker_100,server_requests,200,200,0.0,1.0
real loopback TLS,original_worker_100,final_worker_100,successful_requests,200,200,0.0,1.0
real loopback TLS,original_worker_100,final_worker_100,successful_rps,166.0998194737429,156.71356853031094,-5.650969984898602,1.0598943092896038
real loopback TLS,first_hybrid_worker_500,final_worker_500,actual_connection_ceiling,500,500,0.0,1.0
real loopback TLS,first_hybrid_worker_500,final_worker_500,attempted_requests,1000,1000,0.0,1.0
real loopback TLS,first_hybrid_worker_500,final_worker_500,attempted_rps,157.71910663076238,155.68420892071995,-1.2902036750730206,1.013070675080982
real loopback TLS,first_hybrid_worker_500,final_worker_500,average_latency,2.398874241146998,2.452626012673,2.2407081873663026,0.9780839919138669
real loopback TLS,first_hybrid_worker_500,final_worker_500,backend_metrics.backend_connection_pools.worker.active,,0,,
real loopback TLS,first_hybrid_worker_500,final_worker_500,backend_metrics.backend_connection_pools.worker.idle_keepalive,,28,,
real loopback TLS,first_hybrid_worker_500,final_worker_500,backend_metrics.backend_failovers,,0,,
real loopback TLS,first_hybrid_worker_500,final_worker_500,backend_metrics.backend_switches,,0,,
real loopback TLS,first_hybrid_worker_500,final_worker_500,backend_metrics.cursor_chain_restarts,,0,,
real loopback TLS,first_hybrid_worker_500,final_worker_500,backend_metrics.direct_429_count,,0,,
real loopback TLS,first_hybrid_worker_500,final_worker_500,backend_metrics.direct_active_requests,,0,,
real loopback TLS,first_hybrid_worker_500,final_worker_500,backend_metrics.direct_average_latency,,0,,
real loopback TLS,first_hybrid_worker_500,final_worker_500,backend_metrics.direct_followers_received,,0,,
real loopback TLS,first_hybrid_worker_500,final_worker_500,backend_metrics.direct_following_received,,0,,
real loopback TLS,first_hybrid_worker_500,final_worker_500,backend_metrics.direct_http_error_rate,,0.0,,
real loopback TLS,first_hybrid_worker_500,final_worker_500,backend_metrics.direct_invalid_response_rate,,0.0,,
real loopback TLS,first_hybrid_worker_500,final_worker_500,backend_metrics.direct_median_latency,,0,,
real loopback TLS,first_hybrid_worker_500,final_worker_500,backend_metrics.direct_network_error_rate,,0.0,,
real loopback TLS,first_hybrid_worker_500,final_worker_500,backend_metrics.direct_p95_latency,,0,,
real loopback TLS,first_hybrid_worker_500,final_worker_500,backend_metrics.direct_p99_latency,,0,,
real loopback TLS,first_hybrid_worker_500,final_worker_500,backend_metrics.direct_recent_success_percent,,0.0,,
real loopback TLS,first_hybrid_worker_500,final_worker_500,backend_metrics.direct_records_per_second,,0.0,,
real loopback TLS,first_hybrid_worker_500,final_worker_500,backend_metrics.direct_requests_failed,,0,,
real loopback TLS,first_hybrid_worker_500,final_worker_500,backend_metrics.direct_requests_per_second,,0.0,,
real loopback TLS,first_hybrid_worker_500,final_worker_500,backend_metrics.direct_requests_successful,,0,,
real loopback TLS,first_hybrid_worker_500,final_worker_500,backend_metrics.direct_requests_total,,0,,
real loopback TLS,first_hybrid_worker_500,final_worker_500,backend_metrics.direct_risk_control_count,,0,,
real loopback TLS,first_hybrid_worker_500,final_worker_500,backend_metrics.direct_risk_control_rate,,0.0,,
real loopback TLS,first_hybrid_worker_500,final_worker_500,backend_metrics.direct_successful_rps,,0.0,,
real loopback TLS,first_hybrid_worker_500,final_worker_500,backend_metrics.direct_timeout_rate,,0.0,,
real loopback TLS,first_hybrid_worker_500,final_worker_500,backend_metrics.hybrid_records_per_second,,155.80180601577186,,
real loopback TLS,first_hybrid_worker_500,final_worker_500,backend_metrics.hybrid_total_successful_rps,,155.80180601577186,,
real loopback TLS,first_hybrid_worker_500,final_worker_500,backend_metrics.worker_429_count,,0,,
real loopback TLS,first_hybrid_worker_500,final_worker_500,backend_metrics.worker_active_requests,,0,,
real loopback TLS,first_hybrid_worker_500,final_worker_500,backend_metrics.worker_average_latency,,0.6129133422359999,,
real loopback TLS,first_hybrid_worker_500,final_worker_500,backend_metrics.worker_connect_tcp_attempts,,28,,
real loopback TLS,first_hybrid_worker_500,final_worker_500,backend_metrics.worker_connect_tcp_seconds,,0.6571532719999951,,
real loopback TLS,first_hybrid_worker_500,final_worker_500,backend_metrics.worker_connect_tcp_successful,,28,,
real loopback TLS,first_hybrid_worker_500,final_worker_500,backend_metrics.worker_connection_pool_wait_seconds,,0.0021968390000211002,,
real loopback TLS,first_hybrid_worker_500,final_worker_500,backend_metrics.worker_followers_received,,0,,
real loopback TLS,first_hybrid_worker_500,final_worker_500,backend_metrics.worker_following_received,,0,,
real loopback TLS,first_hybrid_worker_500,final_worker_500,backend_metrics.worker_http_error_rate,,0.0,,
real loopback TLS,first_hybrid_worker_500,final_worker_500,backend_metrics.worker_invalid_response_rate,,0.0,,
real loopback TLS,first_hybrid_worker_500,final_worker_500,backend_metrics.worker_latency_seconds,,612.9133422360001,,
real loopback TLS,first_hybrid_worker_500,final_worker_500,backend_metrics.worker_median_latency,,0.3983960159999995,,
real loopback TLS,first_hybrid_worker_500,final_worker_500,backend_metrics.worker_network_error_rate,,0.0,,
real loopback TLS,first_hybrid_worker_500,final_worker_500,backend_metrics.worker_new_connection_requests,,28,,
real loopback TLS,first_hybrid_worker_500,final_worker_500,backend_metrics.worker_p95_latency,,1.9610990830000006,,
real loopback TLS,first_hybrid_worker_500,final_worker_500,backend_metrics.worker_p99_latency,,3.121329292999995,,
real loopback TLS,first_hybrid_worker_500,final_worker_500,backend_metrics.worker_peak_active_requests,,121,,
real loopback TLS,first_hybrid_worker_500,final_worker_500,backend_metrics.worker_profile_received,,1000,,
real loopback TLS,first_hybrid_worker_500,final_worker_500,backend_metrics.worker_recent_success_percent,,100.0,,
real loopback TLS,first_hybrid_worker_500,final_worker_500,backend_metrics.worker_records,,1000,,
real loopback TLS,first_hybrid_worker_500,final_worker_500,backend_metrics.worker_records_per_second,,155.80180601577186,,
real loopback TLS,first_hybrid_worker_500,final_worker_500,backend_metrics.worker_requests_failed,,0,,
real loopback TLS,first_hybrid_worker_500,final_worker_500,backend_metrics.worker_requests_per_second,,155.80180601577186,,
real loopback TLS,first_hybrid_worker_500,final_worker_500,backend_metrics.worker_requests_successful,,1000,,
real loopback TLS,first_hybrid_worker_500,final_worker_500,backend_metrics.worker_requests_total,,1000,,
real loopback TLS,first_hybrid_worker_500,final_worker_500,backend_metrics.worker_response_body_bytes,,466780,,
real loopback TLS,first_hybrid_worker_500,final_worker_500,backend_metrics.worker_reused_connection_requests,,972,,
real loopback TLS,first_hybrid_worker_500,final_worker_500,backend_metrics.worker_risk_control_count,,0,,
real loopback TLS,first_hybrid_worker_500,final_worker_500,backend_metrics.worker_risk_control_rate,,0.0,,
real loopback TLS,first_hybrid_worker_500,final_worker_500,backend_metrics.worker_successful_rps,,155.80180601577186,,
real loopback TLS,first_hybrid_worker_500,final_worker_500,backend_metrics.worker_timeout_rate,,0.0,,
real loopback TLS,first_hybrid_worker_500,final_worker_500,backend_metrics.worker_tls_handshake_attempts,,28,,
real loopback TLS,first_hybrid_worker_500,final_worker_500,backend_metrics.worker_tls_handshake_seconds,,0.5737477589999855,,
real loopback TLS,first_hybrid_worker_500,final_worker_500,backend_metrics.worker_tls_handshake_successful,,28,,
real loopback TLS,first_hybrid_worker_500,final_worker_500,configured_workers,500,500,0.0,1.0
real loopback TLS,first_hybrid_worker_500,final_worker_500,cpu_percent_of_one_core,99.59275417296101,99.592406550972,-0.00034904345390662783,1.0000034904467223
real loopback TLS,first_hybrid_worker_500,final_worker_500,cpu_seconds,6.314564944,6.397078242,1.3067139024107055,0.9871014086621203
real loopback TLS,first_hybrid_worker_500,final_worker_500,elapsed_seconds,6.3403859009999906,6.423259025,1.307067508098192,0.9870979632492698
real loopback TLS,first_hybrid_worker_500,final_worker_500,event_loop_max,0.036429166999919285,0.03569043700000264,-2.027853120875034,1.0206982615515912
real loopback TLS,first_hybrid_worker_500,final_worker_500,event_loop_p95,0.019282908000018324,0.01973363499999749,2.337443086793445,0.9771594538979147
real loopback TLS,first_hybrid_worker_500,final_worker_500,harness_version,2,2,0.0,1.0
real loopback TLS,first_hybrid_worker_500,final_worker_500,loopback_interface_bytes.received,1250940,1253436,0.19952995347498614,0.9980086737575752
real loopback TLS,first_hybrid_worker_500,final_worker_500,loopback_interface_bytes.transmitted,1250940,1253436,0.19952995347498614,0.9980086737575752
real loopback TLS,first_hybrid_worker_500,final_worker_500,median_latency,2.610989262500027,2.6641297744999974,2.0352635211179804,0.9800533320453791
real loopback TLS,first_hybrid_worker_500,final_worker_500,new_tls_connections,28,28,0.0,1.0
real loopback TLS,first_hybrid_worker_500,final_worker_500,p95_latency,3.981271523000032,4.328206408,8.714172921784025,0.9198432670958775
real loopback TLS,first_hybrid_worker_500,final_worker_500,p99_latency,5.249916197999937,5.190493704999994,-1.1318750768360974,1.0114483315802312
real loopback TLS,first_hybrid_worker_500,final_worker_500,peak_active_jobs,500,500,0.0,1.0
real loopback TLS,first_hybrid_worker_500,final_worker_500,peak_admitted_requests,500,500,0.0,1.0
real loopback TLS,first_hybrid_worker_500,final_worker_500,peak_rss_bytes,63938560,64172032,0.3651505445227521,0.9963617795366057
real loopback TLS,first_hybrid_worker_500,final_worker_500,sampled_average_active_connections,11.508734464962455,11.527800298385127,0.16566403092117543,0.9983460996088436
real loopback TLS,first_hybrid_worker_500,final_worker_500,sampled_average_idle_connections,16.065664934201187,16.05400680365681,-0.07256550284175933,1.0007261819860274
real loopback TLS,first_hybrid_worker_500,final_worker_500,sampled_peak_active_connections,25,25,0.0,1.0
real loopback TLS,first_hybrid_worker_500,final_worker_500,server_requests,1000,1000,0.0,1.0
real loopback TLS,first_hybrid_worker_500,final_worker_500,successful_requests,1000,1000,0.0,1.0
real loopback TLS,first_hybrid_worker_500,final_worker_500,successful_rps,157.71910663076238,155.68420892071995,-1.2902036750730206,1.013070675080982
real loopback TLS,original_worker_500,final_worker_500,actual_connection_ceiling,500,500,0.0,1.0
real loopback TLS,original_worker_500,final_worker_500,attempted_requests,1000,1000,0.0,1.0
real loopback TLS,original_worker_500,final_worker_500,attempted_rps,156.92225117260014,155.68420892071995,-0.7889526454208595,1.0079522660677207
real loopback TLS,original_worker_500,final_worker_500,average_latency,2.4242234895770003,2.452626012673,1.17161322865309,0.9884195458462723
real loopback TLS,original_worker_500,final_worker_500,backend_metrics.backend_connection_pools.worker.active,,0,,
real loopback TLS,original_worker_500,final_worker_500,backend_metrics.backend_connection_pools.worker.idle_keepalive,,28,,
real loopback TLS,original_worker_500,final_worker_500,backend_metrics.backend_failovers,,0,,
real loopback TLS,original_worker_500,final_worker_500,backend_metrics.backend_switches,,0,,
real loopback TLS,original_worker_500,final_worker_500,backend_metrics.cursor_chain_restarts,,0,,
real loopback TLS,original_worker_500,final_worker_500,backend_metrics.direct_429_count,,0,,
real loopback TLS,original_worker_500,final_worker_500,backend_metrics.direct_active_requests,,0,,
real loopback TLS,original_worker_500,final_worker_500,backend_metrics.direct_average_latency,,0,,
real loopback TLS,original_worker_500,final_worker_500,backend_metrics.direct_followers_received,,0,,
real loopback TLS,original_worker_500,final_worker_500,backend_metrics.direct_following_received,,0,,
real loopback TLS,original_worker_500,final_worker_500,backend_metrics.direct_http_error_rate,,0.0,,
real loopback TLS,original_worker_500,final_worker_500,backend_metrics.direct_invalid_response_rate,,0.0,,
real loopback TLS,original_worker_500,final_worker_500,backend_metrics.direct_median_latency,,0,,
real loopback TLS,original_worker_500,final_worker_500,backend_metrics.direct_network_error_rate,,0.0,,
real loopback TLS,original_worker_500,final_worker_500,backend_metrics.direct_p95_latency,,0,,
real loopback TLS,original_worker_500,final_worker_500,backend_metrics.direct_p99_latency,,0,,
real loopback TLS,original_worker_500,final_worker_500,backend_metrics.direct_recent_success_percent,,0.0,,
real loopback TLS,original_worker_500,final_worker_500,backend_metrics.direct_records_per_second,,0.0,,
real loopback TLS,original_worker_500,final_worker_500,backend_metrics.direct_requests_failed,,0,,
real loopback TLS,original_worker_500,final_worker_500,backend_metrics.direct_requests_per_second,,0.0,,
real loopback TLS,original_worker_500,final_worker_500,backend_metrics.direct_requests_successful,,0,,
real loopback TLS,original_worker_500,final_worker_500,backend_metrics.direct_requests_total,,0,,
real loopback TLS,original_worker_500,final_worker_500,backend_metrics.direct_risk_control_count,,0,,
real loopback TLS,original_worker_500,final_worker_500,backend_metrics.direct_risk_control_rate,,0.0,,
real loopback TLS,original_worker_500,final_worker_500,backend_metrics.direct_successful_rps,,0.0,,
real loopback TLS,original_worker_500,final_worker_500,backend_metrics.direct_timeout_rate,,0.0,,
real loopback TLS,original_worker_500,final_worker_500,backend_metrics.hybrid_records_per_second,,155.80180601577186,,
real loopback TLS,original_worker_500,final_worker_500,backend_metrics.hybrid_total_successful_rps,,155.80180601577186,,
real loopback TLS,original_worker_500,final_worker_500,backend_metrics.worker_429_count,,0,,
real loopback TLS,original_worker_500,final_worker_500,backend_metrics.worker_active_requests,,0,,
real loopback TLS,original_worker_500,final_worker_500,backend_metrics.worker_average_latency,,0.6129133422359999,,
real loopback TLS,original_worker_500,final_worker_500,backend_metrics.worker_connect_tcp_attempts,,28,,
real loopback TLS,original_worker_500,final_worker_500,backend_metrics.worker_connect_tcp_seconds,,0.6571532719999951,,
real loopback TLS,original_worker_500,final_worker_500,backend_metrics.worker_connect_tcp_successful,,28,,
real loopback TLS,original_worker_500,final_worker_500,backend_metrics.worker_connection_pool_wait_seconds,,0.0021968390000211002,,
real loopback TLS,original_worker_500,final_worker_500,backend_metrics.worker_followers_received,,0,,
real loopback TLS,original_worker_500,final_worker_500,backend_metrics.worker_following_received,,0,,
real loopback TLS,original_worker_500,final_worker_500,backend_metrics.worker_http_error_rate,,0.0,,
real loopback TLS,original_worker_500,final_worker_500,backend_metrics.worker_invalid_response_rate,,0.0,,
real loopback TLS,original_worker_500,final_worker_500,backend_metrics.worker_latency_seconds,,612.9133422360001,,
real loopback TLS,original_worker_500,final_worker_500,backend_metrics.worker_median_latency,,0.3983960159999995,,
real loopback TLS,original_worker_500,final_worker_500,backend_metrics.worker_network_error_rate,,0.0,,
real loopback TLS,original_worker_500,final_worker_500,backend_metrics.worker_new_connection_requests,,28,,
real loopback TLS,original_worker_500,final_worker_500,backend_metrics.worker_p95_latency,,1.9610990830000006,,
real loopback TLS,original_worker_500,final_worker_500,backend_metrics.worker_p99_latency,,3.121329292999995,,
real loopback TLS,original_worker_500,final_worker_500,backend_metrics.worker_peak_active_requests,,121,,
real loopback TLS,original_worker_500,final_worker_500,backend_metrics.worker_profile_received,,1000,,
real loopback TLS,original_worker_500,final_worker_500,backend_metrics.worker_recent_success_percent,,100.0,,
real loopback TLS,original_worker_500,final_worker_500,backend_metrics.worker_records,,1000,,
real loopback TLS,original_worker_500,final_worker_500,backend_metrics.worker_records_per_second,,155.80180601577186,,
real loopback TLS,original_worker_500,final_worker_500,backend_metrics.worker_requests_failed,,0,,
real loopback TLS,original_worker_500,final_worker_500,backend_metrics.worker_requests_per_second,,155.80180601577186,,
real loopback TLS,original_worker_500,final_worker_500,backend_metrics.worker_requests_successful,,1000,,
real loopback TLS,original_worker_500,final_worker_500,backend_metrics.worker_requests_total,,1000,,
real loopback TLS,original_worker_500,final_worker_500,backend_metrics.worker_response_body_bytes,,466780,,
real loopback TLS,original_worker_500,final_worker_500,backend_metrics.worker_reused_connection_requests,,972,,
real loopback TLS,original_worker_500,final_worker_500,backend_metrics.worker_risk_control_count,,0,,
real loopback TLS,original_worker_500,final_worker_500,backend_metrics.worker_risk_control_rate,,0.0,,
real loopback TLS,original_worker_500,final_worker_500,backend_metrics.worker_successful_rps,,155.80180601577186,,
real loopback TLS,original_worker_500,final_worker_500,backend_metrics.worker_timeout_rate,,0.0,,
real loopback TLS,original_worker_500,final_worker_500,backend_metrics.worker_tls_handshake_attempts,,28,,
real loopback TLS,original_worker_500,final_worker_500,backend_metrics.worker_tls_handshake_seconds,,0.5737477589999855,,
real loopback TLS,original_worker_500,final_worker_500,backend_metrics.worker_tls_handshake_successful,,28,,
real loopback TLS,original_worker_500,final_worker_500,configured_workers,500,500,0.0,1.0
real loopback TLS,original_worker_500,final_worker_500,cpu_percent_of_one_core,99.64227663101363,99.592406550972,-0.05004911743065055,1.0005007417911536
real loopback TLS,original_worker_500,final_worker_500,cpu_seconds,6.349786336,6.397078242,0.7447794854431367,0.9926072647213372
real loopback TLS,original_worker_500,final_worker_500,elapsed_seconds,6.372582553000029,6.423259025,0.7952266067720704,0.9921104735457915
real loopback TLS,original_worker_500,final_worker_500,event_loop_max,0.034463806999990534,0.03569043700000264,3.5591831163993115,0.965631409892459
real loopback TLS,original_worker_500,final_worker_500,event_loop_p95,0.019457389999995484,0.01973363499999749,1.4197433468829512,0.9860013119730834
real loopback TLS,original_worker_500,final_worker_500,harness_version,2,2,0.0,1.0
real loopback TLS,original_worker_500,final_worker_500,loopback_interface_bytes.received,1250992,1253436,0.19536495836904866,0.998050159720959
real loopback TLS,original_worker_500,final_worker_500,loopback_interface_bytes.transmitted,1250992,1253436,0.19536495836904866,0.998050159720959
real loopback TLS,original_worker_500,final_worker_500,median_latency,2.6368467125000166,2.6641297744999974,1.0346851741758423,0.9897591092366732
real loopback TLS,original_worker_500,final_worker_500,new_tls_connections,28,28,0.0,1.0
real loopback TLS,original_worker_500,final_worker_500,p95_latency,4.175682952000045,4.328206408,3.6526589243778718,0.9647605863440247
real loopback TLS,original_worker_500,final_worker_500,p99_latency,4.919193371999995,5.190493704999994,5.51513861081856,0.9477313048778663
real loopback TLS,original_worker_500,final_worker_500,peak_active_jobs,500,500,0.0,1.0
real loopback TLS,original_worker_500,final_worker_500,peak_admitted_requests,500,500,0.0,1.0
real loopback TLS,original_worker_500,final_worker_500,peak_rss_bytes,63848448,64172032,0.5068001026430569,0.9949575540945937
real loopback TLS,original_worker_500,final_worker_500,sampled_average_active_connections,11.475919596768787,11.527800298385127,0.4520831745017606,0.9954995141940819
real loopback TLS,original_worker_500,final_worker_500,sampled_average_idle_connections,16.106866595659735,16.05400680365681,-0.3281817210627924,1.003292622997449
real loopback TLS,original_worker_500,final_worker_500,sampled_peak_active_connections,25,25,0.0,1.0
real loopback TLS,original_worker_500,final_worker_500,server_requests,1000,1000,0.0,1.0
real loopback TLS,original_worker_500,final_worker_500,successful_requests,1000,1000,0.0,1.0
real loopback TLS,original_worker_500,final_worker_500,successful_rps,156.92225117260014,155.68420892071995,-0.7889526454208595,1.0079522660677207
real loopback TLS,first_hybrid_worker_1000,final_worker_1000,actual_connection_ceiling,1000,1000,0.0,1.0
real loopback TLS,first_hybrid_worker_1000,final_worker_1000,attempted_requests,2000,2000,0.0,1.0
real loopback TLS,first_hybrid_worker_1000,final_worker_1000,attempted_rps,158.466326545853,154.08216963618315,-2.7666173661199056,1.0284533695236877
real loopback TLS,first_hybrid_worker_1000,final_worker_1000,average_latency,4.7871754376599975,4.9341107838555,3.069353695283117,0.9702205011942014
real loopback TLS,first_hybrid_worker_1000,final_worker_1000,backend_metrics.backend_connection_pools.worker.active,,0,,
real loopback TLS,first_hybrid_worker_1000,final_worker_1000,backend_metrics.backend_connection_pools.worker.idle_keepalive,,28,,
real loopback TLS,first_hybrid_worker_1000,final_worker_1000,backend_metrics.backend_failovers,,0,,
real loopback TLS,first_hybrid_worker_1000,final_worker_1000,backend_metrics.backend_switches,,0,,
real loopback TLS,first_hybrid_worker_1000,final_worker_1000,backend_metrics.cursor_chain_restarts,,0,,
real loopback TLS,first_hybrid_worker_1000,final_worker_1000,backend_metrics.direct_429_count,,0,,
real loopback TLS,first_hybrid_worker_1000,final_worker_1000,backend_metrics.direct_active_requests,,0,,
real loopback TLS,first_hybrid_worker_1000,final_worker_1000,backend_metrics.direct_average_latency,,0,,
real loopback TLS,first_hybrid_worker_1000,final_worker_1000,backend_metrics.direct_followers_received,,0,,
real loopback TLS,first_hybrid_worker_1000,final_worker_1000,backend_metrics.direct_following_received,,0,,
real loopback TLS,first_hybrid_worker_1000,final_worker_1000,backend_metrics.direct_http_error_rate,,0.0,,
real loopback TLS,first_hybrid_worker_1000,final_worker_1000,backend_metrics.direct_invalid_response_rate,,0.0,,
real loopback TLS,first_hybrid_worker_1000,final_worker_1000,backend_metrics.direct_median_latency,,0,,
real loopback TLS,first_hybrid_worker_1000,final_worker_1000,backend_metrics.direct_network_error_rate,,0.0,,
real loopback TLS,first_hybrid_worker_1000,final_worker_1000,backend_metrics.direct_p95_latency,,0,,
real loopback TLS,first_hybrid_worker_1000,final_worker_1000,backend_metrics.direct_p99_latency,,0,,
real loopback TLS,first_hybrid_worker_1000,final_worker_1000,backend_metrics.direct_recent_success_percent,,0.0,,
real loopback TLS,first_hybrid_worker_1000,final_worker_1000,backend_metrics.direct_records_per_second,,0.0,,
real loopback TLS,first_hybrid_worker_1000,final_worker_1000,backend_metrics.direct_requests_failed,,0,,
real loopback TLS,first_hybrid_worker_1000,final_worker_1000,backend_metrics.direct_requests_per_second,,0.0,,
real loopback TLS,first_hybrid_worker_1000,final_worker_1000,backend_metrics.direct_requests_successful,,0,,
real loopback TLS,first_hybrid_worker_1000,final_worker_1000,backend_metrics.direct_requests_total,,0,,
real loopback TLS,first_hybrid_worker_1000,final_worker_1000,backend_metrics.direct_risk_control_count,,0,,
real loopback TLS,first_hybrid_worker_1000,final_worker_1000,backend_metrics.direct_risk_control_rate,,0.0,,
real loopback TLS,first_hybrid_worker_1000,final_worker_1000,backend_metrics.direct_successful_rps,,0.0,,
real loopback TLS,first_hybrid_worker_1000,final_worker_1000,backend_metrics.direct_timeout_rate,,0.0,,
real loopback TLS,first_hybrid_worker_1000,final_worker_1000,backend_metrics.hybrid_records_per_second,,154.14252923624744,,
real loopback TLS,first_hybrid_worker_1000,final_worker_1000,backend_metrics.hybrid_total_successful_rps,,154.14252923624744,,
real loopback TLS,first_hybrid_worker_1000,final_worker_1000,backend_metrics.worker_429_count,,0,,
real loopback TLS,first_hybrid_worker_1000,final_worker_1000,backend_metrics.worker_active_requests,,0,,
real loopback TLS,first_hybrid_worker_1000,final_worker_1000,backend_metrics.worker_average_latency,,0.7103423700370001,,
real loopback TLS,first_hybrid_worker_1000,final_worker_1000,backend_metrics.worker_connect_tcp_attempts,,28,,
real loopback TLS,first_hybrid_worker_1000,final_worker_1000,backend_metrics.worker_connect_tcp_seconds,,0.7488450999999969,,
real loopback TLS,first_hybrid_worker_1000,final_worker_1000,backend_metrics.worker_connect_tcp_successful,,28,,
real loopback TLS,first_hybrid_worker_1000,final_worker_1000,backend_metrics.worker_connection_pool_wait_seconds,,0.004424726000131329,,
real loopback TLS,first_hybrid_worker_1000,final_worker_1000,backend_metrics.worker_followers_received,,0,,
real loopback TLS,first_hybrid_worker_1000,final_worker_1000,backend_metrics.worker_following_received,,0,,
real loopback TLS,first_hybrid_worker_1000,final_worker_1000,backend_metrics.worker_http_error_rate,,0.0,,
real loopback TLS,first_hybrid_worker_1000,final_worker_1000,backend_metrics.worker_invalid_response_rate,,0.0,,
real loopback TLS,first_hybrid_worker_1000,final_worker_1000,backend_metrics.worker_latency_seconds,,1420.6847400739969,,
real loopback TLS,first_hybrid_worker_1000,final_worker_1000,backend_metrics.worker_median_latency,,0.49209260699999646,,
real loopback TLS,first_hybrid_worker_1000,final_worker_1000,backend_metrics.worker_network_error_rate,,0.0,,
real loopback TLS,first_hybrid_worker_1000,final_worker_1000,backend_metrics.worker_new_connection_requests,,28,,
real loopback TLS,first_hybrid_worker_1000,final_worker_1000,backend_metrics.worker_p95_latency,,2.1328758220000026,,
real loopback TLS,first_hybrid_worker_1000,final_worker_1000,backend_metrics.worker_p99_latency,,3.090731884,,
real loopback TLS,first_hybrid_worker_1000,final_worker_1000,backend_metrics.worker_peak_active_requests,,130,,
real loopback TLS,first_hybrid_worker_1000,final_worker_1000,backend_metrics.worker_profile_received,,2000,,
real loopback TLS,first_hybrid_worker_1000,final_worker_1000,backend_metrics.worker_recent_success_percent,,100.0,,
real loopback TLS,first_hybrid_worker_1000,final_worker_1000,backend_metrics.worker_records,,2000,,
real loopback TLS,first_hybrid_worker_1000,final_worker_1000,backend_metrics.worker_records_per_second,,154.14252923624744,,
real loopback TLS,first_hybrid_worker_1000,final_worker_1000,backend_metrics.worker_requests_failed,,0,,
real loopback TLS,first_hybrid_worker_1000,final_worker_1000,backend_metrics.worker_requests_per_second,,154.14252923624744,,
real loopback TLS,first_hybrid_worker_1000,final_worker_1000,backend_metrics.worker_requests_successful,,2000,,
real loopback TLS,first_hybrid_worker_1000,final_worker_1000,backend_metrics.worker_requests_total,,2000,,
real loopback TLS,first_hybrid_worker_1000,final_worker_1000,backend_metrics.worker_response_body_bytes,,933780,,
real loopback TLS,first_hybrid_worker_1000,final_worker_1000,backend_metrics.worker_reused_connection_requests,,1972,,
real loopback TLS,first_hybrid_worker_1000,final_worker_1000,backend_metrics.worker_risk_control_count,,0,,
real loopback TLS,first_hybrid_worker_1000,final_worker_1000,backend_metrics.worker_risk_control_rate,,0.0,,
real loopback TLS,first_hybrid_worker_1000,final_worker_1000,backend_metrics.worker_successful_rps,,154.14252923624744,,
real loopback TLS,first_hybrid_worker_1000,final_worker_1000,backend_metrics.worker_timeout_rate,,0.0,,
real loopback TLS,first_hybrid_worker_1000,final_worker_1000,backend_metrics.worker_tls_handshake_attempts,,28,,
real loopback TLS,first_hybrid_worker_1000,final_worker_1000,backend_metrics.worker_tls_handshake_seconds,,0.6381975430000182,,
real loopback TLS,first_hybrid_worker_1000,final_worker_1000,backend_metrics.worker_tls_handshake_successful,,28,,
real loopback TLS,first_hybrid_worker_1000,final_worker_1000,configured_workers,1000,1000,0.0,1.0
real loopback TLS,first_hybrid_worker_1000,final_worker_1000,cpu_percent_of_one_core,99.80104794363344,99.7547588665994,-0.04638135369097185,1.00046402875973
real loopback TLS,first_hybrid_worker_1000,final_worker_1000,cpu_seconds,12.595868172000001,12.948254701,2.797635892882222,0.9727850171982805
real loopback TLS,first_hybrid_worker_1000,final_worker_1000,elapsed_seconds,12.620977866999965,12.980087214000001,2.8453369523687932,0.9723338263388007
real loopback TLS,first_hybrid_worker_1000,final_worker_1000,event_loop_max,0.04024087200000849,0.04028996999999947,0.12201027848244284,0.9987813840518874
real loopback TLS,first_hybrid_worker_1000,final_worker_1000,event_loop_p95,0.019518820000012056,0.019794026000002702,1.4099520359861728,0.9860965121501503
real loopback TLS,first_hybrid_worker_1000,final_worker_1000,harness_version,2,2,0.0,1.0
real loopback TLS,first_hybrid_worker_1000,final_worker_1000,loopback_interface_bytes.received,2434140,2443339,0.37791581420953957,0.9962350701233026
real loopback TLS,first_hybrid_worker_1000,final_worker_1000,loopback_interface_bytes.transmitted,2434140,2443339,0.37791581420953957,0.9962350701233026
real loopback TLS,first_hybrid_worker_1000,final_worker_1000,median_latency,5.684980650499938,5.839279462,2.714148402360772,0.973575710410131
real loopback TLS,first_hybrid_worker_1000,final_worker_1000,new_tls_connections,28,28,0.0,1.0
real loopback TLS,first_hybrid_worker_1000,final_worker_1000,p95_latency,7.351430371999982,7.524922645000004,2.3599798164560815,0.9769443114321845
real loopback TLS,first_hybrid_worker_1000,final_worker_1000,p99_latency,8.460162620999995,8.458412889999998,-0.020682001970662167,1.0002068628030756
real loopback TLS,first_hybrid_worker_1000,final_worker_1000,peak_active_jobs,1000,1000,0.0,1.0
real loopback TLS,first_hybrid_worker_1000,final_worker_1000,peak_admitted_requests,1000,1000,0.0,1.0
real loopback TLS,first_hybrid_worker_1000,final_worker_1000,peak_rss_bytes,67842048,67936256,0.13886373241562833,0.9986132883154467
real loopback TLS,first_hybrid_worker_1000,final_worker_1000,sampled_average_active_connections,12.045730432545097,11.949995013492673,-0.7947664078034378,1.0080113354812559
real loopback TLS,first_hybrid_worker_1000,final_worker_1000,sampled_average_idle_connections,15.73101577922302,15.829408416561968,0.6254690651884109,0.9937841873334949
real loopback TLS,first_hybrid_worker_1000,final_worker_1000,sampled_peak_active_connections,25,25,0.0,1.0
real loopback TLS,first_hybrid_worker_1000,final_worker_1000,server_requests,2000,2000,0.0,1.0
real loopback TLS,first_hybrid_worker_1000,final_worker_1000,successful_requests,2000,2000,0.0,1.0
real loopback TLS,first_hybrid_worker_1000,final_worker_1000,successful_rps,158.466326545853,154.08216963618315,-2.7666173661199056,1.0284533695236877
real loopback TLS,original_worker_1000,final_worker_1000,actual_connection_ceiling,1000,1000,0.0,1.0
real loopback TLS,original_worker_1000,final_worker_1000,attempted_requests,2000,2000,0.0,1.0
real loopback TLS,original_worker_1000,final_worker_1000,attempted_rps,154.88696844371447,154.08216963618315,-0.5196039509442474,1.0052231793557398
real loopback TLS,original_worker_1000,final_worker_1000,average_latency,4.9134200053975,4.9341107838555,0.4211074655793956,0.9958065841314911
real loopback TLS,original_worker_1000,final_worker_1000,backend_metrics.backend_connection_pools.worker.active,,0,,
real loopback TLS,original_worker_1000,final_worker_1000,backend_metrics.backend_connection_pools.worker.idle_keepalive,,28,,
real loopback TLS,original_worker_1000,final_worker_1000,backend_metrics.backend_failovers,,0,,
real loopback TLS,original_worker_1000,final_worker_1000,backend_metrics.backend_switches,,0,,
real loopback TLS,original_worker_1000,final_worker_1000,backend_metrics.cursor_chain_restarts,,0,,
real loopback TLS,original_worker_1000,final_worker_1000,backend_metrics.direct_429_count,,0,,
real loopback TLS,original_worker_1000,final_worker_1000,backend_metrics.direct_active_requests,,0,,
real loopback TLS,original_worker_1000,final_worker_1000,backend_metrics.direct_average_latency,,0,,
real loopback TLS,original_worker_1000,final_worker_1000,backend_metrics.direct_followers_received,,0,,
real loopback TLS,original_worker_1000,final_worker_1000,backend_metrics.direct_following_received,,0,,
real loopback TLS,original_worker_1000,final_worker_1000,backend_metrics.direct_http_error_rate,,0.0,,
real loopback TLS,original_worker_1000,final_worker_1000,backend_metrics.direct_invalid_response_rate,,0.0,,
real loopback TLS,original_worker_1000,final_worker_1000,backend_metrics.direct_median_latency,,0,,
real loopback TLS,original_worker_1000,final_worker_1000,backend_metrics.direct_network_error_rate,,0.0,,
real loopback TLS,original_worker_1000,final_worker_1000,backend_metrics.direct_p95_latency,,0,,
real loopback TLS,original_worker_1000,final_worker_1000,backend_metrics.direct_p99_latency,,0,,
real loopback TLS,original_worker_1000,final_worker_1000,backend_metrics.direct_recent_success_percent,,0.0,,
real loopback TLS,original_worker_1000,final_worker_1000,backend_metrics.direct_records_per_second,,0.0,,
real loopback TLS,original_worker_1000,final_worker_1000,backend_metrics.direct_requests_failed,,0,,
real loopback TLS,original_worker_1000,final_worker_1000,backend_metrics.direct_requests_per_second,,0.0,,
real loopback TLS,original_worker_1000,final_worker_1000,backend_metrics.direct_requests_successful,,0,,
real loopback TLS,original_worker_1000,final_worker_1000,backend_metrics.direct_requests_total,,0,,
real loopback TLS,original_worker_1000,final_worker_1000,backend_metrics.direct_risk_control_count,,0,,
real loopback TLS,original_worker_1000,final_worker_1000,backend_metrics.direct_risk_control_rate,,0.0,,
real loopback TLS,original_worker_1000,final_worker_1000,backend_metrics.direct_successful_rps,,0.0,,
real loopback TLS,original_worker_1000,final_worker_1000,backend_metrics.direct_timeout_rate,,0.0,,
real loopback TLS,original_worker_1000,final_worker_1000,backend_metrics.hybrid_records_per_second,,154.14252923624744,,
real loopback TLS,original_worker_1000,final_worker_1000,backend_metrics.hybrid_total_successful_rps,,154.14252923624744,,
real loopback TLS,original_worker_1000,final_worker_1000,backend_metrics.worker_429_count,,0,,
real loopback TLS,original_worker_1000,final_worker_1000,backend_metrics.worker_active_requests,,0,,
real loopback TLS,original_worker_1000,final_worker_1000,backend_metrics.worker_average_latency,,0.7103423700370001,,
real loopback TLS,original_worker_1000,final_worker_1000,backend_metrics.worker_connect_tcp_attempts,,28,,
real loopback TLS,original_worker_1000,final_worker_1000,backend_metrics.worker_connect_tcp_seconds,,0.7488450999999969,,
real loopback TLS,original_worker_1000,final_worker_1000,backend_metrics.worker_connect_tcp_successful,,28,,
real loopback TLS,original_worker_1000,final_worker_1000,backend_metrics.worker_connection_pool_wait_seconds,,0.004424726000131329,,
real loopback TLS,original_worker_1000,final_worker_1000,backend_metrics.worker_followers_received,,0,,
real loopback TLS,original_worker_1000,final_worker_1000,backend_metrics.worker_following_received,,0,,
real loopback TLS,original_worker_1000,final_worker_1000,backend_metrics.worker_http_error_rate,,0.0,,
real loopback TLS,original_worker_1000,final_worker_1000,backend_metrics.worker_invalid_response_rate,,0.0,,
real loopback TLS,original_worker_1000,final_worker_1000,backend_metrics.worker_latency_seconds,,1420.6847400739969,,
real loopback TLS,original_worker_1000,final_worker_1000,backend_metrics.worker_median_latency,,0.49209260699999646,,
real loopback TLS,original_worker_1000,final_worker_1000,backend_metrics.worker_network_error_rate,,0.0,,
real loopback TLS,original_worker_1000,final_worker_1000,backend_metrics.worker_new_connection_requests,,28,,
real loopback TLS,original_worker_1000,final_worker_1000,backend_metrics.worker_p95_latency,,2.1328758220000026,,
real loopback TLS,original_worker_1000,final_worker_1000,backend_metrics.worker_p99_latency,,3.090731884,,
real loopback TLS,original_worker_1000,final_worker_1000,backend_metrics.worker_peak_active_requests,,130,,
real loopback TLS,original_worker_1000,final_worker_1000,backend_metrics.worker_profile_received,,2000,,
real loopback TLS,original_worker_1000,final_worker_1000,backend_metrics.worker_recent_success_percent,,100.0,,
real loopback TLS,original_worker_1000,final_worker_1000,backend_metrics.worker_records,,2000,,
real loopback TLS,original_worker_1000,final_worker_1000,backend_metrics.worker_records_per_second,,154.14252923624744,,
real loopback TLS,original_worker_1000,final_worker_1000,backend_metrics.worker_requests_failed,,0,,
real loopback TLS,original_worker_1000,final_worker_1000,backend_metrics.worker_requests_per_second,,154.14252923624744,,
real loopback TLS,original_worker_1000,final_worker_1000,backend_metrics.worker_requests_successful,,2000,,
real loopback TLS,original_worker_1000,final_worker_1000,backend_metrics.worker_requests_total,,2000,,
real loopback TLS,original_worker_1000,final_worker_1000,backend_metrics.worker_response_body_bytes,,933780,,
real loopback TLS,original_worker_1000,final_worker_1000,backend_metrics.worker_reused_connection_requests,,1972,,
real loopback TLS,original_worker_1000,final_worker_1000,backend_metrics.worker_risk_control_count,,0,,
real loopback TLS,original_worker_1000,final_worker_1000,backend_metrics.worker_risk_control_rate,,0.0,,
real loopback TLS,original_worker_1000,final_worker_1000,backend_metrics.worker_successful_rps,,154.14252923624744,,
real loopback TLS,original_worker_1000,final_worker_1000,backend_metrics.worker_timeout_rate,,0.0,,
real loopback TLS,original_worker_1000,final_worker_1000,backend_metrics.worker_tls_handshake_attempts,,28,,
real loopback TLS,original_worker_1000,final_worker_1000,backend_metrics.worker_tls_handshake_seconds,,0.6381975430000182,,
real loopback TLS,original_worker_1000,final_worker_1000,backend_metrics.worker_tls_handshake_successful,,28,,
real loopback TLS,original_worker_1000,final_worker_1000,configured_workers,1000,1000,0.0,1.0
real loopback TLS,original_worker_1000,final_worker_1000,cpu_percent_of_one_core,99.81135737610377,99.7547588665994,-0.056705480210128556,1.0005673765356904
real loopback TLS,original_worker_1000,final_worker_1000,cpu_seconds,12.888283421,12.948254701,0.46531627247026197,0.9953683889153518
real loopback TLS,original_worker_1000,final_worker_1000,elapsed_seconds,12.912642168000048,12.980087214000001,0.5223179355739793,0.9948039604905575
real loopback TLS,original_worker_1000,final_worker_1000,event_loop_max,0.04108819700000367,0.04028996999999947,-1.9427160554261635,1.0198120524786742
real loopback TLS,original_worker_1000,final_worker_1000,event_loop_p95,0.019587977999985923,0.019794026000002702,1.0519105137698492,0.9895903945959882
real loopback TLS,original_worker_1000,final_worker_1000,harness_version,2,2,0.0,1.0
real loopback TLS,original_worker_1000,final_worker_1000,loopback_interface_bytes.received,2442444,2443339,0.036643624173171574,0.9996336979846022
real loopback TLS,original_worker_1000,final_worker_1000,loopback_interface_bytes.transmitted,2442444,2443339,0.036643624173171574,0.9996336979846022
real loopback TLS,original_worker_1000,final_worker_1000,median_latency,5.800078543499978,5.839279462,0.6758687525697971,0.9932866856681328
real loopback TLS,original_worker_1000,final_worker_1000,new_tls_connections,28,28,0.0,1.0
real loopback TLS,original_worker_1000,final_worker_1000,p95_latency,7.467304129000013,7.524922645000004,0.771610677757506,0.9923429756399853
real loopback TLS,original_worker_1000,final_worker_1000,p99_latency,8.620350253999959,8.458412889999998,-1.8785473818168752,1.0191451240446552
real loopback TLS,original_worker_1000,final_worker_1000,peak_active_jobs,1000,1000,0.0,1.0
real loopback TLS,original_worker_1000,final_worker_1000,peak_admitted_requests,1000,1000,0.0,1.0
real loopback TLS,original_worker_1000,final_worker_1000,peak_rss_bytes,67715072,67936256,0.326639245100413,0.9967442421319185
real loopback TLS,original_worker_1000,final_worker_1000,sampled_average_active_connections,11.985247428952023,11.949995013492673,-0.29413172876342486,1.002949994156445
real loopback TLS,original_worker_1000,final_worker_1000,sampled_average_idle_connections,15.792462364546726,15.829408416561968,0.2339473804806147,0.9976659865585005
real loopback TLS,original_worker_1000,final_worker_1000,sampled_peak_active_connections,25,25,0.0,1.0
real loopback TLS,original_worker_1000,final_worker_1000,server_requests,2000,2000,0.0,1.0
real loopback TLS,original_worker_1000,final_worker_1000,successful_requests,2000,2000,0.0,1.0
real loopback TLS,original_worker_1000,final_worker_1000,successful_rps,154.88696844371447,154.08216963618315,-0.5196039509442474,1.0052231793557398
real loopback TLS,first_hybrid_worker_2500,final_worker_2500,actual_connection_ceiling,2500,2500,0.0,1.0
real loopback TLS,first_hybrid_worker_2500,final_worker_2500,attempted_requests,5000,5000,0.0,1.0
real loopback TLS,first_hybrid_worker_2500,final_worker_2500,attempted_rps,158.6893129020207,152.951951431365,-3.6154680902790948,1.0375108746045014
real loopback TLS,first_hybrid_worker_2500,final_worker_2500,average_latency,12.035604790002,12.3484757698996,2.5995451442332396,0.9746631903623078
real loopback TLS,first_hybrid_worker_2500,final_worker_2500,backend_metrics.backend_connection_pools.worker.active,,0,,
real loopback TLS,first_hybrid_worker_2500,final_worker_2500,backend_metrics.backend_connection_pools.worker.idle_keepalive,,28,,
real loopback TLS,first_hybrid_worker_2500,final_worker_2500,backend_metrics.backend_failovers,,0,,
real loopback TLS,first_hybrid_worker_2500,final_worker_2500,backend_metrics.backend_switches,,0,,
real loopback TLS,first_hybrid_worker_2500,final_worker_2500,backend_metrics.cursor_chain_restarts,,0,,
real loopback TLS,first_hybrid_worker_2500,final_worker_2500,backend_metrics.direct_429_count,,0,,
real loopback TLS,first_hybrid_worker_2500,final_worker_2500,backend_metrics.direct_active_requests,,0,,
real loopback TLS,first_hybrid_worker_2500,final_worker_2500,backend_metrics.direct_average_latency,,0,,
real loopback TLS,first_hybrid_worker_2500,final_worker_2500,backend_metrics.direct_followers_received,,0,,
real loopback TLS,first_hybrid_worker_2500,final_worker_2500,backend_metrics.direct_following_received,,0,,
real loopback TLS,first_hybrid_worker_2500,final_worker_2500,backend_metrics.direct_http_error_rate,,0.0,,
real loopback TLS,first_hybrid_worker_2500,final_worker_2500,backend_metrics.direct_invalid_response_rate,,0.0,,
real loopback TLS,first_hybrid_worker_2500,final_worker_2500,backend_metrics.direct_median_latency,,0,,
real loopback TLS,first_hybrid_worker_2500,final_worker_2500,backend_metrics.direct_network_error_rate,,0.0,,
real loopback TLS,first_hybrid_worker_2500,final_worker_2500,backend_metrics.direct_p95_latency,,0,,
real loopback TLS,first_hybrid_worker_2500,final_worker_2500,backend_metrics.direct_p99_latency,,0,,
real loopback TLS,first_hybrid_worker_2500,final_worker_2500,backend_metrics.direct_recent_success_percent,,0.0,,
real loopback TLS,first_hybrid_worker_2500,final_worker_2500,backend_metrics.direct_records_per_second,,0.0,,
real loopback TLS,first_hybrid_worker_2500,final_worker_2500,backend_metrics.direct_requests_failed,,0,,
real loopback TLS,first_hybrid_worker_2500,final_worker_2500,backend_metrics.direct_requests_per_second,,0.0,,
real loopback TLS,first_hybrid_worker_2500,final_worker_2500,backend_metrics.direct_requests_successful,,0,,
real loopback TLS,first_hybrid_worker_2500,final_worker_2500,backend_metrics.direct_requests_total,,0,,
real loopback TLS,first_hybrid_worker_2500,final_worker_2500,backend_metrics.direct_risk_control_count,,0,,
real loopback TLS,first_hybrid_worker_2500,final_worker_2500,backend_metrics.direct_risk_control_rate,,0.0,,
real loopback TLS,first_hybrid_worker_2500,final_worker_2500,backend_metrics.direct_successful_rps,,0.0,,
real loopback TLS,first_hybrid_worker_2500,final_worker_2500,backend_metrics.direct_timeout_rate,,0.0,,
real loopback TLS,first_hybrid_worker_2500,final_worker_2500,backend_metrics.hybrid_records_per_second,,152.98002673464873,,
real loopback TLS,first_hybrid_worker_2500,final_worker_2500,backend_metrics.hybrid_total_successful_rps,,152.98002673464873,,
real loopback TLS,first_hybrid_worker_2500,final_worker_2500,backend_metrics.worker_429_count,,0,,
real loopback TLS,first_hybrid_worker_2500,final_worker_2500,backend_metrics.worker_active_requests,,0,,
real loopback TLS,first_hybrid_worker_2500,final_worker_2500,backend_metrics.worker_average_latency,,0.8040821218945312,,
real loopback TLS,first_hybrid_worker_2500,final_worker_2500,backend_metrics.worker_connect_tcp_attempts,,28,,
real loopback TLS,first_hybrid_worker_2500,final_worker_2500,backend_metrics.worker_connect_tcp_seconds,,0.6583607420000277,,
real loopback TLS,first_hybrid_worker_2500,final_worker_2500,backend_metrics.worker_connect_tcp_successful,,28,,
real loopback TLS,first_hybrid_worker_2500,final_worker_2500,backend_metrics.worker_connection_pool_wait_seconds,,0.011578307999926096,,
real loopback TLS,first_hybrid_worker_2500,final_worker_2500,backend_metrics.worker_followers_received,,0,,
real loopback TLS,first_hybrid_worker_2500,final_worker_2500,backend_metrics.worker_following_received,,0,,
real loopback TLS,first_hybrid_worker_2500,final_worker_2500,backend_metrics.worker_http_error_rate,,0.0,,
real loopback TLS,first_hybrid_worker_2500,final_worker_2500,backend_metrics.worker_invalid_response_rate,,0.0,,
real loopback TLS,first_hybrid_worker_2500,final_worker_2500,backend_metrics.worker_latency_seconds,,3819.2581837579987,,
real loopback TLS,first_hybrid_worker_2500,final_worker_2500,backend_metrics.worker_median_latency,,0.5509038059999938,,
real loopback TLS,first_hybrid_worker_2500,final_worker_2500,backend_metrics.worker_network_error_rate,,0.0,,
real loopback TLS,first_hybrid_worker_2500,final_worker_2500,backend_metrics.worker_new_connection_requests,,28,,
real loopback TLS,first_hybrid_worker_2500,final_worker_2500,backend_metrics.worker_p95_latency,,2.3806550969999876,,
real loopback TLS,first_hybrid_worker_2500,final_worker_2500,backend_metrics.worker_p99_latency,,3.671711868999992,,
real loopback TLS,first_hybrid_worker_2500,final_worker_2500,backend_metrics.worker_peak_active_requests,,131,,
real loopback TLS,first_hybrid_worker_2500,final_worker_2500,backend_metrics.worker_profile_received,,5000,,
real loopback TLS,first_hybrid_worker_2500,final_worker_2500,backend_metrics.worker_recent_success_percent,,100.0,,
real loopback TLS,first_hybrid_worker_2500,final_worker_2500,backend_metrics.worker_records,,5000,,
real loopback TLS,first_hybrid_worker_2500,final_worker_2500,backend_metrics.worker_records_per_second,,152.98002673464873,,
real loopback TLS,first_hybrid_worker_2500,final_worker_2500,backend_metrics.worker_requests_failed,,0,,
real loopback TLS,first_hybrid_worker_2500,final_worker_2500,backend_metrics.worker_requests_per_second,,152.98002673464873,,
real loopback TLS,first_hybrid_worker_2500,final_worker_2500,backend_metrics.worker_requests_successful,,5000,,
real loopback TLS,first_hybrid_worker_2500,final_worker_2500,backend_metrics.worker_requests_total,,5000,,
real loopback TLS,first_hybrid_worker_2500,final_worker_2500,backend_metrics.worker_response_body_bytes,,2337780,,
real loopback TLS,first_hybrid_worker_2500,final_worker_2500,backend_metrics.worker_reused_connection_requests,,4972,,
real loopback TLS,first_hybrid_worker_2500,final_worker_2500,backend_metrics.worker_risk_control_count,,0,,
real loopback TLS,first_hybrid_worker_2500,final_worker_2500,backend_metrics.worker_risk_control_rate,,0.0,,
real loopback TLS,first_hybrid_worker_2500,final_worker_2500,backend_metrics.worker_successful_rps,,152.98002673464873,,
real loopback TLS,first_hybrid_worker_2500,final_worker_2500,backend_metrics.worker_timeout_rate,,0.0,,
real loopback TLS,first_hybrid_worker_2500,final_worker_2500,backend_metrics.worker_tls_handshake_attempts,,28,,
real loopback TLS,first_hybrid_worker_2500,final_worker_2500,backend_metrics.worker_tls_handshake_seconds,,0.5698034060000055,,
real loopback TLS,first_hybrid_worker_2500,final_worker_2500,backend_metrics.worker_tls_handshake_successful,,28,,
real loopback TLS,first_hybrid_worker_2500,final_worker_2500,configured_workers,2500,2500,0.0,1.0
real loopback TLS,first_hybrid_worker_2500,final_worker_2500,cpu_percent_of_one_core,99.91880593703705,99.94365167515217,0.024865927772177443,0.9997514025383436
real loopback TLS,first_hybrid_worker_2500,final_worker_2500,cpu_seconds,31.482525228,32.671584357,3.7768861309208868,0.9636057095974521
real loopback TLS,first_hybrid_worker_2500,final_worker_2500,elapsed_seconds,31.50810794100005,32.69000462699999,3.751087460450142,0.963845319097209
real loopback TLS,first_hybrid_worker_2500,final_worker_2500,event_loop_max,0.039998117000077396,0.0374136690000131,-6.4614241716911325,1.0690776411172984
real loopback TLS,first_hybrid_worker_2500,final_worker_2500,event_loop_p95,0.019820411999926364,0.02005645799999513,1.1909237813504836,0.9882309229242359
real loopback TLS,first_hybrid_worker_2500,final_worker_2500,harness_version,2,2,0.0,1.0
real loopback TLS,first_hybrid_worker_2500,final_worker_2500,loopback_interface_bytes.received,5987712,6009448,0.3630101113747619,0.9963830288572262
real loopback TLS,first_hybrid_worker_2500,final_worker_2500,loopback_interface_bytes.transmitted,5987712,6009448,0.3630101113747619,0.9963830288572262
real loopback TLS,first_hybrid_worker_2500,final_worker_2500,median_latency,15.125271398999985,15.620228284999996,3.2723835027035353,0.9683130824358492
real loopback TLS,first_hybrid_worker_2500,final_worker_2500,new_tls_connections,28,28,0.0,1.0
real loopback TLS,first_hybrid_worker_2500,final_worker_2500,p95_latency,16.82321984400005,17.338880322999998,3.065171137164069,0.970259874375168
real loopback TLS,first_hybrid_worker_2500,final_worker_2500,p99_latency,17.923106974000007,18.599548053000007,3.7741284476027204,0.9636313163592761
real loopback TLS,first_hybrid_worker_2500,final_worker_2500,peak_active_jobs,2500,2500,0.0,1.0
real loopback TLS,first_hybrid_worker_2500,final_worker_2500,peak_admitted_requests,2500,2500,0.0,1.0
real loopback TLS,first_hybrid_worker_2500,final_worker_2500,peak_rss_bytes,77770752,78708736,1.2060883762574415,0.9880828476269775
real loopback TLS,first_hybrid_worker_2500,final_worker_2500,sampled_average_active_connections,12.356494932384733,12.226404038373479,-1.0528138822790467,1.0106401599033497
real loopback TLS,first_hybrid_worker_2500,final_worker_2500,sampled_average_idle_connections,15.170623805976142,15.658885860028631,3.2184705144435055,0.9688188509439971
real loopback TLS,first_hybrid_worker_2500,final_worker_2500,sampled_peak_active_connections,25,25,0.0,1.0
real loopback TLS,first_hybrid_worker_2500,final_worker_2500,server_requests,5000,5000,0.0,1.0
real loopback TLS,first_hybrid_worker_2500,final_worker_2500,successful_requests,5000,5000,0.0,1.0
real loopback TLS,first_hybrid_worker_2500,final_worker_2500,successful_rps,158.6893129020207,152.951951431365,-3.6154680902790948,1.0375108746045014
real loopback TLS,original_worker_2500,final_worker_2500,actual_connection_ceiling,2500,2500,0.0,1.0
real loopback TLS,original_worker_2500,final_worker_2500,attempted_requests,5000,5000,0.0,1.0
real loopback TLS,original_worker_2500,final_worker_2500,attempted_rps,159.16116640075634,152.951951431365,-3.901212280486177,1.040595853215888
real loopback TLS,original_worker_2500,final_worker_2500,average_latency,11.947600288699201,12.3484757698996,3.355280320011822,0.9675364402319543
real loopback TLS,original_worker_2500,final_worker_2500,backend_metrics.backend_connection_pools.worker.active,,0,,
real loopback TLS,original_worker_2500,final_worker_2500,backend_metrics.backend_connection_pools.worker.idle_keepalive,,28,,
real loopback TLS,original_worker_2500,final_worker_2500,backend_metrics.backend_failovers,,0,,
real loopback TLS,original_worker_2500,final_worker_2500,backend_metrics.backend_switches,,0,,
real loopback TLS,original_worker_2500,final_worker_2500,backend_metrics.cursor_chain_restarts,,0,,
real loopback TLS,original_worker_2500,final_worker_2500,backend_metrics.direct_429_count,,0,,
real loopback TLS,original_worker_2500,final_worker_2500,backend_metrics.direct_active_requests,,0,,
real loopback TLS,original_worker_2500,final_worker_2500,backend_metrics.direct_average_latency,,0,,
real loopback TLS,original_worker_2500,final_worker_2500,backend_metrics.direct_followers_received,,0,,
real loopback TLS,original_worker_2500,final_worker_2500,backend_metrics.direct_following_received,,0,,
real loopback TLS,original_worker_2500,final_worker_2500,backend_metrics.direct_http_error_rate,,0.0,,
real loopback TLS,original_worker_2500,final_worker_2500,backend_metrics.direct_invalid_response_rate,,0.0,,
real loopback TLS,original_worker_2500,final_worker_2500,backend_metrics.direct_median_latency,,0,,
real loopback TLS,original_worker_2500,final_worker_2500,backend_metrics.direct_network_error_rate,,0.0,,
real loopback TLS,original_worker_2500,final_worker_2500,backend_metrics.direct_p95_latency,,0,,
real loopback TLS,original_worker_2500,final_worker_2500,backend_metrics.direct_p99_latency,,0,,
real loopback TLS,original_worker_2500,final_worker_2500,backend_metrics.direct_recent_success_percent,,0.0,,
real loopback TLS,original_worker_2500,final_worker_2500,backend_metrics.direct_records_per_second,,0.0,,
real loopback TLS,original_worker_2500,final_worker_2500,backend_metrics.direct_requests_failed,,0,,
real loopback TLS,original_worker_2500,final_worker_2500,backend_metrics.direct_requests_per_second,,0.0,,
real loopback TLS,original_worker_2500,final_worker_2500,backend_metrics.direct_requests_successful,,0,,
real loopback TLS,original_worker_2500,final_worker_2500,backend_metrics.direct_requests_total,,0,,
real loopback TLS,original_worker_2500,final_worker_2500,backend_metrics.direct_risk_control_count,,0,,
real loopback TLS,original_worker_2500,final_worker_2500,backend_metrics.direct_risk_control_rate,,0.0,,
real loopback TLS,original_worker_2500,final_worker_2500,backend_metrics.direct_successful_rps,,0.0,,
real loopback TLS,original_worker_2500,final_worker_2500,backend_metrics.direct_timeout_rate,,0.0,,
real loopback TLS,original_worker_2500,final_worker_2500,backend_metrics.hybrid_records_per_second,,152.98002673464873,,
real loopback TLS,original_worker_2500,final_worker_2500,backend_metrics.hybrid_total_successful_rps,,152.98002673464873,,
real loopback TLS,original_worker_2500,final_worker_2500,backend_metrics.worker_429_count,,0,,
real loopback TLS,original_worker_2500,final_worker_2500,backend_metrics.worker_active_requests,,0,,
real loopback TLS,original_worker_2500,final_worker_2500,backend_metrics.worker_average_latency,,0.8040821218945312,,
real loopback TLS,original_worker_2500,final_worker_2500,backend_metrics.worker_connect_tcp_attempts,,28,,
real loopback TLS,original_worker_2500,final_worker_2500,backend_metrics.worker_connect_tcp_seconds,,0.6583607420000277,,
real loopback TLS,original_worker_2500,final_worker_2500,backend_metrics.worker_connect_tcp_successful,,28,,
real loopback TLS,original_worker_2500,final_worker_2500,backend_metrics.worker_connection_pool_wait_seconds,,0.011578307999926096,,
real loopback TLS,original_worker_2500,final_worker_2500,backend_metrics.worker_followers_received,,0,,
real loopback TLS,original_worker_2500,final_worker_2500,backend_metrics.worker_following_received,,0,,
real loopback TLS,original_worker_2500,final_worker_2500,backend_metrics.worker_http_error_rate,,0.0,,
real loopback TLS,original_worker_2500,final_worker_2500,backend_metrics.worker_invalid_response_rate,,0.0,,
real loopback TLS,original_worker_2500,final_worker_2500,backend_metrics.worker_latency_seconds,,3819.2581837579987,,
real loopback TLS,original_worker_2500,final_worker_2500,backend_metrics.worker_median_latency,,0.5509038059999938,,
real loopback TLS,original_worker_2500,final_worker_2500,backend_metrics.worker_network_error_rate,,0.0,,
real loopback TLS,original_worker_2500,final_worker_2500,backend_metrics.worker_new_connection_requests,,28,,
real loopback TLS,original_worker_2500,final_worker_2500,backend_metrics.worker_p95_latency,,2.3806550969999876,,
real loopback TLS,original_worker_2500,final_worker_2500,backend_metrics.worker_p99_latency,,3.671711868999992,,
real loopback TLS,original_worker_2500,final_worker_2500,backend_metrics.worker_peak_active_requests,,131,,
real loopback TLS,original_worker_2500,final_worker_2500,backend_metrics.worker_profile_received,,5000,,
real loopback TLS,original_worker_2500,final_worker_2500,backend_metrics.worker_recent_success_percent,,100.0,,
real loopback TLS,original_worker_2500,final_worker_2500,backend_metrics.worker_records,,5000,,
real loopback TLS,original_worker_2500,final_worker_2500,backend_metrics.worker_records_per_second,,152.98002673464873,,
real loopback TLS,original_worker_2500,final_worker_2500,backend_metrics.worker_requests_failed,,0,,
real loopback TLS,original_worker_2500,final_worker_2500,backend_metrics.worker_requests_per_second,,152.98002673464873,,
real loopback TLS,original_worker_2500,final_worker_2500,backend_metrics.worker_requests_successful,,5000,,
real loopback TLS,original_worker_2500,final_worker_2500,backend_metrics.worker_requests_total,,5000,,
real loopback TLS,original_worker_2500,final_worker_2500,backend_metrics.worker_response_body_bytes,,2337780,,
real loopback TLS,original_worker_2500,final_worker_2500,backend_metrics.worker_reused_connection_requests,,4972,,
real loopback TLS,original_worker_2500,final_worker_2500,backend_metrics.worker_risk_control_count,,0,,
real loopback TLS,original_worker_2500,final_worker_2500,backend_metrics.worker_risk_control_rate,,0.0,,
real loopback TLS,original_worker_2500,final_worker_2500,backend_metrics.worker_successful_rps,,152.98002673464873,,
real loopback TLS,original_worker_2500,final_worker_2500,backend_metrics.worker_timeout_rate,,0.0,,
real loopback TLS,original_worker_2500,final_worker_2500,backend_metrics.worker_tls_handshake_attempts,,28,,
real loopback TLS,original_worker_2500,final_worker_2500,backend_metrics.worker_tls_handshake_seconds,,0.5698034060000055,,
real loopback TLS,original_worker_2500,final_worker_2500,backend_metrics.worker_tls_handshake_successful,,28,,
real loopback TLS,original_worker_2500,final_worker_2500,configured_workers,2500,2500,0.0,1.0
real loopback TLS,original_worker_2500,final_worker_2500,cpu_percent_of_one_core,99.9067494239218,99.94365167515217,0.03693669491116047,0.9996307694324567
real loopback TLS,original_worker_2500,final_worker_2500,cpu_seconds,31.385403765,32.671584357,4.0980214931448655,0.9606330510958391
real loopback TLS,original_worker_2500,final_worker_2500,elapsed_seconds,31.41469815199997,32.69000462699999,4.05958532158881,0.9609878771951382
real loopback TLS,original_worker_2500,final_worker_2500,event_loop_max,0.0408130790000132,0.0374136690000131,-8.329217210000262,1.0908601078391673
real loopback TLS,original_worker_2500,final_worker_2500,event_loop_p95,0.019807967000001554,0.02005645799999513,1.254500272509329,0.9876104245329042
real loopback TLS,original_worker_2500,final_worker_2500,harness_version,2,2,0.0,1.0
real loopback TLS,original_worker_2500,final_worker_2500,loopback_interface_bytes.received,5984540,6009448,0.4162057568334321,0.9958551933555295
real loopback TLS,original_worker_2500,final_worker_2500,loopback_interface_bytes.transmitted,5984540,6009448,0.4162057568334321,0.9958551933555295
real loopback TLS,original_worker_2500,final_worker_2500,median_latency,15.120969042000013,15.620228284999996,3.3017675098285126,0.9680376474728337
real loopback TLS,original_worker_2500,final_worker_2500,new_tls_connections,28,28,0.0,1.0
real loopback TLS,original_worker_2500,final_worker_2500,p95_latency,16.753413840000007,17.338880322999998,3.4946100453995044,0.9662338933025929
real loopback TLS,original_worker_2500,final_worker_2500,p99_latency,18.03747652000004,18.599548053000007,3.116131751449469,0.9697803660928574
real loopback TLS,original_worker_2500,final_worker_2500,peak_active_jobs,2500,2500,0.0,1.0
real loopback TLS,original_worker_2500,final_worker_2500,peak_admitted_requests,2500,2500,0.0,1.0
real loopback TLS,original_worker_2500,final_worker_2500,peak_rss_bytes,77627392,78708736,1.3929928239763578,0.9862614487926727
real loopback TLS,original_worker_2500,final_worker_2500,sampled_average_active_connections,12.350798391940009,12.226404038373479,-1.0071766182152886,1.010174238735781
real loopback TLS,original_worker_2500,final_worker_2500,sampled_average_idle_connections,15.202836502301166,15.658885860028631,2.9997649297776485,0.9708760021751234
real loopback TLS,original_worker_2500,final_worker_2500,sampled_peak_active_connections,25,25,0.0,1.0
real loopback TLS,original_worker_2500,final_worker_2500,server_requests,5000,5000,0.0,1.0
real loopback TLS,original_worker_2500,final_worker_2500,successful_requests,5000,5000,0.0,1.0
real loopback TLS,original_worker_2500,final_worker_2500,successful_rps,159.16116640075634,152.951951431365,-3.901212280486177,1.040595853215888
real loopback TLS,first_hybrid_worker_5000,final_worker_5000,actual_connection_ceiling,5000,5000,0.0,1.0
real loopback TLS,first_hybrid_worker_5000,final_worker_5000,attempted_requests,10000,10000,0.0,1.0
real loopback TLS,first_hybrid_worker_5000,final_worker_5000,attempted_rps,176.38817066541125,153.27226708878598,-13.105132554763877,1.150815956569853
real loopback TLS,first_hybrid_worker_5000,final_worker_5000,average_latency,22.1104486852822,24.5545586451364,11.05409480668349,0.9004620691751545
real loopback TLS,first_hybrid_worker_5000,final_worker_5000,backend_metrics.backend_connection_pools.worker.active,,0,,
real loopback TLS,first_hybrid_worker_5000,final_worker_5000,backend_metrics.backend_connection_pools.worker.idle_keepalive,,28,,
real loopback TLS,first_hybrid_worker_5000,final_worker_5000,backend_metrics.backend_failovers,,0,,
real loopback TLS,first_hybrid_worker_5000,final_worker_5000,backend_metrics.backend_switches,,0,,
real loopback TLS,first_hybrid_worker_5000,final_worker_5000,backend_metrics.cursor_chain_restarts,,0,,
real loopback TLS,first_hybrid_worker_5000,final_worker_5000,backend_metrics.direct_429_count,,0,,
real loopback TLS,first_hybrid_worker_5000,final_worker_5000,backend_metrics.direct_active_requests,,0,,
real loopback TLS,first_hybrid_worker_5000,final_worker_5000,backend_metrics.direct_average_latency,,0,,
real loopback TLS,first_hybrid_worker_5000,final_worker_5000,backend_metrics.direct_followers_received,,0,,
real loopback TLS,first_hybrid_worker_5000,final_worker_5000,backend_metrics.direct_following_received,,0,,
real loopback TLS,first_hybrid_worker_5000,final_worker_5000,backend_metrics.direct_http_error_rate,,0.0,,
real loopback TLS,first_hybrid_worker_5000,final_worker_5000,backend_metrics.direct_invalid_response_rate,,0.0,,
real loopback TLS,first_hybrid_worker_5000,final_worker_5000,backend_metrics.direct_median_latency,,0,,
real loopback TLS,first_hybrid_worker_5000,final_worker_5000,backend_metrics.direct_network_error_rate,,0.0,,
real loopback TLS,first_hybrid_worker_5000,final_worker_5000,backend_metrics.direct_p95_latency,,0,,
real loopback TLS,first_hybrid_worker_5000,final_worker_5000,backend_metrics.direct_p99_latency,,0,,
real loopback TLS,first_hybrid_worker_5000,final_worker_5000,backend_metrics.direct_recent_success_percent,,0.0,,
real loopback TLS,first_hybrid_worker_5000,final_worker_5000,backend_metrics.direct_records_per_second,,0.0,,
real loopback TLS,first_hybrid_worker_5000,final_worker_5000,backend_metrics.direct_requests_failed,,0,,
real loopback TLS,first_hybrid_worker_5000,final_worker_5000,backend_metrics.direct_requests_per_second,,0.0,,
real loopback TLS,first_hybrid_worker_5000,final_worker_5000,backend_metrics.direct_requests_successful,,0,,
real loopback TLS,first_hybrid_worker_5000,final_worker_5000,backend_metrics.direct_requests_total,,0,,
real loopback TLS,first_hybrid_worker_5000,final_worker_5000,backend_metrics.direct_risk_control_count,,0,,
real loopback TLS,first_hybrid_worker_5000,final_worker_5000,backend_metrics.direct_risk_control_rate,,0.0,,
real loopback TLS,first_hybrid_worker_5000,final_worker_5000,backend_metrics.direct_successful_rps,,0.0,,
real loopback TLS,first_hybrid_worker_5000,final_worker_5000,backend_metrics.direct_timeout_rate,,0.0,,
real loopback TLS,first_hybrid_worker_5000,final_worker_5000,backend_metrics.hybrid_records_per_second,,156.28333333333333,,
real loopback TLS,first_hybrid_worker_5000,final_worker_5000,backend_metrics.hybrid_total_successful_rps,,156.28333333333333,,
real loopback TLS,first_hybrid_worker_5000,final_worker_5000,backend_metrics.worker_429_count,,0,,
real loopback TLS,first_hybrid_worker_5000,final_worker_5000,backend_metrics.worker_active_requests,,0,,
real loopback TLS,first_hybrid_worker_5000,final_worker_5000,backend_metrics.worker_average_latency,,0.782147032460449,,
real loopback TLS,first_hybrid_worker_5000,final_worker_5000,backend_metrics.worker_connect_tcp_attempts,,28,,
real loopback TLS,first_hybrid_worker_5000,final_worker_5000,backend_metrics.worker_connect_tcp_seconds,,0.6624472820000733,,
real loopback TLS,first_hybrid_worker_5000,final_worker_5000,backend_metrics.worker_connect_tcp_successful,,28,,
real loopback TLS,first_hybrid_worker_5000,final_worker_5000,backend_metrics.worker_connection_pool_wait_seconds,,0.022686665000037465,,
real loopback TLS,first_hybrid_worker_5000,final_worker_5000,backend_metrics.worker_followers_received,,0,,
real loopback TLS,first_hybrid_worker_5000,final_worker_5000,backend_metrics.worker_following_received,,0,,
real loopback TLS,first_hybrid_worker_5000,final_worker_5000,backend_metrics.worker_http_error_rate,,0.0,,
real loopback TLS,first_hybrid_worker_5000,final_worker_5000,backend_metrics.worker_invalid_response_rate,,0.0,,
real loopback TLS,first_hybrid_worker_5000,final_worker_5000,backend_metrics.worker_latency_seconds,,7619.772515630022,,
real loopback TLS,first_hybrid_worker_5000,final_worker_5000,backend_metrics.worker_median_latency,,0.5574074040000028,,
real loopback TLS,first_hybrid_worker_5000,final_worker_5000,backend_metrics.worker_network_error_rate,,0.0,,
real loopback TLS,first_hybrid_worker_5000,final_worker_5000,backend_metrics.worker_new_connection_requests,,28,,
real loopback TLS,first_hybrid_worker_5000,final_worker_5000,backend_metrics.worker_p95_latency,,2.2736428990000093,,
real loopback TLS,first_hybrid_worker_5000,final_worker_5000,backend_metrics.worker_p99_latency,,3.5813067489999924,,
real loopback TLS,first_hybrid_worker_5000,final_worker_5000,backend_metrics.worker_peak_active_requests,,134,,
real loopback TLS,first_hybrid_worker_5000,final_worker_5000,backend_metrics.worker_profile_received,,10000,,
real loopback TLS,first_hybrid_worker_5000,final_worker_5000,backend_metrics.worker_recent_success_percent,,101.25256451787064,,
real loopback TLS,first_hybrid_worker_5000,final_worker_5000,backend_metrics.worker_records,,10000,,
real loopback TLS,first_hybrid_worker_5000,final_worker_5000,backend_metrics.worker_records_per_second,,156.28333333333333,,
real loopback TLS,first_hybrid_worker_5000,final_worker_5000,backend_metrics.worker_requests_failed,,0,,
real loopback TLS,first_hybrid_worker_5000,final_worker_5000,backend_metrics.worker_requests_per_second,,154.35,,
real loopback TLS,first_hybrid_worker_5000,final_worker_5000,backend_metrics.worker_requests_successful,,10000,,
real loopback TLS,first_hybrid_worker_5000,final_worker_5000,backend_metrics.worker_requests_total,,10000,,
real loopback TLS,first_hybrid_worker_5000,final_worker_5000,backend_metrics.worker_response_body_bytes,,4677780,,
real loopback TLS,first_hybrid_worker_5000,final_worker_5000,backend_metrics.worker_reused_connection_requests,,9972,,
real loopback TLS,first_hybrid_worker_5000,final_worker_5000,backend_metrics.worker_risk_control_count,,0,,
real loopback TLS,first_hybrid_worker_5000,final_worker_5000,backend_metrics.worker_risk_control_rate,,0.0,,
real loopback TLS,first_hybrid_worker_5000,final_worker_5000,backend_metrics.worker_successful_rps,,156.28333333333333,,
real loopback TLS,first_hybrid_worker_5000,final_worker_5000,backend_metrics.worker_timeout_rate,,0.0,,
real loopback TLS,first_hybrid_worker_5000,final_worker_5000,backend_metrics.worker_tls_handshake_attempts,,28,,
real loopback TLS,first_hybrid_worker_5000,final_worker_5000,backend_metrics.worker_tls_handshake_seconds,,0.5784068250000161,,
real loopback TLS,first_hybrid_worker_5000,final_worker_5000,backend_metrics.worker_tls_handshake_successful,,28,,
real loopback TLS,first_hybrid_worker_5000,final_worker_5000,configured_workers,5000,5000,0.0,1.0
real loopback TLS,first_hybrid_worker_5000,final_worker_5000,cpu_percent_of_one_core,99.94356127105932,99.95482837146855,0.011273463008465434,0.9998872780775796
real loopback TLS,first_hybrid_worker_5000,final_worker_5000,cpu_seconds,56.66114734,65.213903513,15.094569338101248,0.8688507248872924
real loopback TLS,first_hybrid_worker_5000,final_worker_5000,elapsed_seconds,56.693144229999916,65.243375008,15.081595656985304,0.8689486744523612
real loopback TLS,first_hybrid_worker_5000,final_worker_5000,event_loop_max,0.06894312100005663,0.06817051500000161,-1.1206426237280187,1.011333433524083
real loopback TLS,first_hybrid_worker_5000,final_worker_5000,event_loop_p95,0.019356543000053534,0.0203247849999957,5.002143202634302,0.9523615132980561
real loopback TLS,first_hybrid_worker_5000,final_worker_5000,harness_version,2,2,0.0,1.0
real loopback TLS,first_hybrid_worker_5000,final_worker_5000,loopback_interface_bytes.received,11814486,11950538,1.151569353080606,0.9886154079423035
real loopback TLS,first_hybrid_worker_5000,final_worker_5000,loopback_interface_bytes.transmitted,11814486,11950538,1.151569353080606,0.9886154079423035
real loopback TLS,first_hybrid_worker_5000,final_worker_5000,median_latency,25.633011318,31.73877734199999,23.819932618343607,0.8076244097808954
real loopback TLS,first_hybrid_worker_5000,final_worker_5000,new_tls_connections,31,28,-9.677419354838712,1.1071428571428572
real loopback TLS,first_hybrid_worker_5000,final_worker_5000,p95_latency,31.31138583699999,33.480687716999995,6.928156713640532,0.9352073679508521
real loopback TLS,first_hybrid_worker_5000,final_worker_5000,p99_latency,32.48444918500002,34.73477113599999,6.927382201201304,0.9352141419850127
real loopback TLS,first_hybrid_worker_5000,final_worker_5000,peak_active_jobs,5000,5000,0.0,1.0
real loopback TLS,first_hybrid_worker_5000,final_worker_5000,peak_admitted_requests,5000,5000,0.0,1.0
real loopback TLS,first_hybrid_worker_5000,final_worker_5000,peak_rss_bytes,95236096,96100352,0.9074878499849559,0.9910067342937516
real loopback TLS,first_hybrid_worker_5000,final_worker_5000,sampled_average_active_connections,12.786518496400573,12.293916456983542,-3.852511061206376,1.0400687641843547
real loopback TLS,first_hybrid_worker_5000,final_worker_5000,sampled_average_idle_connections,11.792283742400588,15.623000436550331,32.484943356441946,0.7548027531774433
real loopback TLS,first_hybrid_worker_5000,final_worker_5000,sampled_peak_active_connections,26,25,-3.8461538461538436,1.04
real loopback TLS,first_hybrid_worker_5000,final_worker_5000,server_requests,10000,10000,0.0,1.0
real loopback TLS,first_hybrid_worker_5000,final_worker_5000,successful_requests,10000,10000,0.0,1.0
real loopback TLS,first_hybrid_worker_5000,final_worker_5000,successful_rps,176.38817066541125,153.27226708878598,-13.105132554763877,1.150815956569853
real loopback TLS,original_worker_5000,final_worker_5000,actual_connection_ceiling,5000,5000,0.0,1.0
real loopback TLS,original_worker_5000,final_worker_5000,attempted_requests,10000,10000,0.0,1.0
real loopback TLS,original_worker_5000,final_worker_5000,attempted_rps,167.81528021766292,153.27226708878598,-8.666083988307903,1.0948835259313585
real loopback TLS,original_worker_5000,final_worker_5000,average_latency,22.7431423753468,24.5545586451364,7.964670140539365,0.926228921644723
real loopback TLS,original_worker_5000,final_worker_5000,backend_metrics.backend_connection_pools.worker.active,,0,,
real loopback TLS,original_worker_5000,final_worker_5000,backend_metrics.backend_connection_pools.worker.idle_keepalive,,28,,
real loopback TLS,original_worker_5000,final_worker_5000,backend_metrics.backend_failovers,,0,,
real loopback TLS,original_worker_5000,final_worker_5000,backend_metrics.backend_switches,,0,,
real loopback TLS,original_worker_5000,final_worker_5000,backend_metrics.cursor_chain_restarts,,0,,
real loopback TLS,original_worker_5000,final_worker_5000,backend_metrics.direct_429_count,,0,,
real loopback TLS,original_worker_5000,final_worker_5000,backend_metrics.direct_active_requests,,0,,
real loopback TLS,original_worker_5000,final_worker_5000,backend_metrics.direct_average_latency,,0,,
real loopback TLS,original_worker_5000,final_worker_5000,backend_metrics.direct_followers_received,,0,,
real loopback TLS,original_worker_5000,final_worker_5000,backend_metrics.direct_following_received,,0,,
real loopback TLS,original_worker_5000,final_worker_5000,backend_metrics.direct_http_error_rate,,0.0,,
real loopback TLS,original_worker_5000,final_worker_5000,backend_metrics.direct_invalid_response_rate,,0.0,,
real loopback TLS,original_worker_5000,final_worker_5000,backend_metrics.direct_median_latency,,0,,
real loopback TLS,original_worker_5000,final_worker_5000,backend_metrics.direct_network_error_rate,,0.0,,
real loopback TLS,original_worker_5000,final_worker_5000,backend_metrics.direct_p95_latency,,0,,
real loopback TLS,original_worker_5000,final_worker_5000,backend_metrics.direct_p99_latency,,0,,
real loopback TLS,original_worker_5000,final_worker_5000,backend_metrics.direct_recent_success_percent,,0.0,,
real loopback TLS,original_worker_5000,final_worker_5000,backend_metrics.direct_records_per_second,,0.0,,
real loopback TLS,original_worker_5000,final_worker_5000,backend_metrics.direct_requests_failed,,0,,
real loopback TLS,original_worker_5000,final_worker_5000,backend_metrics.direct_requests_per_second,,0.0,,
real loopback TLS,original_worker_5000,final_worker_5000,backend_metrics.direct_requests_successful,,0,,
real loopback TLS,original_worker_5000,final_worker_5000,backend_metrics.direct_requests_total,,0,,
real loopback TLS,original_worker_5000,final_worker_5000,backend_metrics.direct_risk_control_count,,0,,
real loopback TLS,original_worker_5000,final_worker_5000,backend_metrics.direct_risk_control_rate,,0.0,,
real loopback TLS,original_worker_5000,final_worker_5000,backend_metrics.direct_successful_rps,,0.0,,
real loopback TLS,original_worker_5000,final_worker_5000,backend_metrics.direct_timeout_rate,,0.0,,
real loopback TLS,original_worker_5000,final_worker_5000,backend_metrics.hybrid_records_per_second,,156.28333333333333,,
real loopback TLS,original_worker_5000,final_worker_5000,backend_metrics.hybrid_total_successful_rps,,156.28333333333333,,
real loopback TLS,original_worker_5000,final_worker_5000,backend_metrics.worker_429_count,,0,,
real loopback TLS,original_worker_5000,final_worker_5000,backend_metrics.worker_active_requests,,0,,
real loopback TLS,original_worker_5000,final_worker_5000,backend_metrics.worker_average_latency,,0.782147032460449,,
real loopback TLS,original_worker_5000,final_worker_5000,backend_metrics.worker_connect_tcp_attempts,,28,,
real loopback TLS,original_worker_5000,final_worker_5000,backend_metrics.worker_connect_tcp_seconds,,0.6624472820000733,,
real loopback TLS,original_worker_5000,final_worker_5000,backend_metrics.worker_connect_tcp_successful,,28,,
real loopback TLS,original_worker_5000,final_worker_5000,backend_metrics.worker_connection_pool_wait_seconds,,0.022686665000037465,,
real loopback TLS,original_worker_5000,final_worker_5000,backend_metrics.worker_followers_received,,0,,
real loopback TLS,original_worker_5000,final_worker_5000,backend_metrics.worker_following_received,,0,,
real loopback TLS,original_worker_5000,final_worker_5000,backend_metrics.worker_http_error_rate,,0.0,,
real loopback TLS,original_worker_5000,final_worker_5000,backend_metrics.worker_invalid_response_rate,,0.0,,
real loopback TLS,original_worker_5000,final_worker_5000,backend_metrics.worker_latency_seconds,,7619.772515630022,,
real loopback TLS,original_worker_5000,final_worker_5000,backend_metrics.worker_median_latency,,0.5574074040000028,,
real loopback TLS,original_worker_5000,final_worker_5000,backend_metrics.worker_network_error_rate,,0.0,,
real loopback TLS,original_worker_5000,final_worker_5000,backend_metrics.worker_new_connection_requests,,28,,
real loopback TLS,original_worker_5000,final_worker_5000,backend_metrics.worker_p95_latency,,2.2736428990000093,,
real loopback TLS,original_worker_5000,final_worker_5000,backend_metrics.worker_p99_latency,,3.5813067489999924,,
real loopback TLS,original_worker_5000,final_worker_5000,backend_metrics.worker_peak_active_requests,,134,,
real loopback TLS,original_worker_5000,final_worker_5000,backend_metrics.worker_profile_received,,10000,,
real loopback TLS,original_worker_5000,final_worker_5000,backend_metrics.worker_recent_success_percent,,101.25256451787064,,
real loopback TLS,original_worker_5000,final_worker_5000,backend_metrics.worker_records,,10000,,
real loopback TLS,original_worker_5000,final_worker_5000,backend_metrics.worker_records_per_second,,156.28333333333333,,
real loopback TLS,original_worker_5000,final_worker_5000,backend_metrics.worker_requests_failed,,0,,
real loopback TLS,original_worker_5000,final_worker_5000,backend_metrics.worker_requests_per_second,,154.35,,
real loopback TLS,original_worker_5000,final_worker_5000,backend_metrics.worker_requests_successful,,10000,,
real loopback TLS,original_worker_5000,final_worker_5000,backend_metrics.worker_requests_total,,10000,,
real loopback TLS,original_worker_5000,final_worker_5000,backend_metrics.worker_response_body_bytes,,4677780,,
real loopback TLS,original_worker_5000,final_worker_5000,backend_metrics.worker_reused_connection_requests,,9972,,
real loopback TLS,original_worker_5000,final_worker_5000,backend_metrics.worker_risk_control_count,,0,,
real loopback TLS,original_worker_5000,final_worker_5000,backend_metrics.worker_risk_control_rate,,0.0,,
real loopback TLS,original_worker_5000,final_worker_5000,backend_metrics.worker_successful_rps,,156.28333333333333,,
real loopback TLS,original_worker_5000,final_worker_5000,backend_metrics.worker_timeout_rate,,0.0,,
real loopback TLS,original_worker_5000,final_worker_5000,backend_metrics.worker_tls_handshake_attempts,,28,,
real loopback TLS,original_worker_5000,final_worker_5000,backend_metrics.worker_tls_handshake_seconds,,0.5784068250000161,,
real loopback TLS,original_worker_5000,final_worker_5000,backend_metrics.worker_tls_handshake_successful,,28,,
real loopback TLS,original_worker_5000,final_worker_5000,configured_workers,5000,5000,0.0,1.0
real loopback TLS,original_worker_5000,final_worker_5000,cpu_percent_of_one_core,99.96362600948419,99.95482837146855,-0.008800839232059321,1.0000880161384795
real loopback TLS,original_worker_5000,final_worker_5000,cpu_seconds,59.567654315999995,65.213903513,9.478716699246315,0.9134195487029163
real loopback TLS,original_worker_5000,final_worker_5000,elapsed_seconds,59.58932933300002,65.243375008,9.488352593135874,0.9133391601169208
real loopback TLS,original_worker_5000,final_worker_5000,event_loop_max,0.0827535529999568,0.06817051500000161,-17.622250007758346,1.2139200209937515
real loopback TLS,original_worker_5000,final_worker_5000,event_loop_p95,0.019289984999982152,0.0203247849999957,5.3644417038919645,0.9490867923073348
real loopback TLS,original_worker_5000,final_worker_5000,harness_version,2,2,0.0,1.0
real loopback TLS,original_worker_5000,final_worker_5000,loopback_interface_bytes.received,11866650,11950538,0.7069223411830583,0.9929803997108749
real loopback TLS,original_worker_5000,final_worker_5000,loopback_interface_bytes.transmitted,11866650,11950538,0.7069223411830583,0.9929803997108749
real loopback TLS,original_worker_5000,final_worker_5000,median_latency,27.73045537550007,31.73877734199999,14.454584002400782,0.8737089988278881
real loopback TLS,original_worker_5000,final_worker_5000,new_tls_connections,33,28,-15.151515151515149,1.1785714285714286
real loopback TLS,original_worker_5000,final_worker_5000,p95_latency,31.366538736999928,33.480687716999995,6.740141134878286,0.9368546728230258
real loopback TLS,original_worker_5000,final_worker_5000,p99_latency,32.52795667300006,34.73477113599999,6.784362403039301,0.9364667049522393
real loopback TLS,original_worker_5000,final_worker_5000,peak_active_jobs,5000,5000,0.0,1.0
real loopback TLS,original_worker_5000,final_worker_5000,peak_admitted_requests,5000,5000,0.0,1.0
real loopback TLS,original_worker_5000,final_worker_5000,peak_rss_bytes,94691328,96100352,1.4880179946362038,0.9853379933509505
real loopback TLS,original_worker_5000,final_worker_5000,sampled_average_active_connections,12.643938550483918,12.293916456983542,-2.7682995460855064,1.0284711625237657
real loopback TLS,original_worker_5000,final_worker_5000,sampled_average_idle_connections,12.73062863904206,15.623000436550331,22.719787683052807,0.814864512789649
real loopback TLS,original_worker_5000,final_worker_5000,sampled_peak_active_connections,26,25,-3.8461538461538436,1.04
real loopback TLS,original_worker_5000,final_worker_5000,server_requests,10000,10000,0.0,1.0
real loopback TLS,original_worker_5000,final_worker_5000,successful_requests,10000,10000,0.0,1.0
real loopback TLS,original_worker_5000,final_worker_5000,successful_rps,167.81528021766292,153.27226708878598,-8.666083988307903,1.0948835259313585
real loopback TLS,first_hybrid_direct_100,final_direct_100,actual_connection_ceiling,100,100,0.0,1.0
real loopback TLS,first_hybrid_direct_100,final_direct_100,attempted_requests,200,200,0.0,1.0
real loopback TLS,first_hybrid_direct_100,final_direct_100,attempted_rps,126.37887695766608,128.8027525003936,1.9179435686388135,0.9811814926647617
real loopback TLS,first_hybrid_direct_100,final_direct_100,average_latency,0.6308882228299985,0.6320793864500002,0.18880739517666,0.9981154841535147
real loopback TLS,first_hybrid_direct_100,final_direct_100,backend_metrics.backend_connection_pools.direct.active,,0,,
real loopback TLS,first_hybrid_direct_100,final_direct_100,backend_metrics.backend_connection_pools.direct.idle_keepalive,,28,,
real loopback TLS,first_hybrid_direct_100,final_direct_100,backend_metrics.backend_failovers,0,0,,
real loopback TLS,first_hybrid_direct_100,final_direct_100,backend_metrics.backend_stages.backend_routing_calls,200,200,0.0,1.0
real loopback TLS,first_hybrid_direct_100,final_direct_100,backend_metrics.backend_stages.backend_routing_seconds,0.00033249799935219926,0.000317725000087421,-4.443034031350646,1.0464961814799387
real loopback TLS,first_hybrid_direct_100,final_direct_100,backend_metrics.backend_stages.direct_admission_wait_seconds,0.00250020899932224,0.0030758339999295004,23.02307530143688,0.8128556350503785
real loopback TLS,first_hybrid_direct_100,final_direct_100,backend_metrics.backend_stages.json_parsing_calls,200,200,0.0,1.0
real loopback TLS,first_hybrid_direct_100,final_direct_100,backend_metrics.backend_stages.json_parsing_seconds,0.0030597429999943415,0.0030350389999966865,-0.8073880714066783,1.008139598864358
real loopback TLS,first_hybrid_direct_100,final_direct_100,backend_metrics.backend_stages.normalization_calls,200,200,0.0,1.0
real loopback TLS,first_hybrid_direct_100,final_direct_100,backend_metrics.backend_stages.normalization_seconds,0.005284995000579329,0.005267780999844263,-0.32571460773717087,1.0032677897459243
real loopback TLS,first_hybrid_direct_100,final_direct_100,backend_metrics.backend_stages.proxy_selection_calls,200,200,0.0,1.0
real loopback TLS,first_hybrid_direct_100,final_direct_100,backend_metrics.backend_stages.proxy_selection_seconds,0.0003999540003860602,0.0003693949999785673,-7.6406287668070565,1.0827271630890132
real loopback TLS,first_hybrid_direct_100,final_direct_100,backend_metrics.backend_stages.signing_calls,200,200,0.0,1.0
real loopback TLS,first_hybrid_direct_100,final_direct_100,backend_metrics.backend_stages.signing_seconds,2.451353482000286,2.520593059999811,2.8245448283136243,0.9725304417050444
real loopback TLS,first_hybrid_direct_100,final_direct_100,backend_metrics.backend_switches,0,0,,
real loopback TLS,first_hybrid_direct_100,final_direct_100,backend_metrics.cursor_chain_restarts,0,0,,
real loopback TLS,first_hybrid_direct_100,final_direct_100,backend_metrics.direct_429_count,,0,,
real loopback TLS,first_hybrid_direct_100,final_direct_100,backend_metrics.direct_active_requests,0,0,,
real loopback TLS,first_hybrid_direct_100,final_direct_100,backend_metrics.direct_average_latency,0.3218912151750027,0.3169032232700002,-1.5495893239244385,1.015739795428817
real loopback TLS,first_hybrid_direct_100,final_direct_100,backend_metrics.direct_connect_tcp_attempts,,28,,
real loopback TLS,first_hybrid_direct_100,final_direct_100,backend_metrics.direct_connect_tcp_seconds,,1.0091491180000105,,
real loopback TLS,first_hybrid_direct_100,final_direct_100,backend_metrics.direct_connect_tcp_successful,,28,,
real loopback TLS,first_hybrid_direct_100,final_direct_100,backend_metrics.direct_connection_pool_wait_seconds,,0.0004107410000528944,,
real loopback TLS,first_hybrid_direct_100,final_direct_100,backend_metrics.direct_cooldown_count,,0,,
real loopback TLS,first_hybrid_direct_100,final_direct_100,backend_metrics.direct_cooldown_remaining_seconds,,0.0,,
real loopback TLS,first_hybrid_direct_100,final_direct_100,backend_metrics.direct_followers_received,0,0,,
real loopback TLS,first_hybrid_direct_100,final_direct_100,backend_metrics.direct_following_received,0,0,,
real loopback TLS,first_hybrid_direct_100,final_direct_100,backend_metrics.direct_http_error_rate,0.0,0.0,,
real loopback TLS,first_hybrid_direct_100,final_direct_100,backend_metrics.direct_invalid_response_rate,0.0,0.0,,
real loopback TLS,first_hybrid_direct_100,final_direct_100,backend_metrics.direct_latency_seconds,64.37824303500054,63.38064465400004,-1.5495893239244496,1.015739795428817
real loopback TLS,first_hybrid_direct_100,final_direct_100,backend_metrics.direct_median_latency,0.20903392100001383,0.21569020800001226,3.1843094977862307,0.9691395958040059
real loopback TLS,first_hybrid_direct_100,final_direct_100,backend_metrics.direct_network_error_rate,0.0,0.0,,
real loopback TLS,first_hybrid_direct_100,final_direct_100,backend_metrics.direct_new_connection_requests,,28,,
real loopback TLS,first_hybrid_direct_100,final_direct_100,backend_metrics.direct_p95_latency,0.8219941429999835,0.8755764629999874,6.518576860468572,0.9388033800995349
real loopback TLS,first_hybrid_direct_100,final_direct_100,backend_metrics.direct_p99_latency,1.0234931620000225,1.002773832999992,-2.024373954735814,1.020662016018153
real loopback TLS,first_hybrid_direct_100,final_direct_100,backend_metrics.direct_peak_active_requests,72,70,-2.777777777777779,1.0285714285714285
real loopback TLS,first_hybrid_direct_100,final_direct_100,backend_metrics.direct_profile_received,200,200,0.0,1.0
real loopback TLS,first_hybrid_direct_100,final_direct_100,backend_metrics.direct_recent_success_percent,100.0,100.0,0.0,1.0
real loopback TLS,first_hybrid_direct_100,final_direct_100,backend_metrics.direct_records,200,200,0.0,1.0
real loopback TLS,first_hybrid_direct_100,final_direct_100,backend_metrics.direct_records_per_second,126.77906301687081,129.1830738024817,1.8962206601029763,0.9813906674082816
real loopback TLS,first_hybrid_direct_100,final_direct_100,backend_metrics.direct_recovery_429s,,0,,
real loopback TLS,first_hybrid_direct_100,final_direct_100,backend_metrics.direct_recovery_attempts,,0,,
real loopback TLS,first_hybrid_direct_100,final_direct_100,backend_metrics.direct_recovery_successes,,0,,
real loopback TLS,first_hybrid_direct_100,final_direct_100,backend_metrics.direct_requests_failed,0,0,,
real loopback TLS,first_hybrid_direct_100,final_direct_100,backend_metrics.direct_requests_per_second,126.77906301687081,129.1830738024817,1.8962206601029763,0.9813906674082816
real loopback TLS,first_hybrid_direct_100,final_direct_100,backend_metrics.direct_requests_successful,200,200,0.0,1.0
real loopback TLS,first_hybrid_direct_100,final_direct_100,backend_metrics.direct_requests_total,200,200,0.0,1.0
real loopback TLS,first_hybrid_direct_100,final_direct_100,backend_metrics.direct_response_body_bytes,62580,62580,0.0,1.0
real loopback TLS,first_hybrid_direct_100,final_direct_100,backend_metrics.direct_reused_connection_requests,,172,,
real loopback TLS,first_hybrid_direct_100,final_direct_100,backend_metrics.direct_risk_control_count,0,0,,
real loopback TLS,first_hybrid_direct_100,final_direct_100,backend_metrics.direct_risk_control_rate,0.0,0.0,,
real loopback TLS,first_hybrid_direct_100,final_direct_100,backend_metrics.direct_successful_rps,126.77906301687081,129.1830738024817,1.8962206601029763,0.9813906674082816
real loopback TLS,first_hybrid_direct_100,final_direct_100,backend_metrics.direct_timeout_rate,0.0,0.0,,
real loopback TLS,first_hybrid_direct_100,final_direct_100,backend_metrics.direct_tls_handshake_attempts,,28,,
real loopback TLS,first_hybrid_direct_100,final_direct_100,backend_metrics.direct_tls_handshake_seconds,,0.8407920639999986,,
real loopback TLS,first_hybrid_direct_100,final_direct_100,backend_metrics.direct_tls_handshake_successful,,28,,
real loopback TLS,first_hybrid_direct_100,final_direct_100,backend_metrics.findtik_429_count,,0,,
real loopback TLS,first_hybrid_direct_100,final_direct_100,backend_metrics.findtik_jobs_moved_to_direct,,0,,
real loopback TLS,first_hybrid_direct_100,final_direct_100,backend_metrics.findtik_requests_cancelled_after_429,,0,,
real loopback TLS,first_hybrid_direct_100,final_direct_100,backend_metrics.hybrid_records_per_second,126.77906301687081,129.1830738024817,1.8962206601029763,0.9813906674082816
real loopback TLS,first_hybrid_direct_100,final_direct_100,backend_metrics.hybrid_total_successful_rps,126.77906301687081,129.1830738024817,1.8962206601029763,0.9813906674082816
real loopback TLS,first_hybrid_direct_100,final_direct_100,backend_metrics.worker_429_count,,0,,
real loopback TLS,first_hybrid_direct_100,final_direct_100,backend_metrics.worker_active_requests,0,0,,
real loopback TLS,first_hybrid_direct_100,final_direct_100,backend_metrics.worker_average_latency,0,0,,
real loopback TLS,first_hybrid_direct_100,final_direct_100,backend_metrics.worker_followers_received,0,0,,
real loopback TLS,first_hybrid_direct_100,final_direct_100,backend_metrics.worker_following_received,0,0,,
real loopback TLS,first_hybrid_direct_100,final_direct_100,backend_metrics.worker_http_error_rate,0.0,0.0,,
real loopback TLS,first_hybrid_direct_100,final_direct_100,backend_metrics.worker_invalid_response_rate,0.0,0.0,,
real loopback TLS,first_hybrid_direct_100,final_direct_100,backend_metrics.worker_median_latency,0,0,,
real loopback TLS,first_hybrid_direct_100,final_direct_100,backend_metrics.worker_network_error_rate,0.0,0.0,,
real loopback TLS,first_hybrid_direct_100,final_direct_100,backend_metrics.worker_p95_latency,0,0,,
real loopback TLS,first_hybrid_direct_100,final_direct_100,backend_metrics.worker_p99_latency,0,0,,
real loopback TLS,first_hybrid_direct_100,final_direct_100,backend_metrics.worker_recent_success_percent,0.0,0.0,,
real loopback TLS,first_hybrid_direct_100,final_direct_100,backend_metrics.worker_records_per_second,0.0,0.0,,
real loopback TLS,first_hybrid_direct_100,final_direct_100,backend_metrics.worker_requests_failed,0,0,,
real loopback TLS,first_hybrid_direct_100,final_direct_100,backend_metrics.worker_requests_per_second,0.0,0.0,,
real loopback TLS,first_hybrid_direct_100,final_direct_100,backend_metrics.worker_requests_successful,0,0,,
real loopback TLS,first_hybrid_direct_100,final_direct_100,backend_metrics.worker_requests_total,0,0,,
real loopback TLS,first_hybrid_direct_100,final_direct_100,backend_metrics.worker_risk_control_count,0,0,,
real loopback TLS,first_hybrid_direct_100,final_direct_100,backend_metrics.worker_risk_control_rate,0.0,0.0,,
real loopback TLS,first_hybrid_direct_100,final_direct_100,backend_metrics.worker_successful_rps,0.0,0.0,,
real loopback TLS,first_hybrid_direct_100,final_direct_100,backend_metrics.worker_timeout_rate,0.0,0.0,,
real loopback TLS,first_hybrid_direct_100,final_direct_100,configured_workers,100,100,0.0,1.0
real loopback TLS,first_hybrid_direct_100,final_direct_100,cpu_percent_of_one_core,99.99697562709484,101.69935634585367,1.7024322066572228,0.9832606539517372
real loopback TLS,first_hybrid_direct_100,final_direct_100,cpu_seconds,1.5824950819999999,1.579148805,-0.21145575983533282,1.0021190384271608
real loopback TLS,first_hybrid_direct_100,final_direct_100,elapsed_seconds,1.5825429440000107,1.5527618480000172,-1.8818507335238155,1.0191794356863881
real loopback TLS,first_hybrid_direct_100,final_direct_100,event_loop_max,0.022068798999935097,0.01865513099998452,-15.46829983797766,1.1829881548381198
real loopback TLS,first_hybrid_direct_100,final_direct_100,event_loop_p95,0.0194760240000096,0.018272906999992528,-6.17742615236293,1.0658415762756066
real loopback TLS,first_hybrid_direct_100,final_direct_100,harness_version,2,2,0.0,1.0
real loopback TLS,first_hybrid_direct_100,final_direct_100,loopback_interface_bytes.received,546444,546704,0.047580355901066795,0.9995244227223506
real loopback TLS,first_hybrid_direct_100,final_direct_100,loopback_interface_bytes.transmitted,546444,546704,0.047580355901066795,0.9995244227223506
real loopback TLS,first_hybrid_direct_100,final_direct_100,median_latency,0.588733386499996,0.5990527759999935,1.7528120090735788,0.982773822418615
real loopback TLS,first_hybrid_direct_100,final_direct_100,new_tls_connections,28,28,0.0,1.0
real loopback TLS,first_hybrid_direct_100,final_direct_100,p95_latency,1.2851012749999882,1.3021258879999777,1.324768197742987,0.9869255245158064
real loopback TLS,first_hybrid_direct_100,final_direct_100,p99_latency,1.5276822480000192,1.5075576270000113,-1.317330290795371,1.0133491553752776
real loopback TLS,first_hybrid_direct_100,final_direct_100,peak_active_jobs,100,100,0.0,1.0
real loopback TLS,first_hybrid_direct_100,final_direct_100,peak_admitted_requests,100,72,-28.000000000000004,1.3888888888888888
real loopback TLS,first_hybrid_direct_100,final_direct_100,peak_rss_bytes,62181376,62177280,-0.00658718134510794,1.0000658761528327
real loopback TLS,first_hybrid_direct_100,final_direct_100,sampled_average_active_connections,9.210606549580799,9.416825757171388,2.238931893144147,0.978100985097495
real loopback TLS,first_hybrid_direct_100,final_direct_100,sampled_average_idle_connections,16.820961828509102,16.6069339095457,-1.272388113982026,1.0128878647996773
real loopback TLS,first_hybrid_direct_100,final_direct_100,sampled_peak_active_connections,26,26,0.0,1.0
real loopback TLS,first_hybrid_direct_100,final_direct_100,server_requests,200,200,0.0,1.0
real loopback TLS,first_hybrid_direct_100,final_direct_100,successful_requests,200,200,0.0,1.0
real loopback TLS,first_hybrid_direct_100,final_direct_100,successful_rps,126.37887695766608,128.8027525003936,1.9179435686388135,0.9811814926647617
real loopback TLS,original_worker_100,final_direct_100,actual_connection_ceiling,100,100,0.0,1.0
real loopback TLS,original_worker_100,final_direct_100,attempted_requests,200,200,0.0,1.0
real loopback TLS,original_worker_100,final_direct_100,attempted_rps,166.0998194737429,128.8027525003936,-22.454610180503675,1.2895673131925913
real loopback TLS,original_worker_100,final_direct_100,average_latency,0.44426529250499924,0.6320793864500002,42.275211931593205,0.7028631245201069
real loopback TLS,original_worker_100,final_direct_100,backend_metrics.backend_connection_pools.direct.active,,0,,
real loopback TLS,original_worker_100,final_direct_100,backend_metrics.backend_connection_pools.direct.idle_keepalive,,28,,
real loopback TLS,original_worker_100,final_direct_100,backend_metrics.backend_failovers,,0,,
real loopback TLS,original_worker_100,final_direct_100,backend_metrics.backend_stages.backend_routing_calls,,200,,
real loopback TLS,original_worker_100,final_direct_100,backend_metrics.backend_stages.backend_routing_seconds,,0.000317725000087421,,
real loopback TLS,original_worker_100,final_direct_100,backend_metrics.backend_stages.direct_admission_wait_seconds,,0.0030758339999295004,,
real loopback TLS,original_worker_100,final_direct_100,backend_metrics.backend_stages.json_parsing_calls,,200,,
real loopback TLS,original_worker_100,final_direct_100,backend_metrics.backend_stages.json_parsing_seconds,,0.0030350389999966865,,
real loopback TLS,original_worker_100,final_direct_100,backend_metrics.backend_stages.normalization_calls,,200,,
real loopback TLS,original_worker_100,final_direct_100,backend_metrics.backend_stages.normalization_seconds,,0.005267780999844263,,
real loopback TLS,original_worker_100,final_direct_100,backend_metrics.backend_stages.proxy_selection_calls,,200,,
real loopback TLS,original_worker_100,final_direct_100,backend_metrics.backend_stages.proxy_selection_seconds,,0.0003693949999785673,,
real loopback TLS,original_worker_100,final_direct_100,backend_metrics.backend_stages.signing_calls,,200,,
real loopback TLS,original_worker_100,final_direct_100,backend_metrics.backend_stages.signing_seconds,,2.520593059999811,,
real loopback TLS,original_worker_100,final_direct_100,backend_metrics.backend_switches,,0,,
real loopback TLS,original_worker_100,final_direct_100,backend_metrics.cursor_chain_restarts,,0,,
real loopback TLS,original_worker_100,final_direct_100,backend_metrics.direct_429_count,,0,,
real loopback TLS,original_worker_100,final_direct_100,backend_metrics.direct_active_requests,,0,,
real loopback TLS,original_worker_100,final_direct_100,backend_metrics.direct_average_latency,,0.3169032232700002,,
real loopback TLS,original_worker_100,final_direct_100,backend_metrics.direct_connect_tcp_attempts,,28,,
real loopback TLS,original_worker_100,final_direct_100,backend_metrics.direct_connect_tcp_seconds,,1.0091491180000105,,
real loopback TLS,original_worker_100,final_direct_100,backend_metrics.direct_connect_tcp_successful,,28,,
real loopback TLS,original_worker_100,final_direct_100,backend_metrics.direct_connection_pool_wait_seconds,,0.0004107410000528944,,
real loopback TLS,original_worker_100,final_direct_100,backend_metrics.direct_cooldown_count,,0,,
real loopback TLS,original_worker_100,final_direct_100,backend_metrics.direct_cooldown_remaining_seconds,,0.0,,
real loopback TLS,original_worker_100,final_direct_100,backend_metrics.direct_followers_received,,0,,
real loopback TLS,original_worker_100,final_direct_100,backend_metrics.direct_following_received,,0,,
real loopback TLS,original_worker_100,final_direct_100,backend_metrics.direct_http_error_rate,,0.0,,
real loopback TLS,original_worker_100,final_direct_100,backend_metrics.direct_invalid_response_rate,,0.0,,
real loopback TLS,original_worker_100,final_direct_100,backend_metrics.direct_latency_seconds,,63.38064465400004,,
real loopback TLS,original_worker_100,final_direct_100,backend_metrics.direct_median_latency,,0.21569020800001226,,
real loopback TLS,original_worker_100,final_direct_100,backend_metrics.direct_network_error_rate,,0.0,,
real loopback TLS,original_worker_100,final_direct_100,backend_metrics.direct_new_connection_requests,,28,,
real loopback TLS,original_worker_100,final_direct_100,backend_metrics.direct_p95_latency,,0.8755764629999874,,
real loopback TLS,original_worker_100,final_direct_100,backend_metrics.direct_p99_latency,,1.002773832999992,,
real loopback TLS,original_worker_100,final_direct_100,backend_metrics.direct_peak_active_requests,,70,,
real loopback TLS,original_worker_100,final_direct_100,backend_metrics.direct_profile_received,,200,,
real loopback TLS,original_worker_100,final_direct_100,backend_metrics.direct_recent_success_percent,,100.0,,
real loopback TLS,original_worker_100,final_direct_100,backend_metrics.direct_records,,200,,
real loopback TLS,original_worker_100,final_direct_100,backend_metrics.direct_records_per_second,,129.1830738024817,,
real loopback TLS,original_worker_100,final_direct_100,backend_metrics.direct_recovery_429s,,0,,
real loopback TLS,original_worker_100,final_direct_100,backend_metrics.direct_recovery_attempts,,0,,
real loopback TLS,original_worker_100,final_direct_100,backend_metrics.direct_recovery_successes,,0,,
real loopback TLS,original_worker_100,final_direct_100,backend_metrics.direct_requests_failed,,0,,
real loopback TLS,original_worker_100,final_direct_100,backend_metrics.direct_requests_per_second,,129.1830738024817,,
real loopback TLS,original_worker_100,final_direct_100,backend_metrics.direct_requests_successful,,200,,
real loopback TLS,original_worker_100,final_direct_100,backend_metrics.direct_requests_total,,200,,
real loopback TLS,original_worker_100,final_direct_100,backend_metrics.direct_response_body_bytes,,62580,,
real loopback TLS,original_worker_100,final_direct_100,backend_metrics.direct_reused_connection_requests,,172,,
real loopback TLS,original_worker_100,final_direct_100,backend_metrics.direct_risk_control_count,,0,,
real loopback TLS,original_worker_100,final_direct_100,backend_metrics.direct_risk_control_rate,,0.0,,
real loopback TLS,original_worker_100,final_direct_100,backend_metrics.direct_successful_rps,,129.1830738024817,,
real loopback TLS,original_worker_100,final_direct_100,backend_metrics.direct_timeout_rate,,0.0,,
real loopback TLS,original_worker_100,final_direct_100,backend_metrics.direct_tls_handshake_attempts,,28,,
real loopback TLS,original_worker_100,final_direct_100,backend_metrics.direct_tls_handshake_seconds,,0.8407920639999986,,
real loopback TLS,original_worker_100,final_direct_100,backend_metrics.direct_tls_handshake_successful,,28,,
real loopback TLS,original_worker_100,final_direct_100,backend_metrics.findtik_429_count,,0,,
real loopback TLS,original_worker_100,final_direct_100,backend_metrics.findtik_jobs_moved_to_direct,,0,,
real loopback TLS,original_worker_100,final_direct_100,backend_metrics.findtik_requests_cancelled_after_429,,0,,
real loopback TLS,original_worker_100,final_direct_100,backend_metrics.hybrid_records_per_second,,129.1830738024817,,
real loopback TLS,original_worker_100,final_direct_100,backend_metrics.hybrid_total_successful_rps,,129.1830738024817,,
real loopback TLS,original_worker_100,final_direct_100,backend_metrics.worker_429_count,,0,,
real loopback TLS,original_worker_100,final_direct_100,backend_metrics.worker_active_requests,,0,,
real loopback TLS,original_worker_100,final_direct_100,backend_metrics.worker_average_latency,,0,,
real loopback TLS,original_worker_100,final_direct_100,backend_metrics.worker_followers_received,,0,,
real loopback TLS,original_worker_100,final_direct_100,backend_metrics.worker_following_received,,0,,
real loopback TLS,original_worker_100,final_direct_100,backend_metrics.worker_http_error_rate,,0.0,,
real loopback TLS,original_worker_100,final_direct_100,backend_metrics.worker_invalid_response_rate,,0.0,,
real loopback TLS,original_worker_100,final_direct_100,backend_metrics.worker_median_latency,,0,,
real loopback TLS,original_worker_100,final_direct_100,backend_metrics.worker_network_error_rate,,0.0,,
real loopback TLS,original_worker_100,final_direct_100,backend_metrics.worker_p95_latency,,0,,
real loopback TLS,original_worker_100,final_direct_100,backend_metrics.worker_p99_latency,,0,,
real loopback TLS,original_worker_100,final_direct_100,backend_metrics.worker_recent_success_percent,,0.0,,
real loopback TLS,original_worker_100,final_direct_100,backend_metrics.worker_records_per_second,,0.0,,
real loopback TLS,original_worker_100,final_direct_100,backend_metrics.worker_requests_failed,,0,,
real loopback TLS,original_worker_100,final_direct_100,backend_metrics.worker_requests_per_second,,0.0,,
real loopback TLS,original_worker_100,final_direct_100,backend_metrics.worker_requests_successful,,0,,
real loopback TLS,original_worker_100,final_direct_100,backend_metrics.worker_requests_total,,0,,
real loopback TLS,original_worker_100,final_direct_100,backend_metrics.worker_risk_control_count,,0,,
real loopback TLS,original_worker_100,final_direct_100,backend_metrics.worker_risk_control_rate,,0.0,,
real loopback TLS,original_worker_100,final_direct_100,backend_metrics.worker_successful_rps,,0.0,,
real loopback TLS,original_worker_100,final_direct_100,backend_metrics.worker_timeout_rate,,0.0,,
real loopback TLS,original_worker_100,final_direct_100,configured_workers,100,100,0.0,1.0
real loopback TLS,original_worker_100,final_direct_100,cpu_percent_of_one_core,96.31593581898764,101.69935634585367,5.5893352238028715,0.9470653431811468
real loopback TLS,original_worker_100,final_direct_100,cpu_seconds,1.1597355870000001,1.579148805,36.16455532635128,0.7344055122151709
real loopback TLS,original_worker_100,final_direct_100,elapsed_seconds,1.2040952280000283,1.5527618480000172,28.956731319259134,0.7754538981949632
real loopback TLS,original_worker_100,final_direct_100,event_loop_max,0.030425754000002598,0.01865513099998452,-38.686380623523974,1.6309590106886862
real loopback TLS,original_worker_100,final_direct_100,event_loop_p95,0.01276716199997054,0.018272906999992528,43.124266771540086,0.6986935357343941
real loopback TLS,original_worker_100,final_direct_100,harness_version,2,2,0.0,1.0
real loopback TLS,original_worker_100,final_direct_100,loopback_interface_bytes.received,312392,546704,75.00576199134422,0.5714097573824226
real loopback TLS,original_worker_100,final_direct_100,loopback_interface_bytes.transmitted,312392,546704,75.00576199134422,0.5714097573824226
real loopback TLS,original_worker_100,final_direct_100,median_latency,0.3670493584999974,0.5990527759999935,63.20768913699047,0.6127162300304596
real loopback TLS,original_worker_100,final_direct_100,new_tls_connections,29,28,-3.4482758620689613,1.0357142857142858
real loopback TLS,original_worker_100,final_direct_100,p95_latency,1.0362360739999872,1.3021258879999777,25.659192984242107,0.7958032964014036
real loopback TLS,original_worker_100,final_direct_100,p99_latency,1.1473903269999823,1.5075576270000113,31.390128670662442,0.7610921841065872
real loopback TLS,original_worker_100,final_direct_100,peak_active_jobs,100,100,0.0,1.0
real loopback TLS,original_worker_100,final_direct_100,peak_admitted_requests,100,72,-28.000000000000004,1.3888888888888888
real loopback TLS,original_worker_100,final_direct_100,peak_rss_bytes,61411328,62177280,1.247248716067495,0.9876811594202899
real loopback TLS,original_worker_100,final_direct_100,sampled_average_active_connections,9.475894357584444,9.416825757171388,-0.6233564683609805,1.0062726657513092
real loopback TLS,original_worker_100,final_direct_100,sampled_average_idle_connections,17.400493808783217,16.6069339095457,-4.560559648237994,1.0477848532161242
real loopback TLS,original_worker_100,final_direct_100,sampled_peak_active_connections,25,26,4.0000000000000036,0.9615384615384616
real loopback TLS,original_worker_100,final_direct_100,server_requests,200,200,0.0,1.0
real loopback TLS,original_worker_100,final_direct_100,successful_requests,200,200,0.0,1.0
real loopback TLS,original_worker_100,final_direct_100,successful_rps,166.0998194737429,128.8027525003936,-22.454610180503675,1.2895673131925913
real loopback TLS,first_hybrid_direct_500,final_direct_500,actual_connection_ceiling,500,500,0.0,1.0
real loopback TLS,first_hybrid_direct_500,final_direct_500,attempted_requests,1000,1000,0.0,1.0
real loopback TLS,first_hybrid_direct_500,final_direct_500,attempted_rps,124.38728347902457,119.58115527036247,-3.863842085973812,1.0401913512024188
real loopback TLS,first_hybrid_direct_500,final_direct_500,average_latency,3.11998804968,3.2412415515830006,3.8863450747972372,0.9625904148230541
real loopback TLS,first_hybrid_direct_500,final_direct_500,backend_metrics.backend_connection_pools.direct.active,,0,,
real loopback TLS,first_hybrid_direct_500,final_direct_500,backend_metrics.backend_connection_pools.direct.idle_keepalive,,28,,
real loopback TLS,first_hybrid_direct_500,final_direct_500,backend_metrics.backend_failovers,0,0,,
real loopback TLS,first_hybrid_direct_500,final_direct_500,backend_metrics.backend_stages.backend_routing_calls,1000,1000,0.0,1.0
real loopback TLS,first_hybrid_direct_500,final_direct_500,backend_metrics.backend_stages.backend_routing_seconds,0.0015483090008956424,0.0015978280000581435,3.1982633398020655,0.9690085546374834
real loopback TLS,first_hybrid_direct_500,final_direct_500,backend_metrics.backend_stages.direct_admission_wait_seconds,0.01278958000102648,0.015517622999908554,21.330200043028192,0.8241971080945741
real loopback TLS,first_hybrid_direct_500,final_direct_500,backend_metrics.backend_stages.json_parsing_calls,1000,1000,0.0,1.0
real loopback TLS,first_hybrid_direct_500,final_direct_500,backend_metrics.backend_stages.json_parsing_seconds,0.015659308000522287,0.015936626000296883,1.7709467095566866,0.9825987006428193
real loopback TLS,first_hybrid_direct_500,final_direct_500,backend_metrics.backend_stages.normalization_calls,1000,1000,0.0,1.0
real loopback TLS,first_hybrid_direct_500,final_direct_500,backend_metrics.backend_stages.normalization_seconds,0.02634267600330986,0.026075068999972473,-1.0158687116820109,1.010262945165655
real loopback TLS,first_hybrid_direct_500,final_direct_500,backend_metrics.backend_stages.proxy_selection_calls,1000,1000,0.0,1.0
real loopback TLS,first_hybrid_direct_500,final_direct_500,backend_metrics.backend_stages.proxy_selection_seconds,0.001468520000571516,0.0013613440006849942,-7.298232223245938,1.0787280803621961
real loopback TLS,first_hybrid_direct_500,final_direct_500,backend_metrics.backend_stages.signing_calls,1000,1000,0.0,1.0
real loopback TLS,first_hybrid_direct_500,final_direct_500,backend_metrics.backend_stages.signing_seconds,15.770950593997327,16.619069247000283,5.3777269033216335,0.9489671388693419
real loopback TLS,first_hybrid_direct_500,final_direct_500,backend_metrics.backend_switches,0,0,,
real loopback TLS,first_hybrid_direct_500,final_direct_500,backend_metrics.cursor_chain_restarts,0,0,,
real loopback TLS,first_hybrid_direct_500,final_direct_500,backend_metrics.direct_429_count,,0,,
real loopback TLS,first_hybrid_direct_500,final_direct_500,backend_metrics.direct_active_requests,0,0,,
real loopback TLS,first_hybrid_direct_500,final_direct_500,backend_metrics.direct_average_latency,0.7332224934700001,0.7457182298490002,1.7042216367181506,0.9832433540192114
real loopback TLS,first_hybrid_direct_500,final_direct_500,backend_metrics.direct_connect_tcp_attempts,,28,,
real loopback TLS,first_hybrid_direct_500,final_direct_500,backend_metrics.direct_connect_tcp_seconds,,1.0229220639999994,,
real loopback TLS,first_hybrid_direct_500,final_direct_500,backend_metrics.direct_connect_tcp_successful,,28,,
real loopback TLS,first_hybrid_direct_500,final_direct_500,backend_metrics.direct_connection_pool_wait_seconds,,0.0023127929998736363,,
real loopback TLS,first_hybrid_direct_500,final_direct_500,backend_metrics.direct_cooldown_count,,0,,
real loopback TLS,first_hybrid_direct_500,final_direct_500,backend_metrics.direct_cooldown_remaining_seconds,,0.0,,
real loopback TLS,first_hybrid_direct_500,final_direct_500,backend_metrics.direct_followers_received,0,0,,
real loopback TLS,first_hybrid_direct_500,final_direct_500,backend_metrics.direct_following_received,0,0,,
real loopback TLS,first_hybrid_direct_500,final_direct_500,backend_metrics.direct_http_error_rate,0.0,0.0,,
real loopback TLS,first_hybrid_direct_500,final_direct_500,backend_metrics.direct_invalid_response_rate,0.0,0.0,,
real loopback TLS,first_hybrid_direct_500,final_direct_500,backend_metrics.direct_latency_seconds,733.2224934700001,745.7182298490002,1.7042216367181506,0.9832433540192114
real loopback TLS,first_hybrid_direct_500,final_direct_500,backend_metrics.direct_median_latency,0.5371919190000654,0.5647859110000013,5.136710181958759,0.9511425631155026
real loopback TLS,first_hybrid_direct_500,final_direct_500,backend_metrics.direct_network_error_rate,0.0,0.0,,
real loopback TLS,first_hybrid_direct_500,final_direct_500,backend_metrics.direct_new_connection_requests,,28,,
real loopback TLS,first_hybrid_direct_500,final_direct_500,backend_metrics.direct_p95_latency,2.1100175970000237,2.035280861000018,-3.541995863269798,1.0367206007937815
real loopback TLS,first_hybrid_direct_500,final_direct_500,backend_metrics.direct_p99_latency,3.070455918000107,2.9834357260000104,-2.834113054349785,1.0291677783575943
real loopback TLS,first_hybrid_direct_500,final_direct_500,backend_metrics.direct_peak_active_requests,112,113,0.8928571428571397,0.9911504424778761
real loopback TLS,first_hybrid_direct_500,final_direct_500,backend_metrics.direct_profile_received,1000,1000,0.0,1.0
real loopback TLS,first_hybrid_direct_500,final_direct_500,backend_metrics.direct_recent_success_percent,100.0,100.0,0.0,1.0
real loopback TLS,first_hybrid_direct_500,final_direct_500,backend_metrics.direct_records,1000,1000,0.0,1.0
real loopback TLS,first_hybrid_direct_500,final_direct_500,backend_metrics.direct_records_per_second,124.46085412459907,119.65233382349768,-3.8634800756609966,1.0401874342726534
real loopback TLS,first_hybrid_direct_500,final_direct_500,backend_metrics.direct_recovery_429s,,0,,
real loopback TLS,first_hybrid_direct_500,final_direct_500,backend_metrics.direct_recovery_attempts,,0,,
real loopback TLS,first_hybrid_direct_500,final_direct_500,backend_metrics.direct_recovery_successes,,0,,
real loopback TLS,first_hybrid_direct_500,final_direct_500,backend_metrics.direct_requests_failed,0,0,,
real loopback TLS,first_hybrid_direct_500,final_direct_500,backend_metrics.direct_requests_per_second,124.46085412459907,119.65233382349768,-3.8634800756609966,1.0401874342726534
real loopback TLS,first_hybrid_direct_500,final_direct_500,backend_metrics.direct_requests_successful,1000,1000,0.0,1.0
real loopback TLS,first_hybrid_direct_500,final_direct_500,backend_metrics.direct_requests_total,1000,1000,0.0,1.0
real loopback TLS,first_hybrid_direct_500,final_direct_500,backend_metrics.direct_response_body_bytes,313780,313780,0.0,1.0
real loopback TLS,first_hybrid_direct_500,final_direct_500,backend_metrics.direct_reused_connection_requests,,972,,
real loopback TLS,first_hybrid_direct_500,final_direct_500,backend_metrics.direct_risk_control_count,0,0,,
real loopback TLS,first_hybrid_direct_500,final_direct_500,backend_metrics.direct_risk_control_rate,0.0,0.0,,
real loopback TLS,first_hybrid_direct_500,final_direct_500,backend_metrics.direct_successful_rps,124.46085412459907,119.65233382349768,-3.8634800756609966,1.0401874342726534
real loopback TLS,first_hybrid_direct_500,final_direct_500,backend_metrics.direct_timeout_rate,0.0,0.0,,
real loopback TLS,first_hybrid_direct_500,final_direct_500,backend_metrics.direct_tls_handshake_attempts,,28,,
real loopback TLS,first_hybrid_direct_500,final_direct_500,backend_metrics.direct_tls_handshake_seconds,,0.8312725520000299,,
real loopback TLS,first_hybrid_direct_500,final_direct_500,backend_metrics.direct_tls_handshake_successful,,28,,
real loopback TLS,first_hybrid_direct_500,final_direct_500,backend_metrics.findtik_429_count,,0,,
real loopback TLS,first_hybrid_direct_500,final_direct_500,backend_metrics.findtik_jobs_moved_to_direct,,0,,
real loopback TLS,first_hybrid_direct_500,final_direct_500,backend_metrics.findtik_requests_cancelled_after_429,,0,,
real loopback TLS,first_hybrid_direct_500,final_direct_500,backend_metrics.hybrid_records_per_second,124.46085412459907,119.65233382349768,-3.8634800756609966,1.0401874342726534
real loopback TLS,first_hybrid_direct_500,final_direct_500,backend_metrics.hybrid_total_successful_rps,124.46085412459907,119.65233382349768,-3.8634800756609966,1.0401874342726534
real loopback TLS,first_hybrid_direct_500,final_direct_500,backend_metrics.worker_429_count,,0,,
real loopback TLS,first_hybrid_direct_500,final_direct_500,backend_metrics.worker_active_requests,0,0,,
real loopback TLS,first_hybrid_direct_500,final_direct_500,backend_metrics.worker_average_latency,0,0,,
real loopback TLS,first_hybrid_direct_500,final_direct_500,backend_metrics.worker_followers_received,0,0,,
real loopback TLS,first_hybrid_direct_500,final_direct_500,backend_metrics.worker_following_received,0,0,,
real loopback TLS,first_hybrid_direct_500,final_direct_500,backend_metrics.worker_http_error_rate,0.0,0.0,,
real loopback TLS,first_hybrid_direct_500,final_direct_500,backend_metrics.worker_invalid_response_rate,0.0,0.0,,
real loopback TLS,first_hybrid_direct_500,final_direct_500,backend_metrics.worker_median_latency,0,0,,
real loopback TLS,first_hybrid_direct_500,final_direct_500,backend_metrics.worker_network_error_rate,0.0,0.0,,
real loopback TLS,first_hybrid_direct_500,final_direct_500,backend_metrics.worker_p95_latency,0,0,,
real loopback TLS,first_hybrid_direct_500,final_direct_500,backend_metrics.worker_p99_latency,0,0,,
real loopback TLS,first_hybrid_direct_500,final_direct_500,backend_metrics.worker_recent_success_percent,0.0,0.0,,
real loopback TLS,first_hybrid_direct_500,final_direct_500,backend_metrics.worker_records_per_second,0.0,0.0,,
real loopback TLS,first_hybrid_direct_500,final_direct_500,backend_metrics.worker_requests_failed,0,0,,
real loopback TLS,first_hybrid_direct_500,final_direct_500,backend_metrics.worker_requests_per_second,0.0,0.0,,
real loopback TLS,first_hybrid_direct_500,final_direct_500,backend_metrics.worker_requests_successful,0,0,,
real loopback TLS,first_hybrid_direct_500,final_direct_500,backend_metrics.worker_requests_total,0,0,,
real loopback TLS,first_hybrid_direct_500,final_direct_500,backend_metrics.worker_risk_control_count,0,0,,
real loopback TLS,first_hybrid_direct_500,final_direct_500,backend_metrics.worker_risk_control_rate,0.0,0.0,,
real loopback TLS,first_hybrid_direct_500,final_direct_500,backend_metrics.worker_successful_rps,0.0,0.0,,
real loopback TLS,first_hybrid_direct_500,final_direct_500,backend_metrics.worker_timeout_rate,0.0,0.0,,
real loopback TLS,first_hybrid_direct_500,final_direct_500,configured_workers,500,500,0.0,1.0
real loopback TLS,first_hybrid_direct_500,final_direct_500,cpu_percent_of_one_core,102.00905069986122,102.65234956938458,0.6306292089866883,0.9937332280047955
real loopback TLS,first_hybrid_direct_500,final_direct_500,cpu_seconds,8.200922783000001,8.584324958,4.675110169245444,0.9553369453188402
real loopback TLS,first_hybrid_direct_500,final_direct_500,elapsed_seconds,8.039407019999999,8.362521651000009,4.019135120241857,0.961361579140262
real loopback TLS,first_hybrid_direct_500,final_direct_500,event_loop_max,0.024778560000054312,0.03178519000000392,28.27698623299437,0.7795630606597368
real loopback TLS,first_hybrid_direct_500,final_direct_500,event_loop_p95,0.02205610600001819,0.02414947899999788,9.491126856109444,0.9133160181227977
real loopback TLS,first_hybrid_direct_500,final_direct_500,harness_version,2,2,0.0,1.0
real loopback TLS,first_hybrid_direct_500,final_direct_500,loopback_interface_bytes.received,2417788,2418940,0.047646857375416296,0.9995237583404301
real loopback TLS,first_hybrid_direct_500,final_direct_500,loopback_interface_bytes.transmitted,2417788,2418940,0.047646857375416296,0.9995237583404301
real loopback TLS,first_hybrid_direct_500,final_direct_500,median_latency,3.4344312505000403,3.601672366999992,4.8695432897543744,0.9535657051895436
real loopback TLS,first_hybrid_direct_500,final_direct_500,new_tls_connections,28,28,0.0,1.0
real loopback TLS,first_hybrid_direct_500,final_direct_500,p95_latency,5.179528990999984,5.205636835000007,0.5040582656335779,0.9949846973910113
real loopback TLS,first_hybrid_direct_500,final_direct_500,p99_latency,6.0416208829999505,6.221217297999999,2.972652843964463,0.9711316280404182
real loopback TLS,first_hybrid_direct_500,final_direct_500,peak_active_jobs,500,500,0.0,1.0
real loopback TLS,first_hybrid_direct_500,final_direct_500,peak_admitted_requests,500,116,-76.8,4.310344827586207
real loopback TLS,first_hybrid_direct_500,final_direct_500,peak_rss_bytes,65937408,65171456,-1.161634985712512,1.0117528753692413
real loopback TLS,first_hybrid_direct_500,final_direct_500,sampled_average_active_connections,10.970822750805462,10.921558557887689,-0.4490473872085565,1.0045107291836286
real loopback TLS,first_hybrid_direct_500,final_direct_500,sampled_average_idle_connections,16.59287153096533,16.675450851636878,0.497679503619608,0.9950478507953838
real loopback TLS,first_hybrid_direct_500,final_direct_500,sampled_peak_active_connections,25,25,0.0,1.0
real loopback TLS,first_hybrid_direct_500,final_direct_500,server_requests,1000,1000,0.0,1.0
real loopback TLS,first_hybrid_direct_500,final_direct_500,successful_requests,1000,1000,0.0,1.0
real loopback TLS,first_hybrid_direct_500,final_direct_500,successful_rps,124.38728347902457,119.58115527036247,-3.863842085973812,1.0401913512024188
real loopback TLS,original_worker_500,final_direct_500,actual_connection_ceiling,500,500,0.0,1.0
real loopback TLS,original_worker_500,final_direct_500,attempted_requests,1000,1000,0.0,1.0
real loopback TLS,original_worker_500,final_direct_500,attempted_rps,156.92225117260014,119.58115527036247,-23.795921625650063,1.3122657229545303
real loopback TLS,original_worker_500,final_direct_500,average_latency,2.4242234895770003,3.2412415515830006,33.70225829090374,0.7479305232258996
real loopback TLS,original_worker_500,final_direct_500,backend_metrics.backend_connection_pools.direct.active,,0,,
real loopback TLS,original_worker_500,final_direct_500,backend_metrics.backend_connection_pools.direct.idle_keepalive,,28,,
real loopback TLS,original_worker_500,final_direct_500,backend_metrics.backend_failovers,,0,,
real loopback TLS,original_worker_500,final_direct_500,backend_metrics.backend_stages.backend_routing_calls,,1000,,
real loopback TLS,original_worker_500,final_direct_500,backend_metrics.backend_stages.backend_routing_seconds,,0.0015978280000581435,,
real loopback TLS,original_worker_500,final_direct_500,backend_metrics.backend_stages.direct_admission_wait_seconds,,0.015517622999908554,,
real loopback TLS,original_worker_500,final_direct_500,backend_metrics.backend_stages.json_parsing_calls,,1000,,
real loopback TLS,original_worker_500,final_direct_500,backend_metrics.backend_stages.json_parsing_seconds,,0.015936626000296883,,
real loopback TLS,original_worker_500,final_direct_500,backend_metrics.backend_stages.normalization_calls,,1000,,
real loopback TLS,original_worker_500,final_direct_500,backend_metrics.backend_stages.normalization_seconds,,0.026075068999972473,,
real loopback TLS,original_worker_500,final_direct_500,backend_metrics.backend_stages.proxy_selection_calls,,1000,,
real loopback TLS,original_worker_500,final_direct_500,backend_metrics.backend_stages.proxy_selection_seconds,,0.0013613440006849942,,
real loopback TLS,original_worker_500,final_direct_500,backend_metrics.backend_stages.signing_calls,,1000,,
real loopback TLS,original_worker_500,final_direct_500,backend_metrics.backend_stages.signing_seconds,,16.619069247000283,,
real loopback TLS,original_worker_500,final_direct_500,backend_metrics.backend_switches,,0,,
real loopback TLS,original_worker_500,final_direct_500,backend_metrics.cursor_chain_restarts,,0,,
real loopback TLS,original_worker_500,final_direct_500,backend_metrics.direct_429_count,,0,,
real loopback TLS,original_worker_500,final_direct_500,backend_metrics.direct_active_requests,,0,,
real loopback TLS,original_worker_500,final_direct_500,backend_metrics.direct_average_latency,,0.7457182298490002,,
real loopback TLS,original_worker_500,final_direct_500,backend_metrics.direct_connect_tcp_attempts,,28,,
real loopback TLS,original_worker_500,final_direct_500,backend_metrics.direct_connect_tcp_seconds,,1.0229220639999994,,
real loopback TLS,original_worker_500,final_direct_500,backend_metrics.direct_connect_tcp_successful,,28,,
real loopback TLS,original_worker_500,final_direct_500,backend_metrics.direct_connection_pool_wait_seconds,,0.0023127929998736363,,
real loopback TLS,original_worker_500,final_direct_500,backend_metrics.direct_cooldown_count,,0,,
real loopback TLS,original_worker_500,final_direct_500,backend_metrics.direct_cooldown_remaining_seconds,,0.0,,
real loopback TLS,original_worker_500,final_direct_500,backend_metrics.direct_followers_received,,0,,
real loopback TLS,original_worker_500,final_direct_500,backend_metrics.direct_following_received,,0,,
real loopback TLS,original_worker_500,final_direct_500,backend_metrics.direct_http_error_rate,,0.0,,
real loopback TLS,original_worker_500,final_direct_500,backend_metrics.direct_invalid_response_rate,,0.0,,
real loopback TLS,original_worker_500,final_direct_500,backend_metrics.direct_latency_seconds,,745.7182298490002,,
real loopback TLS,original_worker_500,final_direct_500,backend_metrics.direct_median_latency,,0.5647859110000013,,
real loopback TLS,original_worker_500,final_direct_500,backend_metrics.direct_network_error_rate,,0.0,,
real loopback TLS,original_worker_500,final_direct_500,backend_metrics.direct_new_connection_requests,,28,,
real loopback TLS,original_worker_500,final_direct_500,backend_metrics.direct_p95_latency,,2.035280861000018,,
real loopback TLS,original_worker_500,final_direct_500,backend_metrics.direct_p99_latency,,2.9834357260000104,,
real loopback TLS,original_worker_500,final_direct_500,backend_metrics.direct_peak_active_requests,,113,,
real loopback TLS,original_worker_500,final_direct_500,backend_metrics.direct_profile_received,,1000,,
real loopback TLS,original_worker_500,final_direct_500,backend_metrics.direct_recent_success_percent,,100.0,,
real loopback TLS,original_worker_500,final_direct_500,backend_metrics.direct_records,,1000,,
real loopback TLS,original_worker_500,final_direct_500,backend_metrics.direct_records_per_second,,119.65233382349768,,
real loopback TLS,original_worker_500,final_direct_500,backend_metrics.direct_recovery_429s,,0,,
real loopback TLS,original_worker_500,final_direct_500,backend_metrics.direct_recovery_attempts,,0,,
real loopback TLS,original_worker_500,final_direct_500,backend_metrics.direct_recovery_successes,,0,,
real loopback TLS,original_worker_500,final_direct_500,backend_metrics.direct_requests_failed,,0,,
real loopback TLS,original_worker_500,final_direct_500,backend_metrics.direct_requests_per_second,,119.65233382349768,,
real loopback TLS,original_worker_500,final_direct_500,backend_metrics.direct_requests_successful,,1000,,
real loopback TLS,original_worker_500,final_direct_500,backend_metrics.direct_requests_total,,1000,,
real loopback TLS,original_worker_500,final_direct_500,backend_metrics.direct_response_body_bytes,,313780,,
real loopback TLS,original_worker_500,final_direct_500,backend_metrics.direct_reused_connection_requests,,972,,
real loopback TLS,original_worker_500,final_direct_500,backend_metrics.direct_risk_control_count,,0,,
real loopback TLS,original_worker_500,final_direct_500,backend_metrics.direct_risk_control_rate,,0.0,,
real loopback TLS,original_worker_500,final_direct_500,backend_metrics.direct_successful_rps,,119.65233382349768,,
real loopback TLS,original_worker_500,final_direct_500,backend_metrics.direct_timeout_rate,,0.0,,
real loopback TLS,original_worker_500,final_direct_500,backend_metrics.direct_tls_handshake_attempts,,28,,
real loopback TLS,original_worker_500,final_direct_500,backend_metrics.direct_tls_handshake_seconds,,0.8312725520000299,,
real loopback TLS,original_worker_500,final_direct_500,backend_metrics.direct_tls_handshake_successful,,28,,
real loopback TLS,original_worker_500,final_direct_500,backend_metrics.findtik_429_count,,0,,
real loopback TLS,original_worker_500,final_direct_500,backend_metrics.findtik_jobs_moved_to_direct,,0,,
real loopback TLS,original_worker_500,final_direct_500,backend_metrics.findtik_requests_cancelled_after_429,,0,,
real loopback TLS,original_worker_500,final_direct_500,backend_metrics.hybrid_records_per_second,,119.65233382349768,,
real loopback TLS,original_worker_500,final_direct_500,backend_metrics.hybrid_total_successful_rps,,119.65233382349768,,
real loopback TLS,original_worker_500,final_direct_500,backend_metrics.worker_429_count,,0,,
real loopback TLS,original_worker_500,final_direct_500,backend_metrics.worker_active_requests,,0,,
real loopback TLS,original_worker_500,final_direct_500,backend_metrics.worker_average_latency,,0,,
real loopback TLS,original_worker_500,final_direct_500,backend_metrics.worker_followers_received,,0,,
real loopback TLS,original_worker_500,final_direct_500,backend_metrics.worker_following_received,,0,,
real loopback TLS,original_worker_500,final_direct_500,backend_metrics.worker_http_error_rate,,0.0,,
real loopback TLS,original_worker_500,final_direct_500,backend_metrics.worker_invalid_response_rate,,0.0,,
real loopback TLS,original_worker_500,final_direct_500,backend_metrics.worker_median_latency,,0,,
real loopback TLS,original_worker_500,final_direct_500,backend_metrics.worker_network_error_rate,,0.0,,
real loopback TLS,original_worker_500,final_direct_500,backend_metrics.worker_p95_latency,,0,,
real loopback TLS,original_worker_500,final_direct_500,backend_metrics.worker_p99_latency,,0,,
real loopback TLS,original_worker_500,final_direct_500,backend_metrics.worker_recent_success_percent,,0.0,,
real loopback TLS,original_worker_500,final_direct_500,backend_metrics.worker_records_per_second,,0.0,,
real loopback TLS,original_worker_500,final_direct_500,backend_metrics.worker_requests_failed,,0,,
real loopback TLS,original_worker_500,final_direct_500,backend_metrics.worker_requests_per_second,,0.0,,
real loopback TLS,original_worker_500,final_direct_500,backend_metrics.worker_requests_successful,,0,,
real loopback TLS,original_worker_500,final_direct_500,backend_metrics.worker_requests_total,,0,,
real loopback TLS,original_worker_500,final_direct_500,backend_metrics.worker_risk_control_count,,0,,
real loopback TLS,original_worker_500,final_direct_500,backend_metrics.worker_risk_control_rate,,0.0,,
real loopback TLS,original_worker_500,final_direct_500,backend_metrics.worker_successful_rps,,0.0,,
real loopback TLS,original_worker_500,final_direct_500,backend_metrics.worker_timeout_rate,,0.0,,
real loopback TLS,original_worker_500,final_direct_500,configured_workers,500,500,0.0,1.0
real loopback TLS,original_worker_500,final_direct_500,cpu_percent_of_one_core,99.64227663101363,102.65234956938458,3.0208793296821135,0.9706770185875152
real loopback TLS,original_worker_500,final_direct_500,cpu_seconds,6.349786336,8.584324958,35.19076869297668,0.7396954760062335
real loopback TLS,original_worker_500,final_direct_500,elapsed_seconds,6.372582553000029,8.362521651000009,31.226572295453003,0.7620407837434994
real loopback TLS,original_worker_500,final_direct_500,event_loop_max,0.034463806999990534,0.03178519000000392,-7.772260911243356,1.0842724866513709
real loopback TLS,original_worker_500,final_direct_500,event_loop_p95,0.019457389999995484,0.02414947899999788,24.114688557938592,0.8057064088213742
real loopback TLS,original_worker_500,final_direct_500,harness_version,2,2,0.0,1.0
real loopback TLS,original_worker_500,final_direct_500,loopback_interface_bytes.received,1250992,2418940,93.3617481166946,0.517165369955435
real loopback TLS,original_worker_500,final_direct_500,loopback_interface_bytes.transmitted,1250992,2418940,93.3617481166946,0.517165369955435
real loopback TLS,original_worker_500,final_direct_500,median_latency,2.6368467125000166,3.601672366999992,36.59013054972833,0.7321173176827226
real loopback TLS,original_worker_500,final_direct_500,new_tls_connections,28,28,0.0,1.0
real loopback TLS,original_worker_500,final_direct_500,p95_latency,4.175682952000045,5.205636835000007,24.66551926569618,0.8021464201891524
real loopback TLS,original_worker_500,final_direct_500,p99_latency,4.919193371999995,6.221217297999999,26.468240370689887,0.7907123536066519
real loopback TLS,original_worker_500,final_direct_500,peak_active_jobs,500,500,0.0,1.0
real loopback TLS,original_worker_500,final_direct_500,peak_admitted_requests,500,116,-76.8,4.310344827586207
real loopback TLS,original_worker_500,final_direct_500,peak_rss_bytes,63848448,65171456,2.0721067487811107,0.9796995789076739
real loopback TLS,original_worker_500,final_direct_500,sampled_average_active_connections,11.475919596768787,10.921558557887689,-4.830645894706221,1.0507584184018068
real loopback TLS,original_worker_500,final_direct_500,sampled_average_idle_connections,16.106866595659735,16.675450851636878,3.5300736651681097,0.9659029155471781
real loopback TLS,original_worker_500,final_direct_500,sampled_peak_active_connections,25,25,0.0,1.0
real loopback TLS,original_worker_500,final_direct_500,server_requests,1000,1000,0.0,1.0
real loopback TLS,original_worker_500,final_direct_500,successful_requests,1000,1000,0.0,1.0
real loopback TLS,original_worker_500,final_direct_500,successful_rps,156.92225117260014,119.58115527036247,-23.795921625650063,1.3122657229545303
real loopback TLS,first_hybrid_direct_1000,final_direct_1000,actual_connection_ceiling,1000,1000,0.0,1.0
real loopback TLS,first_hybrid_direct_1000,final_direct_1000,attempted_requests,2000,2000,0.0,1.0
real loopback TLS,first_hybrid_direct_1000,final_direct_1000,attempted_rps,119.92009141257641,121.94859680685174,1.6915475717045547,0.9833658980308878
real loopback TLS,first_hybrid_direct_1000,final_direct_1000,average_latency,6.3866505453719995,6.287671609578,-1.5497784807675608,1.0157417470154175
real loopback TLS,first_hybrid_direct_1000,final_direct_1000,backend_metrics.backend_connection_pools.direct.active,,0,,
real loopback TLS,first_hybrid_direct_1000,final_direct_1000,backend_metrics.backend_connection_pools.direct.idle_keepalive,,28,,
real loopback TLS,first_hybrid_direct_1000,final_direct_1000,backend_metrics.backend_failovers,0,0,,
real loopback TLS,first_hybrid_direct_1000,final_direct_1000,backend_metrics.backend_stages.backend_routing_calls,2000,2000,0.0,1.0
real loopback TLS,first_hybrid_direct_1000,final_direct_1000,backend_metrics.backend_stages.backend_routing_seconds,0.0032101470004590738,0.0031701139989479543,-1.2470768941545196,1.0126282529664248
real loopback TLS,first_hybrid_direct_1000,final_direct_1000,backend_metrics.backend_stages.direct_admission_wait_seconds,0.028107090999924367,0.03009777700003724,7.082504554164748,0.9338593677496377
real loopback TLS,first_hybrid_direct_1000,final_direct_1000,backend_metrics.backend_stages.json_parsing_calls,2000,2000,0.0,1.0
real loopback TLS,first_hybrid_direct_1000,final_direct_1000,backend_metrics.backend_stages.json_parsing_seconds,0.03381268999817166,0.03164521899941519,-6.410229410536905,1.0684928424352673
real loopback TLS,first_hybrid_direct_1000,final_direct_1000,backend_metrics.backend_stages.normalization_calls,2000,2000,0.0,1.0
real loopback TLS,first_hybrid_direct_1000,final_direct_1000,backend_metrics.backend_stages.normalization_seconds,0.055767277000768445,0.050752766999920595,-8.991850186227946,1.098802691897679
real loopback TLS,first_hybrid_direct_1000,final_direct_1000,backend_metrics.backend_stages.proxy_selection_calls,2000,2000,0.0,1.0
real loopback TLS,first_hybrid_direct_1000,final_direct_1000,backend_metrics.backend_stages.proxy_selection_seconds,0.002677398998116587,0.0025518920000990875,-4.687646410034041,1.0491819395227644
real loopback TLS,first_hybrid_direct_1000,final_direct_1000,backend_metrics.backend_stages.signing_calls,2000,2000,0.0,1.0
real loopback TLS,first_hybrid_direct_1000,final_direct_1000,backend_metrics.backend_stages.signing_seconds,34.491817325993225,33.96489420199978,-1.527675735416667,1.015513757259471
real loopback TLS,first_hybrid_direct_1000,final_direct_1000,backend_metrics.backend_switches,0,0,,
real loopback TLS,first_hybrid_direct_1000,final_direct_1000,backend_metrics.cursor_chain_restarts,0,0,,
real loopback TLS,first_hybrid_direct_1000,final_direct_1000,backend_metrics.direct_429_count,,0,,
real loopback TLS,first_hybrid_direct_1000,final_direct_1000,backend_metrics.direct_active_requests,0,0,,
real loopback TLS,first_hybrid_direct_1000,final_direct_1000,backend_metrics.direct_average_latency,0.8395829534434989,0.8212490676975002,-2.1836896128968997,1.0223243915483529
real loopback TLS,first_hybrid_direct_1000,final_direct_1000,backend_metrics.direct_connect_tcp_attempts,,28,,
real loopback TLS,first_hybrid_direct_1000,final_direct_1000,backend_metrics.direct_connect_tcp_seconds,,1.0170472959999017,,
real loopback TLS,first_hybrid_direct_1000,final_direct_1000,backend_metrics.direct_connect_tcp_successful,,28,,
real loopback TLS,first_hybrid_direct_1000,final_direct_1000,backend_metrics.direct_connection_pool_wait_seconds,,0.004692432999803486,,
real loopback TLS,first_hybrid_direct_1000,final_direct_1000,backend_metrics.direct_cooldown_count,,0,,
real loopback TLS,first_hybrid_direct_1000,final_direct_1000,backend_metrics.direct_cooldown_remaining_seconds,,0.0,,
real loopback TLS,first_hybrid_direct_1000,final_direct_1000,backend_metrics.direct_followers_received,0,0,,
real loopback TLS,first_hybrid_direct_1000,final_direct_1000,backend_metrics.direct_following_received,0,0,,
real loopback TLS,first_hybrid_direct_1000,final_direct_1000,backend_metrics.direct_http_error_rate,0.0,0.0,,
real loopback TLS,first_hybrid_direct_1000,final_direct_1000,backend_metrics.direct_invalid_response_rate,0.0,0.0,,
real loopback TLS,first_hybrid_direct_1000,final_direct_1000,backend_metrics.direct_latency_seconds,1679.1659068869944,1642.4981353949986,-2.183689612896811,1.022324391548352
real loopback TLS,first_hybrid_direct_1000,final_direct_1000,backend_metrics.direct_median_latency,0.576691019000009,0.575024629000012,-0.28895716165069363,1.002897945437389
real loopback TLS,first_hybrid_direct_1000,final_direct_1000,backend_metrics.direct_network_error_rate,0.0,0.0,,
real loopback TLS,first_hybrid_direct_1000,final_direct_1000,backend_metrics.direct_new_connection_requests,,28,,
real loopback TLS,first_hybrid_direct_1000,final_direct_1000,backend_metrics.direct_p95_latency,2.515273038000032,2.310279032000011,-8.149970317457777,1.088731275815873
real loopback TLS,first_hybrid_direct_1000,final_direct_1000,backend_metrics.direct_p99_latency,3.6652497320000066,3.729417125999987,1.7506963697386801,0.982794256627227
real loopback TLS,first_hybrid_direct_1000,final_direct_1000,backend_metrics.direct_peak_active_requests,119,120,0.8403361344537785,0.9916666666666667
real loopback TLS,first_hybrid_direct_1000,final_direct_1000,backend_metrics.direct_profile_received,2000,2000,0.0,1.0
real loopback TLS,first_hybrid_direct_1000,final_direct_1000,backend_metrics.direct_recent_success_percent,100.0,100.0,0.0,1.0
real loopback TLS,first_hybrid_direct_1000,final_direct_1000,backend_metrics.direct_records,2000,2000,0.0,1.0
real loopback TLS,first_hybrid_direct_1000,final_direct_1000,backend_metrics.direct_records_per_second,119.95943541461669,121.98741561815737,1.6905549751308424,0.9833754966177116
real loopback TLS,first_hybrid_direct_1000,final_direct_1000,backend_metrics.direct_recovery_429s,,0,,
real loopback TLS,first_hybrid_direct_1000,final_direct_1000,backend_metrics.direct_recovery_attempts,,0,,
real loopback TLS,first_hybrid_direct_1000,final_direct_1000,backend_metrics.direct_recovery_successes,,0,,
real loopback TLS,first_hybrid_direct_1000,final_direct_1000,backend_metrics.direct_requests_failed,0,0,,
real loopback TLS,first_hybrid_direct_1000,final_direct_1000,backend_metrics.direct_requests_per_second,119.95943541461669,121.98741561815737,1.6905549751308424,0.9833754966177116
real loopback TLS,first_hybrid_direct_1000,final_direct_1000,backend_metrics.direct_requests_successful,2000,2000,0.0,1.0
real loopback TLS,first_hybrid_direct_1000,final_direct_1000,backend_metrics.direct_requests_total,2000,2000,0.0,1.0
real loopback TLS,first_hybrid_direct_1000,final_direct_1000,backend_metrics.direct_response_body_bytes,627780,627780,0.0,1.0
real loopback TLS,first_hybrid_direct_1000,final_direct_1000,backend_metrics.direct_reused_connection_requests,,1972,,
real loopback TLS,first_hybrid_direct_1000,final_direct_1000,backend_metrics.direct_risk_control_count,0,0,,
real loopback TLS,first_hybrid_direct_1000,final_direct_1000,backend_metrics.direct_risk_control_rate,0.0,0.0,,
real loopback TLS,first_hybrid_direct_1000,final_direct_1000,backend_metrics.direct_successful_rps,119.95943541461669,121.98741561815737,1.6905549751308424,0.9833754966177116
real loopback TLS,first_hybrid_direct_1000,final_direct_1000,backend_metrics.direct_timeout_rate,0.0,0.0,,
real loopback TLS,first_hybrid_direct_1000,final_direct_1000,backend_metrics.direct_tls_handshake_attempts,,28,,
real loopback TLS,first_hybrid_direct_1000,final_direct_1000,backend_metrics.direct_tls_handshake_seconds,,0.8333965739999485,,
real loopback TLS,first_hybrid_direct_1000,final_direct_1000,backend_metrics.direct_tls_handshake_successful,,28,,
real loopback TLS,first_hybrid_direct_1000,final_direct_1000,backend_metrics.findtik_429_count,,0,,
real loopback TLS,first_hybrid_direct_1000,final_direct_1000,backend_metrics.findtik_jobs_moved_to_direct,,0,,
real loopback TLS,first_hybrid_direct_1000,final_direct_1000,backend_metrics.findtik_requests_cancelled_after_429,,0,,
real loopback TLS,first_hybrid_direct_1000,final_direct_1000,backend_metrics.hybrid_records_per_second,119.95943541461669,121.98741561815737,1.6905549751308424,0.9833754966177116
real loopback TLS,first_hybrid_direct_1000,final_direct_1000,backend_metrics.hybrid_total_successful_rps,119.95943541461669,121.98741561815737,1.6905549751308424,0.9833754966177116
real loopback TLS,first_hybrid_direct_1000,final_direct_1000,backend_metrics.worker_429_count,,0,,
real loopback TLS,first_hybrid_direct_1000,final_direct_1000,backend_metrics.worker_active_requests,0,0,,
real loopback TLS,first_hybrid_direct_1000,final_direct_1000,backend_metrics.worker_average_latency,0,0,,
real loopback TLS,first_hybrid_direct_1000,final_direct_1000,backend_metrics.worker_followers_received,0,0,,
real loopback TLS,first_hybrid_direct_1000,final_direct_1000,backend_metrics.worker_following_received,0,0,,
real loopback TLS,first_hybrid_direct_1000,final_direct_1000,backend_metrics.worker_http_error_rate,0.0,0.0,,
real loopback TLS,first_hybrid_direct_1000,final_direct_1000,backend_metrics.worker_invalid_response_rate,0.0,0.0,,
real loopback TLS,first_hybrid_direct_1000,final_direct_1000,backend_metrics.worker_median_latency,0,0,,
real loopback TLS,first_hybrid_direct_1000,final_direct_1000,backend_metrics.worker_network_error_rate,0.0,0.0,,
real loopback TLS,first_hybrid_direct_1000,final_direct_1000,backend_metrics.worker_p95_latency,0,0,,
real loopback TLS,first_hybrid_direct_1000,final_direct_1000,backend_metrics.worker_p99_latency,0,0,,
real loopback TLS,first_hybrid_direct_1000,final_direct_1000,backend_metrics.worker_recent_success_percent,0.0,0.0,,
real loopback TLS,first_hybrid_direct_1000,final_direct_1000,backend_metrics.worker_records_per_second,0.0,0.0,,
real loopback TLS,first_hybrid_direct_1000,final_direct_1000,backend_metrics.worker_requests_failed,0,0,,
real loopback TLS,first_hybrid_direct_1000,final_direct_1000,backend_metrics.worker_requests_per_second,0.0,0.0,,
real loopback TLS,first_hybrid_direct_1000,final_direct_1000,backend_metrics.worker_requests_successful,0,0,,
real loopback TLS,first_hybrid_direct_1000,final_direct_1000,backend_metrics.worker_requests_total,0,0,,
real loopback TLS,first_hybrid_direct_1000,final_direct_1000,backend_metrics.worker_risk_control_count,0,0,,
real loopback TLS,first_hybrid_direct_1000,final_direct_1000,backend_metrics.worker_risk_control_rate,0.0,0.0,,
real loopback TLS,first_hybrid_direct_1000,final_direct_1000,backend_metrics.worker_successful_rps,0.0,0.0,,
real loopback TLS,first_hybrid_direct_1000,final_direct_1000,backend_metrics.worker_timeout_rate,0.0,0.0,,
real loopback TLS,first_hybrid_direct_1000,final_direct_1000,configured_workers,1000,1000,0.0,1.0
real loopback TLS,first_hybrid_direct_1000,final_direct_1000,cpu_percent_of_one_core,102.84271930591298,102.97023482752708,0.12399081089522479,0.9987616273593268
real loopback TLS,first_hybrid_direct_1000,final_direct_1000,cpu_seconds,17.151874735,16.887481697000002,-1.5414818618076698,1.0156561554140406
real loopback TLS,first_hybrid_direct_1000,final_direct_1000,elapsed_seconds,16.677772477000076,16.400352709000003,-1.6634101969112192,1.0169154757170455
real loopback TLS,first_hybrid_direct_1000,final_direct_1000,event_loop_max,0.02841803500005426,0.029393301999998584,3.4318593806449416,0.9668200939130837
real loopback TLS,first_hybrid_direct_1000,final_direct_1000,event_loop_p95,0.025075111999949513,0.024171928999986676,-3.6019101329025194,1.0373649533706364
real loopback TLS,first_hybrid_direct_1000,final_direct_1000,harness_version,2,2,0.0,1.0
real loopback TLS,first_hybrid_direct_1000,final_direct_1000,loopback_interface_bytes.received,4759672,4759828,0.0032775367714510395,0.9999672257064751
real loopback TLS,first_hybrid_direct_1000,final_direct_1000,loopback_interface_bytes.transmitted,4759672,4759828,0.0032775367714510395,0.9999672257064751
real loopback TLS,first_hybrid_direct_1000,final_direct_1000,median_latency,7.6460223439999595,7.519332463500007,-1.656938402741781,1.0168485541921342
real loopback TLS,first_hybrid_direct_1000,final_direct_1000,new_tls_connections,28,28,0.0,1.0
real loopback TLS,first_hybrid_direct_1000,final_direct_1000,p95_latency,9.446799055000042,9.266791223000013,-1.9054902189832634,1.0194250445130622
real loopback TLS,first_hybrid_direct_1000,final_direct_1000,p99_latency,10.677325781999912,10.676296934000021,-0.009635820999531752,1.0000963674957948
real loopback TLS,first_hybrid_direct_1000,final_direct_1000,peak_active_jobs,1000,1000,0.0,1.0
real loopback TLS,first_hybrid_direct_1000,final_direct_1000,peak_admitted_requests,1000,123,-87.7,8.130081300813009
real loopback TLS,first_hybrid_direct_1000,final_direct_1000,peak_rss_bytes,70070272,68907008,-1.6601391243350694,1.016881650121857
real loopback TLS,first_hybrid_direct_1000,final_direct_1000,sampled_average_active_connections,11.434950939461595,11.35585405378492,-0.6917116312560201,1.006965296075667
real loopback TLS,first_hybrid_direct_1000,final_direct_1000,sampled_average_idle_connections,16.310347531970454,16.42818745612378,0.7224856731123941,0.9928269674017264
real loopback TLS,first_hybrid_direct_1000,final_direct_1000,sampled_peak_active_connections,25,25,0.0,1.0
real loopback TLS,first_hybrid_direct_1000,final_direct_1000,server_requests,2000,2000,0.0,1.0
real loopback TLS,first_hybrid_direct_1000,final_direct_1000,successful_requests,2000,2000,0.0,1.0
real loopback TLS,first_hybrid_direct_1000,final_direct_1000,successful_rps,119.92009141257641,121.94859680685174,1.6915475717045547,0.9833658980308878
real loopback TLS,original_worker_1000,final_direct_1000,actual_connection_ceiling,1000,1000,0.0,1.0
real loopback TLS,original_worker_1000,final_direct_1000,attempted_requests,2000,2000,0.0,1.0
real loopback TLS,original_worker_1000,final_direct_1000,attempted_rps,154.88696844371447,121.94859680685174,-21.266070327170517,1.2701004562523353
real loopback TLS,original_worker_1000,final_direct_1000,average_latency,4.9134200053975,6.287671609578,27.969349305999792,0.7814371217976611
real loopback TLS,original_worker_1000,final_direct_1000,backend_metrics.backend_connection_pools.direct.active,,0,,
real loopback TLS,original_worker_1000,final_direct_1000,backend_metrics.backend_connection_pools.direct.idle_keepalive,,28,,
real loopback TLS,original_worker_1000,final_direct_1000,backend_metrics.backend_failovers,,0,,
real loopback TLS,original_worker_1000,final_direct_1000,backend_metrics.backend_stages.backend_routing_calls,,2000,,
real loopback TLS,original_worker_1000,final_direct_1000,backend_metrics.backend_stages.backend_routing_seconds,,0.0031701139989479543,,
real loopback TLS,original_worker_1000,final_direct_1000,backend_metrics.backend_stages.direct_admission_wait_seconds,,0.03009777700003724,,
real loopback TLS,original_worker_1000,final_direct_1000,backend_metrics.backend_stages.json_parsing_calls,,2000,,
real loopback TLS,original_worker_1000,final_direct_1000,backend_metrics.backend_stages.json_parsing_seconds,,0.03164521899941519,,
real loopback TLS,original_worker_1000,final_direct_1000,backend_metrics.backend_stages.normalization_calls,,2000,,
real loopback TLS,original_worker_1000,final_direct_1000,backend_metrics.backend_stages.normalization_seconds,,0.050752766999920595,,
real loopback TLS,original_worker_1000,final_direct_1000,backend_metrics.backend_stages.proxy_selection_calls,,2000,,
real loopback TLS,original_worker_1000,final_direct_1000,backend_metrics.backend_stages.proxy_selection_seconds,,0.0025518920000990875,,
real loopback TLS,original_worker_1000,final_direct_1000,backend_metrics.backend_stages.signing_calls,,2000,,
real loopback TLS,original_worker_1000,final_direct_1000,backend_metrics.backend_stages.signing_seconds,,33.96489420199978,,
real loopback TLS,original_worker_1000,final_direct_1000,backend_metrics.backend_switches,,0,,
real loopback TLS,original_worker_1000,final_direct_1000,backend_metrics.cursor_chain_restarts,,0,,
real loopback TLS,original_worker_1000,final_direct_1000,backend_metrics.direct_429_count,,0,,
real loopback TLS,original_worker_1000,final_direct_1000,backend_metrics.direct_active_requests,,0,,
real loopback TLS,original_worker_1000,final_direct_1000,backend_metrics.direct_average_latency,,0.8212490676975002,,
real loopback TLS,original_worker_1000,final_direct_1000,backend_metrics.direct_connect_tcp_attempts,,28,,
real loopback TLS,original_worker_1000,final_direct_1000,backend_metrics.direct_connect_tcp_seconds,,1.0170472959999017,,
real loopback TLS,original_worker_1000,final_direct_1000,backend_metrics.direct_connect_tcp_successful,,28,,
real loopback TLS,original_worker_1000,final_direct_1000,backend_metrics.direct_connection_pool_wait_seconds,,0.004692432999803486,,
real loopback TLS,original_worker_1000,final_direct_1000,backend_metrics.direct_cooldown_count,,0,,
real loopback TLS,original_worker_1000,final_direct_1000,backend_metrics.direct_cooldown_remaining_seconds,,0.0,,
real loopback TLS,original_worker_1000,final_direct_1000,backend_metrics.direct_followers_received,,0,,
real loopback TLS,original_worker_1000,final_direct_1000,backend_metrics.direct_following_received,,0,,
real loopback TLS,original_worker_1000,final_direct_1000,backend_metrics.direct_http_error_rate,,0.0,,
real loopback TLS,original_worker_1000,final_direct_1000,backend_metrics.direct_invalid_response_rate,,0.0,,
real loopback TLS,original_worker_1000,final_direct_1000,backend_metrics.direct_latency_seconds,,1642.4981353949986,,
real loopback TLS,original_worker_1000,final_direct_1000,backend_metrics.direct_median_latency,,0.575024629000012,,
real loopback TLS,original_worker_1000,final_direct_1000,backend_metrics.direct_network_error_rate,,0.0,,
real loopback TLS,original_worker_1000,final_direct_1000,backend_metrics.direct_new_connection_requests,,28,,
real loopback TLS,original_worker_1000,final_direct_1000,backend_metrics.direct_p95_latency,,2.310279032000011,,
real loopback TLS,original_worker_1000,final_direct_1000,backend_metrics.direct_p99_latency,,3.729417125999987,,
real loopback TLS,original_worker_1000,final_direct_1000,backend_metrics.direct_peak_active_requests,,120,,
real loopback TLS,original_worker_1000,final_direct_1000,backend_metrics.direct_profile_received,,2000,,
real loopback TLS,original_worker_1000,final_direct_1000,backend_metrics.direct_recent_success_percent,,100.0,,
real loopback TLS,original_worker_1000,final_direct_1000,backend_metrics.direct_records,,2000,,
real loopback TLS,original_worker_1000,final_direct_1000,backend_metrics.direct_records_per_second,,121.98741561815737,,
real loopback TLS,original_worker_1000,final_direct_1000,backend_metrics.direct_recovery_429s,,0,,
real loopback TLS,original_worker_1000,final_direct_1000,backend_metrics.direct_recovery_attempts,,0,,
real loopback TLS,original_worker_1000,final_direct_1000,backend_metrics.direct_recovery_successes,,0,,
real loopback TLS,original_worker_1000,final_direct_1000,backend_metrics.direct_requests_failed,,0,,
real loopback TLS,original_worker_1000,final_direct_1000,backend_metrics.direct_requests_per_second,,121.98741561815737,,
real loopback TLS,original_worker_1000,final_direct_1000,backend_metrics.direct_requests_successful,,2000,,
real loopback TLS,original_worker_1000,final_direct_1000,backend_metrics.direct_requests_total,,2000,,
real loopback TLS,original_worker_1000,final_direct_1000,backend_metrics.direct_response_body_bytes,,627780,,
real loopback TLS,original_worker_1000,final_direct_1000,backend_metrics.direct_reused_connection_requests,,1972,,
real loopback TLS,original_worker_1000,final_direct_1000,backend_metrics.direct_risk_control_count,,0,,
real loopback TLS,original_worker_1000,final_direct_1000,backend_metrics.direct_risk_control_rate,,0.0,,
real loopback TLS,original_worker_1000,final_direct_1000,backend_metrics.direct_successful_rps,,121.98741561815737,,
real loopback TLS,original_worker_1000,final_direct_1000,backend_metrics.direct_timeout_rate,,0.0,,
real loopback TLS,original_worker_1000,final_direct_1000,backend_metrics.direct_tls_handshake_attempts,,28,,
real loopback TLS,original_worker_1000,final_direct_1000,backend_metrics.direct_tls_handshake_seconds,,0.8333965739999485,,
real loopback TLS,original_worker_1000,final_direct_1000,backend_metrics.direct_tls_handshake_successful,,28,,
real loopback TLS,original_worker_1000,final_direct_1000,backend_metrics.findtik_429_count,,0,,
real loopback TLS,original_worker_1000,final_direct_1000,backend_metrics.findtik_jobs_moved_to_direct,,0,,
real loopback TLS,original_worker_1000,final_direct_1000,backend_metrics.findtik_requests_cancelled_after_429,,0,,
real loopback TLS,original_worker_1000,final_direct_1000,backend_metrics.hybrid_records_per_second,,121.98741561815737,,
real loopback TLS,original_worker_1000,final_direct_1000,backend_metrics.hybrid_total_successful_rps,,121.98741561815737,,
real loopback TLS,original_worker_1000,final_direct_1000,backend_metrics.worker_429_count,,0,,
real loopback TLS,original_worker_1000,final_direct_1000,backend_metrics.worker_active_requests,,0,,
real loopback TLS,original_worker_1000,final_direct_1000,backend_metrics.worker_average_latency,,0,,
real loopback TLS,original_worker_1000,final_direct_1000,backend_metrics.worker_followers_received,,0,,
real loopback TLS,original_worker_1000,final_direct_1000,backend_metrics.worker_following_received,,0,,
real loopback TLS,original_worker_1000,final_direct_1000,backend_metrics.worker_http_error_rate,,0.0,,
real loopback TLS,original_worker_1000,final_direct_1000,backend_metrics.worker_invalid_response_rate,,0.0,,
real loopback TLS,original_worker_1000,final_direct_1000,backend_metrics.worker_median_latency,,0,,
real loopback TLS,original_worker_1000,final_direct_1000,backend_metrics.worker_network_error_rate,,0.0,,
real loopback TLS,original_worker_1000,final_direct_1000,backend_metrics.worker_p95_latency,,0,,
real loopback TLS,original_worker_1000,final_direct_1000,backend_metrics.worker_p99_latency,,0,,
real loopback TLS,original_worker_1000,final_direct_1000,backend_metrics.worker_recent_success_percent,,0.0,,
real loopback TLS,original_worker_1000,final_direct_1000,backend_metrics.worker_records_per_second,,0.0,,
real loopback TLS,original_worker_1000,final_direct_1000,backend_metrics.worker_requests_failed,,0,,
real loopback TLS,original_worker_1000,final_direct_1000,backend_metrics.worker_requests_per_second,,0.0,,
real loopback TLS,original_worker_1000,final_direct_1000,backend_metrics.worker_requests_successful,,0,,
real loopback TLS,original_worker_1000,final_direct_1000,backend_metrics.worker_requests_total,,0,,
real loopback TLS,original_worker_1000,final_direct_1000,backend_metrics.worker_risk_control_count,,0,,
real loopback TLS,original_worker_1000,final_direct_1000,backend_metrics.worker_risk_control_rate,,0.0,,
real loopback TLS,original_worker_1000,final_direct_1000,backend_metrics.worker_successful_rps,,0.0,,
real loopback TLS,original_worker_1000,final_direct_1000,backend_metrics.worker_timeout_rate,,0.0,,
real loopback TLS,original_worker_1000,final_direct_1000,configured_workers,1000,1000,0.0,1.0
real loopback TLS,original_worker_1000,final_direct_1000,cpu_percent_of_one_core,99.81135737610377,102.97023482752708,3.1648477031728905,0.9693224216035404
real loopback TLS,original_worker_1000,final_direct_1000,cpu_seconds,12.888283421,16.887481697000002,31.02972013700258,0.7631856337282993
real loopback TLS,original_worker_1000,final_direct_1000,elapsed_seconds,12.912642168000048,16.400352709000003,27.010045625233523,0.7873392967282948
real loopback TLS,original_worker_1000,final_direct_1000,event_loop_max,0.04108819700000367,0.029393301999998584,-28.462906269661925,1.3978761896164524
real loopback TLS,original_worker_1000,final_direct_1000,event_loop_p95,0.019587977999985923,0.024171928999986676,23.401859038253182,0.810360563279692
real loopback TLS,original_worker_1000,final_direct_1000,harness_version,2,2,0.0,1.0
real loopback TLS,original_worker_1000,final_direct_1000,loopback_interface_bytes.received,2442444,4759828,94.87971883899897,0.5131370293212276
real loopback TLS,original_worker_1000,final_direct_1000,loopback_interface_bytes.transmitted,2442444,4759828,94.87971883899897,0.5131370293212276
real loopback TLS,original_worker_1000,final_direct_1000,median_latency,5.800078543499978,7.519332463500007,29.64190755531679,0.7713555121620768
real loopback TLS,original_worker_1000,final_direct_1000,new_tls_connections,28,28,0.0,1.0
real loopback TLS,original_worker_1000,final_direct_1000,p95_latency,7.467304129000013,9.266791223000013,24.098216209133817,0.8058133553787524
real loopback TLS,original_worker_1000,final_direct_1000,p99_latency,8.620350253999959,10.676296934000021,23.849920472153375,0.8074288592093538
real loopback TLS,original_worker_1000,final_direct_1000,peak_active_jobs,1000,1000,0.0,1.0
real loopback TLS,original_worker_1000,final_direct_1000,peak_admitted_requests,1000,123,-87.7,8.130081300813009
real loopback TLS,original_worker_1000,final_direct_1000,peak_rss_bytes,67715072,68907008,1.7602225985966502,0.9827022528680972
real loopback TLS,original_worker_1000,final_direct_1000,sampled_average_active_connections,11.985247428952023,11.35585405378492,-5.251400764966407,1.0554245741611417
real loopback TLS,original_worker_1000,final_direct_1000,sampled_average_idle_connections,15.792462364546726,16.42818745612378,4.025496954827168,0.9613027856374939
real loopback TLS,original_worker_1000,final_direct_1000,sampled_peak_active_connections,25,25,0.0,1.0
real loopback TLS,original_worker_1000,final_direct_1000,server_requests,2000,2000,0.0,1.0
real loopback TLS,original_worker_1000,final_direct_1000,successful_requests,2000,2000,0.0,1.0
real loopback TLS,original_worker_1000,final_direct_1000,successful_rps,154.88696844371447,121.94859680685174,-21.266070327170517,1.2701004562523353
real loopback TLS,first_hybrid_direct_2500,final_direct_2500,actual_connection_ceiling,2500,2500,0.0,1.0
real loopback TLS,first_hybrid_direct_2500,final_direct_2500,attempted_requests,5000,5000,0.0,1.0
real loopback TLS,first_hybrid_direct_2500,final_direct_2500,attempted_rps,120.89640317140709,120.05346838128784,-0.697237277542595,1.0070213280922637
real loopback TLS,first_hybrid_direct_2500,final_direct_2500,average_latency,15.706661045018599,15.7945030644872,0.559266028704819,0.9944384436085167
real loopback TLS,first_hybrid_direct_2500,final_direct_2500,backend_metrics.backend_connection_pools.direct.active,,0,,
real loopback TLS,first_hybrid_direct_2500,final_direct_2500,backend_metrics.backend_connection_pools.direct.idle_keepalive,,28,,
real loopback TLS,first_hybrid_direct_2500,final_direct_2500,backend_metrics.backend_failovers,0,0,,
real loopback TLS,first_hybrid_direct_2500,final_direct_2500,backend_metrics.backend_stages.backend_routing_calls,5000,5000,0.0,1.0
real loopback TLS,first_hybrid_direct_2500,final_direct_2500,backend_metrics.backend_stages.backend_routing_seconds,0.007967549000568397,0.007891327999800524,-0.9566430123295833,1.009658830651799
real loopback TLS,first_hybrid_direct_2500,final_direct_2500,backend_metrics.backend_stages.direct_admission_wait_seconds,0.07441483899503964,0.07830744000008849,5.230947291720023,0.9502907896740789
real loopback TLS,first_hybrid_direct_2500,final_direct_2500,backend_metrics.backend_stages.json_parsing_calls,5000,5000,0.0,1.0
real loopback TLS,first_hybrid_direct_2500,final_direct_2500,backend_metrics.backend_stages.json_parsing_seconds,0.08290067100529086,0.08007620700041684,-3.4070460113570733,1.0352722002037298
real loopback TLS,first_hybrid_direct_2500,final_direct_2500,backend_metrics.backend_stages.normalization_calls,5000,5000,0.0,1.0
real loopback TLS,first_hybrid_direct_2500,final_direct_2500,backend_metrics.backend_stages.normalization_seconds,0.13924828100175546,0.13436469000032503,-3.507110440644412,1.0363457914532355
real loopback TLS,first_hybrid_direct_2500,final_direct_2500,backend_metrics.backend_stages.proxy_selection_calls,5000,5000,0.0,1.0
real loopback TLS,first_hybrid_direct_2500,final_direct_2500,backend_metrics.backend_stages.proxy_selection_seconds,0.006930634001832914,0.006117521000675197,-11.73215900511666,1.1329154409225524
real loopback TLS,first_hybrid_direct_2500,final_direct_2500,backend_metrics.backend_stages.signing_calls,5000,5000,0.0,1.0
real loopback TLS,first_hybrid_direct_2500,final_direct_2500,backend_metrics.backend_stages.signing_seconds,87.47638637900036,88.21390506400064,0.8431060261279155,0.99163942822319
real loopback TLS,first_hybrid_direct_2500,final_direct_2500,backend_metrics.backend_switches,0,0,,
real loopback TLS,first_hybrid_direct_2500,final_direct_2500,backend_metrics.cursor_chain_restarts,0,0,,
real loopback TLS,first_hybrid_direct_2500,final_direct_2500,backend_metrics.direct_429_count,,0,,
real loopback TLS,first_hybrid_direct_2500,final_direct_2500,backend_metrics.direct_active_requests,0,0,,
real loopback TLS,first_hybrid_direct_2500,final_direct_2500,backend_metrics.direct_average_latency,0.9392443753530275,0.9575737229038092,1.951499314956484,0.9808585520755535
real loopback TLS,first_hybrid_direct_2500,final_direct_2500,backend_metrics.direct_connect_tcp_attempts,,28,,
real loopback TLS,first_hybrid_direct_2500,final_direct_2500,backend_metrics.direct_connect_tcp_seconds,,1.044292362999954,,
real loopback TLS,first_hybrid_direct_2500,final_direct_2500,backend_metrics.direct_connect_tcp_successful,,28,,
real loopback TLS,first_hybrid_direct_2500,final_direct_2500,backend_metrics.direct_connection_pool_wait_seconds,,0.011705319999322228,,
real loopback TLS,first_hybrid_direct_2500,final_direct_2500,backend_metrics.direct_cooldown_count,,0,,
real loopback TLS,first_hybrid_direct_2500,final_direct_2500,backend_metrics.direct_cooldown_remaining_seconds,,0.0,,
real loopback TLS,first_hybrid_direct_2500,final_direct_2500,backend_metrics.direct_followers_received,0,0,,
real loopback TLS,first_hybrid_direct_2500,final_direct_2500,backend_metrics.direct_following_received,0,0,,
real loopback TLS,first_hybrid_direct_2500,final_direct_2500,backend_metrics.direct_http_error_rate,0.0,0.0,,
real loopback TLS,first_hybrid_direct_2500,final_direct_2500,backend_metrics.direct_invalid_response_rate,0.0,0.0,,
real loopback TLS,first_hybrid_direct_2500,final_direct_2500,backend_metrics.direct_latency_seconds,4479.048010237002,4538.913897504004,1.3365761458724368,0.9868105259057849
real loopback TLS,first_hybrid_direct_2500,final_direct_2500,backend_metrics.direct_median_latency,0.6761732769999753,0.6928558170000088,2.467198951435945,0.9759220611407045
real loopback TLS,first_hybrid_direct_2500,final_direct_2500,backend_metrics.direct_network_error_rate,0.0,0.0,,
real loopback TLS,first_hybrid_direct_2500,final_direct_2500,backend_metrics.direct_new_connection_requests,,28,,
real loopback TLS,first_hybrid_direct_2500,final_direct_2500,backend_metrics.direct_p95_latency,2.6352507639999203,2.685900158999999,1.9219952686096775,0.9811424878060485
real loopback TLS,first_hybrid_direct_2500,final_direct_2500,backend_metrics.direct_p99_latency,4.0951228750000155,4.088875596999998,-0.15255410376465717,1.001527871868883
real loopback TLS,first_hybrid_direct_2500,final_direct_2500,backend_metrics.direct_peak_active_requests,124,126,1.6129032258064502,0.9841269841269841
real loopback TLS,first_hybrid_direct_2500,final_direct_2500,backend_metrics.direct_profile_received,5000,5000,0.0,1.0
real loopback TLS,first_hybrid_direct_2500,final_direct_2500,backend_metrics.direct_recent_success_percent,100.0,100.0,0.0,1.0
real loopback TLS,first_hybrid_direct_2500,final_direct_2500,backend_metrics.direct_records,5000,5000,0.0,1.0
real loopback TLS,first_hybrid_direct_2500,final_direct_2500,backend_metrics.direct_records_per_second,120.91532543541958,120.07105843949358,-0.6982299331253161,1.0070313946332992
real loopback TLS,first_hybrid_direct_2500,final_direct_2500,backend_metrics.direct_recovery_429s,,0,,
real loopback TLS,first_hybrid_direct_2500,final_direct_2500,backend_metrics.direct_recovery_attempts,,0,,
real loopback TLS,first_hybrid_direct_2500,final_direct_2500,backend_metrics.direct_recovery_successes,,0,,
real loopback TLS,first_hybrid_direct_2500,final_direct_2500,backend_metrics.direct_requests_failed,0,0,,
real loopback TLS,first_hybrid_direct_2500,final_direct_2500,backend_metrics.direct_requests_per_second,120.91532543541958,120.07105843949358,-0.6982299331253161,1.0070313946332992
real loopback TLS,first_hybrid_direct_2500,final_direct_2500,backend_metrics.direct_requests_successful,5000,5000,0.0,1.0
real loopback TLS,first_hybrid_direct_2500,final_direct_2500,backend_metrics.direct_requests_total,5000,5000,0.0,1.0
real loopback TLS,first_hybrid_direct_2500,final_direct_2500,backend_metrics.direct_response_body_bytes,1572780,1572780,0.0,1.0
real loopback TLS,first_hybrid_direct_2500,final_direct_2500,backend_metrics.direct_reused_connection_requests,,4972,,
real loopback TLS,first_hybrid_direct_2500,final_direct_2500,backend_metrics.direct_risk_control_count,0,0,,
real loopback TLS,first_hybrid_direct_2500,final_direct_2500,backend_metrics.direct_risk_control_rate,0.0,0.0,,
real loopback TLS,first_hybrid_direct_2500,final_direct_2500,backend_metrics.direct_successful_rps,120.91532543541958,120.07105843949358,-0.6982299331253161,1.0070313946332992
real loopback TLS,first_hybrid_direct_2500,final_direct_2500,backend_metrics.direct_timeout_rate,0.0,0.0,,
real loopback TLS,first_hybrid_direct_2500,final_direct_2500,backend_metrics.direct_tls_handshake_attempts,,28,,
real loopback TLS,first_hybrid_direct_2500,final_direct_2500,backend_metrics.direct_tls_handshake_seconds,,0.8555643500000656,,
real loopback TLS,first_hybrid_direct_2500,final_direct_2500,backend_metrics.direct_tls_handshake_successful,,28,,
real loopback TLS,first_hybrid_direct_2500,final_direct_2500,backend_metrics.findtik_429_count,,0,,
real loopback TLS,first_hybrid_direct_2500,final_direct_2500,backend_metrics.findtik_jobs_moved_to_direct,,0,,
real loopback TLS,first_hybrid_direct_2500,final_direct_2500,backend_metrics.findtik_requests_cancelled_after_429,,0,,
real loopback TLS,first_hybrid_direct_2500,final_direct_2500,backend_metrics.hybrid_records_per_second,120.91532543541958,120.07105843949358,-0.6982299331253161,1.0070313946332992
real loopback TLS,first_hybrid_direct_2500,final_direct_2500,backend_metrics.hybrid_total_successful_rps,120.91532543541958,120.07105843949358,-0.6982299331253161,1.0070313946332992
real loopback TLS,first_hybrid_direct_2500,final_direct_2500,backend_metrics.worker_429_count,,0,,
real loopback TLS,first_hybrid_direct_2500,final_direct_2500,backend_metrics.worker_active_requests,0,0,,
real loopback TLS,first_hybrid_direct_2500,final_direct_2500,backend_metrics.worker_average_latency,0,0,,
real loopback TLS,first_hybrid_direct_2500,final_direct_2500,backend_metrics.worker_followers_received,0,0,,
real loopback TLS,first_hybrid_direct_2500,final_direct_2500,backend_metrics.worker_following_received,0,0,,
real loopback TLS,first_hybrid_direct_2500,final_direct_2500,backend_metrics.worker_http_error_rate,0.0,0.0,,
real loopback TLS,first_hybrid_direct_2500,final_direct_2500,backend_metrics.worker_invalid_response_rate,0.0,0.0,,
real loopback TLS,first_hybrid_direct_2500,final_direct_2500,backend_metrics.worker_median_latency,0,0,,
real loopback TLS,first_hybrid_direct_2500,final_direct_2500,backend_metrics.worker_network_error_rate,0.0,0.0,,
real loopback TLS,first_hybrid_direct_2500,final_direct_2500,backend_metrics.worker_p95_latency,0,0,,
real loopback TLS,first_hybrid_direct_2500,final_direct_2500,backend_metrics.worker_p99_latency,0,0,,
real loopback TLS,first_hybrid_direct_2500,final_direct_2500,backend_metrics.worker_recent_success_percent,0.0,0.0,,
real loopback TLS,first_hybrid_direct_2500,final_direct_2500,backend_metrics.worker_records_per_second,0.0,0.0,,
real loopback TLS,first_hybrid_direct_2500,final_direct_2500,backend_metrics.worker_requests_failed,0,0,,
real loopback TLS,first_hybrid_direct_2500,final_direct_2500,backend_metrics.worker_requests_per_second,0.0,0.0,,
real loopback TLS,first_hybrid_direct_2500,final_direct_2500,backend_metrics.worker_requests_successful,0,0,,
real loopback TLS,first_hybrid_direct_2500,final_direct_2500,backend_metrics.worker_requests_total,0,0,,
real loopback TLS,first_hybrid_direct_2500,final_direct_2500,backend_metrics.worker_risk_control_count,0,0,,
real loopback TLS,first_hybrid_direct_2500,final_direct_2500,backend_metrics.worker_risk_control_rate,0.0,0.0,,
real loopback TLS,first_hybrid_direct_2500,final_direct_2500,backend_metrics.worker_successful_rps,0.0,0.0,,
real loopback TLS,first_hybrid_direct_2500,final_direct_2500,backend_metrics.worker_timeout_rate,0.0,0.0,,
real loopback TLS,first_hybrid_direct_2500,final_direct_2500,configured_workers,2500,2500,0.0,1.0
real loopback TLS,first_hybrid_direct_2500,final_direct_2500,cpu_percent_of_one_core,103.34059620812737,103.15715391645979,-0.1775123217773178,1.0017782798836825
real loopback TLS,first_hybrid_direct_2500,final_direct_2500,cpu_seconds,42.739317919,42.963004446,0.5233741151974725,0.9947935082780082
real loopback TLS,first_hybrid_direct_2500,final_direct_2500,elapsed_seconds,41.357723379999925,41.648109524999995,0.7021328092263746,0.993027627224574
real loopback TLS,first_hybrid_direct_2500,final_direct_2500,event_loop_max,0.05626809399994272,0.041021178999993704,-27.096910373336147,1.3716839781701875
real loopback TLS,first_hybrid_direct_2500,final_direct_2500,event_loop_p95,0.02517150800006675,0.025588463999990835,1.6564601529752476,0.9837053134598375
real loopback TLS,first_hybrid_direct_2500,final_direct_2500,harness_version,2,2,0.0,1.0
real loopback TLS,first_hybrid_direct_2500,final_direct_2500,loopback_interface_bytes.received,11789302,11788455,-0.007184479623989493,1.0000718499582855
real loopback TLS,first_hybrid_direct_2500,final_direct_2500,loopback_interface_bytes.transmitted,11789302,11788455,-0.007184479623989493,1.0000718499582855
real loopback TLS,first_hybrid_direct_2500,final_direct_2500,median_latency,19.804022089,19.954289982000006,0.7587746182300625,0.9924693941435372
real loopback TLS,first_hybrid_direct_2500,final_direct_2500,new_tls_connections,28,28,0.0,1.0
real loopback TLS,first_hybrid_direct_2500,final_direct_2500,p95_latency,21.722170231000064,22.000101170999983,1.2794805355280658,0.987366833550462
real loopback TLS,first_hybrid_direct_2500,final_direct_2500,p99_latency,23.134168854999984,23.300155805000003,0.7174969243130658,0.9928761442031044
real loopback TLS,first_hybrid_direct_2500,final_direct_2500,peak_active_jobs,2500,2500,0.0,1.0
real loopback TLS,first_hybrid_direct_2500,final_direct_2500,peak_admitted_requests,2500,129,-94.84,19.37984496124031
real loopback TLS,first_hybrid_direct_2500,final_direct_2500,peak_rss_bytes,80347136,75124736,-6.499796084828713,1.0695163840575759
real loopback TLS,first_hybrid_direct_2500,final_direct_2500,sampled_average_active_connections,11.704725145584199,11.712044942380842,0.06253710963393111,0.9993750197482459
real loopback TLS,first_hybrid_direct_2500,final_direct_2500,sampled_average_idle_connections,16.161926155423725,16.178574204059295,0.10300782515322293,0.9989709817178207
real loopback TLS,first_hybrid_direct_2500,final_direct_2500,sampled_peak_active_connections,26,25,-3.8461538461538436,1.04
real loopback TLS,first_hybrid_direct_2500,final_direct_2500,server_requests,5000,5000,0.0,1.0
real loopback TLS,first_hybrid_direct_2500,final_direct_2500,successful_requests,5000,5000,0.0,1.0
real loopback TLS,first_hybrid_direct_2500,final_direct_2500,successful_rps,120.89640317140709,120.05346838128784,-0.697237277542595,1.0070213280922637
real loopback TLS,original_worker_2500,final_direct_2500,actual_connection_ceiling,2500,2500,0.0,1.0
real loopback TLS,original_worker_2500,final_direct_2500,attempted_requests,5000,5000,0.0,1.0
real loopback TLS,original_worker_2500,final_direct_2500,attempted_rps,159.16116640075634,120.05346838128784,-24.571130574023403,1.32575233807709
real loopback TLS,original_worker_2500,final_direct_2500,average_latency,11.947600288699201,15.7945030644872,32.19812081784026,0.7564404046090262
real loopback TLS,original_worker_2500,final_direct_2500,backend_metrics.backend_connection_pools.direct.active,,0,,
real loopback TLS,original_worker_2500,final_direct_2500,backend_metrics.backend_connection_pools.direct.idle_keepalive,,28,,
real loopback TLS,original_worker_2500,final_direct_2500,backend_metrics.backend_failovers,,0,,
real loopback TLS,original_worker_2500,final_direct_2500,backend_metrics.backend_stages.backend_routing_calls,,5000,,
real loopback TLS,original_worker_2500,final_direct_2500,backend_metrics.backend_stages.backend_routing_seconds,,0.007891327999800524,,
real loopback TLS,original_worker_2500,final_direct_2500,backend_metrics.backend_stages.direct_admission_wait_seconds,,0.07830744000008849,,
real loopback TLS,original_worker_2500,final_direct_2500,backend_metrics.backend_stages.json_parsing_calls,,5000,,
real loopback TLS,original_worker_2500,final_direct_2500,backend_metrics.backend_stages.json_parsing_seconds,,0.08007620700041684,,
real loopback TLS,original_worker_2500,final_direct_2500,backend_metrics.backend_stages.normalization_calls,,5000,,
real loopback TLS,original_worker_2500,final_direct_2500,backend_metrics.backend_stages.normalization_seconds,,0.13436469000032503,,
real loopback TLS,original_worker_2500,final_direct_2500,backend_metrics.backend_stages.proxy_selection_calls,,5000,,
real loopback TLS,original_worker_2500,final_direct_2500,backend_metrics.backend_stages.proxy_selection_seconds,,0.006117521000675197,,
real loopback TLS,original_worker_2500,final_direct_2500,backend_metrics.backend_stages.signing_calls,,5000,,
real loopback TLS,original_worker_2500,final_direct_2500,backend_metrics.backend_stages.signing_seconds,,88.21390506400064,,
real loopback TLS,original_worker_2500,final_direct_2500,backend_metrics.backend_switches,,0,,
real loopback TLS,original_worker_2500,final_direct_2500,backend_metrics.cursor_chain_restarts,,0,,
real loopback TLS,original_worker_2500,final_direct_2500,backend_metrics.direct_429_count,,0,,
real loopback TLS,original_worker_2500,final_direct_2500,backend_metrics.direct_active_requests,,0,,
real loopback TLS,original_worker_2500,final_direct_2500,backend_metrics.direct_average_latency,,0.9575737229038092,,
real loopback TLS,original_worker_2500,final_direct_2500,backend_metrics.direct_connect_tcp_attempts,,28,,
real loopback TLS,original_worker_2500,final_direct_2500,backend_metrics.direct_connect_tcp_seconds,,1.044292362999954,,
real loopback TLS,original_worker_2500,final_direct_2500,backend_metrics.direct_connect_tcp_successful,,28,,
real loopback TLS,original_worker_2500,final_direct_2500,backend_metrics.direct_connection_pool_wait_seconds,,0.011705319999322228,,
real loopback TLS,original_worker_2500,final_direct_2500,backend_metrics.direct_cooldown_count,,0,,
real loopback TLS,original_worker_2500,final_direct_2500,backend_metrics.direct_cooldown_remaining_seconds,,0.0,,
real loopback TLS,original_worker_2500,final_direct_2500,backend_metrics.direct_followers_received,,0,,
real loopback TLS,original_worker_2500,final_direct_2500,backend_metrics.direct_following_received,,0,,
real loopback TLS,original_worker_2500,final_direct_2500,backend_metrics.direct_http_error_rate,,0.0,,
real loopback TLS,original_worker_2500,final_direct_2500,backend_metrics.direct_invalid_response_rate,,0.0,,
real loopback TLS,original_worker_2500,final_direct_2500,backend_metrics.direct_latency_seconds,,4538.913897504004,,
real loopback TLS,original_worker_2500,final_direct_2500,backend_metrics.direct_median_latency,,0.6928558170000088,,
real loopback TLS,original_worker_2500,final_direct_2500,backend_metrics.direct_network_error_rate,,0.0,,
real loopback TLS,original_worker_2500,final_direct_2500,backend_metrics.direct_new_connection_requests,,28,,
real loopback TLS,original_worker_2500,final_direct_2500,backend_metrics.direct_p95_latency,,2.685900158999999,,
real loopback TLS,original_worker_2500,final_direct_2500,backend_metrics.direct_p99_latency,,4.088875596999998,,
real loopback TLS,original_worker_2500,final_direct_2500,backend_metrics.direct_peak_active_requests,,126,,
real loopback TLS,original_worker_2500,final_direct_2500,backend_metrics.direct_profile_received,,5000,,
real loopback TLS,original_worker_2500,final_direct_2500,backend_metrics.direct_recent_success_percent,,100.0,,
real loopback TLS,original_worker_2500,final_direct_2500,backend_metrics.direct_records,,5000,,
real loopback TLS,original_worker_2500,final_direct_2500,backend_metrics.direct_records_per_second,,120.07105843949358,,
real loopback TLS,original_worker_2500,final_direct_2500,backend_metrics.direct_recovery_429s,,0,,
real loopback TLS,original_worker_2500,final_direct_2500,backend_metrics.direct_recovery_attempts,,0,,
real loopback TLS,original_worker_2500,final_direct_2500,backend_metrics.direct_recovery_successes,,0,,
real loopback TLS,original_worker_2500,final_direct_2500,backend_metrics.direct_requests_failed,,0,,
real loopback TLS,original_worker_2500,final_direct_2500,backend_metrics.direct_requests_per_second,,120.07105843949358,,
real loopback TLS,original_worker_2500,final_direct_2500,backend_metrics.direct_requests_successful,,5000,,
real loopback TLS,original_worker_2500,final_direct_2500,backend_metrics.direct_requests_total,,5000,,
real loopback TLS,original_worker_2500,final_direct_2500,backend_metrics.direct_response_body_bytes,,1572780,,
real loopback TLS,original_worker_2500,final_direct_2500,backend_metrics.direct_reused_connection_requests,,4972,,
real loopback TLS,original_worker_2500,final_direct_2500,backend_metrics.direct_risk_control_count,,0,,
real loopback TLS,original_worker_2500,final_direct_2500,backend_metrics.direct_risk_control_rate,,0.0,,
real loopback TLS,original_worker_2500,final_direct_2500,backend_metrics.direct_successful_rps,,120.07105843949358,,
real loopback TLS,original_worker_2500,final_direct_2500,backend_metrics.direct_timeout_rate,,0.0,,
real loopback TLS,original_worker_2500,final_direct_2500,backend_metrics.direct_tls_handshake_attempts,,28,,
real loopback TLS,original_worker_2500,final_direct_2500,backend_metrics.direct_tls_handshake_seconds,,0.8555643500000656,,
real loopback TLS,original_worker_2500,final_direct_2500,backend_metrics.direct_tls_handshake_successful,,28,,
real loopback TLS,original_worker_2500,final_direct_2500,backend_metrics.findtik_429_count,,0,,
real loopback TLS,original_worker_2500,final_direct_2500,backend_metrics.findtik_jobs_moved_to_direct,,0,,
real loopback TLS,original_worker_2500,final_direct_2500,backend_metrics.findtik_requests_cancelled_after_429,,0,,
real loopback TLS,original_worker_2500,final_direct_2500,backend_metrics.hybrid_records_per_second,,120.07105843949358,,
real loopback TLS,original_worker_2500,final_direct_2500,backend_metrics.hybrid_total_successful_rps,,120.07105843949358,,
real loopback TLS,original_worker_2500,final_direct_2500,backend_metrics.worker_429_count,,0,,
real loopback TLS,original_worker_2500,final_direct_2500,backend_metrics.worker_active_requests,,0,,
real loopback TLS,original_worker_2500,final_direct_2500,backend_metrics.worker_average_latency,,0,,
real loopback TLS,original_worker_2500,final_direct_2500,backend_metrics.worker_followers_received,,0,,
real loopback TLS,original_worker_2500,final_direct_2500,backend_metrics.worker_following_received,,0,,
real loopback TLS,original_worker_2500,final_direct_2500,backend_metrics.worker_http_error_rate,,0.0,,
real loopback TLS,original_worker_2500,final_direct_2500,backend_metrics.worker_invalid_response_rate,,0.0,,
real loopback TLS,original_worker_2500,final_direct_2500,backend_metrics.worker_median_latency,,0,,
real loopback TLS,original_worker_2500,final_direct_2500,backend_metrics.worker_network_error_rate,,0.0,,
real loopback TLS,original_worker_2500,final_direct_2500,backend_metrics.worker_p95_latency,,0,,
real loopback TLS,original_worker_2500,final_direct_2500,backend_metrics.worker_p99_latency,,0,,
real loopback TLS,original_worker_2500,final_direct_2500,backend_metrics.worker_recent_success_percent,,0.0,,
real loopback TLS,original_worker_2500,final_direct_2500,backend_metrics.worker_records_per_second,,0.0,,
real loopback TLS,original_worker_2500,final_direct_2500,backend_metrics.worker_requests_failed,,0,,
real loopback TLS,original_worker_2500,final_direct_2500,backend_metrics.worker_requests_per_second,,0.0,,
real loopback TLS,original_worker_2500,final_direct_2500,backend_metrics.worker_requests_successful,,0,,
real loopback TLS,original_worker_2500,final_direct_2500,backend_metrics.worker_requests_total,,0,,
real loopback TLS,original_worker_2500,final_direct_2500,backend_metrics.worker_risk_control_count,,0,,
real loopback TLS,original_worker_2500,final_direct_2500,backend_metrics.worker_risk_control_rate,,0.0,,
real loopback TLS,original_worker_2500,final_direct_2500,backend_metrics.worker_successful_rps,,0.0,,
real loopback TLS,original_worker_2500,final_direct_2500,backend_metrics.worker_timeout_rate,,0.0,,
real loopback TLS,original_worker_2500,final_direct_2500,configured_workers,2500,2500,0.0,1.0
real loopback TLS,original_worker_2500,final_direct_2500,cpu_percent_of_one_core,99.9067494239218,103.15715391645979,3.2534383425347535,0.9684907505768308
real loopback TLS,original_worker_2500,final_direct_2500,cpu_seconds,31.385403765,42.963004446,36.88848729711411,0.7305216236552583
real loopback TLS,original_worker_2500,final_direct_2500,elapsed_seconds,31.41469815199997,41.648109524999995,32.57523380770899,0.7542886942597661
real loopback TLS,original_worker_2500,final_direct_2500,event_loop_max,0.0408130790000132,0.041021178999993704,0.5098855687424075,0.994927010752652
real loopback TLS,original_worker_2500,final_direct_2500,event_loop_p95,0.019807967000001554,0.025588463999990835,29.18268694605979,0.774097538641188
real loopback TLS,original_worker_2500,final_direct_2500,harness_version,2,2,0.0,1.0
real loopback TLS,original_worker_2500,final_direct_2500,loopback_interface_bytes.received,5984540,11788455,96.98180645463144,0.5076610972345401
real loopback TLS,original_worker_2500,final_direct_2500,loopback_interface_bytes.transmitted,5984540,11788455,96.98180645463144,0.5076610972345401
real loopback TLS,original_worker_2500,final_direct_2500,median_latency,15.120969042000013,19.954289982000006,31.964359734980995,0.7577803597943127
real loopback TLS,original_worker_2500,final_direct_2500,new_tls_connections,28,28,0.0,1.0
real loopback TLS,original_worker_2500,final_direct_2500,p95_latency,16.753413840000007,22.000101170999983,31.317123668688485,0.7615153089424863
real loopback TLS,original_worker_2500,final_direct_2500,p99_latency,18.03747652000004,23.300155805000003,29.176361112180405,0.7741354466020077
real loopback TLS,original_worker_2500,final_direct_2500,peak_active_jobs,2500,2500,0.0,1.0
real loopback TLS,original_worker_2500,final_direct_2500,peak_admitted_requests,2500,129,-94.84,19.37984496124031
real loopback TLS,original_worker_2500,final_direct_2500,peak_rss_bytes,77627392,75124736,-3.223934149430141,1.0333133416934737
real loopback TLS,original_worker_2500,final_direct_2500,sampled_average_active_connections,12.350798391940009,11.712044942380842,-5.171758369693813,1.054538165854179
real loopback TLS,original_worker_2500,final_direct_2500,sampled_average_idle_connections,15.202836502301166,16.178574204059295,6.4181292853503935,0.93968951222455
real loopback TLS,original_worker_2500,final_direct_2500,sampled_peak_active_connections,25,25,0.0,1.0
real loopback TLS,original_worker_2500,final_direct_2500,server_requests,5000,5000,0.0,1.0
real loopback TLS,original_worker_2500,final_direct_2500,successful_requests,5000,5000,0.0,1.0
real loopback TLS,original_worker_2500,final_direct_2500,successful_rps,159.16116640075634,120.05346838128784,-24.571130574023403,1.32575233807709
real loopback TLS,first_hybrid_direct_5000,final_direct_5000,actual_connection_ceiling,5000,5000,0.0,1.0
real loopback TLS,first_hybrid_direct_5000,final_direct_5000,attempted_requests,10000,10000,0.0,1.0
real loopback TLS,first_hybrid_direct_5000,final_direct_5000,attempted_rps,120.72834210004802,118.40568633483797,-1.9238695113408144,1.0196160829526535
real loopback TLS,first_hybrid_direct_5000,final_direct_5000,average_latency,31.274753120328,31.8950583049947,1.9834055357051295,0.9805516836265021
real loopback TLS,first_hybrid_direct_5000,final_direct_5000,backend_metrics.backend_connection_pools.direct.active,,0,,
real loopback TLS,first_hybrid_direct_5000,final_direct_5000,backend_metrics.backend_connection_pools.direct.idle_keepalive,,28,,
real loopback TLS,first_hybrid_direct_5000,final_direct_5000,backend_metrics.backend_failovers,0,0,,
real loopback TLS,first_hybrid_direct_5000,final_direct_5000,backend_metrics.backend_stages.backend_routing_calls,10000,10000,0.0,1.0
real loopback TLS,first_hybrid_direct_5000,final_direct_5000,backend_metrics.backend_stages.backend_routing_seconds,0.015406763998726092,0.016030276997867077,4.0470081789566015,0.9611040408581869
real loopback TLS,first_hybrid_direct_5000,final_direct_5000,backend_metrics.backend_stages.direct_admission_wait_seconds,0.14814480899781302,0.15688143399825094,5.8973547973367735,0.9443106505481373
real loopback TLS,first_hybrid_direct_5000,final_direct_5000,backend_metrics.backend_stages.json_parsing_calls,10000,10000,0.0,1.0
real loopback TLS,first_hybrid_direct_5000,final_direct_5000,backend_metrics.backend_stages.json_parsing_seconds,0.16179717700879337,0.1647658349980361,1.8348020924255026,0.9819825633798529
real loopback TLS,first_hybrid_direct_5000,final_direct_5000,backend_metrics.backend_stages.normalization_calls,10000,10000,0.0,1.0
real loopback TLS,first_hybrid_direct_5000,final_direct_5000,backend_metrics.backend_stages.normalization_seconds,0.27337185000772024,0.274015176999967,0.23533037224887643,0.997652221313833
real loopback TLS,first_hybrid_direct_5000,final_direct_5000,backend_metrics.backend_stages.proxy_selection_calls,10000,10000,0.0,1.0
real loopback TLS,first_hybrid_direct_5000,final_direct_5000,backend_metrics.backend_stages.proxy_selection_seconds,0.012777720997632969,0.01250096600017514,-2.1659183003690297,1.0221386889184365
real loopback TLS,first_hybrid_direct_5000,final_direct_5000,backend_metrics.backend_stages.signing_calls,10000,10000,0.0,1.0
real loopback TLS,first_hybrid_direct_5000,final_direct_5000,backend_metrics.backend_stages.signing_seconds,176.62523814599717,180.82914399799898,2.380127492610584,0.9767520557856076
real loopback TLS,first_hybrid_direct_5000,final_direct_5000,backend_metrics.backend_switches,0,0,,
real loopback TLS,first_hybrid_direct_5000,final_direct_5000,backend_metrics.cursor_chain_restarts,0,0,,
real loopback TLS,first_hybrid_direct_5000,final_direct_5000,backend_metrics.direct_429_count,,0,,
real loopback TLS,first_hybrid_direct_5000,final_direct_5000,backend_metrics.direct_active_requests,0,0,,
real loopback TLS,first_hybrid_direct_5000,final_direct_5000,backend_metrics.direct_average_latency,0.9480496413872078,0.967199705408447,2.0199431744120977,0.9802005067679873
real loopback TLS,first_hybrid_direct_5000,final_direct_5000,backend_metrics.direct_connect_tcp_attempts,,28,,
real loopback TLS,first_hybrid_direct_5000,final_direct_5000,backend_metrics.direct_connect_tcp_seconds,,1.3631783790000895,,
real loopback TLS,first_hybrid_direct_5000,final_direct_5000,backend_metrics.direct_connect_tcp_successful,,28,,
real loopback TLS,first_hybrid_direct_5000,final_direct_5000,backend_metrics.direct_connection_pool_wait_seconds,,0.024715275001113923,,
real loopback TLS,first_hybrid_direct_5000,final_direct_5000,backend_metrics.direct_cooldown_count,,0,,
real loopback TLS,first_hybrid_direct_5000,final_direct_5000,backend_metrics.direct_cooldown_remaining_seconds,,0.0,,
real loopback TLS,first_hybrid_direct_5000,final_direct_5000,backend_metrics.direct_followers_received,0,0,,
real loopback TLS,first_hybrid_direct_5000,final_direct_5000,backend_metrics.direct_following_received,0,0,,
real loopback TLS,first_hybrid_direct_5000,final_direct_5000,backend_metrics.direct_http_error_rate,0.0,0.0,,
real loopback TLS,first_hybrid_direct_5000,final_direct_5000,backend_metrics.direct_invalid_response_rate,0.0,0.0,,
real loopback TLS,first_hybrid_direct_5000,final_direct_5000,backend_metrics.direct_latency_seconds,9199.857765673965,9424.951954797045,2.4467137955429985,0.9761172056682461
real loopback TLS,first_hybrid_direct_5000,final_direct_5000,backend_metrics.direct_median_latency,0.6836225270000114,0.7023005329999705,2.7322104322578644,0.9734045396204193
real loopback TLS,first_hybrid_direct_5000,final_direct_5000,backend_metrics.direct_network_error_rate,0.0,0.0,,
real loopback TLS,first_hybrid_direct_5000,final_direct_5000,backend_metrics.direct_new_connection_requests,,28,,
real loopback TLS,first_hybrid_direct_5000,final_direct_5000,backend_metrics.direct_p95_latency,2.710500214000035,2.6882761159999973,-0.8199260743551262,1.0082670443961337
real loopback TLS,first_hybrid_direct_5000,final_direct_5000,backend_metrics.direct_p99_latency,4.014974941999981,4.46318540499999,11.163468501667474,0.8995761048828733
real loopback TLS,first_hybrid_direct_5000,final_direct_5000,backend_metrics.direct_peak_active_requests,122,125,2.4590163934426146,0.976
real loopback TLS,first_hybrid_direct_5000,final_direct_5000,backend_metrics.direct_profile_received,10000,10000,0.0,1.0
real loopback TLS,first_hybrid_direct_5000,final_direct_5000,backend_metrics.direct_recent_success_percent,101.59478574400222,101.62861915367483,0.03330230919318389,0.9996670877755266
real loopback TLS,first_hybrid_direct_5000,final_direct_5000,backend_metrics.direct_records,10000,10000,0.0,1.0
real loopback TLS,first_hybrid_direct_5000,final_direct_5000,backend_metrics.direct_records_per_second,122.1,121.68333333333334,-0.34125034125033205,1.0034241884673332
real loopback TLS,first_hybrid_direct_5000,final_direct_5000,backend_metrics.direct_recovery_429s,,0,,
real loopback TLS,first_hybrid_direct_5000,final_direct_5000,backend_metrics.direct_recovery_attempts,,0,,
real loopback TLS,first_hybrid_direct_5000,final_direct_5000,backend_metrics.direct_recovery_successes,,0,,
real loopback TLS,first_hybrid_direct_5000,final_direct_5000,backend_metrics.direct_requests_failed,0,0,,
real loopback TLS,first_hybrid_direct_5000,final_direct_5000,backend_metrics.direct_requests_per_second,120.18333333333334,119.73333333333333,-0.374427957287482,1.0037583518930957
real loopback TLS,first_hybrid_direct_5000,final_direct_5000,backend_metrics.direct_requests_successful,10000,10000,0.0,1.0
real loopback TLS,first_hybrid_direct_5000,final_direct_5000,backend_metrics.direct_requests_total,10000,10000,0.0,1.0
real loopback TLS,first_hybrid_direct_5000,final_direct_5000,backend_metrics.direct_response_body_bytes,3147780,3147780,0.0,1.0
real loopback TLS,first_hybrid_direct_5000,final_direct_5000,backend_metrics.direct_reused_connection_requests,,9972,,
real loopback TLS,first_hybrid_direct_5000,final_direct_5000,backend_metrics.direct_risk_control_count,0,0,,
real loopback TLS,first_hybrid_direct_5000,final_direct_5000,backend_metrics.direct_risk_control_rate,0.0,0.0,,
real loopback TLS,first_hybrid_direct_5000,final_direct_5000,backend_metrics.direct_successful_rps,122.1,121.68333333333334,-0.34125034125033205,1.0034241884673332
real loopback TLS,first_hybrid_direct_5000,final_direct_5000,backend_metrics.direct_timeout_rate,0.0,0.0,,
real loopback TLS,first_hybrid_direct_5000,final_direct_5000,backend_metrics.direct_tls_handshake_attempts,,28,,
real loopback TLS,first_hybrid_direct_5000,final_direct_5000,backend_metrics.direct_tls_handshake_seconds,,0.980158336000045,,
real loopback TLS,first_hybrid_direct_5000,final_direct_5000,backend_metrics.direct_tls_handshake_successful,,28,,
real loopback TLS,first_hybrid_direct_5000,final_direct_5000,backend_metrics.findtik_429_count,,0,,
real loopback TLS,first_hybrid_direct_5000,final_direct_5000,backend_metrics.findtik_jobs_moved_to_direct,,0,,
real loopback TLS,first_hybrid_direct_5000,final_direct_5000,backend_metrics.findtik_requests_cancelled_after_429,,0,,
real loopback TLS,first_hybrid_direct_5000,final_direct_5000,backend_metrics.hybrid_records_per_second,122.1,121.68333333333334,-0.34125034125033205,1.0034241884673332
real loopback TLS,first_hybrid_direct_5000,final_direct_5000,backend_metrics.hybrid_total_successful_rps,122.1,121.68333333333334,-0.34125034125033205,1.0034241884673332
real loopback TLS,first_hybrid_direct_5000,final_direct_5000,backend_metrics.worker_429_count,,0,,
real loopback TLS,first_hybrid_direct_5000,final_direct_5000,backend_metrics.worker_active_requests,0,0,,
real loopback TLS,first_hybrid_direct_5000,final_direct_5000,backend_metrics.worker_average_latency,0,0,,
real loopback TLS,first_hybrid_direct_5000,final_direct_5000,backend_metrics.worker_followers_received,0,0,,
real loopback TLS,first_hybrid_direct_5000,final_direct_5000,backend_metrics.worker_following_received,0,0,,
real loopback TLS,first_hybrid_direct_5000,final_direct_5000,backend_metrics.worker_http_error_rate,0.0,0.0,,
real loopback TLS,first_hybrid_direct_5000,final_direct_5000,backend_metrics.worker_invalid_response_rate,0.0,0.0,,
real loopback TLS,first_hybrid_direct_5000,final_direct_5000,backend_metrics.worker_median_latency,0,0,,
real loopback TLS,first_hybrid_direct_5000,final_direct_5000,backend_metrics.worker_network_error_rate,0.0,0.0,,
real loopback TLS,first_hybrid_direct_5000,final_direct_5000,backend_metrics.worker_p95_latency,0,0,,
real loopback TLS,first_hybrid_direct_5000,final_direct_5000,backend_metrics.worker_p99_latency,0,0,,
real loopback TLS,first_hybrid_direct_5000,final_direct_5000,backend_metrics.worker_recent_success_percent,0.0,0.0,,
real loopback TLS,first_hybrid_direct_5000,final_direct_5000,backend_metrics.worker_records_per_second,0.0,0.0,,
real loopback TLS,first_hybrid_direct_5000,final_direct_5000,backend_metrics.worker_requests_failed,0,0,,
real loopback TLS,first_hybrid_direct_5000,final_direct_5000,backend_metrics.worker_requests_per_second,0.0,0.0,,
real loopback TLS,first_hybrid_direct_5000,final_direct_5000,backend_metrics.worker_requests_successful,0,0,,
real loopback TLS,first_hybrid_direct_5000,final_direct_5000,backend_metrics.worker_requests_total,0,0,,
real loopback TLS,first_hybrid_direct_5000,final_direct_5000,backend_metrics.worker_risk_control_count,0,0,,
real loopback TLS,first_hybrid_direct_5000,final_direct_5000,backend_metrics.worker_risk_control_rate,0.0,0.0,,
real loopback TLS,first_hybrid_direct_5000,final_direct_5000,backend_metrics.worker_successful_rps,0.0,0.0,,
real loopback TLS,first_hybrid_direct_5000,final_direct_5000,backend_metrics.worker_timeout_rate,0.0,0.0,,
real loopback TLS,first_hybrid_direct_5000,final_direct_5000,configured_workers,5000,5000,0.0,1.0
real loopback TLS,first_hybrid_direct_5000,final_direct_5000,cpu_percent_of_one_core,103.34275655074823,103.32375349023148,-0.018388381683454025,1.0001839176363114
real loopback TLS,first_hybrid_direct_5000,final_direct_5000,cpu_seconds,85.59941663500001,87.26249278099999,1.9428592055614313,0.9809416841875724
real loopback TLS,first_hybrid_direct_5000,final_direct_5000,elapsed_seconds,82.83059160800008,84.45540336399998,1.961608295265349,0.9807613048865919
real loopback TLS,first_hybrid_direct_5000,final_direct_5000,event_loop_max,0.14034142099999827,0.07419276099998796,-47.134095927396324,1.8915783576246885
real loopback TLS,first_hybrid_direct_5000,final_direct_5000,event_loop_p95,0.025184772999959932,0.025895736000034048,2.8229875253402037,0.9725451711404077
real loopback TLS,first_hybrid_direct_5000,final_direct_5000,harness_version,2,2,0.0,1.0
real loopback TLS,first_hybrid_direct_5000,final_direct_5000,loopback_interface_bytes.received,23503770,23504307,0.0022847398523762052,0.999977153123468
real loopback TLS,first_hybrid_direct_5000,final_direct_5000,loopback_interface_bytes.transmitted,23503770,23504307,0.0022847398523762052,0.999977153123468
real loopback TLS,first_hybrid_direct_5000,final_direct_5000,median_latency,40.54651404050003,40.97021487400002,1.0449747494366113,0.9896583204456446
real loopback TLS,first_hybrid_direct_5000,final_direct_5000,new_tls_connections,28,28,0.0,1.0
real loopback TLS,first_hybrid_direct_5000,final_direct_5000,p95_latency,42.58458387799999,43.23922089999999,1.5372629303493035,0.9848601106038892
real loopback TLS,first_hybrid_direct_5000,final_direct_5000,p99_latency,43.99153088100002,44.85013390000003,1.9517461697857064,0.980856177131725
real loopback TLS,first_hybrid_direct_5000,final_direct_5000,peak_active_jobs,5000,5000,0.0,1.0
real loopback TLS,first_hybrid_direct_5000,final_direct_5000,peak_admitted_requests,5000,128,-97.44,39.0625
real loopback TLS,first_hybrid_direct_5000,final_direct_5000,peak_rss_bytes,97906688,87318528,-10.814542107685233,1.1212590299277605
real loopback TLS,first_hybrid_direct_5000,final_direct_5000,sampled_average_active_connections,11.81152919958749,11.811572344561377,0.00036527847628864407,0.9999963472285799
real loopback TLS,first_hybrid_direct_5000,final_direct_5000,sampled_average_idle_connections,16.091502492640277,16.112605149963134,0.13114162168825771,0.9986903013431752
real loopback TLS,first_hybrid_direct_5000,final_direct_5000,sampled_peak_active_connections,26,25,-3.8461538461538436,1.04
real loopback TLS,first_hybrid_direct_5000,final_direct_5000,server_requests,10000,10000,0.0,1.0
real loopback TLS,first_hybrid_direct_5000,final_direct_5000,successful_requests,10000,10000,0.0,1.0
real loopback TLS,first_hybrid_direct_5000,final_direct_5000,successful_rps,120.72834210004802,118.40568633483797,-1.9238695113408144,1.0196160829526535
real loopback TLS,original_worker_5000,final_direct_5000,actual_connection_ceiling,5000,5000,0.0,1.0
real loopback TLS,original_worker_5000,final_direct_5000,attempted_requests,10000,10000,0.0,1.0
real loopback TLS,original_worker_5000,final_direct_5000,attempted_rps,167.81528021766292,118.40568633483797,-29.4428456209344,1.4172907181425407
real loopback TLS,original_worker_5000,final_direct_5000,average_latency,22.7431423753468,31.8950583049947,40.240331694746054,0.7130616334940285
real loopback TLS,original_worker_5000,final_direct_5000,backend_metrics.backend_connection_pools.direct.active,,0,,
real loopback TLS,original_worker_5000,final_direct_5000,backend_metrics.backend_connection_pools.direct.idle_keepalive,,28,,
real loopback TLS,original_worker_5000,final_direct_5000,backend_metrics.backend_failovers,,0,,
real loopback TLS,original_worker_5000,final_direct_5000,backend_metrics.backend_stages.backend_routing_calls,,10000,,
real loopback TLS,original_worker_5000,final_direct_5000,backend_metrics.backend_stages.backend_routing_seconds,,0.016030276997867077,,
real loopback TLS,original_worker_5000,final_direct_5000,backend_metrics.backend_stages.direct_admission_wait_seconds,,0.15688143399825094,,
real loopback TLS,original_worker_5000,final_direct_5000,backend_metrics.backend_stages.json_parsing_calls,,10000,,
real loopback TLS,original_worker_5000,final_direct_5000,backend_metrics.backend_stages.json_parsing_seconds,,0.1647658349980361,,
real loopback TLS,original_worker_5000,final_direct_5000,backend_metrics.backend_stages.normalization_calls,,10000,,
real loopback TLS,original_worker_5000,final_direct_5000,backend_metrics.backend_stages.normalization_seconds,,0.274015176999967,,
real loopback TLS,original_worker_5000,final_direct_5000,backend_metrics.backend_stages.proxy_selection_calls,,10000,,
real loopback TLS,original_worker_5000,final_direct_5000,backend_metrics.backend_stages.proxy_selection_seconds,,0.01250096600017514,,
real loopback TLS,original_worker_5000,final_direct_5000,backend_metrics.backend_stages.signing_calls,,10000,,
real loopback TLS,original_worker_5000,final_direct_5000,backend_metrics.backend_stages.signing_seconds,,180.82914399799898,,
real loopback TLS,original_worker_5000,final_direct_5000,backend_metrics.backend_switches,,0,,
real loopback TLS,original_worker_5000,final_direct_5000,backend_metrics.cursor_chain_restarts,,0,,
real loopback TLS,original_worker_5000,final_direct_5000,backend_metrics.direct_429_count,,0,,
real loopback TLS,original_worker_5000,final_direct_5000,backend_metrics.direct_active_requests,,0,,
real loopback TLS,original_worker_5000,final_direct_5000,backend_metrics.direct_average_latency,,0.967199705408447,,
real loopback TLS,original_worker_5000,final_direct_5000,backend_metrics.direct_connect_tcp_attempts,,28,,
real loopback TLS,original_worker_5000,final_direct_5000,backend_metrics.direct_connect_tcp_seconds,,1.3631783790000895,,
real loopback TLS,original_worker_5000,final_direct_5000,backend_metrics.direct_connect_tcp_successful,,28,,
real loopback TLS,original_worker_5000,final_direct_5000,backend_metrics.direct_connection_pool_wait_seconds,,0.024715275001113923,,
real loopback TLS,original_worker_5000,final_direct_5000,backend_metrics.direct_cooldown_count,,0,,
real loopback TLS,original_worker_5000,final_direct_5000,backend_metrics.direct_cooldown_remaining_seconds,,0.0,,
real loopback TLS,original_worker_5000,final_direct_5000,backend_metrics.direct_followers_received,,0,,
real loopback TLS,original_worker_5000,final_direct_5000,backend_metrics.direct_following_received,,0,,
real loopback TLS,original_worker_5000,final_direct_5000,backend_metrics.direct_http_error_rate,,0.0,,
real loopback TLS,original_worker_5000,final_direct_5000,backend_metrics.direct_invalid_response_rate,,0.0,,
real loopback TLS,original_worker_5000,final_direct_5000,backend_metrics.direct_latency_seconds,,9424.951954797045,,
real loopback TLS,original_worker_5000,final_direct_5000,backend_metrics.direct_median_latency,,0.7023005329999705,,
real loopback TLS,original_worker_5000,final_direct_5000,backend_metrics.direct_network_error_rate,,0.0,,
real loopback TLS,original_worker_5000,final_direct_5000,backend_metrics.direct_new_connection_requests,,28,,
real loopback TLS,original_worker_5000,final_direct_5000,backend_metrics.direct_p95_latency,,2.6882761159999973,,
real loopback TLS,original_worker_5000,final_direct_5000,backend_metrics.direct_p99_latency,,4.46318540499999,,
real loopback TLS,original_worker_5000,final_direct_5000,backend_metrics.direct_peak_active_requests,,125,,
real loopback TLS,original_worker_5000,final_direct_5000,backend_metrics.direct_profile_received,,10000,,
real loopback TLS,original_worker_5000,final_direct_5000,backend_metrics.direct_recent_success_percent,,101.62861915367483,,
real loopback TLS,original_worker_5000,final_direct_5000,backend_metrics.direct_records,,10000,,
real loopback TLS,original_worker_5000,final_direct_5000,backend_metrics.direct_records_per_second,,121.68333333333334,,
real loopback TLS,original_worker_5000,final_direct_5000,backend_metrics.direct_recovery_429s,,0,,
real loopback TLS,original_worker_5000,final_direct_5000,backend_metrics.direct_recovery_attempts,,0,,
real loopback TLS,original_worker_5000,final_direct_5000,backend_metrics.direct_recovery_successes,,0,,
real loopback TLS,original_worker_5000,final_direct_5000,backend_metrics.direct_requests_failed,,0,,
real loopback TLS,original_worker_5000,final_direct_5000,backend_metrics.direct_requests_per_second,,119.73333333333333,,
real loopback TLS,original_worker_5000,final_direct_5000,backend_metrics.direct_requests_successful,,10000,,
real loopback TLS,original_worker_5000,final_direct_5000,backend_metrics.direct_requests_total,,10000,,
real loopback TLS,original_worker_5000,final_direct_5000,backend_metrics.direct_response_body_bytes,,3147780,,
real loopback TLS,original_worker_5000,final_direct_5000,backend_metrics.direct_reused_connection_requests,,9972,,
real loopback TLS,original_worker_5000,final_direct_5000,backend_metrics.direct_risk_control_count,,0,,
real loopback TLS,original_worker_5000,final_direct_5000,backend_metrics.direct_risk_control_rate,,0.0,,
real loopback TLS,original_worker_5000,final_direct_5000,backend_metrics.direct_successful_rps,,121.68333333333334,,
real loopback TLS,original_worker_5000,final_direct_5000,backend_metrics.direct_timeout_rate,,0.0,,
real loopback TLS,original_worker_5000,final_direct_5000,backend_metrics.direct_tls_handshake_attempts,,28,,
real loopback TLS,original_worker_5000,final_direct_5000,backend_metrics.direct_tls_handshake_seconds,,0.980158336000045,,
real loopback TLS,original_worker_5000,final_direct_5000,backend_metrics.direct_tls_handshake_successful,,28,,
real loopback TLS,original_worker_5000,final_direct_5000,backend_metrics.findtik_429_count,,0,,
real loopback TLS,original_worker_5000,final_direct_5000,backend_metrics.findtik_jobs_moved_to_direct,,0,,
real loopback TLS,original_worker_5000,final_direct_5000,backend_metrics.findtik_requests_cancelled_after_429,,0,,
real loopback TLS,original_worker_5000,final_direct_5000,backend_metrics.hybrid_records_per_second,,121.68333333333334,,
real loopback TLS,original_worker_5000,final_direct_5000,backend_metrics.hybrid_total_successful_rps,,121.68333333333334,,
real loopback TLS,original_worker_5000,final_direct_5000,backend_metrics.worker_429_count,,0,,
real loopback TLS,original_worker_5000,final_direct_5000,backend_metrics.worker_active_requests,,0,,
real loopback TLS,original_worker_5000,final_direct_5000,backend_metrics.worker_average_latency,,0,,
real loopback TLS,original_worker_5000,final_direct_5000,backend_metrics.worker_followers_received,,0,,
real loopback TLS,original_worker_5000,final_direct_5000,backend_metrics.worker_following_received,,0,,
real loopback TLS,original_worker_5000,final_direct_5000,backend_metrics.worker_http_error_rate,,0.0,,
real loopback TLS,original_worker_5000,final_direct_5000,backend_metrics.worker_invalid_response_rate,,0.0,,
real loopback TLS,original_worker_5000,final_direct_5000,backend_metrics.worker_median_latency,,0,,
real loopback TLS,original_worker_5000,final_direct_5000,backend_metrics.worker_network_error_rate,,0.0,,
real loopback TLS,original_worker_5000,final_direct_5000,backend_metrics.worker_p95_latency,,0,,
real loopback TLS,original_worker_5000,final_direct_5000,backend_metrics.worker_p99_latency,,0,,
real loopback TLS,original_worker_5000,final_direct_5000,backend_metrics.worker_recent_success_percent,,0.0,,
real loopback TLS,original_worker_5000,final_direct_5000,backend_metrics.worker_records_per_second,,0.0,,
real loopback TLS,original_worker_5000,final_direct_5000,backend_metrics.worker_requests_failed,,0,,
real loopback TLS,original_worker_5000,final_direct_5000,backend_metrics.worker_requests_per_second,,0.0,,
real loopback TLS,original_worker_5000,final_direct_5000,backend_metrics.worker_requests_successful,,0,,
real loopback TLS,original_worker_5000,final_direct_5000,backend_metrics.worker_requests_total,,0,,
real loopback TLS,original_worker_5000,final_direct_5000,backend_metrics.worker_risk_control_count,,0,,
real loopback TLS,original_worker_5000,final_direct_5000,backend_metrics.worker_risk_control_rate,,0.0,,
real loopback TLS,original_worker_5000,final_direct_5000,backend_metrics.worker_successful_rps,,0.0,,
real loopback TLS,original_worker_5000,final_direct_5000,backend_metrics.worker_timeout_rate,,0.0,,
real loopback TLS,original_worker_5000,final_direct_5000,configured_workers,5000,5000,0.0,1.0
real loopback TLS,original_worker_5000,final_direct_5000,cpu_percent_of_one_core,99.96362600948419,103.32375349023148,3.3613501379276656,0.9674796223787498
real loopback TLS,original_worker_5000,final_direct_5000,cpu_seconds,59.567654315999995,87.26249278099999,46.49308216516612,0.6826260907477754
real loopback TLS,original_worker_5000,final_direct_5000,elapsed_seconds,59.58932933300002,84.45540336399998,41.72907181425409,0.705571543790656
real loopback TLS,original_worker_5000,final_direct_5000,event_loop_max,0.0827535529999568,0.07419276099998796,-10.34492380039962,1.1153858123701614
real loopback TLS,original_worker_5000,final_direct_5000,event_loop_p95,0.019289984999982152,0.025895736000034048,34.24445897732946,0.7449097025068834
real loopback TLS,original_worker_5000,final_direct_5000,harness_version,2,2,0.0,1.0
real loopback TLS,original_worker_5000,final_direct_5000,loopback_interface_bytes.received,11866650,23504307,98.07028099758568,0.5048712986943201
real loopback TLS,original_worker_5000,final_direct_5000,loopback_interface_bytes.transmitted,11866650,23504307,98.07028099758568,0.5048712986943201
real loopback TLS,original_worker_5000,final_direct_5000,median_latency,27.73045537550007,40.97021487400002,47.744471986555666,0.6768442748172651
real loopback TLS,original_worker_5000,final_direct_5000,new_tls_connections,33,28,-15.151515151515149,1.1785714285714286
real loopback TLS,original_worker_5000,final_direct_5000,p95_latency,31.366538736999928,43.23922089999999,37.85142588587584,0.725418684336191
real loopback TLS,original_worker_5000,final_direct_5000,p99_latency,32.52795667300006,44.85013390000003,37.8818053370934,0.7252588530844952
real loopback TLS,original_worker_5000,final_direct_5000,peak_active_jobs,5000,5000,0.0,1.0
real loopback TLS,original_worker_5000,final_direct_5000,peak_admitted_requests,5000,128,-97.44,39.0625
real loopback TLS,original_worker_5000,final_direct_5000,peak_rss_bytes,94691328,87318528,-7.786140669608099,1.0844356881508583
real loopback TLS,original_worker_5000,final_direct_5000,sampled_average_active_connections,12.643938550483918,11.811572344561377,-6.583124416487173,1.0704703981520127
real loopback TLS,original_worker_5000,final_direct_5000,sampled_average_idle_connections,12.73062863904206,16.112605149963134,26.565667782887715,0.7901036809724831
real loopback TLS,original_worker_5000,final_direct_5000,sampled_peak_active_connections,26,25,-3.8461538461538436,1.04
real loopback TLS,original_worker_5000,final_direct_5000,server_requests,10000,10000,0.0,1.0
real loopback TLS,original_worker_5000,final_direct_5000,successful_requests,10000,10000,0.0,1.0
real loopback TLS,original_worker_5000,final_direct_5000,successful_rps,167.81528021766292,118.40568633483797,-29.4428456209344,1.4172907181425407
real loopback TLS,first_hybrid_hybrid_100,final_hybrid_100,actual_connection_ceiling,100,100,0.0,1.0
real loopback TLS,first_hybrid_hybrid_100,final_hybrid_100,attempted_requests,200,200,0.0,1.0
real loopback TLS,first_hybrid_hybrid_100,final_hybrid_100,attempted_rps,157.6465528782424,166.5829544286713,5.668631116425926,0.9463546460616092
real loopback TLS,first_hybrid_hybrid_100,final_hybrid_100,average_latency,0.5089319239499974,0.4758086538350008,-6.508389149164662,1.0696146861727382
real loopback TLS,first_hybrid_hybrid_100,final_hybrid_100,backend_metrics.backend_connection_pools.direct.active,,0,,
real loopback TLS,first_hybrid_hybrid_100,final_hybrid_100,backend_metrics.backend_connection_pools.direct.idle_keepalive,,26,,
real loopback TLS,first_hybrid_hybrid_100,final_hybrid_100,backend_metrics.backend_connection_pools.worker.active,,0,,
real loopback TLS,first_hybrid_hybrid_100,final_hybrid_100,backend_metrics.backend_connection_pools.worker.idle_keepalive,,25,,
real loopback TLS,first_hybrid_hybrid_100,final_hybrid_100,backend_metrics.backend_failovers,0,0,,
real loopback TLS,first_hybrid_hybrid_100,final_hybrid_100,backend_metrics.backend_stages.backend_routing_calls,200,200,0.0,1.0
real loopback TLS,first_hybrid_hybrid_100,final_hybrid_100,backend_metrics.backend_stages.backend_routing_seconds,0.0023868779999247636,0.002243144000317443,-6.021841066525024,1.0640770274164209
real loopback TLS,first_hybrid_hybrid_100,final_hybrid_100,backend_metrics.backend_stages.direct_admission_wait_seconds,0.0012583379992747723,0.0013073200000803809,3.892594901674973,0.962532508641651
real loopback TLS,first_hybrid_hybrid_100,final_hybrid_100,backend_metrics.backend_stages.json_parsing_calls,200,200,0.0,1.0
real loopback TLS,first_hybrid_hybrid_100,final_hybrid_100,backend_metrics.backend_stages.json_parsing_seconds,0.0035094929995693747,0.0032750749995784645,-6.679540321626909,1.0715763761199613
real loopback TLS,first_hybrid_hybrid_100,final_hybrid_100,backend_metrics.backend_stages.normalization_calls,200,200,0.0,1.0
real loopback TLS,first_hybrid_hybrid_100,final_hybrid_100,backend_metrics.backend_stages.normalization_seconds,0.004804266000178359,0.004402654000273287,-8.359487170155887,1.0912204320121777
real loopback TLS,first_hybrid_hybrid_100,final_hybrid_100,backend_metrics.backend_stages.proxy_selection_calls,200,200,0.0,1.0
real loopback TLS,first_hybrid_hybrid_100,final_hybrid_100,backend_metrics.backend_stages.proxy_selection_seconds,0.0004958940000960865,0.00046206499951040314,-6.8218209091314925,1.0732126445879433
real loopback TLS,first_hybrid_hybrid_100,final_hybrid_100,backend_metrics.backend_stages.signing_calls,93,86,-7.5268817204301115,1.0813953488372092
real loopback TLS,first_hybrid_hybrid_100,final_hybrid_100,backend_metrics.backend_stages.signing_seconds,1.7111660360003498,1.3987635779996594,-18.256700485412537,1.223341859134944
real loopback TLS,first_hybrid_hybrid_100,final_hybrid_100,backend_metrics.backend_stages.worker_admission_wait_seconds,0.0014881659992624918,0.0017326779995414654,16.430425127314386,0.8588820309695852
real loopback TLS,first_hybrid_hybrid_100,final_hybrid_100,backend_metrics.backend_switches,0,0,,
real loopback TLS,first_hybrid_hybrid_100,final_hybrid_100,backend_metrics.cursor_chain_restarts,0,0,,
real loopback TLS,first_hybrid_hybrid_100,final_hybrid_100,backend_metrics.direct_429_count,,0,,
real loopback TLS,first_hybrid_hybrid_100,final_hybrid_100,backend_metrics.direct_active_requests,0,0,,
real loopback TLS,first_hybrid_hybrid_100,final_hybrid_100,backend_metrics.direct_average_latency,0.2523407662580671,0.23993260217441784,-4.9172253328895525,1.0517152065671727
real loopback TLS,first_hybrid_hybrid_100,final_hybrid_100,backend_metrics.direct_connect_tcp_attempts,,26,,
real loopback TLS,first_hybrid_hybrid_100,final_hybrid_100,backend_metrics.direct_connect_tcp_seconds,,1.6046470129998056,,
real loopback TLS,first_hybrid_hybrid_100,final_hybrid_100,backend_metrics.direct_connect_tcp_successful,,26,,
real loopback TLS,first_hybrid_hybrid_100,final_hybrid_100,backend_metrics.direct_connection_pool_wait_seconds,,0.00018308599976535334,,
real loopback TLS,first_hybrid_hybrid_100,final_hybrid_100,backend_metrics.direct_cooldown_count,,0,,
real loopback TLS,first_hybrid_hybrid_100,final_hybrid_100,backend_metrics.direct_cooldown_remaining_seconds,,0.0,,
real loopback TLS,first_hybrid_hybrid_100,final_hybrid_100,backend_metrics.direct_followers_received,0,0,,
real loopback TLS,first_hybrid_hybrid_100,final_hybrid_100,backend_metrics.direct_following_received,0,0,,
real loopback TLS,first_hybrid_hybrid_100,final_hybrid_100,backend_metrics.direct_http_error_rate,0.0,0.0,,
real loopback TLS,first_hybrid_hybrid_100,final_hybrid_100,backend_metrics.direct_invalid_response_rate,0.0,0.0,,
real loopback TLS,first_hybrid_hybrid_100,final_hybrid_100,backend_metrics.direct_latency_seconds,23.467691262000244,20.634203786999933,-12.073993318586052,1.1373199326831054
real loopback TLS,first_hybrid_hybrid_100,final_hybrid_100,backend_metrics.direct_median_latency,0.2474192109999649,0.2332433509999987,-5.729490423428841,1.060777123717307
real loopback TLS,first_hybrid_hybrid_100,final_hybrid_100,backend_metrics.direct_network_error_rate,0.0,0.0,,
real loopback TLS,first_hybrid_hybrid_100,final_hybrid_100,backend_metrics.direct_new_connection_requests,,26,,
real loopback TLS,first_hybrid_hybrid_100,final_hybrid_100,backend_metrics.direct_p95_latency,0.5284995199999685,0.527528411999981,-0.18374813282470148,1.0018408638812566
real loopback TLS,first_hybrid_hybrid_100,final_hybrid_100,backend_metrics.direct_p99_latency,0.7505787690000716,0.6695124670000041,-10.80050560290492,1.121082587697455
real loopback TLS,first_hybrid_hybrid_100,final_hybrid_100,backend_metrics.direct_peak_active_requests,35,33,-5.714285714285716,1.0606060606060606
real loopback TLS,first_hybrid_hybrid_100,final_hybrid_100,backend_metrics.direct_profile_received,93,86,-7.5268817204301115,1.0813953488372092
real loopback TLS,first_hybrid_hybrid_100,final_hybrid_100,backend_metrics.direct_recent_success_percent,100.0,100.0,0.0,1.0
real loopback TLS,first_hybrid_hybrid_100,final_hybrid_100,backend_metrics.direct_records,93,86,-7.5268817204301115,1.0813953488372092
real loopback TLS,first_hybrid_hybrid_100,final_hybrid_100,backend_metrics.direct_records_per_second,73.87496741518214,72.15643133058195,-2.3262766059061746,1.0238168109607138
real loopback TLS,first_hybrid_hybrid_100,final_hybrid_100,backend_metrics.direct_recovery_429s,,0,,
real loopback TLS,first_hybrid_hybrid_100,final_hybrid_100,backend_metrics.direct_recovery_attempts,,0,,
real loopback TLS,first_hybrid_hybrid_100,final_hybrid_100,backend_metrics.direct_recovery_successes,,0,,
real loopback TLS,first_hybrid_hybrid_100,final_hybrid_100,backend_metrics.direct_requests_failed,0,0,,
real loopback TLS,first_hybrid_hybrid_100,final_hybrid_100,backend_metrics.direct_requests_per_second,73.87496741518214,72.15643133058195,-2.3262766059061746,1.0238168109607138
real loopback TLS,first_hybrid_hybrid_100,final_hybrid_100,backend_metrics.direct_requests_successful,93,86,-7.5268817204301115,1.0813953488372092
real loopback TLS,first_hybrid_hybrid_100,final_hybrid_100,backend_metrics.direct_requests_total,93,86,-7.5268817204301115,1.0813953488372092
real loopback TLS,first_hybrid_hybrid_100,final_hybrid_100,backend_metrics.direct_response_body_bytes,29103,26916,-7.51468920729822,1.0812527864467232
real loopback TLS,first_hybrid_hybrid_100,final_hybrid_100,backend_metrics.direct_reused_connection_requests,,60,,
real loopback TLS,first_hybrid_hybrid_100,final_hybrid_100,backend_metrics.direct_risk_control_count,0,0,,
real loopback TLS,first_hybrid_hybrid_100,final_hybrid_100,backend_metrics.direct_risk_control_rate,0.0,0.0,,
real loopback TLS,first_hybrid_hybrid_100,final_hybrid_100,backend_metrics.direct_successful_rps,73.87496741518214,72.15643133058195,-2.3262766059061746,1.0238168109607138
real loopback TLS,first_hybrid_hybrid_100,final_hybrid_100,backend_metrics.direct_timeout_rate,0.0,0.0,,
real loopback TLS,first_hybrid_hybrid_100,final_hybrid_100,backend_metrics.direct_tls_handshake_attempts,,26,,
real loopback TLS,first_hybrid_hybrid_100,final_hybrid_100,backend_metrics.direct_tls_handshake_seconds,,1.3207528469998238,,
real loopback TLS,first_hybrid_hybrid_100,final_hybrid_100,backend_metrics.direct_tls_handshake_successful,,26,,
real loopback TLS,first_hybrid_hybrid_100,final_hybrid_100,backend_metrics.findtik_429_count,,0,,
real loopback TLS,first_hybrid_hybrid_100,final_hybrid_100,backend_metrics.findtik_jobs_moved_to_direct,,0,,
real loopback TLS,first_hybrid_hybrid_100,final_hybrid_100,backend_metrics.findtik_requests_cancelled_after_429,,0,,
real loopback TLS,first_hybrid_hybrid_100,final_hybrid_100,backend_metrics.hybrid_records_per_second,158.87089766705836,167.80565425716733,5.623910181985203,0.9467553305658212
real loopback TLS,first_hybrid_hybrid_100,final_hybrid_100,backend_metrics.hybrid_total_successful_rps,158.87089766705836,167.80565425716733,5.623910181985203,0.9467553305658212
real loopback TLS,first_hybrid_hybrid_100,final_hybrid_100,backend_metrics.worker_429_count,,0,,
real loopback TLS,first_hybrid_hybrid_100,final_hybrid_100,backend_metrics.worker_active_requests,0,0,,
real loopback TLS,first_hybrid_hybrid_100,final_hybrid_100,backend_metrics.worker_average_latency,0.2891807324018675,0.2603964445964928,-9.953736393949598,1.1105402489268947
real loopback TLS,first_hybrid_hybrid_100,final_hybrid_100,backend_metrics.worker_connect_tcp_attempts,,25,,
real loopback TLS,first_hybrid_hybrid_100,final_hybrid_100,backend_metrics.worker_connect_tcp_seconds,,1.4397504900002787,,
real loopback TLS,first_hybrid_hybrid_100,final_hybrid_100,backend_metrics.worker_connect_tcp_successful,,25,,
real loopback TLS,first_hybrid_hybrid_100,final_hybrid_100,backend_metrics.worker_connection_pool_wait_seconds,,0.00024948999976004416,,
real loopback TLS,first_hybrid_hybrid_100,final_hybrid_100,backend_metrics.worker_followers_received,0,0,,
real loopback TLS,first_hybrid_hybrid_100,final_hybrid_100,backend_metrics.worker_following_received,0,0,,
real loopback TLS,first_hybrid_hybrid_100,final_hybrid_100,backend_metrics.worker_http_error_rate,0.0,0.0,,
real loopback TLS,first_hybrid_hybrid_100,final_hybrid_100,backend_metrics.worker_invalid_response_rate,0.0,0.0,,
real loopback TLS,first_hybrid_hybrid_100,final_hybrid_100,backend_metrics.worker_latency_seconds,30.94233836699982,29.68519468400018,-4.062859335609847,1.0423491810103311
real loopback TLS,first_hybrid_hybrid_100,final_hybrid_100,backend_metrics.worker_median_latency,0.2446372369998926,0.22752903800000013,-6.993293093765596,1.075191277343213
real loopback TLS,first_hybrid_hybrid_100,final_hybrid_100,backend_metrics.worker_network_error_rate,0.0,0.0,,
real loopback TLS,first_hybrid_hybrid_100,final_hybrid_100,backend_metrics.worker_new_connection_requests,,25,,
real loopback TLS,first_hybrid_hybrid_100,final_hybrid_100,backend_metrics.worker_p95_latency,0.6604309660000354,0.615176813000005,-6.852215497119484,1.0735628392418457
real loopback TLS,first_hybrid_hybrid_100,final_hybrid_100,backend_metrics.worker_p99_latency,0.7585382500000151,0.7952216849999445,4.836069242378849,0.9538701777229176
real loopback TLS,first_hybrid_hybrid_100,final_hybrid_100,backend_metrics.worker_peak_active_requests,44,46,4.545454545454541,0.9565217391304348
real loopback TLS,first_hybrid_hybrid_100,final_hybrid_100,backend_metrics.worker_profile_received,107,114,6.542056074766345,0.9385964912280702
real loopback TLS,first_hybrid_hybrid_100,final_hybrid_100,backend_metrics.worker_recent_success_percent,100.0,100.0,0.0,1.0
real loopback TLS,first_hybrid_hybrid_100,final_hybrid_100,backend_metrics.worker_records,107,114,6.542056074766345,0.9385964912280702
real loopback TLS,first_hybrid_hybrid_100,final_hybrid_100,backend_metrics.worker_records_per_second,84.99593025187622,95.64922292658538,12.533885614451524,0.8886212313205514
real loopback TLS,first_hybrid_hybrid_100,final_hybrid_100,backend_metrics.worker_requests_failed,0,0,,
real loopback TLS,first_hybrid_hybrid_100,final_hybrid_100,backend_metrics.worker_requests_per_second,84.99593025187622,95.64922292658538,12.533885614451524,0.8886212313205514
real loopback TLS,first_hybrid_hybrid_100,final_hybrid_100,backend_metrics.worker_requests_successful,107,114,6.542056074766345,0.9385964912280702
real loopback TLS,first_hybrid_hybrid_100,final_hybrid_100,backend_metrics.worker_requests_total,107,114,6.542056074766345,0.9385964912280702
real loopback TLS,first_hybrid_hybrid_100,final_hybrid_100,backend_metrics.worker_response_body_bytes,49848,53106,6.535869041887343,0.9386509998870184
real loopback TLS,first_hybrid_hybrid_100,final_hybrid_100,backend_metrics.worker_reused_connection_requests,,89,,
real loopback TLS,first_hybrid_hybrid_100,final_hybrid_100,backend_metrics.worker_risk_control_count,0,0,,
real loopback TLS,first_hybrid_hybrid_100,final_hybrid_100,backend_metrics.worker_risk_control_rate,0.0,0.0,,
real loopback TLS,first_hybrid_hybrid_100,final_hybrid_100,backend_metrics.worker_successful_rps,84.99593025187622,95.64922292658538,12.533885614451524,0.8886212313205514
real loopback TLS,first_hybrid_hybrid_100,final_hybrid_100,backend_metrics.worker_timeout_rate,0.0,0.0,,
real loopback TLS,first_hybrid_hybrid_100,final_hybrid_100,backend_metrics.worker_tls_handshake_attempts,,25,,
real loopback TLS,first_hybrid_hybrid_100,final_hybrid_100,backend_metrics.worker_tls_handshake_seconds,,1.2169655789998615,,
real loopback TLS,first_hybrid_hybrid_100,final_hybrid_100,backend_metrics.worker_tls_handshake_successful,,25,,
real loopback TLS,first_hybrid_hybrid_100,final_hybrid_100,configured_workers,100,100,0.0,1.0
real loopback TLS,first_hybrid_hybrid_100,final_hybrid_100,cpu_percent_of_one_core,101.15657834929205,100.20262301003518,-0.9430482474040103,1.0095202631488132
real loopback TLS,first_hybrid_hybrid_100,final_hybrid_100,cpu_seconds,1.283333844,1.203035729,-6.256993484230122,1.0667462429122918
real loopback TLS,first_hybrid_hybrid_100,final_hybrid_100,elapsed_seconds,1.2686607880000338,1.2006030310000142,-5.364535393839076,1.0566863111642593
real loopback TLS,first_hybrid_hybrid_100,final_hybrid_100,event_loop_max,0.06035065100000338,0.040275046000015205,-33.2649352862607,1.4984626212464311
real loopback TLS,first_hybrid_hybrid_100,final_hybrid_100,event_loop_p95,0.02902257899993856,0.024104995999987295,-16.943990401272313,1.2040067959336669
real loopback TLS,first_hybrid_hybrid_100,final_hybrid_100,harness_version,2,2,0.0,1.0
real loopback TLS,first_hybrid_hybrid_100,final_hybrid_100,loopback_interface_bytes.received,496546,487716,-1.7782843885561506,1.0181047986943221
real loopback TLS,first_hybrid_hybrid_100,final_hybrid_100,loopback_interface_bytes.transmitted,496546,487716,-1.7782843885561506,1.0181047986943221
real loopback TLS,first_hybrid_hybrid_100,final_hybrid_100,median_latency,0.4810792580000225,0.43424199949998865,-9.735871526606466,1.1078598075588382
real loopback TLS,first_hybrid_hybrid_100,final_hybrid_100,new_tls_connections,51,51,0.0,1.0
real loopback TLS,first_hybrid_hybrid_100,final_hybrid_100,p95_latency,0.9570008849999567,1.0062639220000165,5.147648008712347,0.9510436219335519
real loopback TLS,first_hybrid_hybrid_100,final_hybrid_100,p99_latency,1.1985290469999654,1.1353612890000022,-5.2704403083161155,1.0556367022655844
real loopback TLS,first_hybrid_hybrid_100,final_hybrid_100,peak_active_jobs,100,100,0.0,1.0
real loopback TLS,first_hybrid_hybrid_100,final_hybrid_100,peak_admitted_requests,100,66,-34.0,1.5151515151515151
real loopback TLS,first_hybrid_hybrid_100,final_hybrid_100,peak_rss_bytes,70238208,70082560,-0.22160018661068204,1.0022209234365869
real loopback TLS,first_hybrid_hybrid_100,final_hybrid_100,sampled_average_active_connections,17.610231287451203,18.014669065915612,2.2966068523620375,0.9775495304973645
real loopback TLS,first_hybrid_hybrid_100,final_hybrid_100,sampled_average_idle_connections,26.61426226251451,27.056162537707138,1.660388970522142,0.9836672966989769
real loopback TLS,first_hybrid_hybrid_100,final_hybrid_100,sampled_peak_active_connections,45,47,4.444444444444451,0.9574468085106383
real loopback TLS,first_hybrid_hybrid_100,final_hybrid_100,server_requests,200,200,0.0,1.0
real loopback TLS,first_hybrid_hybrid_100,final_hybrid_100,successful_requests,200,200,0.0,1.0
real loopback TLS,first_hybrid_hybrid_100,final_hybrid_100,successful_rps,157.6465528782424,166.5829544286713,5.668631116425926,0.9463546460616092
real loopback TLS,original_worker_100,final_hybrid_100,actual_connection_ceiling,100,100,0.0,1.0
real loopback TLS,original_worker_100,final_hybrid_100,attempted_requests,200,200,0.0,1.0
real loopback TLS,original_worker_100,final_hybrid_100,attempted_rps,166.0998194737429,166.5829544286713,0.29087024685463536,0.9970997335436547
real loopback TLS,original_worker_100,final_hybrid_100,average_latency,0.44426529250499924,0.4758086538350008,7.100118299168434,0.9337057847187873
real loopback TLS,original_worker_100,final_hybrid_100,backend_metrics.backend_connection_pools.direct.active,,0,,
real loopback TLS,original_worker_100,final_hybrid_100,backend_metrics.backend_connection_pools.direct.idle_keepalive,,26,,
real loopback TLS,original_worker_100,final_hybrid_100,backend_metrics.backend_connection_pools.worker.active,,0,,
real loopback TLS,original_worker_100,final_hybrid_100,backend_metrics.backend_connection_pools.worker.idle_keepalive,,25,,
real loopback TLS,original_worker_100,final_hybrid_100,backend_metrics.backend_failovers,,0,,
real loopback TLS,original_worker_100,final_hybrid_100,backend_metrics.backend_stages.backend_routing_calls,,200,,
real loopback TLS,original_worker_100,final_hybrid_100,backend_metrics.backend_stages.backend_routing_seconds,,0.002243144000317443,,
real loopback TLS,original_worker_100,final_hybrid_100,backend_metrics.backend_stages.direct_admission_wait_seconds,,0.0013073200000803809,,
real loopback TLS,original_worker_100,final_hybrid_100,backend_metrics.backend_stages.json_parsing_calls,,200,,
real loopback TLS,original_worker_100,final_hybrid_100,backend_metrics.backend_stages.json_parsing_seconds,,0.0032750749995784645,,
real loopback TLS,original_worker_100,final_hybrid_100,backend_metrics.backend_stages.normalization_calls,,200,,
real loopback TLS,original_worker_100,final_hybrid_100,backend_metrics.backend_stages.normalization_seconds,,0.004402654000273287,,
real loopback TLS,original_worker_100,final_hybrid_100,backend_metrics.backend_stages.proxy_selection_calls,,200,,
real loopback TLS,original_worker_100,final_hybrid_100,backend_metrics.backend_stages.proxy_selection_seconds,,0.00046206499951040314,,
real loopback TLS,original_worker_100,final_hybrid_100,backend_metrics.backend_stages.signing_calls,,86,,
real loopback TLS,original_worker_100,final_hybrid_100,backend_metrics.backend_stages.signing_seconds,,1.3987635779996594,,
real loopback TLS,original_worker_100,final_hybrid_100,backend_metrics.backend_stages.worker_admission_wait_seconds,,0.0017326779995414654,,
real loopback TLS,original_worker_100,final_hybrid_100,backend_metrics.backend_switches,,0,,
real loopback TLS,original_worker_100,final_hybrid_100,backend_metrics.cursor_chain_restarts,,0,,
real loopback TLS,original_worker_100,final_hybrid_100,backend_metrics.direct_429_count,,0,,
real loopback TLS,original_worker_100,final_hybrid_100,backend_metrics.direct_active_requests,,0,,
real loopback TLS,original_worker_100,final_hybrid_100,backend_metrics.direct_average_latency,,0.23993260217441784,,
real loopback TLS,original_worker_100,final_hybrid_100,backend_metrics.direct_connect_tcp_attempts,,26,,
real loopback TLS,original_worker_100,final_hybrid_100,backend_metrics.direct_connect_tcp_seconds,,1.6046470129998056,,
real loopback TLS,original_worker_100,final_hybrid_100,backend_metrics.direct_connect_tcp_successful,,26,,
real loopback TLS,original_worker_100,final_hybrid_100,backend_metrics.direct_connection_pool_wait_seconds,,0.00018308599976535334,,
real loopback TLS,original_worker_100,final_hybrid_100,backend_metrics.direct_cooldown_count,,0,,
real loopback TLS,original_worker_100,final_hybrid_100,backend_metrics.direct_cooldown_remaining_seconds,,0.0,,
real loopback TLS,original_worker_100,final_hybrid_100,backend_metrics.direct_followers_received,,0,,
real loopback TLS,original_worker_100,final_hybrid_100,backend_metrics.direct_following_received,,0,,
real loopback TLS,original_worker_100,final_hybrid_100,backend_metrics.direct_http_error_rate,,0.0,,
real loopback TLS,original_worker_100,final_hybrid_100,backend_metrics.direct_invalid_response_rate,,0.0,,
real loopback TLS,original_worker_100,final_hybrid_100,backend_metrics.direct_latency_seconds,,20.634203786999933,,
real loopback TLS,original_worker_100,final_hybrid_100,backend_metrics.direct_median_latency,,0.2332433509999987,,
real loopback TLS,original_worker_100,final_hybrid_100,backend_metrics.direct_network_error_rate,,0.0,,
real loopback TLS,original_worker_100,final_hybrid_100,backend_metrics.direct_new_connection_requests,,26,,
real loopback TLS,original_worker_100,final_hybrid_100,backend_metrics.direct_p95_latency,,0.527528411999981,,
real loopback TLS,original_worker_100,final_hybrid_100,backend_metrics.direct_p99_latency,,0.6695124670000041,,
real loopback TLS,original_worker_100,final_hybrid_100,backend_metrics.direct_peak_active_requests,,33,,
real loopback TLS,original_worker_100,final_hybrid_100,backend_metrics.direct_profile_received,,86,,
real loopback TLS,original_worker_100,final_hybrid_100,backend_metrics.direct_recent_success_percent,,100.0,,
real loopback TLS,original_worker_100,final_hybrid_100,backend_metrics.direct_records,,86,,
real loopback TLS,original_worker_100,final_hybrid_100,backend_metrics.direct_records_per_second,,72.15643133058195,,
real loopback TLS,original_worker_100,final_hybrid_100,backend_metrics.direct_recovery_429s,,0,,
real loopback TLS,original_worker_100,final_hybrid_100,backend_metrics.direct_recovery_attempts,,0,,
real loopback TLS,original_worker_100,final_hybrid_100,backend_metrics.direct_recovery_successes,,0,,
real loopback TLS,original_worker_100,final_hybrid_100,backend_metrics.direct_requests_failed,,0,,
real loopback TLS,original_worker_100,final_hybrid_100,backend_metrics.direct_requests_per_second,,72.15643133058195,,
real loopback TLS,original_worker_100,final_hybrid_100,backend_metrics.direct_requests_successful,,86,,
real loopback TLS,original_worker_100,final_hybrid_100,backend_metrics.direct_requests_total,,86,,
real loopback TLS,original_worker_100,final_hybrid_100,backend_metrics.direct_response_body_bytes,,26916,,
real loopback TLS,original_worker_100,final_hybrid_100,backend_metrics.direct_reused_connection_requests,,60,,
real loopback TLS,original_worker_100,final_hybrid_100,backend_metrics.direct_risk_control_count,,0,,
real loopback TLS,original_worker_100,final_hybrid_100,backend_metrics.direct_risk_control_rate,,0.0,,
real loopback TLS,original_worker_100,final_hybrid_100,backend_metrics.direct_successful_rps,,72.15643133058195,,
real loopback TLS,original_worker_100,final_hybrid_100,backend_metrics.direct_timeout_rate,,0.0,,
real loopback TLS,original_worker_100,final_hybrid_100,backend_metrics.direct_tls_handshake_attempts,,26,,
real loopback TLS,original_worker_100,final_hybrid_100,backend_metrics.direct_tls_handshake_seconds,,1.3207528469998238,,
real loopback TLS,original_worker_100,final_hybrid_100,backend_metrics.direct_tls_handshake_successful,,26,,
real loopback TLS,original_worker_100,final_hybrid_100,backend_metrics.findtik_429_count,,0,,
real loopback TLS,original_worker_100,final_hybrid_100,backend_metrics.findtik_jobs_moved_to_direct,,0,,
real loopback TLS,original_worker_100,final_hybrid_100,backend_metrics.findtik_requests_cancelled_after_429,,0,,
real loopback TLS,original_worker_100,final_hybrid_100,backend_metrics.hybrid_records_per_second,,167.80565425716733,,
real loopback TLS,original_worker_100,final_hybrid_100,backend_metrics.hybrid_total_successful_rps,,167.80565425716733,,
real loopback TLS,original_worker_100,final_hybrid_100,backend_metrics.worker_429_count,,0,,
real loopback TLS,original_worker_100,final_hybrid_100,backend_metrics.worker_active_requests,,0,,
real loopback TLS,original_worker_100,final_hybrid_100,backend_metrics.worker_average_latency,,0.2603964445964928,,
real loopback TLS,original_worker_100,final_hybrid_100,backend_metrics.worker_connect_tcp_attempts,,25,,
real loopback TLS,original_worker_100,final_hybrid_100,backend_metrics.worker_connect_tcp_seconds,,1.4397504900002787,,
real loopback TLS,original_worker_100,final_hybrid_100,backend_metrics.worker_connect_tcp_successful,,25,,
real loopback TLS,original_worker_100,final_hybrid_100,backend_metrics.worker_connection_pool_wait_seconds,,0.00024948999976004416,,
real loopback TLS,original_worker_100,final_hybrid_100,backend_metrics.worker_followers_received,,0,,
real loopback TLS,original_worker_100,final_hybrid_100,backend_metrics.worker_following_received,,0,,
real loopback TLS,original_worker_100,final_hybrid_100,backend_metrics.worker_http_error_rate,,0.0,,
real loopback TLS,original_worker_100,final_hybrid_100,backend_metrics.worker_invalid_response_rate,,0.0,,
real loopback TLS,original_worker_100,final_hybrid_100,backend_metrics.worker_latency_seconds,,29.68519468400018,,
real loopback TLS,original_worker_100,final_hybrid_100,backend_metrics.worker_median_latency,,0.22752903800000013,,
real loopback TLS,original_worker_100,final_hybrid_100,backend_metrics.worker_network_error_rate,,0.0,,
real loopback TLS,original_worker_100,final_hybrid_100,backend_metrics.worker_new_connection_requests,,25,,
real loopback TLS,original_worker_100,final_hybrid_100,backend_metrics.worker_p95_latency,,0.615176813000005,,
real loopback TLS,original_worker_100,final_hybrid_100,backend_metrics.worker_p99_latency,,0.7952216849999445,,
real loopback TLS,original_worker_100,final_hybrid_100,backend_metrics.worker_peak_active_requests,,46,,
real loopback TLS,original_worker_100,final_hybrid_100,backend_metrics.worker_profile_received,,114,,
real loopback TLS,original_worker_100,final_hybrid_100,backend_metrics.worker_recent_success_percent,,100.0,,
real loopback TLS,original_worker_100,final_hybrid_100,backend_metrics.worker_records,,114,,
real loopback TLS,original_worker_100,final_hybrid_100,backend_metrics.worker_records_per_second,,95.64922292658538,,
real loopback TLS,original_worker_100,final_hybrid_100,backend_metrics.worker_requests_failed,,0,,
real loopback TLS,original_worker_100,final_hybrid_100,backend_metrics.worker_requests_per_second,,95.64922292658538,,
real loopback TLS,original_worker_100,final_hybrid_100,backend_metrics.worker_requests_successful,,114,,
real loopback TLS,original_worker_100,final_hybrid_100,backend_metrics.worker_requests_total,,114,,
real loopback TLS,original_worker_100,final_hybrid_100,backend_metrics.worker_response_body_bytes,,53106,,
real loopback TLS,original_worker_100,final_hybrid_100,backend_metrics.worker_reused_connection_requests,,89,,
real loopback TLS,original_worker_100,final_hybrid_100,backend_metrics.worker_risk_control_count,,0,,
real loopback TLS,original_worker_100,final_hybrid_100,backend_metrics.worker_risk_control_rate,,0.0,,
real loopback TLS,original_worker_100,final_hybrid_100,backend_metrics.worker_successful_rps,,95.64922292658538,,
real loopback TLS,original_worker_100,final_hybrid_100,backend_metrics.worker_timeout_rate,,0.0,,
real loopback TLS,original_worker_100,final_hybrid_100,backend_metrics.worker_tls_handshake_attempts,,25,,
real loopback TLS,original_worker_100,final_hybrid_100,backend_metrics.worker_tls_handshake_seconds,,1.2169655789998615,,
real loopback TLS,original_worker_100,final_hybrid_100,backend_metrics.worker_tls_handshake_successful,,25,,
real loopback TLS,original_worker_100,final_hybrid_100,configured_workers,100,100,0.0,1.0
real loopback TLS,original_worker_100,final_hybrid_100,cpu_percent_of_one_core,96.31593581898764,100.20262301003518,4.035352154343408,0.9612117220658156
real loopback TLS,original_worker_100,final_hybrid_100,cpu_seconds,1.1597355870000001,1.203035729,3.7336219122160896,0.9640076009745843
real loopback TLS,original_worker_100,final_hybrid_100,elapsed_seconds,1.2040952280000283,1.2006030310000142,-0.2900266456345446,1.0029087024685466
real loopback TLS,original_worker_100,final_hybrid_100,event_loop_max,0.030425754000002598,0.040275046000015205,32.37156259138809,0.7554492675189275
real loopback TLS,original_worker_100,final_hybrid_100,event_loop_p95,0.01276716199997054,0.024104995999987295,88.80465368922958,0.529647961774284
real loopback TLS,original_worker_100,final_hybrid_100,harness_version,2,2,0.0,1.0
real loopback TLS,original_worker_100,final_hybrid_100,loopback_interface_bytes.received,312392,487716,56.12307613511229,0.64052030279917
real loopback TLS,original_worker_100,final_hybrid_100,loopback_interface_bytes.transmitted,312392,487716,56.12307613511229,0.64052030279917
real loopback TLS,original_worker_100,final_hybrid_100,median_latency,0.3670493584999974,0.43424199949998865,18.30615949707257,0.8452645274354836
real loopback TLS,original_worker_100,final_hybrid_100,new_tls_connections,29,51,75.86206896551724,0.5686274509803921
real loopback TLS,original_worker_100,final_hybrid_100,p95_latency,1.0362360739999872,1.0062639220000165,-2.892405770460671,1.0297855774659983
real loopback TLS,original_worker_100,final_hybrid_100,p99_latency,1.1473903269999823,1.1353612890000022,-1.048382378421453,1.0105948988366293
real loopback TLS,original_worker_100,final_hybrid_100,peak_active_jobs,100,100,0.0,1.0
real loopback TLS,original_worker_100,final_hybrid_100,peak_admitted_requests,100,66,-34.0,1.5151515151515151
real loopback TLS,original_worker_100,final_hybrid_100,peak_rss_bytes,61411328,70082560,14.119922630560922,0.8762711864406779
real loopback TLS,original_worker_100,final_hybrid_100,sampled_average_active_connections,9.475894357584444,18.014669065915612,90.11048863685134,0.5260099046456074
real loopback TLS,original_worker_100,final_hybrid_100,sampled_average_idle_connections,17.400493808783217,27.056162537707138,55.4907741988911,0.6431249732674696
real loopback TLS,original_worker_100,final_hybrid_100,sampled_peak_active_connections,25,47,87.99999999999999,0.5319148936170213
real loopback TLS,original_worker_100,final_hybrid_100,server_requests,200,200,0.0,1.0
real loopback TLS,original_worker_100,final_hybrid_100,successful_requests,200,200,0.0,1.0
real loopback TLS,original_worker_100,final_hybrid_100,successful_rps,166.0998194737429,166.5829544286713,0.29087024685463536,0.9970997335436547
real loopback TLS,first_hybrid_hybrid_500,final_hybrid_500,actual_connection_ceiling,500,500,0.0,1.0
real loopback TLS,first_hybrid_hybrid_500,final_hybrid_500,attempted_requests,1000,1000,0.0,1.0
real loopback TLS,first_hybrid_hybrid_500,final_hybrid_500,attempted_rps,145.2673010802523,150.19914470520922,3.3950129095000836,0.9671646357598342
real loopback TLS,first_hybrid_hybrid_500,final_hybrid_500,average_latency,2.696207633807001,2.5821248447769993,-4.231231586156392,1.044181747935528
real loopback TLS,first_hybrid_hybrid_500,final_hybrid_500,backend_metrics.backend_connection_pools.direct.active,,0,,
real loopback TLS,first_hybrid_hybrid_500,final_hybrid_500,backend_metrics.backend_connection_pools.direct.idle_keepalive,,26,,
real loopback TLS,first_hybrid_hybrid_500,final_hybrid_500,backend_metrics.backend_connection_pools.worker.active,,0,,
real loopback TLS,first_hybrid_hybrid_500,final_hybrid_500,backend_metrics.backend_connection_pools.worker.idle_keepalive,,25,,
real loopback TLS,first_hybrid_hybrid_500,final_hybrid_500,backend_metrics.backend_failovers,0,0,,
real loopback TLS,first_hybrid_hybrid_500,final_hybrid_500,backend_metrics.backend_stages.backend_routing_calls,1000,1000,0.0,1.0
real loopback TLS,first_hybrid_hybrid_500,final_hybrid_500,backend_metrics.backend_stages.backend_routing_seconds,0.012065729000937608,0.011262243999112798,-6.6592329544478694,1.0713432422426745
real loopback TLS,first_hybrid_hybrid_500,final_hybrid_500,backend_metrics.backend_stages.direct_admission_wait_seconds,0.006790127999920514,0.008103488000188008,19.342197971567956,0.8379265817093796
real loopback TLS,first_hybrid_hybrid_500,final_hybrid_500,backend_metrics.backend_stages.json_parsing_calls,1000,1000,0.0,1.0
real loopback TLS,first_hybrid_hybrid_500,final_hybrid_500,backend_metrics.backend_stages.json_parsing_seconds,0.018358100998398186,0.016517692999741485,-10.0250456123827,1.1114204022732173
real loopback TLS,first_hybrid_hybrid_500,final_hybrid_500,backend_metrics.backend_stages.normalization_calls,1000,1000,0.0,1.0
real loopback TLS,first_hybrid_hybrid_500,final_hybrid_500,backend_metrics.backend_stages.normalization_seconds,0.026696960000549552,0.022414736999678553,-16.040114682656192,1.1910449808504293
real loopback TLS,first_hybrid_hybrid_500,final_hybrid_500,backend_metrics.backend_stages.proxy_selection_calls,1000,1000,0.0,1.0
real loopback TLS,first_hybrid_hybrid_500,final_hybrid_500,backend_metrics.backend_stages.proxy_selection_seconds,0.0025243320000072345,0.00218998499957479,-13.244969379284743,1.1526709089319616
real loopback TLS,first_hybrid_hybrid_500,final_hybrid_500,backend_metrics.backend_stages.signing_calls,501,463,-7.584830339321358,1.08207343412527
real loopback TLS,first_hybrid_hybrid_500,final_hybrid_500,backend_metrics.backend_stages.signing_seconds,12.64872877900143,11.081155793000164,-12.393126719608738,1.1414629498297897
real loopback TLS,first_hybrid_hybrid_500,final_hybrid_500,backend_metrics.backend_stages.worker_admission_wait_seconds,0.006834821000779812,0.009294343000078698,35.98517062872999,0.735374302489368
real loopback TLS,first_hybrid_hybrid_500,final_hybrid_500,backend_metrics.backend_switches,0,0,,
real loopback TLS,first_hybrid_hybrid_500,final_hybrid_500,backend_metrics.cursor_chain_restarts,0,0,,
real loopback TLS,first_hybrid_hybrid_500,final_hybrid_500,backend_metrics.direct_429_count,,0,,
real loopback TLS,first_hybrid_hybrid_500,final_hybrid_500,backend_metrics.direct_active_requests,0,0,,
real loopback TLS,first_hybrid_hybrid_500,final_hybrid_500,backend_metrics.direct_average_latency,0.8804536659121773,0.8756951515809936,-0.5404616410170426,1.0054339850147538
real loopback TLS,first_hybrid_hybrid_500,final_hybrid_500,backend_metrics.direct_connect_tcp_attempts,,26,,
real loopback TLS,first_hybrid_hybrid_500,final_hybrid_500,backend_metrics.direct_connect_tcp_seconds,,1.577841213000056,,
real loopback TLS,first_hybrid_hybrid_500,final_hybrid_500,backend_metrics.direct_connect_tcp_successful,,26,,
real loopback TLS,first_hybrid_hybrid_500,final_hybrid_500,backend_metrics.direct_connection_pool_wait_seconds,,0.0010522689995013934,,
real loopback TLS,first_hybrid_hybrid_500,final_hybrid_500,backend_metrics.direct_cooldown_count,,0,,
real loopback TLS,first_hybrid_hybrid_500,final_hybrid_500,backend_metrics.direct_cooldown_remaining_seconds,,0.0,,
real loopback TLS,first_hybrid_hybrid_500,final_hybrid_500,backend_metrics.direct_followers_received,0,0,,
real loopback TLS,first_hybrid_hybrid_500,final_hybrid_500,backend_metrics.direct_following_received,0,0,,
real loopback TLS,first_hybrid_hybrid_500,final_hybrid_500,backend_metrics.direct_http_error_rate,0.0,0.0,,
real loopback TLS,first_hybrid_hybrid_500,final_hybrid_500,backend_metrics.direct_invalid_response_rate,0.0,0.0,,
real loopback TLS,first_hybrid_hybrid_500,final_hybrid_500,backend_metrics.direct_latency_seconds,441.10728662200086,405.44685518200004,-8.084298881818153,1.0879534049511699
real loopback TLS,first_hybrid_hybrid_500,final_hybrid_500,backend_metrics.direct_median_latency,0.6038230440000234,0.6476527730000043,7.258704257066961,0.9323252662117751
real loopback TLS,first_hybrid_hybrid_500,final_hybrid_500,backend_metrics.direct_network_error_rate,0.0,0.0,,
real loopback TLS,first_hybrid_hybrid_500,final_hybrid_500,backend_metrics.direct_new_connection_requests,,26,,
real loopback TLS,first_hybrid_hybrid_500,final_hybrid_500,backend_metrics.direct_p95_latency,2.436929776999932,2.3127916020000043,-5.094039892801194,1.0536746047039336
real loopback TLS,first_hybrid_hybrid_500,final_hybrid_500,backend_metrics.direct_p99_latency,3.5233018970000103,3.636249058999965,3.2057191038930233,0.9689385517418277
real loopback TLS,first_hybrid_hybrid_500,final_hybrid_500,backend_metrics.direct_peak_active_requests,95,93,-2.1052631578947323,1.021505376344086
real loopback TLS,first_hybrid_hybrid_500,final_hybrid_500,backend_metrics.direct_profile_received,501,463,-7.584830339321358,1.08207343412527
real loopback TLS,first_hybrid_hybrid_500,final_hybrid_500,backend_metrics.direct_recent_success_percent,100.0,100.0,0.0,1.0
real loopback TLS,first_hybrid_hybrid_500,final_hybrid_500,backend_metrics.direct_records,501,463,-7.584830339321358,1.08207343412527
real loopback TLS,first_hybrid_hybrid_500,final_hybrid_500,backend_metrics.direct_records_per_second,72.87597290885682,69.63793620554416,-4.443215745966567,1.0464981715390764
real loopback TLS,first_hybrid_hybrid_500,final_hybrid_500,backend_metrics.direct_recovery_429s,,0,,
real loopback TLS,first_hybrid_hybrid_500,final_hybrid_500,backend_metrics.direct_recovery_attempts,,0,,
real loopback TLS,first_hybrid_hybrid_500,final_hybrid_500,backend_metrics.direct_recovery_successes,,0,,
real loopback TLS,first_hybrid_hybrid_500,final_hybrid_500,backend_metrics.direct_requests_failed,0,0,,
real loopback TLS,first_hybrid_hybrid_500,final_hybrid_500,backend_metrics.direct_requests_per_second,72.87597290885682,69.63793620554416,-4.443215745966567,1.0464981715390764
real loopback TLS,first_hybrid_hybrid_500,final_hybrid_500,backend_metrics.direct_requests_successful,501,463,-7.584830339321358,1.08207343412527
real loopback TLS,first_hybrid_hybrid_500,final_hybrid_500,backend_metrics.direct_requests_total,501,463,-7.584830339321358,1.08207343412527
real loopback TLS,first_hybrid_hybrid_500,final_hybrid_500,backend_metrics.direct_response_body_bytes,157203,145288,-7.579371894938392,1.0820095259071636
real loopback TLS,first_hybrid_hybrid_500,final_hybrid_500,backend_metrics.direct_reused_connection_requests,,437,,
real loopback TLS,first_hybrid_hybrid_500,final_hybrid_500,backend_metrics.direct_risk_control_count,0,0,,
real loopback TLS,first_hybrid_hybrid_500,final_hybrid_500,backend_metrics.direct_risk_control_rate,0.0,0.0,,
real loopback TLS,first_hybrid_hybrid_500,final_hybrid_500,backend_metrics.direct_successful_rps,72.87597290885682,69.63793620554416,-4.443215745966567,1.0464981715390764
real loopback TLS,first_hybrid_hybrid_500,final_hybrid_500,backend_metrics.direct_timeout_rate,0.0,0.0,,
real loopback TLS,first_hybrid_hybrid_500,final_hybrid_500,backend_metrics.direct_tls_handshake_attempts,,26,,
real loopback TLS,first_hybrid_hybrid_500,final_hybrid_500,backend_metrics.direct_tls_handshake_seconds,,1.2969520729998862,,
real loopback TLS,first_hybrid_hybrid_500,final_hybrid_500,backend_metrics.direct_tls_handshake_successful,,26,,
real loopback TLS,first_hybrid_hybrid_500,final_hybrid_500,backend_metrics.findtik_429_count,,0,,
real loopback TLS,first_hybrid_hybrid_500,final_hybrid_500,backend_metrics.findtik_jobs_moved_to_direct,,0,,
real loopback TLS,first_hybrid_hybrid_500,final_hybrid_500,backend_metrics.findtik_requests_cancelled_after_429,,0,,
real loopback TLS,first_hybrid_hybrid_500,final_hybrid_500,backend_metrics.hybrid_records_per_second,145.4610237701733,150.4059097311969,3.3994576917294683,0.9671230607237373
real loopback TLS,first_hybrid_hybrid_500,final_hybrid_500,backend_metrics.hybrid_total_successful_rps,145.4610237701733,150.4059097311969,3.3994576917294683,0.9671230607237373
real loopback TLS,first_hybrid_hybrid_500,final_hybrid_500,backend_metrics.worker_429_count,,0,,
real loopback TLS,first_hybrid_hybrid_500,final_hybrid_500,backend_metrics.worker_active_requests,0,0,,
real loopback TLS,first_hybrid_hybrid_500,final_hybrid_500,backend_metrics.worker_average_latency,0.8861012467354682,0.8410331666648054,-5.086109542978345,1.053586566923852
real loopback TLS,first_hybrid_hybrid_500,final_hybrid_500,backend_metrics.worker_connect_tcp_attempts,,25,,
real loopback TLS,first_hybrid_hybrid_500,final_hybrid_500,backend_metrics.worker_connect_tcp_seconds,,1.4244455360000075,,
real loopback TLS,first_hybrid_hybrid_500,final_hybrid_500,backend_metrics.worker_connect_tcp_successful,,25,,
real loopback TLS,first_hybrid_hybrid_500,final_hybrid_500,backend_metrics.worker_connection_pool_wait_seconds,,0.00131242899993822,,
real loopback TLS,first_hybrid_hybrid_500,final_hybrid_500,backend_metrics.worker_followers_received,0,0,,
real loopback TLS,first_hybrid_hybrid_500,final_hybrid_500,backend_metrics.worker_following_received,0,0,,
real loopback TLS,first_hybrid_hybrid_500,final_hybrid_500,backend_metrics.worker_http_error_rate,0.0,0.0,,
real loopback TLS,first_hybrid_hybrid_500,final_hybrid_500,backend_metrics.worker_invalid_response_rate,0.0,0.0,,
real loopback TLS,first_hybrid_hybrid_500,final_hybrid_500,backend_metrics.worker_latency_seconds,442.16452212099864,451.63481049900054,2.141801954750755,0.9790310929143429
real loopback TLS,first_hybrid_hybrid_500,final_hybrid_500,backend_metrics.worker_median_latency,0.65380117899997,0.5825472969999623,-10.898402188413758,1.12231432944064
real loopback TLS,first_hybrid_hybrid_500,final_hybrid_500,backend_metrics.worker_network_error_rate,0.0,0.0,,
real loopback TLS,first_hybrid_hybrid_500,final_hybrid_500,backend_metrics.worker_new_connection_requests,,25,,
real loopback TLS,first_hybrid_hybrid_500,final_hybrid_500,backend_metrics.worker_p95_latency,2.5992873599999484,2.5609713139999712,-1.4740981158765765,1.0149615287725076
real loopback TLS,first_hybrid_hybrid_500,final_hybrid_500,backend_metrics.worker_p99_latency,4.031401631999984,3.7720654020000097,-6.4329048225174486,1.0687517851261195
real loopback TLS,first_hybrid_hybrid_500,final_hybrid_500,backend_metrics.worker_peak_active_requests,89,95,6.741573033707859,0.9368421052631579
real loopback TLS,first_hybrid_hybrid_500,final_hybrid_500,backend_metrics.worker_profile_received,499,537,7.615230460921851,0.9292364990689013
real loopback TLS,first_hybrid_hybrid_500,final_hybrid_500,backend_metrics.worker_recent_success_percent,100.0,100.0,0.0,1.0
real loopback TLS,first_hybrid_hybrid_500,final_hybrid_500,backend_metrics.worker_records,499,537,7.615230460921851,0.9292364990689013
real loopback TLS,first_hybrid_hybrid_500,final_hybrid_500,backend_metrics.worker_records_per_second,72.58505086131647,80.76797352565274,11.273564690298056,0.8986860471157261
real loopback TLS,first_hybrid_hybrid_500,final_hybrid_500,backend_metrics.worker_requests_failed,0,0,,
real loopback TLS,first_hybrid_hybrid_500,final_hybrid_500,backend_metrics.worker_requests_per_second,72.58505086131647,80.76797352565274,11.273564690298056,0.8986860471157261
real loopback TLS,first_hybrid_hybrid_500,final_hybrid_500,backend_metrics.worker_requests_successful,499,537,7.615230460921851,0.9292364990689013
real loopback TLS,first_hybrid_hybrid_500,final_hybrid_500,backend_metrics.worker_requests_total,499,537,7.615230460921851,0.9292364990689013
real loopback TLS,first_hybrid_hybrid_500,final_hybrid_500,backend_metrics.worker_response_body_bytes,232924,250653,7.611495595129747,0.9292687500249349
real loopback TLS,first_hybrid_hybrid_500,final_hybrid_500,backend_metrics.worker_reused_connection_requests,,512,,
real loopback TLS,first_hybrid_hybrid_500,final_hybrid_500,backend_metrics.worker_risk_control_count,0,0,,
real loopback TLS,first_hybrid_hybrid_500,final_hybrid_500,backend_metrics.worker_risk_control_rate,0.0,0.0,,
real loopback TLS,first_hybrid_hybrid_500,final_hybrid_500,backend_metrics.worker_successful_rps,72.58505086131647,80.76797352565274,11.273564690298056,0.8986860471157261
real loopback TLS,first_hybrid_hybrid_500,final_hybrid_500,backend_metrics.worker_timeout_rate,0.0,0.0,,
real loopback TLS,first_hybrid_hybrid_500,final_hybrid_500,backend_metrics.worker_tls_handshake_attempts,,25,,
real loopback TLS,first_hybrid_hybrid_500,final_hybrid_500,backend_metrics.worker_tls_handshake_seconds,,1.2000818600000684,,
real loopback TLS,first_hybrid_hybrid_500,final_hybrid_500,backend_metrics.worker_tls_handshake_successful,,25,,
real loopback TLS,first_hybrid_hybrid_500,final_hybrid_500,configured_workers,500,500,0.0,1.0
real loopback TLS,first_hybrid_hybrid_500,final_hybrid_500,cpu_percent_of_one_core,101.82541482897362,101.2515517362772,-0.5635755019120614,1.005667696769637
real loopback TLS,first_hybrid_hybrid_500,final_hybrid_500,cpu_seconds,7.009520661,6.741153681999999,-3.8286067190465234,1.0398102449016382
real loopback TLS,first_hybrid_hybrid_500,final_hybrid_500,elapsed_seconds,6.883861629999956,6.6578275260000055,-3.2835364240165865,1.0339501290950008
real loopback TLS,first_hybrid_hybrid_500,final_hybrid_500,event_loop_max,0.04743927399998028,0.03955021199997645,-16.6298118306092,1.1994695249676166
real loopback TLS,first_hybrid_hybrid_500,final_hybrid_500,event_loop_p95,0.03572476199995435,0.03589342100000749,0.4721067142542612,0.9953011166014768
real loopback TLS,first_hybrid_hybrid_500,final_hybrid_500,harness_version,2,2,0.0,1.0
real loopback TLS,first_hybrid_hybrid_500,final_hybrid_500,loopback_interface_bytes.received,1921514,1873390,-2.504483443784433,1.025688190926609
real loopback TLS,first_hybrid_hybrid_500,final_hybrid_500,loopback_interface_bytes.transmitted,1921514,1873390,-2.504483443784433,1.025688190926609
real loopback TLS,first_hybrid_hybrid_500,final_hybrid_500,median_latency,2.8026034115000584,2.63449823900001,-5.9981791148278285,1.0638091800599787
real loopback TLS,first_hybrid_hybrid_500,final_hybrid_500,new_tls_connections,52,51,-1.9230769230769273,1.0196078431372548
real loopback TLS,first_hybrid_hybrid_500,final_hybrid_500,p95_latency,4.818857898000033,4.866575453999985,0.9902254229110286,0.9901948389681842
real loopback TLS,first_hybrid_hybrid_500,final_hybrid_500,p99_latency,6.075282620000053,5.994621403999986,-1.327694875206742,1.0134555980376416
real loopback TLS,first_hybrid_hybrid_500,final_hybrid_500,peak_active_jobs,500,500,0.0,1.0
real loopback TLS,first_hybrid_hybrid_500,final_hybrid_500,peak_admitted_requests,500,187,-62.6,2.6737967914438503
real loopback TLS,first_hybrid_hybrid_500,final_hybrid_500,peak_rss_bytes,74743808,74084352,-0.8822884699693168,1.008901420910046
real loopback TLS,first_hybrid_hybrid_500,final_hybrid_500,sampled_average_active_connections,18.732068857113195,18.687687121079577,-0.23692917409261494,1.0023749186159883
real loopback TLS,first_hybrid_hybrid_500,final_hybrid_500,sampled_average_idle_connections,31.947621095341955,31.130305817567532,-2.5582977691368414,1.0262546498117984
real loopback TLS,first_hybrid_hybrid_500,final_hybrid_500,sampled_peak_active_connections,48,47,-2.083333333333337,1.0212765957446808
real loopback TLS,first_hybrid_hybrid_500,final_hybrid_500,server_requests,1000,1000,0.0,1.0
real loopback TLS,first_hybrid_hybrid_500,final_hybrid_500,successful_requests,1000,1000,0.0,1.0
real loopback TLS,first_hybrid_hybrid_500,final_hybrid_500,successful_rps,145.2673010802523,150.19914470520922,3.3950129095000836,0.9671646357598342
real loopback TLS,original_worker_500,final_hybrid_500,actual_connection_ceiling,500,500,0.0,1.0
real loopback TLS,original_worker_500,final_hybrid_500,attempted_requests,1000,1000,0.0,1.0
real loopback TLS,original_worker_500,final_hybrid_500,attempted_rps,156.92225117260014,150.19914470520922,-4.284355097605708,1.044761283298824
real loopback TLS,original_worker_500,final_hybrid_500,average_latency,2.4242234895770003,2.5821248447769993,6.513481775871699,0.9388482878667178
real loopback TLS,original_worker_500,final_hybrid_500,backend_metrics.backend_connection_pools.direct.active,,0,,
real loopback TLS,original_worker_500,final_hybrid_500,backend_metrics.backend_connection_pools.direct.idle_keepalive,,26,,
real loopback TLS,original_worker_500,final_hybrid_500,backend_metrics.backend_connection_pools.worker.active,,0,,
real loopback TLS,original_worker_500,final_hybrid_500,backend_metrics.backend_connection_pools.worker.idle_keepalive,,25,,
real loopback TLS,original_worker_500,final_hybrid_500,backend_metrics.backend_failovers,,0,,
real loopback TLS,original_worker_500,final_hybrid_500,backend_metrics.backend_stages.backend_routing_calls,,1000,,
real loopback TLS,original_worker_500,final_hybrid_500,backend_metrics.backend_stages.backend_routing_seconds,,0.011262243999112798,,
real loopback TLS,original_worker_500,final_hybrid_500,backend_metrics.backend_stages.direct_admission_wait_seconds,,0.008103488000188008,,
real loopback TLS,original_worker_500,final_hybrid_500,backend_metrics.backend_stages.json_parsing_calls,,1000,,
real loopback TLS,original_worker_500,final_hybrid_500,backend_metrics.backend_stages.json_parsing_seconds,,0.016517692999741485,,
real loopback TLS,original_worker_500,final_hybrid_500,backend_metrics.backend_stages.normalization_calls,,1000,,
real loopback TLS,original_worker_500,final_hybrid_500,backend_metrics.backend_stages.normalization_seconds,,0.022414736999678553,,
real loopback TLS,original_worker_500,final_hybrid_500,backend_metrics.backend_stages.proxy_selection_calls,,1000,,
real loopback TLS,original_worker_500,final_hybrid_500,backend_metrics.backend_stages.proxy_selection_seconds,,0.00218998499957479,,
real loopback TLS,original_worker_500,final_hybrid_500,backend_metrics.backend_stages.signing_calls,,463,,
real loopback TLS,original_worker_500,final_hybrid_500,backend_metrics.backend_stages.signing_seconds,,11.081155793000164,,
real loopback TLS,original_worker_500,final_hybrid_500,backend_metrics.backend_stages.worker_admission_wait_seconds,,0.009294343000078698,,
real loopback TLS,original_worker_500,final_hybrid_500,backend_metrics.backend_switches,,0,,
real loopback TLS,original_worker_500,final_hybrid_500,backend_metrics.cursor_chain_restarts,,0,,
real loopback TLS,original_worker_500,final_hybrid_500,backend_metrics.direct_429_count,,0,,
real loopback TLS,original_worker_500,final_hybrid_500,backend_metrics.direct_active_requests,,0,,
real loopback TLS,original_worker_500,final_hybrid_500,backend_metrics.direct_average_latency,,0.8756951515809936,,
real loopback TLS,original_worker_500,final_hybrid_500,backend_metrics.direct_connect_tcp_attempts,,26,,
real loopback TLS,original_worker_500,final_hybrid_500,backend_metrics.direct_connect_tcp_seconds,,1.577841213000056,,
real loopback TLS,original_worker_500,final_hybrid_500,backend_metrics.direct_connect_tcp_successful,,26,,
real loopback TLS,original_worker_500,final_hybrid_500,backend_metrics.direct_connection_pool_wait_seconds,,0.0010522689995013934,,
real loopback TLS,original_worker_500,final_hybrid_500,backend_metrics.direct_cooldown_count,,0,,
real loopback TLS,original_worker_500,final_hybrid_500,backend_metrics.direct_cooldown_remaining_seconds,,0.0,,
real loopback TLS,original_worker_500,final_hybrid_500,backend_metrics.direct_followers_received,,0,,
real loopback TLS,original_worker_500,final_hybrid_500,backend_metrics.direct_following_received,,0,,
real loopback TLS,original_worker_500,final_hybrid_500,backend_metrics.direct_http_error_rate,,0.0,,
real loopback TLS,original_worker_500,final_hybrid_500,backend_metrics.direct_invalid_response_rate,,0.0,,
real loopback TLS,original_worker_500,final_hybrid_500,backend_metrics.direct_latency_seconds,,405.44685518200004,,
real loopback TLS,original_worker_500,final_hybrid_500,backend_metrics.direct_median_latency,,0.6476527730000043,,
real loopback TLS,original_worker_500,final_hybrid_500,backend_metrics.direct_network_error_rate,,0.0,,
real loopback TLS,original_worker_500,final_hybrid_500,backend_metrics.direct_new_connection_requests,,26,,
real loopback TLS,original_worker_500,final_hybrid_500,backend_metrics.direct_p95_latency,,2.3127916020000043,,
real loopback TLS,original_worker_500,final_hybrid_500,backend_metrics.direct_p99_latency,,3.636249058999965,,
real loopback TLS,original_worker_500,final_hybrid_500,backend_metrics.direct_peak_active_requests,,93,,
real loopback TLS,original_worker_500,final_hybrid_500,backend_metrics.direct_profile_received,,463,,
real loopback TLS,original_worker_500,final_hybrid_500,backend_metrics.direct_recent_success_percent,,100.0,,
real loopback TLS,original_worker_500,final_hybrid_500,backend_metrics.direct_records,,463,,
real loopback TLS,original_worker_500,final_hybrid_500,backend_metrics.direct_records_per_second,,69.63793620554416,,
real loopback TLS,original_worker_500,final_hybrid_500,backend_metrics.direct_recovery_429s,,0,,
real loopback TLS,original_worker_500,final_hybrid_500,backend_metrics.direct_recovery_attempts,,0,,
real loopback TLS,original_worker_500,final_hybrid_500,backend_metrics.direct_recovery_successes,,0,,
real loopback TLS,original_worker_500,final_hybrid_500,backend_metrics.direct_requests_failed,,0,,
real loopback TLS,original_worker_500,final_hybrid_500,backend_metrics.direct_requests_per_second,,69.63793620554416,,
real loopback TLS,original_worker_500,final_hybrid_500,backend_metrics.direct_requests_successful,,463,,
real loopback TLS,original_worker_500,final_hybrid_500,backend_metrics.direct_requests_total,,463,,
real loopback TLS,original_worker_500,final_hybrid_500,backend_metrics.direct_response_body_bytes,,145288,,
real loopback TLS,original_worker_500,final_hybrid_500,backend_metrics.direct_reused_connection_requests,,437,,
real loopback TLS,original_worker_500,final_hybrid_500,backend_metrics.direct_risk_control_count,,0,,
real loopback TLS,original_worker_500,final_hybrid_500,backend_metrics.direct_risk_control_rate,,0.0,,
real loopback TLS,original_worker_500,final_hybrid_500,backend_metrics.direct_successful_rps,,69.63793620554416,,
real loopback TLS,original_worker_500,final_hybrid_500,backend_metrics.direct_timeout_rate,,0.0,,
real loopback TLS,original_worker_500,final_hybrid_500,backend_metrics.direct_tls_handshake_attempts,,26,,
real loopback TLS,original_worker_500,final_hybrid_500,backend_metrics.direct_tls_handshake_seconds,,1.2969520729998862,,
real loopback TLS,original_worker_500,final_hybrid_500,backend_metrics.direct_tls_handshake_successful,,26,,
real loopback TLS,original_worker_500,final_hybrid_500,backend_metrics.findtik_429_count,,0,,
real loopback TLS,original_worker_500,final_hybrid_500,backend_metrics.findtik_jobs_moved_to_direct,,0,,
real loopback TLS,original_worker_500,final_hybrid_500,backend_metrics.findtik_requests_cancelled_after_429,,0,,
real loopback TLS,original_worker_500,final_hybrid_500,backend_metrics.hybrid_records_per_second,,150.4059097311969,,
real loopback TLS,original_worker_500,final_hybrid_500,backend_metrics.hybrid_total_successful_rps,,150.4059097311969,,
real loopback TLS,original_worker_500,final_hybrid_500,backend_metrics.worker_429_count,,0,,
real loopback TLS,original_worker_500,final_hybrid_500,backend_metrics.worker_active_requests,,0,,
real loopback TLS,original_worker_500,final_hybrid_500,backend_metrics.worker_average_latency,,0.8410331666648054,,
real loopback TLS,original_worker_500,final_hybrid_500,backend_metrics.worker_connect_tcp_attempts,,25,,
real loopback TLS,original_worker_500,final_hybrid_500,backend_metrics.worker_connect_tcp_seconds,,1.4244455360000075,,
real loopback TLS,original_worker_500,final_hybrid_500,backend_metrics.worker_connect_tcp_successful,,25,,
real loopback TLS,original_worker_500,final_hybrid_500,backend_metrics.worker_connection_pool_wait_seconds,,0.00131242899993822,,
real loopback TLS,original_worker_500,final_hybrid_500,backend_metrics.worker_followers_received,,0,,
real loopback TLS,original_worker_500,final_hybrid_500,backend_metrics.worker_following_received,,0,,
real loopback TLS,original_worker_500,final_hybrid_500,backend_metrics.worker_http_error_rate,,0.0,,
real loopback TLS,original_worker_500,final_hybrid_500,backend_metrics.worker_invalid_response_rate,,0.0,,
real loopback TLS,original_worker_500,final_hybrid_500,backend_metrics.worker_latency_seconds,,451.63481049900054,,
real loopback TLS,original_worker_500,final_hybrid_500,backend_metrics.worker_median_latency,,0.5825472969999623,,
real loopback TLS,original_worker_500,final_hybrid_500,backend_metrics.worker_network_error_rate,,0.0,,
real loopback TLS,original_worker_500,final_hybrid_500,backend_metrics.worker_new_connection_requests,,25,,
real loopback TLS,original_worker_500,final_hybrid_500,backend_metrics.worker_p95_latency,,2.5609713139999712,,
real loopback TLS,original_worker_500,final_hybrid_500,backend_metrics.worker_p99_latency,,3.7720654020000097,,
real loopback TLS,original_worker_500,final_hybrid_500,backend_metrics.worker_peak_active_requests,,95,,
real loopback TLS,original_worker_500,final_hybrid_500,backend_metrics.worker_profile_received,,537,,
real loopback TLS,original_worker_500,final_hybrid_500,backend_metrics.worker_recent_success_percent,,100.0,,
real loopback TLS,original_worker_500,final_hybrid_500,backend_metrics.worker_records,,537,,
real loopback TLS,original_worker_500,final_hybrid_500,backend_metrics.worker_records_per_second,,80.76797352565274,,
real loopback TLS,original_worker_500,final_hybrid_500,backend_metrics.worker_requests_failed,,0,,
real loopback TLS,original_worker_500,final_hybrid_500,backend_metrics.worker_requests_per_second,,80.76797352565274,,
real loopback TLS,original_worker_500,final_hybrid_500,backend_metrics.worker_requests_successful,,537,,
real loopback TLS,original_worker_500,final_hybrid_500,backend_metrics.worker_requests_total,,537,,
real loopback TLS,original_worker_500,final_hybrid_500,backend_metrics.worker_response_body_bytes,,250653,,
real loopback TLS,original_worker_500,final_hybrid_500,backend_metrics.worker_reused_connection_requests,,512,,
real loopback TLS,original_worker_500,final_hybrid_500,backend_metrics.worker_risk_control_count,,0,,
real loopback TLS,original_worker_500,final_hybrid_500,backend_metrics.worker_risk_control_rate,,0.0,,
real loopback TLS,original_worker_500,final_hybrid_500,backend_metrics.worker_successful_rps,,80.76797352565274,,
real loopback TLS,original_worker_500,final_hybrid_500,backend_metrics.worker_timeout_rate,,0.0,,
real loopback TLS,original_worker_500,final_hybrid_500,backend_metrics.worker_tls_handshake_attempts,,25,,
real loopback TLS,original_worker_500,final_hybrid_500,backend_metrics.worker_tls_handshake_seconds,,1.2000818600000684,,
real loopback TLS,original_worker_500,final_hybrid_500,backend_metrics.worker_tls_handshake_successful,,25,,
real loopback TLS,original_worker_500,final_hybrid_500,configured_workers,500,500,0.0,1.0
real loopback TLS,original_worker_500,final_hybrid_500,cpu_percent_of_one_core,99.64227663101363,101.2515517362772,1.6150525255689274,0.9841061684718163
real loopback TLS,original_worker_500,final_hybrid_500,cpu_seconds,6.349786336,6.741153681999999,6.163472679090765,0.9419435656770421
real loopback TLS,original_worker_500,final_hybrid_500,elapsed_seconds,6.372582553000029,6.6578275260000055,4.476128329882378,0.957156449023943
real loopback TLS,original_worker_500,final_hybrid_500,event_loop_max,0.034463806999990534,0.03955021199997645,14.758685829418994,0.8713937361451073
real loopback TLS,original_worker_500,final_hybrid_500,event_loop_p95,0.019457389999995484,0.03589342100000749,84.47192043750893,0.5420879219061182
real loopback TLS,original_worker_500,final_hybrid_500,harness_version,2,2,0.0,1.0
real loopback TLS,original_worker_500,final_hybrid_500,loopback_interface_bytes.received,1250992,1873390,49.7523565298579,0.6677691244215033
real loopback TLS,original_worker_500,final_hybrid_500,loopback_interface_bytes.transmitted,1250992,1873390,49.7523565298579,0.6677691244215033
real loopback TLS,original_worker_500,final_hybrid_500,median_latency,2.6368467125000166,2.63449823900001,-0.0890637096526592,1.000891431038078
real loopback TLS,original_worker_500,final_hybrid_500,new_tls_connections,28,51,82.14285714285714,0.5490196078431373
real loopback TLS,original_worker_500,final_hybrid_500,p95_latency,4.175682952000045,4.866575453999985,16.545616847395483,0.8580331264704681
real loopback TLS,original_worker_500,final_hybrid_500,p99_latency,4.919193371999995,5.994621403999986,21.861877561498556,0.8206011757002039
real loopback TLS,original_worker_500,final_hybrid_500,peak_active_jobs,500,500,0.0,1.0
real loopback TLS,original_worker_500,final_hybrid_500,peak_admitted_requests,500,187,-62.6,2.6737967914438503
real loopback TLS,original_worker_500,final_hybrid_500,peak_rss_bytes,63848448,74084352,16.031562740569672,0.8618344667440704
real loopback TLS,original_worker_500,final_hybrid_500,sampled_average_active_connections,11.475919596768787,18.687687121079577,62.84261111712015,0.6140898829488659
real loopback TLS,original_worker_500,final_hybrid_500,sampled_average_idle_connections,16.106866595659735,31.130305817567532,93.27350625699052,0.5174014894055512
real loopback TLS,original_worker_500,final_hybrid_500,sampled_peak_active_connections,25,47,87.99999999999999,0.5319148936170213
real loopback TLS,original_worker_500,final_hybrid_500,server_requests,1000,1000,0.0,1.0
real loopback TLS,original_worker_500,final_hybrid_500,successful_requests,1000,1000,0.0,1.0
real loopback TLS,original_worker_500,final_hybrid_500,successful_rps,156.92225117260014,150.19914470520922,-4.284355097605708,1.044761283298824
real loopback TLS,first_hybrid_hybrid_1000,final_hybrid_1000,actual_connection_ceiling,1000,1000,0.0,1.0
real loopback TLS,first_hybrid_hybrid_1000,final_hybrid_1000,attempted_requests,2000,2000,0.0,1.0
real loopback TLS,first_hybrid_hybrid_1000,final_hybrid_1000,attempted_rps,148.48020832918232,147.98773184751548,-0.33167819954496025,1.0033278196477413
real loopback TLS,first_hybrid_hybrid_1000,final_hybrid_1000,average_latency,5.242795890866499,5.205671513245001,-0.7081026687720704,1.007131525208043
real loopback TLS,first_hybrid_hybrid_1000,final_hybrid_1000,backend_metrics.backend_connection_pools.direct.active,,0,,
real loopback TLS,first_hybrid_hybrid_1000,final_hybrid_1000,backend_metrics.backend_connection_pools.direct.idle_keepalive,,25,,
real loopback TLS,first_hybrid_hybrid_1000,final_hybrid_1000,backend_metrics.backend_connection_pools.worker.active,,0,,
real loopback TLS,first_hybrid_hybrid_1000,final_hybrid_1000,backend_metrics.backend_connection_pools.worker.idle_keepalive,,26,,
real loopback TLS,first_hybrid_hybrid_1000,final_hybrid_1000,backend_metrics.backend_failovers,0,0,,
real loopback TLS,first_hybrid_hybrid_1000,final_hybrid_1000,backend_metrics.backend_stages.backend_routing_calls,2000,2000,0.0,1.0
real loopback TLS,first_hybrid_hybrid_1000,final_hybrid_1000,backend_metrics.backend_stages.backend_routing_seconds,0.02365011400183903,0.022343055999840544,-5.526645672392306,1.0584995177923653
real loopback TLS,first_hybrid_hybrid_1000,final_hybrid_1000,backend_metrics.backend_stages.direct_admission_wait_seconds,0.014100346999953217,0.015711408998811294,11.425690437713488,0.8974591012823886
real loopback TLS,first_hybrid_hybrid_1000,final_hybrid_1000,backend_metrics.backend_stages.json_parsing_calls,2000,2000,0.0,1.0
real loopback TLS,first_hybrid_hybrid_1000,final_hybrid_1000,backend_metrics.backend_stages.json_parsing_seconds,0.03515909800250938,0.03383217699973784,-3.774047339544484,1.039220680442226
real loopback TLS,first_hybrid_hybrid_1000,final_hybrid_1000,backend_metrics.backend_stages.normalization_calls,2000,2000,0.0,1.0
real loopback TLS,first_hybrid_hybrid_1000,final_hybrid_1000,backend_metrics.backend_stages.normalization_seconds,0.04703468500292729,0.045010175000811614,-4.304291613709488,1.0449789409190071
real loopback TLS,first_hybrid_hybrid_1000,final_hybrid_1000,backend_metrics.backend_stages.proxy_selection_calls,2000,2000,0.0,1.0
real loopback TLS,first_hybrid_hybrid_1000,final_hybrid_1000,backend_metrics.backend_stages.proxy_selection_seconds,0.0030003419989270697,0.002638473001127295,-12.060924985524313,1.13715091935569
real loopback TLS,first_hybrid_hybrid_1000,final_hybrid_1000,backend_metrics.backend_stages.signing_calls,913,1012,10.843373493975905,0.9021739130434783
real loopback TLS,first_hybrid_hybrid_1000,final_hybrid_1000,backend_metrics.backend_stages.signing_seconds,24.128487575998065,27.74022270500018,14.96875888978182,0.8698015092592931
real loopback TLS,first_hybrid_hybrid_1000,final_hybrid_1000,backend_metrics.backend_stages.worker_admission_wait_seconds,0.0183598239989351,0.014756032999059698,-19.628679447495934,1.2442249214341716
real loopback TLS,first_hybrid_hybrid_1000,final_hybrid_1000,backend_metrics.backend_switches,0,0,,
real loopback TLS,first_hybrid_hybrid_1000,final_hybrid_1000,backend_metrics.cursor_chain_restarts,0,0,,
real loopback TLS,first_hybrid_hybrid_1000,final_hybrid_1000,backend_metrics.direct_429_count,,0,,
real loopback TLS,first_hybrid_hybrid_1000,final_hybrid_1000,backend_metrics.direct_active_requests,0,0,,
real loopback TLS,first_hybrid_hybrid_1000,final_hybrid_1000,backend_metrics.direct_average_latency,1.0478940689101863,1.0576598366324104,0.9319422651547615,0.9907666270534407
real loopback TLS,first_hybrid_hybrid_1000,final_hybrid_1000,backend_metrics.direct_connect_tcp_attempts,,25,,
real loopback TLS,first_hybrid_hybrid_1000,final_hybrid_1000,backend_metrics.direct_connect_tcp_seconds,,1.661597694000136,,
real loopback TLS,first_hybrid_hybrid_1000,final_hybrid_1000,backend_metrics.direct_connect_tcp_successful,,25,,
real loopback TLS,first_hybrid_hybrid_1000,final_hybrid_1000,backend_metrics.direct_connection_pool_wait_seconds,,0.0024781080004459,,
real loopback TLS,first_hybrid_hybrid_1000,final_hybrid_1000,backend_metrics.direct_cooldown_count,,0,,
real loopback TLS,first_hybrid_hybrid_1000,final_hybrid_1000,backend_metrics.direct_cooldown_remaining_seconds,,0.0,,
real loopback TLS,first_hybrid_hybrid_1000,final_hybrid_1000,backend_metrics.direct_followers_received,0,0,,
real loopback TLS,first_hybrid_hybrid_1000,final_hybrid_1000,backend_metrics.direct_following_received,0,0,,
real loopback TLS,first_hybrid_hybrid_1000,final_hybrid_1000,backend_metrics.direct_http_error_rate,0.0,0.0,,
real loopback TLS,first_hybrid_hybrid_1000,final_hybrid_1000,backend_metrics.direct_invalid_response_rate,0.0,0.0,,
real loopback TLS,first_hybrid_hybrid_1000,final_hybrid_1000,backend_metrics.direct_latency_seconds,956.7272849150002,1070.3517546719993,11.876369739689618,0.8938438048416911
real loopback TLS,first_hybrid_hybrid_1000,final_hybrid_1000,backend_metrics.direct_median_latency,0.7598498119999704,0.7185752240000056,-5.4319402792675,1.057439481102906
real loopback TLS,first_hybrid_hybrid_1000,final_hybrid_1000,backend_metrics.direct_network_error_rate,0.0,0.0,,
real loopback TLS,first_hybrid_hybrid_1000,final_hybrid_1000,backend_metrics.direct_new_connection_requests,,25,,
real loopback TLS,first_hybrid_hybrid_1000,final_hybrid_1000,backend_metrics.direct_p95_latency,2.993928121000067,3.0651986749999764,2.380503175744342,0.97674847161419
real loopback TLS,first_hybrid_hybrid_1000,final_hybrid_1000,backend_metrics.direct_p99_latency,4.418338518000041,5.065627086999996,14.65004472525,0.8722194591344669
real loopback TLS,first_hybrid_hybrid_1000,final_hybrid_1000,backend_metrics.direct_peak_active_requests,98,100,2.0408163265306145,0.98
real loopback TLS,first_hybrid_hybrid_1000,final_hybrid_1000,backend_metrics.direct_profile_received,913,1012,10.843373493975905,0.9021739130434783
real loopback TLS,first_hybrid_hybrid_1000,final_hybrid_1000,backend_metrics.direct_recent_success_percent,100.0,100.0,0.0,1.0
real loopback TLS,first_hybrid_hybrid_1000,final_hybrid_1000,backend_metrics.direct_records,913,1012,10.843373493975905,0.9021739130434783
real loopback TLS,first_hybrid_hybrid_1000,final_hybrid_1000,backend_metrics.direct_records_per_second,67.82997114209086,74.93122270757478,10.469194437084672,0.9052297385670972
real loopback TLS,first_hybrid_hybrid_1000,final_hybrid_1000,backend_metrics.direct_recovery_429s,,0,,
real loopback TLS,first_hybrid_hybrid_1000,final_hybrid_1000,backend_metrics.direct_recovery_attempts,,0,,
real loopback TLS,first_hybrid_hybrid_1000,final_hybrid_1000,backend_metrics.direct_recovery_successes,,0,,
real loopback TLS,first_hybrid_hybrid_1000,final_hybrid_1000,backend_metrics.direct_requests_failed,0,0,,
real loopback TLS,first_hybrid_hybrid_1000,final_hybrid_1000,backend_metrics.direct_requests_per_second,67.82997114209086,74.93122270757478,10.469194437084672,0.9052297385670972
real loopback TLS,first_hybrid_hybrid_1000,final_hybrid_1000,backend_metrics.direct_requests_successful,913,1012,10.843373493975905,0.9021739130434783
real loopback TLS,first_hybrid_hybrid_1000,final_hybrid_1000,backend_metrics.direct_requests_total,913,1012,10.843373493975905,0.9021739130434783
real loopback TLS,first_hybrid_hybrid_1000,final_hybrid_1000,backend_metrics.direct_response_body_bytes,286586,317674,10.847703656145091,0.9021386704609128
real loopback TLS,first_hybrid_hybrid_1000,final_hybrid_1000,backend_metrics.direct_reused_connection_requests,,987,,
real loopback TLS,first_hybrid_hybrid_1000,final_hybrid_1000,backend_metrics.direct_risk_control_count,0,0,,
real loopback TLS,first_hybrid_hybrid_1000,final_hybrid_1000,backend_metrics.direct_risk_control_rate,0.0,0.0,,
real loopback TLS,first_hybrid_hybrid_1000,final_hybrid_1000,backend_metrics.direct_successful_rps,67.82997114209086,74.93122270757478,10.469194437084672,0.9052297385670972
real loopback TLS,first_hybrid_hybrid_1000,final_hybrid_1000,backend_metrics.direct_timeout_rate,0.0,0.0,,
real loopback TLS,first_hybrid_hybrid_1000,final_hybrid_1000,backend_metrics.direct_tls_handshake_attempts,,25,,
real loopback TLS,first_hybrid_hybrid_1000,final_hybrid_1000,backend_metrics.direct_tls_handshake_seconds,,1.3236045310000577,,
real loopback TLS,first_hybrid_hybrid_1000,final_hybrid_1000,backend_metrics.direct_tls_handshake_successful,,25,,
real loopback TLS,first_hybrid_hybrid_1000,final_hybrid_1000,backend_metrics.findtik_429_count,,0,,
real loopback TLS,first_hybrid_hybrid_1000,final_hybrid_1000,backend_metrics.findtik_jobs_moved_to_direct,,0,,
real loopback TLS,first_hybrid_hybrid_1000,final_hybrid_1000,backend_metrics.findtik_requests_cancelled_after_429,,0,,
real loopback TLS,first_hybrid_hybrid_1000,final_hybrid_1000,backend_metrics.hybrid_records_per_second,148.58701235945423,148.08542037070114,-0.3375745839344746,1.0033871800984693
real loopback TLS,first_hybrid_hybrid_1000,final_hybrid_1000,backend_metrics.hybrid_total_successful_rps,148.58701235945423,148.08542037070114,-0.3375745839344746,1.0033871800984693
real loopback TLS,first_hybrid_hybrid_1000,final_hybrid_1000,backend_metrics.worker_429_count,,0,,
real loopback TLS,first_hybrid_hybrid_1000,final_hybrid_1000,backend_metrics.worker_active_requests,0,0,,
real loopback TLS,first_hybrid_hybrid_1000,final_hybrid_1000,backend_metrics.worker_average_latency,1.0455928538776447,1.1208853370516192,7.200937046838818,0.9328276669476075
real loopback TLS,first_hybrid_hybrid_1000,final_hybrid_1000,backend_metrics.worker_connect_tcp_attempts,,26,,
real loopback TLS,first_hybrid_hybrid_1000,final_hybrid_1000,backend_metrics.worker_connect_tcp_seconds,,1.4787189359999502,,
real loopback TLS,first_hybrid_hybrid_1000,final_hybrid_1000,backend_metrics.worker_connect_tcp_successful,,26,,
real loopback TLS,first_hybrid_hybrid_1000,final_hybrid_1000,backend_metrics.worker_connection_pool_wait_seconds,,0.0022106949992348746,,
real loopback TLS,first_hybrid_hybrid_1000,final_hybrid_1000,backend_metrics.worker_followers_received,0,0,,
real loopback TLS,first_hybrid_hybrid_1000,final_hybrid_1000,backend_metrics.worker_following_received,0,0,,
real loopback TLS,first_hybrid_hybrid_1000,final_hybrid_1000,backend_metrics.worker_http_error_rate,0.0,0.0,,
real loopback TLS,first_hybrid_hybrid_1000,final_hybrid_1000,backend_metrics.worker_invalid_response_rate,0.0,0.0,,
real loopback TLS,first_hybrid_hybrid_1000,final_hybrid_1000,backend_metrics.worker_latency_seconds,1136.559432165001,1107.4347130069998,-2.5625337605550746,1.0262992651538974
real loopback TLS,first_hybrid_hybrid_1000,final_hybrid_1000,backend_metrics.worker_median_latency,0.6504905210000516,0.7542456950000087,15.95029760625042,0.8624384935999456
real loopback TLS,first_hybrid_hybrid_1000,final_hybrid_1000,backend_metrics.worker_network_error_rate,0.0,0.0,,
real loopback TLS,first_hybrid_hybrid_1000,final_hybrid_1000,backend_metrics.worker_new_connection_requests,,26,,
real loopback TLS,first_hybrid_hybrid_1000,final_hybrid_1000,backend_metrics.worker_p95_latency,3.494236987000022,3.4001221059999693,-2.693431537419988,1.0276798532717324
real loopback TLS,first_hybrid_hybrid_1000,final_hybrid_1000,backend_metrics.worker_p99_latency,5.5756549439998935,5.681287754999971,1.8945363739510501,0.9814068895019246
real loopback TLS,first_hybrid_hybrid_1000,final_hybrid_1000,backend_metrics.worker_peak_active_requests,110,102,-7.272727272727275,1.0784313725490196
real loopback TLS,first_hybrid_hybrid_1000,final_hybrid_1000,backend_metrics.worker_profile_received,1087,988,-9.107635694572213,1.1002024291497976
real loopback TLS,first_hybrid_hybrid_1000,final_hybrid_1000,backend_metrics.worker_recent_success_percent,100.0,100.0,0.0,1.0
real loopback TLS,first_hybrid_hybrid_1000,final_hybrid_1000,backend_metrics.worker_records,1087,988,-9.107635694572213,1.1002024291497976
real loopback TLS,first_hybrid_hybrid_1000,final_hybrid_1000,backend_metrics.worker_records_per_second,80.75704121736338,73.15419766312637,-9.414465215204471,1.1039290129221013
real loopback TLS,first_hybrid_hybrid_1000,final_hybrid_1000,backend_metrics.worker_requests_failed,0,0,,
real loopback TLS,first_hybrid_hybrid_1000,final_hybrid_1000,backend_metrics.worker_requests_per_second,80.75704121736338,73.15419766312637,-9.414465215204471,1.1039290129221013
real loopback TLS,first_hybrid_hybrid_1000,final_hybrid_1000,backend_metrics.worker_requests_successful,1087,988,-9.107635694572213,1.1002024291497976
real loopback TLS,first_hybrid_hybrid_1000,final_hybrid_1000,backend_metrics.worker_requests_total,1087,988,-9.107635694572213,1.1002024291497976
real loopback TLS,first_hybrid_hybrid_1000,final_hybrid_1000,backend_metrics.worker_response_body_bytes,507505,461270,-9.110255071378603,1.1002341361892167
real loopback TLS,first_hybrid_hybrid_1000,final_hybrid_1000,backend_metrics.worker_reused_connection_requests,,962,,
real loopback TLS,first_hybrid_hybrid_1000,final_hybrid_1000,backend_metrics.worker_risk_control_count,0,0,,
real loopback TLS,first_hybrid_hybrid_1000,final_hybrid_1000,backend_metrics.worker_risk_control_rate,0.0,0.0,,
real loopback TLS,first_hybrid_hybrid_1000,final_hybrid_1000,backend_metrics.worker_successful_rps,80.75704121736338,73.15419766312637,-9.414465215204471,1.1039290129221013
real loopback TLS,first_hybrid_hybrid_1000,final_hybrid_1000,backend_metrics.worker_timeout_rate,0.0,0.0,,
real loopback TLS,first_hybrid_hybrid_1000,final_hybrid_1000,backend_metrics.worker_tls_handshake_attempts,,26,,
real loopback TLS,first_hybrid_hybrid_1000,final_hybrid_1000,backend_metrics.worker_tls_handshake_seconds,,1.2540951989998916,,
real loopback TLS,first_hybrid_hybrid_1000,final_hybrid_1000,backend_metrics.worker_tls_handshake_successful,,26,,
real loopback TLS,first_hybrid_hybrid_1000,final_hybrid_1000,configured_workers,1000,1000,0.0,1.0
real loopback TLS,first_hybrid_hybrid_1000,final_hybrid_1000,cpu_percent_of_one_core,101.70959200201692,102.22432173058685,0.5060778619185857,0.99496470389966
real loopback TLS,first_hybrid_hybrid_1000,final_hybrid_1000,cpu_seconds,13.700087459,13.815242717,0.8405439625449374,0.9916646228836574
real loopback TLS,first_hybrid_hybrid_1000,final_hybrid_1000,elapsed_seconds,13.469808687000068,13.514633780999986,0.33278196477415367,0.9966832180045502
real loopback TLS,first_hybrid_hybrid_1000,final_hybrid_1000,event_loop_max,0.04195130400010384,0.040287639000023315,-3.965705094831873,1.0412946760191026
real loopback TLS,first_hybrid_hybrid_1000,final_hybrid_1000,event_loop_p95,0.03766841100000874,0.0379814919999535,0.8311500050922849,0.9917570115480154
real loopback TLS,first_hybrid_hybrid_1000,final_hybrid_1000,harness_version,2,2,0.0,1.0
real loopback TLS,first_hybrid_hybrid_1000,final_hybrid_1000,loopback_interface_bytes.received,3580594,3696728,3.243428325020936,0.9685846510752211
real loopback TLS,first_hybrid_hybrid_1000,final_hybrid_1000,loopback_interface_bytes.transmitted,3580594,3696728,3.243428325020936,0.9685846510752211
real loopback TLS,first_hybrid_hybrid_1000,final_hybrid_1000,median_latency,5.556376904500041,5.795406297499994,4.30189307003932,0.9587553692131879
real loopback TLS,first_hybrid_hybrid_1000,final_hybrid_1000,new_tls_connections,52,51,-1.9230769230769273,1.0196078431372548
real loopback TLS,first_hybrid_hybrid_1000,final_hybrid_1000,p95_latency,8.663673646000007,8.463909716000046,-2.3057647155510175,1.0236018502917545
real loopback TLS,first_hybrid_hybrid_1000,final_hybrid_1000,p99_latency,10.452479627000002,10.392186601000049,-0.576829882970642,1.0058017651448015
real loopback TLS,first_hybrid_hybrid_1000,final_hybrid_1000,peak_active_jobs,1000,1000,0.0,1.0
real loopback TLS,first_hybrid_hybrid_1000,final_hybrid_1000,peak_admitted_requests,1000,202,-79.80000000000001,4.9504950495049505
real loopback TLS,first_hybrid_hybrid_1000,final_hybrid_1000,peak_rss_bytes,79245312,77578240,-2.1036853258903143,1.0214889123548045
real loopback TLS,first_hybrid_hybrid_1000,final_hybrid_1000,sampled_average_active_connections,19.791136599236463,20.38467215443963,2.9989968096428843,0.9708832425311339
real loopback TLS,first_hybrid_hybrid_1000,final_hybrid_1000,sampled_average_idle_connections,31.463445338983966,29.999599897556436,-4.65252748278584,1.0487954988208614
real loopback TLS,first_hybrid_hybrid_1000,final_hybrid_1000,sampled_peak_active_connections,48,45,-6.25,1.0666666666666667
real loopback TLS,first_hybrid_hybrid_1000,final_hybrid_1000,server_requests,2000,2000,0.0,1.0
real loopback TLS,first_hybrid_hybrid_1000,final_hybrid_1000,successful_requests,2000,2000,0.0,1.0
real loopback TLS,first_hybrid_hybrid_1000,final_hybrid_1000,successful_rps,148.48020832918232,147.98773184751548,-0.33167819954496025,1.0033278196477413
real loopback TLS,original_worker_1000,final_hybrid_1000,actual_connection_ceiling,1000,1000,0.0,1.0
real loopback TLS,original_worker_1000,final_hybrid_1000,attempted_requests,2000,2000,0.0,1.0
real loopback TLS,original_worker_1000,final_hybrid_1000,attempted_rps,154.88696844371447,147.98773184751548,-4.454368669954412,1.046620327983051
real loopback TLS,original_worker_1000,final_hybrid_1000,average_latency,4.9134200053975,5.205671513245001,5.948026171718612,0.9438590185523782
real loopback TLS,original_worker_1000,final_hybrid_1000,backend_metrics.backend_connection_pools.direct.active,,0,,
real loopback TLS,original_worker_1000,final_hybrid_1000,backend_metrics.backend_connection_pools.direct.idle_keepalive,,25,,
real loopback TLS,original_worker_1000,final_hybrid_1000,backend_metrics.backend_connection_pools.worker.active,,0,,
real loopback TLS,original_worker_1000,final_hybrid_1000,backend_metrics.backend_connection_pools.worker.idle_keepalive,,26,,
real loopback TLS,original_worker_1000,final_hybrid_1000,backend_metrics.backend_failovers,,0,,
real loopback TLS,original_worker_1000,final_hybrid_1000,backend_metrics.backend_stages.backend_routing_calls,,2000,,
real loopback TLS,original_worker_1000,final_hybrid_1000,backend_metrics.backend_stages.backend_routing_seconds,,0.022343055999840544,,
real loopback TLS,original_worker_1000,final_hybrid_1000,backend_metrics.backend_stages.direct_admission_wait_seconds,,0.015711408998811294,,
real loopback TLS,original_worker_1000,final_hybrid_1000,backend_metrics.backend_stages.json_parsing_calls,,2000,,
real loopback TLS,original_worker_1000,final_hybrid_1000,backend_metrics.backend_stages.json_parsing_seconds,,0.03383217699973784,,
real loopback TLS,original_worker_1000,final_hybrid_1000,backend_metrics.backend_stages.normalization_calls,,2000,,
real loopback TLS,original_worker_1000,final_hybrid_1000,backend_metrics.backend_stages.normalization_seconds,,0.045010175000811614,,
real loopback TLS,original_worker_1000,final_hybrid_1000,backend_metrics.backend_stages.proxy_selection_calls,,2000,,
real loopback TLS,original_worker_1000,final_hybrid_1000,backend_metrics.backend_stages.proxy_selection_seconds,,0.002638473001127295,,
real loopback TLS,original_worker_1000,final_hybrid_1000,backend_metrics.backend_stages.signing_calls,,1012,,
real loopback TLS,original_worker_1000,final_hybrid_1000,backend_metrics.backend_stages.signing_seconds,,27.74022270500018,,
real loopback TLS,original_worker_1000,final_hybrid_1000,backend_metrics.backend_stages.worker_admission_wait_seconds,,0.014756032999059698,,
real loopback TLS,original_worker_1000,final_hybrid_1000,backend_metrics.backend_switches,,0,,
real loopback TLS,original_worker_1000,final_hybrid_1000,backend_metrics.cursor_chain_restarts,,0,,
real loopback TLS,original_worker_1000,final_hybrid_1000,backend_metrics.direct_429_count,,0,,
real loopback TLS,original_worker_1000,final_hybrid_1000,backend_metrics.direct_active_requests,,0,,
real loopback TLS,original_worker_1000,final_hybrid_1000,backend_metrics.direct_average_latency,,1.0576598366324104,,
real loopback TLS,original_worker_1000,final_hybrid_1000,backend_metrics.direct_connect_tcp_attempts,,25,,
real loopback TLS,original_worker_1000,final_hybrid_1000,backend_metrics.direct_connect_tcp_seconds,,1.661597694000136,,
real loopback TLS,original_worker_1000,final_hybrid_1000,backend_metrics.direct_connect_tcp_successful,,25,,
real loopback TLS,original_worker_1000,final_hybrid_1000,backend_metrics.direct_connection_pool_wait_seconds,,0.0024781080004459,,
real loopback TLS,original_worker_1000,final_hybrid_1000,backend_metrics.direct_cooldown_count,,0,,
real loopback TLS,original_worker_1000,final_hybrid_1000,backend_metrics.direct_cooldown_remaining_seconds,,0.0,,
real loopback TLS,original_worker_1000,final_hybrid_1000,backend_metrics.direct_followers_received,,0,,
real loopback TLS,original_worker_1000,final_hybrid_1000,backend_metrics.direct_following_received,,0,,
real loopback TLS,original_worker_1000,final_hybrid_1000,backend_metrics.direct_http_error_rate,,0.0,,
real loopback TLS,original_worker_1000,final_hybrid_1000,backend_metrics.direct_invalid_response_rate,,0.0,,
real loopback TLS,original_worker_1000,final_hybrid_1000,backend_metrics.direct_latency_seconds,,1070.3517546719993,,
real loopback TLS,original_worker_1000,final_hybrid_1000,backend_metrics.direct_median_latency,,0.7185752240000056,,
real loopback TLS,original_worker_1000,final_hybrid_1000,backend_metrics.direct_network_error_rate,,0.0,,
real loopback TLS,original_worker_1000,final_hybrid_1000,backend_metrics.direct_new_connection_requests,,25,,
real loopback TLS,original_worker_1000,final_hybrid_1000,backend_metrics.direct_p95_latency,,3.0651986749999764,,
real loopback TLS,original_worker_1000,final_hybrid_1000,backend_metrics.direct_p99_latency,,5.065627086999996,,
real loopback TLS,original_worker_1000,final_hybrid_1000,backend_metrics.direct_peak_active_requests,,100,,
real loopback TLS,original_worker_1000,final_hybrid_1000,backend_metrics.direct_profile_received,,1012,,
real loopback TLS,original_worker_1000,final_hybrid_1000,backend_metrics.direct_recent_success_percent,,100.0,,
real loopback TLS,original_worker_1000,final_hybrid_1000,backend_metrics.direct_records,,1012,,
real loopback TLS,original_worker_1000,final_hybrid_1000,backend_metrics.direct_records_per_second,,74.93122270757478,,
real loopback TLS,original_worker_1000,final_hybrid_1000,backend_metrics.direct_recovery_429s,,0,,
real loopback TLS,original_worker_1000,final_hybrid_1000,backend_metrics.direct_recovery_attempts,,0,,
real loopback TLS,original_worker_1000,final_hybrid_1000,backend_metrics.direct_recovery_successes,,0,,
real loopback TLS,original_worker_1000,final_hybrid_1000,backend_metrics.direct_requests_failed,,0,,
real loopback TLS,original_worker_1000,final_hybrid_1000,backend_metrics.direct_requests_per_second,,74.93122270757478,,
real loopback TLS,original_worker_1000,final_hybrid_1000,backend_metrics.direct_requests_successful,,1012,,
real loopback TLS,original_worker_1000,final_hybrid_1000,backend_metrics.direct_requests_total,,1012,,
real loopback TLS,original_worker_1000,final_hybrid_1000,backend_metrics.direct_response_body_bytes,,317674,,
real loopback TLS,original_worker_1000,final_hybrid_1000,backend_metrics.direct_reused_connection_requests,,987,,
real loopback TLS,original_worker_1000,final_hybrid_1000,backend_metrics.direct_risk_control_count,,0,,
real loopback TLS,original_worker_1000,final_hybrid_1000,backend_metrics.direct_risk_control_rate,,0.0,,
real loopback TLS,original_worker_1000,final_hybrid_1000,backend_metrics.direct_successful_rps,,74.93122270757478,,
real loopback TLS,original_worker_1000,final_hybrid_1000,backend_metrics.direct_timeout_rate,,0.0,,
real loopback TLS,original_worker_1000,final_hybrid_1000,backend_metrics.direct_tls_handshake_attempts,,25,,
real loopback TLS,original_worker_1000,final_hybrid_1000,backend_metrics.direct_tls_handshake_seconds,,1.3236045310000577,,
real loopback TLS,original_worker_1000,final_hybrid_1000,backend_metrics.direct_tls_handshake_successful,,25,,
real loopback TLS,original_worker_1000,final_hybrid_1000,backend_metrics.findtik_429_count,,0,,
real loopback TLS,original_worker_1000,final_hybrid_1000,backend_metrics.findtik_jobs_moved_to_direct,,0,,
real loopback TLS,original_worker_1000,final_hybrid_1000,backend_metrics.findtik_requests_cancelled_after_429,,0,,
real loopback TLS,original_worker_1000,final_hybrid_1000,backend_metrics.hybrid_records_per_second,,148.08542037070114,,
real loopback TLS,original_worker_1000,final_hybrid_1000,backend_metrics.hybrid_total_successful_rps,,148.08542037070114,,
real loopback TLS,original_worker_1000,final_hybrid_1000,backend_metrics.worker_429_count,,0,,
real loopback TLS,original_worker_1000,final_hybrid_1000,backend_metrics.worker_active_requests,,0,,
real loopback TLS,original_worker_1000,final_hybrid_1000,backend_metrics.worker_average_latency,,1.1208853370516192,,
real loopback TLS,original_worker_1000,final_hybrid_1000,backend_metrics.worker_connect_tcp_attempts,,26,,
real loopback TLS,original_worker_1000,final_hybrid_1000,backend_metrics.worker_connect_tcp_seconds,,1.4787189359999502,,
real loopback TLS,original_worker_1000,final_hybrid_1000,backend_metrics.worker_connect_tcp_successful,,26,,
real loopback TLS,original_worker_1000,final_hybrid_1000,backend_metrics.worker_connection_pool_wait_seconds,,0.0022106949992348746,,
real loopback TLS,original_worker_1000,final_hybrid_1000,backend_metrics.worker_followers_received,,0,,
real loopback TLS,original_worker_1000,final_hybrid_1000,backend_metrics.worker_following_received,,0,,
real loopback TLS,original_worker_1000,final_hybrid_1000,backend_metrics.worker_http_error_rate,,0.0,,
real loopback TLS,original_worker_1000,final_hybrid_1000,backend_metrics.worker_invalid_response_rate,,0.0,,
real loopback TLS,original_worker_1000,final_hybrid_1000,backend_metrics.worker_latency_seconds,,1107.4347130069998,,
real loopback TLS,original_worker_1000,final_hybrid_1000,backend_metrics.worker_median_latency,,0.7542456950000087,,
real loopback TLS,original_worker_1000,final_hybrid_1000,backend_metrics.worker_network_error_rate,,0.0,,
real loopback TLS,original_worker_1000,final_hybrid_1000,backend_metrics.worker_new_connection_requests,,26,,
real loopback TLS,original_worker_1000,final_hybrid_1000,backend_metrics.worker_p95_latency,,3.4001221059999693,,
real loopback TLS,original_worker_1000,final_hybrid_1000,backend_metrics.worker_p99_latency,,5.681287754999971,,
real loopback TLS,original_worker_1000,final_hybrid_1000,backend_metrics.worker_peak_active_requests,,102,,
real loopback TLS,original_worker_1000,final_hybrid_1000,backend_metrics.worker_profile_received,,988,,
real loopback TLS,original_worker_1000,final_hybrid_1000,backend_metrics.worker_recent_success_percent,,100.0,,
real loopback TLS,original_worker_1000,final_hybrid_1000,backend_metrics.worker_records,,988,,
real loopback TLS,original_worker_1000,final_hybrid_1000,backend_metrics.worker_records_per_second,,73.15419766312637,,
real loopback TLS,original_worker_1000,final_hybrid_1000,backend_metrics.worker_requests_failed,,0,,
real loopback TLS,original_worker_1000,final_hybrid_1000,backend_metrics.worker_requests_per_second,,73.15419766312637,,
real loopback TLS,original_worker_1000,final_hybrid_1000,backend_metrics.worker_requests_successful,,988,,
real loopback TLS,original_worker_1000,final_hybrid_1000,backend_metrics.worker_requests_total,,988,,
real loopback TLS,original_worker_1000,final_hybrid_1000,backend_metrics.worker_response_body_bytes,,461270,,
real loopback TLS,original_worker_1000,final_hybrid_1000,backend_metrics.worker_reused_connection_requests,,962,,
real loopback TLS,original_worker_1000,final_hybrid_1000,backend_metrics.worker_risk_control_count,,0,,
real loopback TLS,original_worker_1000,final_hybrid_1000,backend_metrics.worker_risk_control_rate,,0.0,,
real loopback TLS,original_worker_1000,final_hybrid_1000,backend_metrics.worker_successful_rps,,73.15419766312637,,
real loopback TLS,original_worker_1000,final_hybrid_1000,backend_metrics.worker_timeout_rate,,0.0,,
real loopback TLS,original_worker_1000,final_hybrid_1000,backend_metrics.worker_tls_handshake_attempts,,26,,
real loopback TLS,original_worker_1000,final_hybrid_1000,backend_metrics.worker_tls_handshake_seconds,,1.2540951989998916,,
real loopback TLS,original_worker_1000,final_hybrid_1000,backend_metrics.worker_tls_handshake_successful,,26,,
real loopback TLS,original_worker_1000,final_hybrid_1000,configured_workers,1000,1000,0.0,1.0
real loopback TLS,original_worker_1000,final_hybrid_1000,cpu_percent_of_one_core,99.81135737610377,102.22432173058685,2.417524836768492,0.9763953987306223
real loopback TLS,original_worker_1000,final_hybrid_1000,cpu_seconds,12.888283421,13.815242717,7.192263435870938,0.932903147994689
real loopback TLS,original_worker_1000,final_hybrid_1000,elapsed_seconds,12.912642168000048,13.514633780999986,4.662032798305105,0.9554563133004559
real loopback TLS,original_worker_1000,final_hybrid_1000,event_loop_max,0.04108819700000367,0.040287639000023315,-1.948389217419988,1.0198710577202077
real loopback TLS,original_worker_1000,final_hybrid_1000,event_loop_p95,0.019587977999985923,0.0379814919999535,93.90205563831447,0.5157242901360986
real loopback TLS,original_worker_1000,final_hybrid_1000,harness_version,2,2,0.0,1.0
real loopback TLS,original_worker_1000,final_hybrid_1000,loopback_interface_bytes.received,2442444,3696728,51.35364413677448,0.6607042768632152
real loopback TLS,original_worker_1000,final_hybrid_1000,loopback_interface_bytes.transmitted,2442444,3696728,51.35364413677448,0.6607042768632152
real loopback TLS,original_worker_1000,final_hybrid_1000,median_latency,5.800078543499978,5.795406297499994,-0.08055487464424527,1.0008061981783745
real loopback TLS,original_worker_1000,final_hybrid_1000,new_tls_connections,28,51,82.14285714285714,0.5490196078431373
real loopback TLS,original_worker_1000,final_hybrid_1000,p95_latency,7.467304129000013,8.463909716000046,13.346256825533832,0.8822523372247149
real loopback TLS,original_worker_1000,final_hybrid_1000,p99_latency,8.620350253999959,10.392186601000049,20.554110851562356,0.8295030280894317
real loopback TLS,original_worker_1000,final_hybrid_1000,peak_active_jobs,1000,1000,0.0,1.0
real loopback TLS,original_worker_1000,final_hybrid_1000,peak_admitted_requests,1000,202,-79.80000000000001,4.9504950495049505
real loopback TLS,original_worker_1000,final_hybrid_1000,peak_rss_bytes,67715072,77578240,14.56569078151464,0.8728616684266104
real loopback TLS,original_worker_1000,final_hybrid_1000,sampled_average_active_connections,11.985247428952023,20.38467215443963,70.08136273597185,0.5879538968372237
real loopback TLS,original_worker_1000,final_hybrid_1000,sampled_average_idle_connections,15.792462364546726,29.999599897556436,89.9615095167427,0.5264224329149494
real loopback TLS,original_worker_1000,final_hybrid_1000,sampled_peak_active_connections,25,45,80.0,0.5555555555555556
real loopback TLS,original_worker_1000,final_hybrid_1000,server_requests,2000,2000,0.0,1.0
real loopback TLS,original_worker_1000,final_hybrid_1000,successful_requests,2000,2000,0.0,1.0
real loopback TLS,original_worker_1000,final_hybrid_1000,successful_rps,154.88696844371447,147.98773184751548,-4.454368669954412,1.046620327983051
real loopback TLS,first_hybrid_hybrid_2500,final_hybrid_2500,actual_connection_ceiling,2500,2500,0.0,1.0
real loopback TLS,first_hybrid_hybrid_2500,final_hybrid_2500,attempted_requests,5000,5000,0.0,1.0
real loopback TLS,first_hybrid_hybrid_2500,final_hybrid_2500,attempted_rps,148.1868308955644,145.3004102045392,-1.9478253725929595,1.0198651929954088
real loopback TLS,first_hybrid_hybrid_2500,final_hybrid_2500,average_latency,12.8759709309472,13.1130485172198,1.841240459022675,0.9819204827953413
real loopback TLS,first_hybrid_hybrid_2500,final_hybrid_2500,backend_metrics.backend_connection_pools.direct.active,,0,,
real loopback TLS,first_hybrid_hybrid_2500,final_hybrid_2500,backend_metrics.backend_connection_pools.direct.idle_keepalive,,27,,
real loopback TLS,first_hybrid_hybrid_2500,final_hybrid_2500,backend_metrics.backend_connection_pools.worker.active,,0,,
real loopback TLS,first_hybrid_hybrid_2500,final_hybrid_2500,backend_metrics.backend_connection_pools.worker.idle_keepalive,,25,,
real loopback TLS,first_hybrid_hybrid_2500,final_hybrid_2500,backend_metrics.backend_failovers,0,0,,
real loopback TLS,first_hybrid_hybrid_2500,final_hybrid_2500,backend_metrics.backend_stages.backend_routing_calls,5000,5000,0.0,1.0
real loopback TLS,first_hybrid_hybrid_2500,final_hybrid_2500,backend_metrics.backend_stages.backend_routing_seconds,0.05797070100084056,0.054061274999185116,-6.743796321522422,1.0723147206889658
real loopback TLS,first_hybrid_hybrid_2500,final_hybrid_2500,backend_metrics.backend_stages.direct_admission_wait_seconds,0.05110430100080521,0.04058061200061047,-20.59257008530245,1.259328001264161
real loopback TLS,first_hybrid_hybrid_2500,final_hybrid_2500,backend_metrics.backend_stages.json_parsing_calls,5000,5000,0.0,1.0
real loopback TLS,first_hybrid_hybrid_2500,final_hybrid_2500,backend_metrics.backend_stages.json_parsing_seconds,0.09126144200206454,0.08588319900081842,-5.8932259706398815,1.0626227604911977
real loopback TLS,first_hybrid_hybrid_2500,final_hybrid_2500,backend_metrics.backend_stages.normalization_calls,5000,5000,0.0,1.0
real loopback TLS,first_hybrid_hybrid_2500,final_hybrid_2500,backend_metrics.backend_stages.normalization_seconds,0.11824983700228131,0.11309907199779445,-4.355832646422575,1.0455420624900202
real loopback TLS,first_hybrid_hybrid_2500,final_hybrid_2500,backend_metrics.backend_stages.proxy_selection_calls,5000,5000,0.0,1.0
real loopback TLS,first_hybrid_hybrid_2500,final_hybrid_2500,backend_metrics.backend_stages.proxy_selection_seconds,0.0069833779986083755,0.0061425530021779196,-12.04037639947333,1.1368852651547867
real loopback TLS,first_hybrid_hybrid_2500,final_hybrid_2500,backend_metrics.backend_stages.signing_calls,2455,2375,-3.258655804480648,1.0336842105263158
real loopback TLS,first_hybrid_hybrid_2500,final_hybrid_2500,backend_metrics.backend_stages.signing_seconds,70.22577009700092,66.55640223100016,-5.225101641366637,1.0551317039834174
real loopback TLS,first_hybrid_hybrid_2500,final_hybrid_2500,backend_metrics.backend_stages.worker_admission_wait_seconds,0.034267671999373306,0.041203598999459246,20.24043827725672,0.8316669619035714
real loopback TLS,first_hybrid_hybrid_2500,final_hybrid_2500,backend_metrics.backend_switches,0,0,,
real loopback TLS,first_hybrid_hybrid_2500,final_hybrid_2500,backend_metrics.cursor_chain_restarts,0,0,,
real loopback TLS,first_hybrid_hybrid_2500,final_hybrid_2500,backend_metrics.direct_429_count,,0,,
real loopback TLS,first_hybrid_hybrid_2500,final_hybrid_2500,backend_metrics.direct_active_requests,0,0,,
real loopback TLS,first_hybrid_hybrid_2500,final_hybrid_2500,backend_metrics.direct_average_latency,1.2418921843670054,1.2154454497987375,-2.129551574700339,1.0217588823691324
real loopback TLS,first_hybrid_hybrid_2500,final_hybrid_2500,backend_metrics.direct_connect_tcp_attempts,,27,,
real loopback TLS,first_hybrid_hybrid_2500,final_hybrid_2500,backend_metrics.direct_connect_tcp_seconds,,1.567228387000057,,
real loopback TLS,first_hybrid_hybrid_2500,final_hybrid_2500,backend_metrics.direct_connect_tcp_successful,,27,,
real loopback TLS,first_hybrid_hybrid_2500,final_hybrid_2500,backend_metrics.direct_connection_pool_wait_seconds,,0.0055681839995713744,,
real loopback TLS,first_hybrid_hybrid_2500,final_hybrid_2500,backend_metrics.direct_cooldown_count,,0,,
real loopback TLS,first_hybrid_hybrid_2500,final_hybrid_2500,backend_metrics.direct_cooldown_remaining_seconds,,0.0,,
real loopback TLS,first_hybrid_hybrid_2500,final_hybrid_2500,backend_metrics.direct_followers_received,0,0,,
real loopback TLS,first_hybrid_hybrid_2500,final_hybrid_2500,backend_metrics.direct_following_received,0,0,,
real loopback TLS,first_hybrid_hybrid_2500,final_hybrid_2500,backend_metrics.direct_http_error_rate,0.0,0.0,,
real loopback TLS,first_hybrid_hybrid_2500,final_hybrid_2500,backend_metrics.direct_invalid_response_rate,0.0,0.0,,
real loopback TLS,first_hybrid_hybrid_2500,final_hybrid_2500,backend_metrics.direct_latency_seconds,3048.845312620997,2886.6829432720033,-5.318812623182501,1.0561760236699862
real loopback TLS,first_hybrid_hybrid_2500,final_hybrid_2500,backend_metrics.direct_median_latency,0.868428091999931,0.8653807420000135,-0.3509041252799272,1.0035213979835913
real loopback TLS,first_hybrid_hybrid_2500,final_hybrid_2500,backend_metrics.direct_network_error_rate,0.0,0.0,,
real loopback TLS,first_hybrid_hybrid_2500,final_hybrid_2500,backend_metrics.direct_new_connection_requests,,27,,
real loopback TLS,first_hybrid_hybrid_2500,final_hybrid_2500,backend_metrics.direct_p95_latency,3.6499598249999963,3.411061817000018,-6.545222946391704,1.0700362587418852
real loopback TLS,first_hybrid_hybrid_2500,final_hybrid_2500,backend_metrics.direct_p99_latency,5.835010631999921,5.325849123000012,-8.725973971797153,1.0956019401302721
real loopback TLS,first_hybrid_hybrid_2500,final_hybrid_2500,backend_metrics.direct_peak_active_requests,105,103,-1.904761904761909,1.0194174757281553
real loopback TLS,first_hybrid_hybrid_2500,final_hybrid_2500,backend_metrics.direct_profile_received,2455,2375,-3.258655804480648,1.0336842105263158
real loopback TLS,first_hybrid_hybrid_2500,final_hybrid_2500,backend_metrics.direct_recent_success_percent,100.0,100.0,0.0,1.0
real loopback TLS,first_hybrid_hybrid_2500,final_hybrid_2500,backend_metrics.direct_records,2455,2375,-3.258655804480648,1.0336842105263158
real loopback TLS,first_hybrid_hybrid_2500,final_hybrid_2500,backend_metrics.direct_records_per_second,72.78320142747108,69.0396701694506,-5.143400104144824,1.0542229018306777
real loopback TLS,first_hybrid_hybrid_2500,final_hybrid_2500,backend_metrics.direct_recovery_429s,,0,,
real loopback TLS,first_hybrid_hybrid_2500,final_hybrid_2500,backend_metrics.direct_recovery_attempts,,0,,
real loopback TLS,first_hybrid_hybrid_2500,final_hybrid_2500,backend_metrics.direct_recovery_successes,,0,,
real loopback TLS,first_hybrid_hybrid_2500,final_hybrid_2500,backend_metrics.direct_requests_failed,0,0,,
real loopback TLS,first_hybrid_hybrid_2500,final_hybrid_2500,backend_metrics.direct_requests_per_second,72.78320142747108,69.0396701694506,-5.143400104144824,1.0542229018306777
real loopback TLS,first_hybrid_hybrid_2500,final_hybrid_2500,backend_metrics.direct_requests_successful,2455,2375,-3.258655804480648,1.0336842105263158
real loopback TLS,first_hybrid_hybrid_2500,final_hybrid_2500,backend_metrics.direct_requests_total,2455,2375,-3.258655804480648,1.0336842105263158
real loopback TLS,first_hybrid_hybrid_2500,final_hybrid_2500,backend_metrics.direct_response_body_bytes,772270,747073,-3.262718997241898,1.033727627688325
real loopback TLS,first_hybrid_hybrid_2500,final_hybrid_2500,backend_metrics.direct_reused_connection_requests,,2348,,
real loopback TLS,first_hybrid_hybrid_2500,final_hybrid_2500,backend_metrics.direct_risk_control_count,0,0,,
real loopback TLS,first_hybrid_hybrid_2500,final_hybrid_2500,backend_metrics.direct_risk_control_rate,0.0,0.0,,
real loopback TLS,first_hybrid_hybrid_2500,final_hybrid_2500,backend_metrics.direct_successful_rps,72.78320142747108,69.0396701694506,-5.143400104144824,1.0542229018306777
real loopback TLS,first_hybrid_hybrid_2500,final_hybrid_2500,backend_metrics.direct_timeout_rate,0.0,0.0,,
real loopback TLS,first_hybrid_hybrid_2500,final_hybrid_2500,backend_metrics.direct_tls_handshake_attempts,,27,,
real loopback TLS,first_hybrid_hybrid_2500,final_hybrid_2500,backend_metrics.direct_tls_handshake_seconds,,1.3362534760000813,,
real loopback TLS,first_hybrid_hybrid_2500,final_hybrid_2500,backend_metrics.direct_tls_handshake_successful,,27,,
real loopback TLS,first_hybrid_hybrid_2500,final_hybrid_2500,backend_metrics.findtik_429_count,,0,,
real loopback TLS,first_hybrid_hybrid_2500,final_hybrid_2500,backend_metrics.findtik_jobs_moved_to_direct,,0,,
real loopback TLS,first_hybrid_hybrid_2500,final_hybrid_2500,backend_metrics.findtik_requests_cancelled_after_429,,0,,
real loopback TLS,first_hybrid_hybrid_2500,final_hybrid_2500,backend_metrics.hybrid_records_per_second,148.2346261251957,145.34667404094864,-1.948230423442321,1.0198694060480078
real loopback TLS,first_hybrid_hybrid_2500,final_hybrid_2500,backend_metrics.hybrid_total_successful_rps,148.2346261251957,145.34667404094864,-1.948230423442321,1.0198694060480078
real loopback TLS,first_hybrid_hybrid_2500,final_hybrid_2500,backend_metrics.worker_429_count,,0,,
real loopback TLS,first_hybrid_hybrid_2500,final_hybrid_2500,backend_metrics.worker_active_requests,0,0,,
real loopback TLS,first_hybrid_hybrid_2500,final_hybrid_2500,backend_metrics.worker_average_latency,1.2112104181178784,1.1945728982800001,-1.373627537297084,1.013927588564778
real loopback TLS,first_hybrid_hybrid_2500,final_hybrid_2500,backend_metrics.worker_connect_tcp_attempts,,25,,
real loopback TLS,first_hybrid_hybrid_2500,final_hybrid_2500,backend_metrics.worker_connect_tcp_seconds,,1.536949486000026,,
real loopback TLS,first_hybrid_hybrid_2500,final_hybrid_2500,backend_metrics.worker_connect_tcp_successful,,25,,
real loopback TLS,first_hybrid_hybrid_2500,final_hybrid_2500,backend_metrics.worker_connection_pool_wait_seconds,,0.006530537000799086,,
real loopback TLS,first_hybrid_hybrid_2500,final_hybrid_2500,backend_metrics.worker_followers_received,0,0,,
real loopback TLS,first_hybrid_hybrid_2500,final_hybrid_2500,backend_metrics.worker_following_received,0,0,,
real loopback TLS,first_hybrid_hybrid_2500,final_hybrid_2500,backend_metrics.worker_http_error_rate,0.0,0.0,,
real loopback TLS,first_hybrid_hybrid_2500,final_hybrid_2500,backend_metrics.worker_invalid_response_rate,0.0,0.0,,
real loopback TLS,first_hybrid_hybrid_2500,final_hybrid_2500,backend_metrics.worker_latency_seconds,3082.530514110009,3135.7538579850057,1.726612068603095,0.9830269382466144
real loopback TLS,first_hybrid_hybrid_2500,final_hybrid_2500,backend_metrics.worker_median_latency,0.8128151900000375,0.814425368000002,0.19809890609503444,0.9980229274980487
real loopback TLS,first_hybrid_hybrid_2500,final_hybrid_2500,backend_metrics.worker_network_error_rate,0.0,0.0,,
real loopback TLS,first_hybrid_hybrid_2500,final_hybrid_2500,backend_metrics.worker_new_connection_requests,,25,,
real loopback TLS,first_hybrid_hybrid_2500,final_hybrid_2500,backend_metrics.worker_p95_latency,3.670988833000024,3.5536999079999987,-3.195022658354807,1.0330047353565188
real loopback TLS,first_hybrid_hybrid_2500,final_hybrid_2500,backend_metrics.worker_p99_latency,5.590733062000027,5.2894539260000215,-5.388902182573996,1.0569584573785744
real loopback TLS,first_hybrid_hybrid_2500,final_hybrid_2500,backend_metrics.worker_peak_active_requests,105,117,11.428571428571432,0.8974358974358975
real loopback TLS,first_hybrid_hybrid_2500,final_hybrid_2500,backend_metrics.worker_profile_received,2545,2625,3.143418467583503,0.9695238095238096
real loopback TLS,first_hybrid_hybrid_2500,final_hybrid_2500,backend_metrics.worker_recent_success_percent,100.0,100.0,0.0,1.0
real loopback TLS,first_hybrid_hybrid_2500,final_hybrid_2500,backend_metrics.worker_records,2545,2625,3.143418467583503,0.9695238095238096
real loopback TLS,first_hybrid_hybrid_2500,final_hybrid_2500,backend_metrics.worker_records_per_second,75.4514246977246,76.30700387149803,1.1339470092195825,0.9887876717684496
real loopback TLS,first_hybrid_hybrid_2500,final_hybrid_2500,backend_metrics.worker_requests_failed,0,0,,
real loopback TLS,first_hybrid_hybrid_2500,final_hybrid_2500,backend_metrics.worker_requests_per_second,75.4514246977246,76.30700387149803,1.1339470092195825,0.9887876717684496
real loopback TLS,first_hybrid_hybrid_2500,final_hybrid_2500,backend_metrics.worker_requests_successful,2545,2625,3.143418467583503,0.9695238095238096
real loopback TLS,first_hybrid_hybrid_2500,final_hybrid_2500,backend_metrics.worker_requests_total,2545,2625,3.143418467583503,0.9695238095238096
real loopback TLS,first_hybrid_hybrid_2500,final_hybrid_2500,backend_metrics.worker_response_body_bytes,1189895,1227332,3.146243996318998,0.9694972509475839
real loopback TLS,first_hybrid_hybrid_2500,final_hybrid_2500,backend_metrics.worker_reused_connection_requests,,2600,,
real loopback TLS,first_hybrid_hybrid_2500,final_hybrid_2500,backend_metrics.worker_risk_control_count,0,0,,
real loopback TLS,first_hybrid_hybrid_2500,final_hybrid_2500,backend_metrics.worker_risk_control_rate,0.0,0.0,,
real loopback TLS,first_hybrid_hybrid_2500,final_hybrid_2500,backend_metrics.worker_successful_rps,75.4514246977246,76.30700387149803,1.1339470092195825,0.9887876717684496
real loopback TLS,first_hybrid_hybrid_2500,final_hybrid_2500,backend_metrics.worker_timeout_rate,0.0,0.0,,
real loopback TLS,first_hybrid_hybrid_2500,final_hybrid_2500,backend_metrics.worker_tls_handshake_attempts,,25,,
real loopback TLS,first_hybrid_hybrid_2500,final_hybrid_2500,backend_metrics.worker_tls_handshake_seconds,,1.2598949830001516,,
real loopback TLS,first_hybrid_hybrid_2500,final_hybrid_2500,backend_metrics.worker_tls_handshake_successful,,25,,
real loopback TLS,first_hybrid_hybrid_2500,final_hybrid_2500,configured_workers,2500,2500,0.0,1.0
real loopback TLS,first_hybrid_hybrid_2500,final_hybrid_2500,cpu_percent_of_one_core,101.85477707838959,101.64333615777491,-0.20759057815418203,1.002080224130842
real loopback TLS,first_hybrid_hybrid_2500,final_hybrid_2500,cpu_seconds,34.367013743,34.976961185,1.774804894487625,0.982561451271485
real loopback TLS,first_hybrid_hybrid_2500,final_hybrid_2500,elapsed_seconds,33.74118988700002,34.411465136000004,1.9865192995408565,0.9805217462740705
real loopback TLS,first_hybrid_hybrid_2500,final_hybrid_2500,event_loop_max,0.07494041499999639,0.05508545399997501,-26.494330195559147,1.360439273134254
real loopback TLS,first_hybrid_hybrid_2500,final_hybrid_2500,event_loop_p95,0.03829393900000923,0.03984289600002057,4.0449142617868805,0.9611233831995911
real loopback TLS,first_hybrid_hybrid_2500,final_hybrid_2500,harness_version,2,2,0.0,1.0
real loopback TLS,first_hybrid_hybrid_2500,final_hybrid_2500,loopback_interface_bytes.received,8929662,8840242,-1.0013816872351922,1.01011510770859
real loopback TLS,first_hybrid_hybrid_2500,final_hybrid_2500,loopback_interface_bytes.transmitted,8929662,8840242,-1.0013816872351922,1.01011510770859
real loopback TLS,first_hybrid_hybrid_2500,final_hybrid_2500,median_latency,15.01073591799991,15.158588044499993,0.9849758686567123,0.9902463127788654
real loopback TLS,first_hybrid_hybrid_2500,final_hybrid_2500,new_tls_connections,50,52,4.0000000000000036,0.9615384615384616
real loopback TLS,first_hybrid_hybrid_2500,final_hybrid_2500,p95_latency,19.01906451800005,19.487728283000024,2.4641788483151794,0.9759508261715241
real loopback TLS,first_hybrid_hybrid_2500,final_hybrid_2500,p99_latency,20.830783978,21.41623616999999,2.8105144415990546,0.9726631613812656
real loopback TLS,first_hybrid_hybrid_2500,final_hybrid_2500,peak_active_jobs,2500,2500,0.0,1.0
real loopback TLS,first_hybrid_hybrid_2500,final_hybrid_2500,peak_admitted_requests,2500,207,-91.72,12.077294685990339
real loopback TLS,first_hybrid_hybrid_2500,final_hybrid_2500,peak_rss_bytes,90140672,86204416,-4.36679238424138,1.0456618834933005
real loopback TLS,first_hybrid_hybrid_2500,final_hybrid_2500,sampled_average_active_connections,21.199475774047755,20.8089469681684,-1.8421625611961479,1.018767350720666
real loopback TLS,first_hybrid_hybrid_2500,final_hybrid_2500,sampled_average_idle_connections,28.441808331031705,30.868226597964387,8.531167352974943,0.921394309477672
real loopback TLS,first_hybrid_hybrid_2500,final_hybrid_2500,sampled_peak_active_connections,44,48,9.090909090909083,0.9166666666666666
real loopback TLS,first_hybrid_hybrid_2500,final_hybrid_2500,server_requests,5000,5000,0.0,1.0
real loopback TLS,first_hybrid_hybrid_2500,final_hybrid_2500,successful_requests,5000,5000,0.0,1.0
real loopback TLS,first_hybrid_hybrid_2500,final_hybrid_2500,successful_rps,148.1868308955644,145.3004102045392,-1.9478253725929595,1.0198651929954088
real loopback TLS,original_worker_2500,final_hybrid_2500,actual_connection_ceiling,2500,2500,0.0,1.0
real loopback TLS,original_worker_2500,final_hybrid_2500,attempted_requests,5000,5000,0.0,1.0
real loopback TLS,original_worker_2500,final_hybrid_2500,attempted_rps,159.16116640075634,145.3004102045392,-8.708629441252501,1.0953937857209446
real loopback TLS,original_worker_2500,final_hybrid_2500,average_latency,11.947600288699201,13.1130485172198,9.754663701153055,0.9111230140733365
real loopback TLS,original_worker_2500,final_hybrid_2500,backend_metrics.backend_connection_pools.direct.active,,0,,
real loopback TLS,original_worker_2500,final_hybrid_2500,backend_metrics.backend_connection_pools.direct.idle_keepalive,,27,,
real loopback TLS,original_worker_2500,final_hybrid_2500,backend_metrics.backend_connection_pools.worker.active,,0,,
real loopback TLS,original_worker_2500,final_hybrid_2500,backend_metrics.backend_connection_pools.worker.idle_keepalive,,25,,
real loopback TLS,original_worker_2500,final_hybrid_2500,backend_metrics.backend_failovers,,0,,
real loopback TLS,original_worker_2500,final_hybrid_2500,backend_metrics.backend_stages.backend_routing_calls,,5000,,
real loopback TLS,original_worker_2500,final_hybrid_2500,backend_metrics.backend_stages.backend_routing_seconds,,0.054061274999185116,,
real loopback TLS,original_worker_2500,final_hybrid_2500,backend_metrics.backend_stages.direct_admission_wait_seconds,,0.04058061200061047,,
real loopback TLS,original_worker_2500,final_hybrid_2500,backend_metrics.backend_stages.json_parsing_calls,,5000,,
real loopback TLS,original_worker_2500,final_hybrid_2500,backend_metrics.backend_stages.json_parsing_seconds,,0.08588319900081842,,
real loopback TLS,original_worker_2500,final_hybrid_2500,backend_metrics.backend_stages.normalization_calls,,5000,,
real loopback TLS,original_worker_2500,final_hybrid_2500,backend_metrics.backend_stages.normalization_seconds,,0.11309907199779445,,
real loopback TLS,original_worker_2500,final_hybrid_2500,backend_metrics.backend_stages.proxy_selection_calls,,5000,,
real loopback TLS,original_worker_2500,final_hybrid_2500,backend_metrics.backend_stages.proxy_selection_seconds,,0.0061425530021779196,,
real loopback TLS,original_worker_2500,final_hybrid_2500,backend_metrics.backend_stages.signing_calls,,2375,,
real loopback TLS,original_worker_2500,final_hybrid_2500,backend_metrics.backend_stages.signing_seconds,,66.55640223100016,,
real loopback TLS,original_worker_2500,final_hybrid_2500,backend_metrics.backend_stages.worker_admission_wait_seconds,,0.041203598999459246,,
real loopback TLS,original_worker_2500,final_hybrid_2500,backend_metrics.backend_switches,,0,,
real loopback TLS,original_worker_2500,final_hybrid_2500,backend_metrics.cursor_chain_restarts,,0,,
real loopback TLS,original_worker_2500,final_hybrid_2500,backend_metrics.direct_429_count,,0,,
real loopback TLS,original_worker_2500,final_hybrid_2500,backend_metrics.direct_active_requests,,0,,
real loopback TLS,original_worker_2500,final_hybrid_2500,backend_metrics.direct_average_latency,,1.2154454497987375,,
real loopback TLS,original_worker_2500,final_hybrid_2500,backend_metrics.direct_connect_tcp_attempts,,27,,
real loopback TLS,original_worker_2500,final_hybrid_2500,backend_metrics.direct_connect_tcp_seconds,,1.567228387000057,,
real loopback TLS,original_worker_2500,final_hybrid_2500,backend_metrics.direct_connect_tcp_successful,,27,,
real loopback TLS,original_worker_2500,final_hybrid_2500,backend_metrics.direct_connection_pool_wait_seconds,,0.0055681839995713744,,
real loopback TLS,original_worker_2500,final_hybrid_2500,backend_metrics.direct_cooldown_count,,0,,
real loopback TLS,original_worker_2500,final_hybrid_2500,backend_metrics.direct_cooldown_remaining_seconds,,0.0,,
real loopback TLS,original_worker_2500,final_hybrid_2500,backend_metrics.direct_followers_received,,0,,
real loopback TLS,original_worker_2500,final_hybrid_2500,backend_metrics.direct_following_received,,0,,
real loopback TLS,original_worker_2500,final_hybrid_2500,backend_metrics.direct_http_error_rate,,0.0,,
real loopback TLS,original_worker_2500,final_hybrid_2500,backend_metrics.direct_invalid_response_rate,,0.0,,
real loopback TLS,original_worker_2500,final_hybrid_2500,backend_metrics.direct_latency_seconds,,2886.6829432720033,,
real loopback TLS,original_worker_2500,final_hybrid_2500,backend_metrics.direct_median_latency,,0.8653807420000135,,
real loopback TLS,original_worker_2500,final_hybrid_2500,backend_metrics.direct_network_error_rate,,0.0,,
real loopback TLS,original_worker_2500,final_hybrid_2500,backend_metrics.direct_new_connection_requests,,27,,
real loopback TLS,original_worker_2500,final_hybrid_2500,backend_metrics.direct_p95_latency,,3.411061817000018,,
real loopback TLS,original_worker_2500,final_hybrid_2500,backend_metrics.direct_p99_latency,,5.325849123000012,,
real loopback TLS,original_worker_2500,final_hybrid_2500,backend_metrics.direct_peak_active_requests,,103,,
real loopback TLS,original_worker_2500,final_hybrid_2500,backend_metrics.direct_profile_received,,2375,,
real loopback TLS,original_worker_2500,final_hybrid_2500,backend_metrics.direct_recent_success_percent,,100.0,,
real loopback TLS,original_worker_2500,final_hybrid_2500,backend_metrics.direct_records,,2375,,
real loopback TLS,original_worker_2500,final_hybrid_2500,backend_metrics.direct_records_per_second,,69.0396701694506,,
real loopback TLS,original_worker_2500,final_hybrid_2500,backend_metrics.direct_recovery_429s,,0,,
real loopback TLS,original_worker_2500,final_hybrid_2500,backend_metrics.direct_recovery_attempts,,0,,
real loopback TLS,original_worker_2500,final_hybrid_2500,backend_metrics.direct_recovery_successes,,0,,
real loopback TLS,original_worker_2500,final_hybrid_2500,backend_metrics.direct_requests_failed,,0,,
real loopback TLS,original_worker_2500,final_hybrid_2500,backend_metrics.direct_requests_per_second,,69.0396701694506,,
real loopback TLS,original_worker_2500,final_hybrid_2500,backend_metrics.direct_requests_successful,,2375,,
real loopback TLS,original_worker_2500,final_hybrid_2500,backend_metrics.direct_requests_total,,2375,,
real loopback TLS,original_worker_2500,final_hybrid_2500,backend_metrics.direct_response_body_bytes,,747073,,
real loopback TLS,original_worker_2500,final_hybrid_2500,backend_metrics.direct_reused_connection_requests,,2348,,
real loopback TLS,original_worker_2500,final_hybrid_2500,backend_metrics.direct_risk_control_count,,0,,
real loopback TLS,original_worker_2500,final_hybrid_2500,backend_metrics.direct_risk_control_rate,,0.0,,
real loopback TLS,original_worker_2500,final_hybrid_2500,backend_metrics.direct_successful_rps,,69.0396701694506,,
real loopback TLS,original_worker_2500,final_hybrid_2500,backend_metrics.direct_timeout_rate,,0.0,,
real loopback TLS,original_worker_2500,final_hybrid_2500,backend_metrics.direct_tls_handshake_attempts,,27,,
real loopback TLS,original_worker_2500,final_hybrid_2500,backend_metrics.direct_tls_handshake_seconds,,1.3362534760000813,,
real loopback TLS,original_worker_2500,final_hybrid_2500,backend_metrics.direct_tls_handshake_successful,,27,,
real loopback TLS,original_worker_2500,final_hybrid_2500,backend_metrics.findtik_429_count,,0,,
real loopback TLS,original_worker_2500,final_hybrid_2500,backend_metrics.findtik_jobs_moved_to_direct,,0,,
real loopback TLS,original_worker_2500,final_hybrid_2500,backend_metrics.findtik_requests_cancelled_after_429,,0,,
real loopback TLS,original_worker_2500,final_hybrid_2500,backend_metrics.hybrid_records_per_second,,145.34667404094864,,
real loopback TLS,original_worker_2500,final_hybrid_2500,backend_metrics.hybrid_total_successful_rps,,145.34667404094864,,
real loopback TLS,original_worker_2500,final_hybrid_2500,backend_metrics.worker_429_count,,0,,
real loopback TLS,original_worker_2500,final_hybrid_2500,backend_metrics.worker_active_requests,,0,,
real loopback TLS,original_worker_2500,final_hybrid_2500,backend_metrics.worker_average_latency,,1.1945728982800001,,
real loopback TLS,original_worker_2500,final_hybrid_2500,backend_metrics.worker_connect_tcp_attempts,,25,,
real loopback TLS,original_worker_2500,final_hybrid_2500,backend_metrics.worker_connect_tcp_seconds,,1.536949486000026,,
real loopback TLS,original_worker_2500,final_hybrid_2500,backend_metrics.worker_connect_tcp_successful,,25,,
real loopback TLS,original_worker_2500,final_hybrid_2500,backend_metrics.worker_connection_pool_wait_seconds,,0.006530537000799086,,
real loopback TLS,original_worker_2500,final_hybrid_2500,backend_metrics.worker_followers_received,,0,,
real loopback TLS,original_worker_2500,final_hybrid_2500,backend_metrics.worker_following_received,,0,,
real loopback TLS,original_worker_2500,final_hybrid_2500,backend_metrics.worker_http_error_rate,,0.0,,
real loopback TLS,original_worker_2500,final_hybrid_2500,backend_metrics.worker_invalid_response_rate,,0.0,,
real loopback TLS,original_worker_2500,final_hybrid_2500,backend_metrics.worker_latency_seconds,,3135.7538579850057,,
real loopback TLS,original_worker_2500,final_hybrid_2500,backend_metrics.worker_median_latency,,0.814425368000002,,
real loopback TLS,original_worker_2500,final_hybrid_2500,backend_metrics.worker_network_error_rate,,0.0,,
real loopback TLS,original_worker_2500,final_hybrid_2500,backend_metrics.worker_new_connection_requests,,25,,
real loopback TLS,original_worker_2500,final_hybrid_2500,backend_metrics.worker_p95_latency,,3.5536999079999987,,
real loopback TLS,original_worker_2500,final_hybrid_2500,backend_metrics.worker_p99_latency,,5.2894539260000215,,
real loopback TLS,original_worker_2500,final_hybrid_2500,backend_metrics.worker_peak_active_requests,,117,,
real loopback TLS,original_worker_2500,final_hybrid_2500,backend_metrics.worker_profile_received,,2625,,
real loopback TLS,original_worker_2500,final_hybrid_2500,backend_metrics.worker_recent_success_percent,,100.0,,
real loopback TLS,original_worker_2500,final_hybrid_2500,backend_metrics.worker_records,,2625,,
real loopback TLS,original_worker_2500,final_hybrid_2500,backend_metrics.worker_records_per_second,,76.30700387149803,,
real loopback TLS,original_worker_2500,final_hybrid_2500,backend_metrics.worker_requests_failed,,0,,
real loopback TLS,original_worker_2500,final_hybrid_2500,backend_metrics.worker_requests_per_second,,76.30700387149803,,
real loopback TLS,original_worker_2500,final_hybrid_2500,backend_metrics.worker_requests_successful,,2625,,
real loopback TLS,original_worker_2500,final_hybrid_2500,backend_metrics.worker_requests_total,,2625,,
real loopback TLS,original_worker_2500,final_hybrid_2500,backend_metrics.worker_response_body_bytes,,1227332,,
real loopback TLS,original_worker_2500,final_hybrid_2500,backend_metrics.worker_reused_connection_requests,,2600,,
real loopback TLS,original_worker_2500,final_hybrid_2500,backend_metrics.worker_risk_control_count,,0,,
real loopback TLS,original_worker_2500,final_hybrid_2500,backend_metrics.worker_risk_control_rate,,0.0,,
real loopback TLS,original_worker_2500,final_hybrid_2500,backend_metrics.worker_successful_rps,,76.30700387149803,,
real loopback TLS,original_worker_2500,final_hybrid_2500,backend_metrics.worker_timeout_rate,,0.0,,
real loopback TLS,original_worker_2500,final_hybrid_2500,backend_metrics.worker_tls_handshake_attempts,,25,,
real loopback TLS,original_worker_2500,final_hybrid_2500,backend_metrics.worker_tls_handshake_seconds,,1.2598949830001516,,
real loopback TLS,original_worker_2500,final_hybrid_2500,backend_metrics.worker_tls_handshake_successful,,25,,
real loopback TLS,original_worker_2500,final_hybrid_2500,configured_workers,2500,2500,0.0,1.0
real loopback TLS,original_worker_2500,final_hybrid_2500,cpu_percent_of_one_core,99.9067494239218,101.64333615777491,1.738207622474519,0.9829148983150502
real loopback TLS,original_worker_2500,final_hybrid_2500,cpu_seconds,31.385403765,34.976961185,11.44340040004581,0.8973164820979287
real loopback TLS,original_worker_2500,final_hybrid_2500,elapsed_seconds,31.41469815199997,34.411465136000004,9.539378572094437,0.9129137055874751
real loopback TLS,original_worker_2500,final_hybrid_2500,event_loop_max,0.0408130790000132,0.05508545399997501,34.97010112850636,0.7409048312469516
real loopback TLS,original_worker_2500,final_hybrid_2500,event_loop_p95,0.019807967000001554,0.03984289600002057,101.14581168283169,0.49715178836376067
real loopback TLS,original_worker_2500,final_hybrid_2500,harness_version,2,2,0.0,1.0
real loopback TLS,original_worker_2500,final_hybrid_2500,loopback_interface_bytes.received,5984540,8840242,47.71798667900957,0.6769656305788914
real loopback TLS,original_worker_2500,final_hybrid_2500,loopback_interface_bytes.transmitted,5984540,8840242,47.71798667900957,0.6769656305788914
real loopback TLS,original_worker_2500,final_hybrid_2500,median_latency,15.120969042000013,15.158588044499993,0.24878698180976766,0.9975183043176882
real loopback TLS,original_worker_2500,final_hybrid_2500,new_tls_connections,28,52,85.71428571428572,0.5384615384615384
real loopback TLS,original_worker_2500,final_hybrid_2500,p95_latency,16.753413840000007,19.487728283000024,16.320938938854603,0.8596904470704635
real loopback TLS,original_worker_2500,final_hybrid_2500,p99_latency,18.03747652000004,21.41623616999999,18.731886615367532,0.8422337322403579
real loopback TLS,original_worker_2500,final_hybrid_2500,peak_active_jobs,2500,2500,0.0,1.0
real loopback TLS,original_worker_2500,final_hybrid_2500,peak_admitted_requests,2500,207,-91.72,12.077294685990339
real loopback TLS,original_worker_2500,final_hybrid_2500,peak_rss_bytes,77627392,86204416,11.048965808357947,0.9005036586524755
real loopback TLS,original_worker_2500,final_hybrid_2500,sampled_average_active_connections,12.350798391940009,20.8089469681684,68.48260580261827,0.5935330803059432
real loopback TLS,original_worker_2500,final_hybrid_2500,sampled_average_idle_connections,15.202836502301166,30.868226597964387,103.04254796986103,0.49250760985743575
real loopback TLS,original_worker_2500,final_hybrid_2500,sampled_peak_active_connections,25,48,92.0,0.5208333333333334
real loopback TLS,original_worker_2500,final_hybrid_2500,server_requests,5000,5000,0.0,1.0
real loopback TLS,original_worker_2500,final_hybrid_2500,successful_requests,5000,5000,0.0,1.0
real loopback TLS,original_worker_2500,final_hybrid_2500,successful_rps,159.16116640075634,145.3004102045392,-8.708629441252501,1.0953937857209446
real loopback TLS,first_hybrid_hybrid_5000,final_hybrid_5000,actual_connection_ceiling,5000,5000,0.0,1.0
real loopback TLS,first_hybrid_hybrid_5000,final_hybrid_5000,attempted_requests,10000,10000,0.0,1.0
real loopback TLS,first_hybrid_hybrid_5000,final_hybrid_5000,attempted_rps,149.34182547153267,148.87690266435004,-0.31131453343005155,1.0031228672739843
real loopback TLS,first_hybrid_hybrid_5000,final_hybrid_5000,average_latency,25.3608620072216,25.4767954697141,0.45713533893088076,0.9954494487883957
real loopback TLS,first_hybrid_hybrid_5000,final_hybrid_5000,backend_metrics.backend_connection_pools.direct.active,,0,,
real loopback TLS,first_hybrid_hybrid_5000,final_hybrid_5000,backend_metrics.backend_connection_pools.direct.idle_keepalive,,25,,
real loopback TLS,first_hybrid_hybrid_5000,final_hybrid_5000,backend_metrics.backend_connection_pools.worker.active,,0,,
real loopback TLS,first_hybrid_hybrid_5000,final_hybrid_5000,backend_metrics.backend_connection_pools.worker.idle_keepalive,,26,,
real loopback TLS,first_hybrid_hybrid_5000,final_hybrid_5000,backend_metrics.backend_failovers,0,0,,
real loopback TLS,first_hybrid_hybrid_5000,final_hybrid_5000,backend_metrics.backend_stages.backend_routing_calls,10000,10000,0.0,1.0
real loopback TLS,first_hybrid_hybrid_5000,final_hybrid_5000,backend_metrics.backend_stages.backend_routing_seconds,0.1259268970040921,0.10603959800215534,-15.792733304061723,1.1875459675123676
real loopback TLS,first_hybrid_hybrid_5000,final_hybrid_5000,backend_metrics.backend_stages.direct_admission_wait_seconds,0.07043618500142657,0.07977212100121278,13.254460047200368,0.8829674342036827
real loopback TLS,first_hybrid_hybrid_5000,final_hybrid_5000,backend_metrics.backend_stages.json_parsing_calls,10000,10000,0.0,1.0
real loopback TLS,first_hybrid_hybrid_5000,final_hybrid_5000,backend_metrics.backend_stages.json_parsing_seconds,0.1760616680038538,0.16733245400246233,-4.958043451684446,1.052166891673405
real loopback TLS,first_hybrid_hybrid_5000,final_hybrid_5000,backend_metrics.backend_stages.normalization_calls,10000,10000,0.0,1.0
real loopback TLS,first_hybrid_hybrid_5000,final_hybrid_5000,backend_metrics.backend_stages.normalization_seconds,0.24224755900627315,0.22483333800312266,-7.18860535667959,1.0774539094505131
real loopback TLS,first_hybrid_hybrid_5000,final_hybrid_5000,backend_metrics.backend_stages.proxy_selection_calls,10000,10000,0.0,1.0
real loopback TLS,first_hybrid_hybrid_5000,final_hybrid_5000,backend_metrics.backend_stages.proxy_selection_seconds,0.013426668995862201,0.012067734004745034,-10.121162527622896,1.1126089612666996
real loopback TLS,first_hybrid_hybrid_5000,final_hybrid_5000,backend_metrics.backend_stages.signing_calls,4752,4973,4.6506734006734,0.9555600241303036
real loopback TLS,first_hybrid_hybrid_5000,final_hybrid_5000,backend_metrics.backend_stages.signing_seconds,130.59895664000123,143.47619333900195,9.860137500559896,0.9102482690729415
real loopback TLS,first_hybrid_hybrid_5000,final_hybrid_5000,backend_metrics.backend_stages.worker_admission_wait_seconds,0.07583228599776248,0.08128002299741865,7.183928227901393,0.932975695641361
real loopback TLS,first_hybrid_hybrid_5000,final_hybrid_5000,backend_metrics.backend_switches,0,0,,
real loopback TLS,first_hybrid_hybrid_5000,final_hybrid_5000,backend_metrics.cursor_chain_restarts,0,0,,
real loopback TLS,first_hybrid_hybrid_5000,final_hybrid_5000,backend_metrics.direct_429_count,,0,,
real loopback TLS,first_hybrid_hybrid_5000,final_hybrid_5000,backend_metrics.direct_active_requests,0,0,,
real loopback TLS,first_hybrid_hybrid_5000,final_hybrid_5000,backend_metrics.direct_average_latency,1.3098571659318845,1.3350622670598151,1.9242633306509216,0.9811206550062722
real loopback TLS,first_hybrid_hybrid_5000,final_hybrid_5000,backend_metrics.direct_connect_tcp_attempts,,25,,
real loopback TLS,first_hybrid_hybrid_5000,final_hybrid_5000,backend_metrics.direct_connect_tcp_seconds,,1.6249531019999495,,
real loopback TLS,first_hybrid_hybrid_5000,final_hybrid_5000,backend_metrics.direct_connect_tcp_successful,,25,,
real loopback TLS,first_hybrid_hybrid_5000,final_hybrid_5000,backend_metrics.direct_connection_pool_wait_seconds,,0.012525618000324812,,
real loopback TLS,first_hybrid_hybrid_5000,final_hybrid_5000,backend_metrics.direct_cooldown_count,,0,,
real loopback TLS,first_hybrid_hybrid_5000,final_hybrid_5000,backend_metrics.direct_cooldown_remaining_seconds,,0.0,,
real loopback TLS,first_hybrid_hybrid_5000,final_hybrid_5000,backend_metrics.direct_followers_received,0,0,,
real loopback TLS,first_hybrid_hybrid_5000,final_hybrid_5000,backend_metrics.direct_following_received,0,0,,
real loopback TLS,first_hybrid_hybrid_5000,final_hybrid_5000,backend_metrics.direct_http_error_rate,0.0,0.0,,
real loopback TLS,first_hybrid_hybrid_5000,final_hybrid_5000,backend_metrics.direct_invalid_response_rate,0.0,0.0,,
real loopback TLS,first_hybrid_hybrid_5000,final_hybrid_5000,backend_metrics.direct_latency_seconds,5954.559941900977,6333.53185061902,6.364398249672454,0.9401642057454873
real loopback TLS,first_hybrid_hybrid_5000,final_hybrid_5000,backend_metrics.direct_median_latency,0.9352747660000205,0.9134477629999651,-2.3337530096535164,1.0238951846883622
real loopback TLS,first_hybrid_hybrid_5000,final_hybrid_5000,backend_metrics.direct_network_error_rate,0.0,0.0,,
real loopback TLS,first_hybrid_hybrid_5000,final_hybrid_5000,backend_metrics.direct_new_connection_requests,,25,,
real loopback TLS,first_hybrid_hybrid_5000,final_hybrid_5000,backend_metrics.direct_p95_latency,3.688263386000017,3.877764051999975,5.137937456399366,0.951131460434726
real loopback TLS,first_hybrid_hybrid_5000,final_hybrid_5000,backend_metrics.direct_p99_latency,5.701999267000019,6.0413487150000265,5.951411638440085,0.9438288594138857
real loopback TLS,first_hybrid_hybrid_5000,final_hybrid_5000,backend_metrics.direct_peak_active_requests,106,106,0.0,1.0
real loopback TLS,first_hybrid_hybrid_5000,final_hybrid_5000,backend_metrics.direct_profile_received,4752,4973,4.6506734006734,0.9555600241303036
real loopback TLS,first_hybrid_hybrid_5000,final_hybrid_5000,backend_metrics.direct_recent_success_percent,102.16981132075472,102.00676437429537,-0.1595842689260496,1.0015983934738002
real loopback TLS,first_hybrid_hybrid_5000,final_hybrid_5000,backend_metrics.direct_records,4752,4973,4.6506734006734,0.9555600241303036
real loopback TLS,first_hybrid_hybrid_5000,final_hybrid_5000,backend_metrics.direct_records_per_second,72.2,75.4,4.432132963988922,0.9575596816976127
real loopback TLS,first_hybrid_hybrid_5000,final_hybrid_5000,backend_metrics.direct_recovery_429s,,0,,
real loopback TLS,first_hybrid_hybrid_5000,final_hybrid_5000,backend_metrics.direct_recovery_attempts,,0,,
real loopback TLS,first_hybrid_hybrid_5000,final_hybrid_5000,backend_metrics.direct_recovery_successes,,0,,
real loopback TLS,first_hybrid_hybrid_5000,final_hybrid_5000,backend_metrics.direct_requests_failed,0,0,,
real loopback TLS,first_hybrid_hybrid_5000,final_hybrid_5000,backend_metrics.direct_requests_per_second,70.66666666666667,73.91666666666667,4.599056603773577,0.9560315670800451
real loopback TLS,first_hybrid_hybrid_5000,final_hybrid_5000,backend_metrics.direct_requests_successful,4752,4973,4.6506734006734,0.9555600241303036
real loopback TLS,first_hybrid_hybrid_5000,final_hybrid_5000,backend_metrics.direct_requests_total,4752,4973,4.6506734006734,0.9555600241303036
real loopback TLS,first_hybrid_hybrid_5000,final_hybrid_5000,backend_metrics.direct_response_body_bytes,1495804,1565396,4.652481207430914,0.9555435174230674
real loopback TLS,first_hybrid_hybrid_5000,final_hybrid_5000,backend_metrics.direct_reused_connection_requests,,4948,,
real loopback TLS,first_hybrid_hybrid_5000,final_hybrid_5000,backend_metrics.direct_risk_control_count,0,0,,
real loopback TLS,first_hybrid_hybrid_5000,final_hybrid_5000,backend_metrics.direct_risk_control_rate,0.0,0.0,,
real loopback TLS,first_hybrid_hybrid_5000,final_hybrid_5000,backend_metrics.direct_successful_rps,72.2,75.4,4.432132963988922,0.9575596816976127
real loopback TLS,first_hybrid_hybrid_5000,final_hybrid_5000,backend_metrics.direct_timeout_rate,0.0,0.0,,
real loopback TLS,first_hybrid_hybrid_5000,final_hybrid_5000,backend_metrics.direct_tls_handshake_attempts,,25,,
real loopback TLS,first_hybrid_hybrid_5000,final_hybrid_5000,backend_metrics.direct_tls_handshake_seconds,,1.247903853999901,,
real loopback TLS,first_hybrid_hybrid_5000,final_hybrid_5000,backend_metrics.direct_tls_handshake_successful,,25,,
real loopback TLS,first_hybrid_hybrid_5000,final_hybrid_5000,backend_metrics.findtik_429_count,,0,,
real loopback TLS,first_hybrid_hybrid_5000,final_hybrid_5000,backend_metrics.findtik_jobs_moved_to_direct,,0,,
real loopback TLS,first_hybrid_hybrid_5000,final_hybrid_5000,backend_metrics.findtik_requests_cancelled_after_429,,0,,
real loopback TLS,first_hybrid_hybrid_5000,final_hybrid_5000,backend_metrics.hybrid_records_per_second,152.71666666666667,151.65,-0.6984612026628811,1.0070337399714253
real loopback TLS,first_hybrid_hybrid_5000,final_hybrid_5000,backend_metrics.hybrid_total_successful_rps,152.71666666666667,151.65,-0.6984612026628811,1.0070337399714253
real loopback TLS,first_hybrid_hybrid_5000,final_hybrid_5000,backend_metrics.worker_429_count,,0,,
real loopback TLS,first_hybrid_hybrid_5000,final_hybrid_5000,backend_metrics.worker_active_requests,0,0,,
real loopback TLS,first_hybrid_hybrid_5000,final_hybrid_5000,backend_metrics.worker_average_latency,1.2666051041953137,1.3157528594831547,3.880274532689887,0.9626466665577706
real loopback TLS,first_hybrid_hybrid_5000,final_hybrid_5000,backend_metrics.worker_connect_tcp_attempts,,26,,
real loopback TLS,first_hybrid_hybrid_5000,final_hybrid_5000,backend_metrics.worker_connect_tcp_seconds,,1.545909510999934,,
real loopback TLS,first_hybrid_hybrid_5000,final_hybrid_5000,backend_metrics.worker_connect_tcp_successful,,26,,
real loopback TLS,first_hybrid_hybrid_5000,final_hybrid_5000,backend_metrics.worker_connection_pool_wait_seconds,,0.010836955997945097,,
real loopback TLS,first_hybrid_hybrid_5000,final_hybrid_5000,backend_metrics.worker_followers_received,0,0,,
real loopback TLS,first_hybrid_hybrid_5000,final_hybrid_5000,backend_metrics.worker_following_received,0,0,,
real loopback TLS,first_hybrid_hybrid_5000,final_hybrid_5000,backend_metrics.worker_http_error_rate,0.0,0.0,,
real loopback TLS,first_hybrid_hybrid_5000,final_hybrid_5000,backend_metrics.worker_invalid_response_rate,0.0,0.0,,
real loopback TLS,first_hybrid_hybrid_5000,final_hybrid_5000,backend_metrics.worker_latency_seconds,6447.725695659996,6339.256777339021,-1.6822818376716286,1.017110668037414
real loopback TLS,first_hybrid_hybrid_5000,final_hybrid_5000,backend_metrics.worker_median_latency,0.8547695890000568,0.9003834100000176,5.336387909322049,0.949339558577651
real loopback TLS,first_hybrid_hybrid_5000,final_hybrid_5000,backend_metrics.worker_network_error_rate,0.0,0.0,,
real loopback TLS,first_hybrid_hybrid_5000,final_hybrid_5000,backend_metrics.worker_new_connection_requests,,26,,
real loopback TLS,first_hybrid_hybrid_5000,final_hybrid_5000,backend_metrics.worker_p95_latency,3.87132851399997,3.8481615790000205,-0.5984233814353423,1.0060202604605728
real loopback TLS,first_hybrid_hybrid_5000,final_hybrid_5000,backend_metrics.worker_p99_latency,5.900981418000015,5.785378745999992,-1.9590414510948118,1.019981867579534
real loopback TLS,first_hybrid_hybrid_5000,final_hybrid_5000,backend_metrics.worker_peak_active_requests,127,107,-15.748031496062998,1.1869158878504673
real loopback TLS,first_hybrid_hybrid_5000,final_hybrid_5000,backend_metrics.worker_profile_received,5248,5027,-4.211128048780488,1.0439626019494728
real loopback TLS,first_hybrid_hybrid_5000,final_hybrid_5000,backend_metrics.worker_recent_success_percent,101.98437829850116,102.07496653279786,0.08882559839857862,0.9991125323144966
real loopback TLS,first_hybrid_hybrid_5000,final_hybrid_5000,backend_metrics.worker_records,5248,5027,-4.211128048780488,1.0439626019494728
real loopback TLS,first_hybrid_hybrid_5000,final_hybrid_5000,backend_metrics.worker_records_per_second,80.51666666666667,76.25,-5.299109915131439,1.0559562841530055
real loopback TLS,first_hybrid_hybrid_5000,final_hybrid_5000,backend_metrics.worker_requests_failed,0,0,,
real loopback TLS,first_hybrid_hybrid_5000,final_hybrid_5000,backend_metrics.worker_requests_per_second,78.95,74.7,-5.3831538948701745,1.0568942436412316
real loopback TLS,first_hybrid_hybrid_5000,final_hybrid_5000,backend_metrics.worker_requests_successful,5248,5027,-4.211128048780488,1.0439626019494728
real loopback TLS,first_hybrid_hybrid_5000,final_hybrid_5000,backend_metrics.worker_requests_total,5248,5027,-4.211128048780488,1.0439626019494728
real loopback TLS,first_hybrid_hybrid_5000,final_hybrid_5000,backend_metrics.worker_response_body_bytes,2454920,2351515,-4.212153552865261,1.043973778606558
real loopback TLS,first_hybrid_hybrid_5000,final_hybrid_5000,backend_metrics.worker_reused_connection_requests,,5001,,
real loopback TLS,first_hybrid_hybrid_5000,final_hybrid_5000,backend_metrics.worker_risk_control_count,0,0,,
real loopback TLS,first_hybrid_hybrid_5000,final_hybrid_5000,backend_metrics.worker_risk_control_rate,0.0,0.0,,
real loopback TLS,first_hybrid_hybrid_5000,final_hybrid_5000,backend_metrics.worker_successful_rps,80.51666666666667,76.25,-5.299109915131439,1.0559562841530055
real loopback TLS,first_hybrid_hybrid_5000,final_hybrid_5000,backend_metrics.worker_timeout_rate,0.0,0.0,,
real loopback TLS,first_hybrid_hybrid_5000,final_hybrid_5000,backend_metrics.worker_tls_handshake_attempts,,26,,
real loopback TLS,first_hybrid_hybrid_5000,final_hybrid_5000,backend_metrics.worker_tls_handshake_seconds,,1.2343829160002429,,
real loopback TLS,first_hybrid_hybrid_5000,final_hybrid_5000,backend_metrics.worker_tls_handshake_successful,,26,,
real loopback TLS,first_hybrid_hybrid_5000,final_hybrid_5000,configured_workers,5000,5000,0.0,1.0
real loopback TLS,first_hybrid_hybrid_5000,final_hybrid_5000,cpu_percent_of_one_core,101.44890168024197,101.98919284525634,0.5325746815054933,0.9947024665070727
real loopback TLS,first_hybrid_hybrid_5000,final_hybrid_5000,cpu_seconds,67.930669362,68.505719168,0.8465245689477596,0.9916058131644487
real loopback TLS,first_hybrid_hybrid_5000,final_hybrid_5000,elapsed_seconds,66.96047787300006,67.16958655799999,0.31228672739842533,0.9968868546656995
real loopback TLS,first_hybrid_hybrid_5000,final_hybrid_5000,event_loop_max,0.18516407299999174,0.09724370100000669,-47.48241415060521,1.90412408305993
real loopback TLS,first_hybrid_hybrid_5000,final_hybrid_5000,event_loop_p95,0.03840588799992474,0.038095907000051735,-0.807118429011755,1.0081368583735935
real loopback TLS,first_hybrid_hybrid_5000,final_hybrid_5000,harness_version,2,2,0.0,1.0
real loopback TLS,first_hybrid_hybrid_5000,final_hybrid_5000,loopback_interface_bytes.received,17522179,17795731,1.5611756962418788,0.9846282234767428
real loopback TLS,first_hybrid_hybrid_5000,final_hybrid_5000,loopback_interface_bytes.transmitted,17522179,17795731,1.5611756962418788,0.9846282234767428
real loopback TLS,first_hybrid_hybrid_5000,final_hybrid_5000,median_latency,29.708481203500014,31.545553211499993,6.183661815009067,0.9417644700765536
real loopback TLS,first_hybrid_hybrid_5000,final_hybrid_5000,new_tls_connections,50,51,2.0000000000000018,0.9803921568627451
real loopback TLS,first_hybrid_hybrid_5000,final_hybrid_5000,p95_latency,37.35497444700002,35.85437309600002,-4.017139278542626,1.041852672949605
real loopback TLS,first_hybrid_hybrid_5000,final_hybrid_5000,p99_latency,39.35984022100001,37.852035298999965,-3.8308207389408433,1.0398341835541902
real loopback TLS,first_hybrid_hybrid_5000,final_hybrid_5000,peak_active_jobs,5000,5000,0.0,1.0
real loopback TLS,first_hybrid_hybrid_5000,final_hybrid_5000,peak_admitted_requests,5000,211,-95.78,23.696682464454977
real loopback TLS,first_hybrid_hybrid_5000,final_hybrid_5000,peak_rss_bytes,108257280,100241408,-7.404464623533869,1.079965676459772
real loopback TLS,first_hybrid_hybrid_5000,final_hybrid_5000,sampled_average_active_connections,21.1251200411217,21.581164262910736,2.1587769484921804,0.9788684143156822
real loopback TLS,first_hybrid_hybrid_5000,final_hybrid_5000,sampled_average_idle_connections,28.593185771334195,29.213082571568947,2.167987873726984,0.9787801647184589
real loopback TLS,first_hybrid_hybrid_5000,final_hybrid_5000,sampled_peak_active_connections,46,45,-2.1739130434782594,1.0222222222222221
real loopback TLS,first_hybrid_hybrid_5000,final_hybrid_5000,server_requests,10000,10000,0.0,1.0
real loopback TLS,first_hybrid_hybrid_5000,final_hybrid_5000,successful_requests,10000,10000,0.0,1.0
real loopback TLS,first_hybrid_hybrid_5000,final_hybrid_5000,successful_rps,149.34182547153267,148.87690266435004,-0.31131453343005155,1.0031228672739843
real loopback TLS,original_worker_5000,final_hybrid_5000,actual_connection_ceiling,5000,5000,0.0,1.0
real loopback TLS,original_worker_5000,final_hybrid_5000,attempted_requests,10000,10000,0.0,1.0
real loopback TLS,original_worker_5000,final_hybrid_5000,attempted_rps,167.81528021766292,148.87690266435004,-11.285252170570558,1.1272082990335333
real loopback TLS,original_worker_5000,final_hybrid_5000,average_latency,22.7431423753468,25.4767954697141,12.019680698699474,0.892700277096585
real loopback TLS,original_worker_5000,final_hybrid_5000,backend_metrics.backend_connection_pools.direct.active,,0,,
real loopback TLS,original_worker_5000,final_hybrid_5000,backend_metrics.backend_connection_pools.direct.idle_keepalive,,25,,
real loopback TLS,original_worker_5000,final_hybrid_5000,backend_metrics.backend_connection_pools.worker.active,,0,,
real loopback TLS,original_worker_5000,final_hybrid_5000,backend_metrics.backend_connection_pools.worker.idle_keepalive,,26,,
real loopback TLS,original_worker_5000,final_hybrid_5000,backend_metrics.backend_failovers,,0,,
real loopback TLS,original_worker_5000,final_hybrid_5000,backend_metrics.backend_stages.backend_routing_calls,,10000,,
real loopback TLS,original_worker_5000,final_hybrid_5000,backend_metrics.backend_stages.backend_routing_seconds,,0.10603959800215534,,
real loopback TLS,original_worker_5000,final_hybrid_5000,backend_metrics.backend_stages.direct_admission_wait_seconds,,0.07977212100121278,,
real loopback TLS,original_worker_5000,final_hybrid_5000,backend_metrics.backend_stages.json_parsing_calls,,10000,,
real loopback TLS,original_worker_5000,final_hybrid_5000,backend_metrics.backend_stages.json_parsing_seconds,,0.16733245400246233,,
real loopback TLS,original_worker_5000,final_hybrid_5000,backend_metrics.backend_stages.normalization_calls,,10000,,
real loopback TLS,original_worker_5000,final_hybrid_5000,backend_metrics.backend_stages.normalization_seconds,,0.22483333800312266,,
real loopback TLS,original_worker_5000,final_hybrid_5000,backend_metrics.backend_stages.proxy_selection_calls,,10000,,
real loopback TLS,original_worker_5000,final_hybrid_5000,backend_metrics.backend_stages.proxy_selection_seconds,,0.012067734004745034,,
real loopback TLS,original_worker_5000,final_hybrid_5000,backend_metrics.backend_stages.signing_calls,,4973,,
real loopback TLS,original_worker_5000,final_hybrid_5000,backend_metrics.backend_stages.signing_seconds,,143.47619333900195,,
real loopback TLS,original_worker_5000,final_hybrid_5000,backend_metrics.backend_stages.worker_admission_wait_seconds,,0.08128002299741865,,
real loopback TLS,original_worker_5000,final_hybrid_5000,backend_metrics.backend_switches,,0,,
real loopback TLS,original_worker_5000,final_hybrid_5000,backend_metrics.cursor_chain_restarts,,0,,
real loopback TLS,original_worker_5000,final_hybrid_5000,backend_metrics.direct_429_count,,0,,
real loopback TLS,original_worker_5000,final_hybrid_5000,backend_metrics.direct_active_requests,,0,,
real loopback TLS,original_worker_5000,final_hybrid_5000,backend_metrics.direct_average_latency,,1.3350622670598151,,
real loopback TLS,original_worker_5000,final_hybrid_5000,backend_metrics.direct_connect_tcp_attempts,,25,,
real loopback TLS,original_worker_5000,final_hybrid_5000,backend_metrics.direct_connect_tcp_seconds,,1.6249531019999495,,
real loopback TLS,original_worker_5000,final_hybrid_5000,backend_metrics.direct_connect_tcp_successful,,25,,
real loopback TLS,original_worker_5000,final_hybrid_5000,backend_metrics.direct_connection_pool_wait_seconds,,0.012525618000324812,,
real loopback TLS,original_worker_5000,final_hybrid_5000,backend_metrics.direct_cooldown_count,,0,,
real loopback TLS,original_worker_5000,final_hybrid_5000,backend_metrics.direct_cooldown_remaining_seconds,,0.0,,
real loopback TLS,original_worker_5000,final_hybrid_5000,backend_metrics.direct_followers_received,,0,,
real loopback TLS,original_worker_5000,final_hybrid_5000,backend_metrics.direct_following_received,,0,,
real loopback TLS,original_worker_5000,final_hybrid_5000,backend_metrics.direct_http_error_rate,,0.0,,
real loopback TLS,original_worker_5000,final_hybrid_5000,backend_metrics.direct_invalid_response_rate,,0.0,,
real loopback TLS,original_worker_5000,final_hybrid_5000,backend_metrics.direct_latency_seconds,,6333.53185061902,,
real loopback TLS,original_worker_5000,final_hybrid_5000,backend_metrics.direct_median_latency,,0.9134477629999651,,
real loopback TLS,original_worker_5000,final_hybrid_5000,backend_metrics.direct_network_error_rate,,0.0,,
real loopback TLS,original_worker_5000,final_hybrid_5000,backend_metrics.direct_new_connection_requests,,25,,
real loopback TLS,original_worker_5000,final_hybrid_5000,backend_metrics.direct_p95_latency,,3.877764051999975,,
real loopback TLS,original_worker_5000,final_hybrid_5000,backend_metrics.direct_p99_latency,,6.0413487150000265,,
real loopback TLS,original_worker_5000,final_hybrid_5000,backend_metrics.direct_peak_active_requests,,106,,
real loopback TLS,original_worker_5000,final_hybrid_5000,backend_metrics.direct_profile_received,,4973,,
real loopback TLS,original_worker_5000,final_hybrid_5000,backend_metrics.direct_recent_success_percent,,102.00676437429537,,
real loopback TLS,original_worker_5000,final_hybrid_5000,backend_metrics.direct_records,,4973,,
real loopback TLS,original_worker_5000,final_hybrid_5000,backend_metrics.direct_records_per_second,,75.4,,
real loopback TLS,original_worker_5000,final_hybrid_5000,backend_metrics.direct_recovery_429s,,0,,
real loopback TLS,original_worker_5000,final_hybrid_5000,backend_metrics.direct_recovery_attempts,,0,,
real loopback TLS,original_worker_5000,final_hybrid_5000,backend_metrics.direct_recovery_successes,,0,,
real loopback TLS,original_worker_5000,final_hybrid_5000,backend_metrics.direct_requests_failed,,0,,
real loopback TLS,original_worker_5000,final_hybrid_5000,backend_metrics.direct_requests_per_second,,73.91666666666667,,
real loopback TLS,original_worker_5000,final_hybrid_5000,backend_metrics.direct_requests_successful,,4973,,
real loopback TLS,original_worker_5000,final_hybrid_5000,backend_metrics.direct_requests_total,,4973,,
real loopback TLS,original_worker_5000,final_hybrid_5000,backend_metrics.direct_response_body_bytes,,1565396,,
real loopback TLS,original_worker_5000,final_hybrid_5000,backend_metrics.direct_reused_connection_requests,,4948,,
real loopback TLS,original_worker_5000,final_hybrid_5000,backend_metrics.direct_risk_control_count,,0,,
real loopback TLS,original_worker_5000,final_hybrid_5000,backend_metrics.direct_risk_control_rate,,0.0,,
real loopback TLS,original_worker_5000,final_hybrid_5000,backend_metrics.direct_successful_rps,,75.4,,
real loopback TLS,original_worker_5000,final_hybrid_5000,backend_metrics.direct_timeout_rate,,0.0,,
real loopback TLS,original_worker_5000,final_hybrid_5000,backend_metrics.direct_tls_handshake_attempts,,25,,
real loopback TLS,original_worker_5000,final_hybrid_5000,backend_metrics.direct_tls_handshake_seconds,,1.247903853999901,,
real loopback TLS,original_worker_5000,final_hybrid_5000,backend_metrics.direct_tls_handshake_successful,,25,,
real loopback TLS,original_worker_5000,final_hybrid_5000,backend_metrics.findtik_429_count,,0,,
real loopback TLS,original_worker_5000,final_hybrid_5000,backend_metrics.findtik_jobs_moved_to_direct,,0,,
real loopback TLS,original_worker_5000,final_hybrid_5000,backend_metrics.findtik_requests_cancelled_after_429,,0,,
real loopback TLS,original_worker_5000,final_hybrid_5000,backend_metrics.hybrid_records_per_second,,151.65,,
real loopback TLS,original_worker_5000,final_hybrid_5000,backend_metrics.hybrid_total_successful_rps,,151.65,,
real loopback TLS,original_worker_5000,final_hybrid_5000,backend_metrics.worker_429_count,,0,,
real loopback TLS,original_worker_5000,final_hybrid_5000,backend_metrics.worker_active_requests,,0,,
real loopback TLS,original_worker_5000,final_hybrid_5000,backend_metrics.worker_average_latency,,1.3157528594831547,,
real loopback TLS,original_worker_5000,final_hybrid_5000,backend_metrics.worker_connect_tcp_attempts,,26,,
real loopback TLS,original_worker_5000,final_hybrid_5000,backend_metrics.worker_connect_tcp_seconds,,1.545909510999934,,
real loopback TLS,original_worker_5000,final_hybrid_5000,backend_metrics.worker_connect_tcp_successful,,26,,
real loopback TLS,original_worker_5000,final_hybrid_5000,backend_metrics.worker_connection_pool_wait_seconds,,0.010836955997945097,,
real loopback TLS,original_worker_5000,final_hybrid_5000,backend_metrics.worker_followers_received,,0,,
real loopback TLS,original_worker_5000,final_hybrid_5000,backend_metrics.worker_following_received,,0,,
real loopback TLS,original_worker_5000,final_hybrid_5000,backend_metrics.worker_http_error_rate,,0.0,,
real loopback TLS,original_worker_5000,final_hybrid_5000,backend_metrics.worker_invalid_response_rate,,0.0,,
real loopback TLS,original_worker_5000,final_hybrid_5000,backend_metrics.worker_latency_seconds,,6339.256777339021,,
real loopback TLS,original_worker_5000,final_hybrid_5000,backend_metrics.worker_median_latency,,0.9003834100000176,,
real loopback TLS,original_worker_5000,final_hybrid_5000,backend_metrics.worker_network_error_rate,,0.0,,
real loopback TLS,original_worker_5000,final_hybrid_5000,backend_metrics.worker_new_connection_requests,,26,,
real loopback TLS,original_worker_5000,final_hybrid_5000,backend_metrics.worker_p95_latency,,3.8481615790000205,,
real loopback TLS,original_worker_5000,final_hybrid_5000,backend_metrics.worker_p99_latency,,5.785378745999992,,
real loopback TLS,original_worker_5000,final_hybrid_5000,backend_metrics.worker_peak_active_requests,,107,,
real loopback TLS,original_worker_5000,final_hybrid_5000,backend_metrics.worker_profile_received,,5027,,
real loopback TLS,original_worker_5000,final_hybrid_5000,backend_metrics.worker_recent_success_percent,,102.07496653279786,,
real loopback TLS,original_worker_5000,final_hybrid_5000,backend_metrics.worker_records,,5027,,
real loopback TLS,original_worker_5000,final_hybrid_5000,backend_metrics.worker_records_per_second,,76.25,,
real loopback TLS,original_worker_5000,final_hybrid_5000,backend_metrics.worker_requests_failed,,0,,
real loopback TLS,original_worker_5000,final_hybrid_5000,backend_metrics.worker_requests_per_second,,74.7,,
real loopback TLS,original_worker_5000,final_hybrid_5000,backend_metrics.worker_requests_successful,,5027,,
real loopback TLS,original_worker_5000,final_hybrid_5000,backend_metrics.worker_requests_total,,5027,,
real loopback TLS,original_worker_5000,final_hybrid_5000,backend_metrics.worker_response_body_bytes,,2351515,,
real loopback TLS,original_worker_5000,final_hybrid_5000,backend_metrics.worker_reused_connection_requests,,5001,,
real loopback TLS,original_worker_5000,final_hybrid_5000,backend_metrics.worker_risk_control_count,,0,,
real loopback TLS,original_worker_5000,final_hybrid_5000,backend_metrics.worker_risk_control_rate,,0.0,,
real loopback TLS,original_worker_5000,final_hybrid_5000,backend_metrics.worker_successful_rps,,76.25,,
real loopback TLS,original_worker_5000,final_hybrid_5000,backend_metrics.worker_timeout_rate,,0.0,,
real loopback TLS,original_worker_5000,final_hybrid_5000,backend_metrics.worker_tls_handshake_attempts,,26,,
real loopback TLS,original_worker_5000,final_hybrid_5000,backend_metrics.worker_tls_handshake_seconds,,1.2343829160002429,,
real loopback TLS,original_worker_5000,final_hybrid_5000,backend_metrics.worker_tls_handshake_successful,,26,,
real loopback TLS,original_worker_5000,final_hybrid_5000,configured_workers,5000,5000,0.0,1.0
real loopback TLS,original_worker_5000,final_hybrid_5000,cpu_percent_of_one_core,99.96362600948419,101.98919284525634,2.0263038833544966,0.9801393973296224
real loopback TLS,original_worker_5000,final_hybrid_5000,cpu_seconds,59.567654315999995,68.505719168,15.004896457034445,0.8695281947178638
real loopback TLS,original_worker_5000,final_hybrid_5000,elapsed_seconds,59.58932933300002,67.16958655799999,12.720829903353348,0.8871474782942943
real loopback TLS,original_worker_5000,final_hybrid_5000,event_loop_max,0.0827535529999568,0.09724370100000669,17.510001051021273,0.8509913973754568
real loopback TLS,original_worker_5000,final_hybrid_5000,event_loop_p95,0.019289984999982152,0.038095907000051735,97.49059939697715,0.5063532153193243
real loopback TLS,original_worker_5000,final_hybrid_5000,harness_version,2,2,0.0,1.0
real loopback TLS,original_worker_5000,final_hybrid_5000,loopback_interface_bytes.received,11866650,17795731,49.964235904825706,0.6668256561081981
real loopback TLS,original_worker_5000,final_hybrid_5000,loopback_interface_bytes.transmitted,11866650,17795731,49.964235904825706,0.6668256561081981
real loopback TLS,original_worker_5000,final_hybrid_5000,median_latency,27.73045537550007,31.545553211499993,13.757790069940823,0.8790606774139843
real loopback TLS,original_worker_5000,final_hybrid_5000,new_tls_connections,33,51,54.54545454545454,0.6470588235294118
real loopback TLS,original_worker_5000,final_hybrid_5000,p95_latency,31.366538736999928,35.85437309600002,14.307713058904547,0.8748316043071254
real loopback TLS,original_worker_5000,final_hybrid_5000,p99_latency,32.52795667300006,37.852035298999965,16.367700804333563,0.8593449841218825
real loopback TLS,original_worker_5000,final_hybrid_5000,peak_active_jobs,5000,5000,0.0,1.0
real loopback TLS,original_worker_5000,final_hybrid_5000,peak_admitted_requests,5000,211,-95.78,23.696682464454977
real loopback TLS,original_worker_5000,final_hybrid_5000,peak_rss_bytes,94691328,100241408,5.861233670732768,0.9446328607036326
real loopback TLS,original_worker_5000,final_hybrid_5000,sampled_average_active_connections,12.643938550483918,21.581164262910736,70.68387493930652,0.5858784260408841
real loopback TLS,original_worker_5000,final_hybrid_5000,sampled_average_idle_connections,12.73062863904206,29.213082571568947,129.4708564664183,0.43578518658047716
real loopback TLS,original_worker_5000,final_hybrid_5000,sampled_peak_active_connections,26,45,73.07692307692308,0.5777777777777777
real loopback TLS,original_worker_5000,final_hybrid_5000,server_requests,10000,10000,0.0,1.0
real loopback TLS,original_worker_5000,final_hybrid_5000,successful_requests,10000,10000,0.0,1.0
real loopback TLS,original_worker_5000,final_hybrid_5000,successful_rps,167.81528021766292,148.87690266435004,-11.285252170570558,1.1272082990335333
